desc: I1 cache:         32768 B, 64 B, 8-way associative
desc: D1 cache:         32768 B, 64 B, 8-way associative
desc: LL cache:         6291456 B, 64 B, 12-way associative
cmd: ./xhpl
events: Ir I1mr ILmr Dr D1mr DLmr Dw D1mw DLmw 
fl=./catgets/./catgets/catgets.c
fn=catopen
32 8 1 1 0 0 0 5 0 0
38 4 0 0 0 0 0 1 0 0
40 2 0 0 0 0 0 0 0 0
45 3 1 1 0 0 0 1 0 0
47 4 0 0 1 0 0 0 0 0
48 4 1 1 2 1 0 0 0 0
51 3 0 0 0 0 0 1 0 0
52 4 0 0 1 0 0 0 0 0
53 2 0 0 0 0 0 0 0 0
55 3 0 0 0 0 0 1 0 0
56 2 0 0 0 0 0 1 0 0
58 2 0 0 0 0 0 0 0 0
61 22 2 2 7 2 2 11 2 2
65 1 1 1 0 0 0 0 0 0
68 3 0 0 0 0 0 1 0 0
69 2 0 0 0 0 0 0 0 0
74 7 0 0 0 0 0 1 0 0
77 2 0 0 0 0 0 1 0 0
78 2 0 0 0 0 0 0 0 0
81 2 0 0 0 0 0 1 0 0
83 8 1 1 6 0 0 0 0 0
fl=./catgets/./catgets/open_catalog.c
fn=__open_catalog
40 15 1 1 1 0 0 9 0 0
49 1 1 1 0 0 0 0 0 0
51 6 1 1 0 0 0 1 0 0
74 1 0 0 0 0 0 0 0 0
78 19 1 1 6 0 0 0 0 0
80 10 1 1 0 0 0 0 0 0
82 10 0 0 0 0 0 0 0 0
91 825 0 0 167 0 0 0 0 0
92 334 1 1 0 0 0 0 0 0
97 116 4 4 18 0 0 0 0 0
101 20 0 0 5 0 0 10 0 0
102 25 0 0 5 0 0 0 0 0
103 20 0 0 5 0 0 10 0 0
105 5 0 0 0 0 0 0 0 0
108 8 1 1 0 0 0 4 0 0
109 10 0 0 2 0 0 0 0 0
110 8 0 0 0 0 0 4 0 0
112 2 0 0 0 0 0 0 0 0
118 12 0 0 0 0 0 0 0 0
119 6 0 0 3 0 0 3 0 0
121 27 0 0 3 0 0 0 0 0
127 2 0 0 0 0 0 0 0 0
128 7 0 0 1 0 0 0 0 0
158 3 0 0 0 0 0 0 0 0
160 1 0 0 0 0 0 0 0 0
171 637 2 2 1 0 0 2 0 0
172 312 0 0 0 0 0 156 1 1
175 25 2 2 0 0 0 0 0 0
176 5 0 0 0 0 0 5 0 0
178 10 0 0 0 0 0 0 0 0
180 30 2 2 0 0 0 10 0 0
181 15 0 0 5 0 0 0 0 0
185 5 0 0 0 0 0 0 0 0
192 2 0 0 0 0 0 1 0 0
193 2 0 0 0 0 0 0 0 0
334 12 1 1 9 0 0 0 0 0
fl=./csu/../csu/libc-start.c
fn=__libc_start_main@@GLIBC_2.34
128 2 1 1 2 1 0 0 0 0
134 3 0 0 1 1 0 0 0 0
135 7 0 0 3 1 0 2 0 0
138 1 0 0 1 1 0 0 0 0
139 2 0 0 0 0 0 0 0 0
142 3 1 1 2 0 0 0 0 0
143 2 0 0 2 0 0 0 0 0
144 16 1 1 3 0 0 1 0 0
145 8 0 0 2 1 1 4 0 0
242 12 1 1 0 0 0 6 0 0
343 3 0 0 0 0 0 0 0 0
344 3 0 0 0 0 0 1 0 0
369 6 1 1 2 1 0 1 0 0
372 2 0 0 0 0 0 0 0 0
375 2 0 0 2 1 0 0 0 0
382 2 0 0 1 0 0 1 0 0
384 2 0 0 0 0 0 0 0 0
392 4 0 0 0 0 0 1 0 0
fl=./csu/../sysdeps/nptl/libc_start_call_main.h
fn=(below main)
29 9 1 1 1 0 0 5 0 0
44 3 1 1 0 0 0 1 0 0
46 2 0 0 0 0 0 0 0 0
51 2 0 0 1 1 0 1 0 0
52 2 0 0 1 0 0 1 0 0
55 2 0 0 0 0 0 1 0 0
58 6 1 1 5 0 0 1 0 0
fl=./csu/./csu/errno-loc.c
fn=__errno_location
25 47 21 3 0 0 0 0 0 0
26 94 0 0 94 6 0 0 0 0
27 47 0 0 47 0 0 0 0 0
fl=./csu/./csu/init-first.c
fn=_init_first
46 4 1 1 0 0 0 1 0 0
51 2 1 1 1 0 0 0 0 0
55 5 0 0 4 2 0 0 0 0
61 1 0 0 0 0 0 1 1 0
62 1 0 0 0 0 0 1 0 0
63 2 0 0 1 1 0 1 1 1
71 2 0 0 0 0 0 0 0 0
72 2 0 0 1 0 0 0 0 0
fl=./ctype/../include/ctype.h
fn=__ctype_b_loc
40 41 4 1 0 0 0 0 0 0
41 82 0 0 82 1 0 0 0 0
42 41 0 0 41 0 0 0 0 0
fn=__ctype_toupper_loc
46 179 13 1 0 0 0 0 0 0
47 358 0 0 358 0 0 0 0 0
48 179 0 0 179 0 0 0 0 0
fl=./ctype/./ctype/ctype-info.c
fn=__ctype_init
29 1 1 1 0 0 0 0 0 0
31 7 0 0 5 4 0 1 0 0
33 4 0 0 2 1 0 1 0 0
35 4 1 1 2 0 0 1 0 0
36 1 0 0 1 0 0 0 0 0
fl=./ctype/./ctype/ctype.c
fn=isspace
34 42 4 2 24 3 2 0 0 0
fl=./debug/../sysdeps/x86_64/multiarch/ifunc-memmove.h
fn=__memcpy_chk
52 16 0 0 0 0 0 0 0 0
53 24 0 0 16 1 0 0 0 0
56 24 0 0 8 1 0 0 0 0
57 16 5 2 0 0 0 0 0 0
70 16 0 0 0 0 0 0 0 0
72 16 0 0 0 0 0 0 0 0
80 16 0 0 0 0 0 0 0 0
88 16 5 2 0 0 0 0 0 0
90 40 4 1 8 0 0 0 0 0
fn=__memmove_chk
52 4 0 0 0 0 0 0 0 0
53 6 1 1 4 1 0 0 0 0
56 6 0 0 2 0 0 0 0 0
57 4 1 1 0 0 0 0 0 0
70 4 0 0 0 0 0 0 0 0
72 4 0 0 0 0 0 0 0 0
80 4 0 0 0 0 0 0 0 0
88 4 1 1 0 0 0 0 0 0
90 10 2 2 2 0 0 0 0 0
fl=./debug/../sysdeps/x86_64/multiarch/memcpy_chk.c
fn=__memcpy_chk
29 8 5 2 0 0 0 0 0 0
fl=./debug/../sysdeps/x86_64/multiarch/memmove_chk.c
fn=__memmove_chk
29 2 1 1 0 0 0 0 0 0
fl=./debug/./debug/asprintf_chk.c
fn=__asprintf_chk
26 12 3 3 1 0 0 4 1 0
29 4 0 0 0 0 0 0 0 0
33 6 1 1 0 0 0 4 0 0
34 2 0 0 0 0 0 1 0 0
38 5 0 0 3 0 0 0 0 0
fl=./debug/./debug/snprintf_chk.c
fn=__snprintf_chk
27 649 23 4 59 0 0 118 14 7
28 118 0 0 0 0 0 0 0 0
33 177 0 0 0 0 0 0 0 0
37 354 10 2 0 0 0 236 2 0
38 236 0 0 0 0 0 59 1 1
42 295 8 3 177 0 0 0 0 0
fl=./debug/./debug/sprintf_chk.c
fn=__sprintf_chk
25 26 3 2 2 0 0 6 0 0
28 8 0 0 0 0 0 0 0 0
34 2 0 0 0 0 0 0 0 0
36 4 0 0 0 0 0 0 0 0
39 12 1 1 0 0 0 8 0 0
40 6 0 0 0 0 0 2 0 0
44 10 2 1 6 0 0 0 0 0
fl=./debug/./debug/strcat_chk.c
fn=__strcat_chk
25 2 1 1 0 0 0 0 0 0
26 2 0 0 0 0 0 0 0 0
27 2 0 0 0 0 0 0 0 0
33 156 1 1 0 0 0 0 0 0
34 19 0 0 0 0 0 0 0 0
35 39 0 0 0 0 0 0 0 0
37 116 0 0 39 0 0 0 0 0
46 51 0 0 0 0 0 0 0 0
48 18 0 0 18 0 0 0 0 0
49 18 0 0 0 0 0 18 0 0
51 36 0 0 0 0 0 0 0 0
54 1 0 0 1 0 0 0 0 0
fl=./debug/./debug/strcpy_chk.c
fn=__strcpy_chk
27 14 2 2 0 0 0 6 0 0
28 4 0 0 0 0 0 2 0 0
29 4 0 0 0 0 0 0 0 0
32 8 2 2 0 0 0 0 0 0
33 6 0 0 6 0 0 0 0 0
fl=./debug/./debug/strncpy_chk.c
fn=__strncpy_chk
24 1 1 1 0 0 0 0 0 0
25 2 0 0 0 0 0 0 0 0
28 1 0 0 0 0 0 0 0 0
fl=./debug/./debug/vsnprintf_chk.c
fn=__vsnprintf_chk
26 10 2 0 0 0 0 0 0 0
27 40 0 0 0 0 0 0 0 0
32 40 0 0 0 0 0 0 0 0
34 20 3 1 0 0 0 0 0 0
fl=./dirent/../sysdeps/unix/sysv/linux/alphasort64.c
fn=alphasort
25 18 0 0 0 0 0 0 0 0
26 90 0 0 36 0 0 0 0 0
fl=./dirent/../sysdeps/unix/sysv/linux/closedir.c
fn=closedir
31 38 12 2 0 0 0 19 0 0
34 38 0 0 0 0 0 0 0 0
44 19 0 0 19 0 0 0 0 0
50 19 13 2 0 0 0 19 0 0
52 38 0 0 0 0 0 0 0 0
53 19 0 0 19 0 0 0 0 0
fl=./dirent/../sysdeps/unix/sysv/linux/getdents64.c
fn=__getdents
27 36 13 2 0 0 0 0 0 0
32 252 13 2 0 0 0 0 0 0
33 36 0 0 36 0 0 0 0 0
fl=./dirent/../sysdeps/unix/sysv/linux/opendir.c
fn=opendir
33 40 0 0 20 10 9 0 0 0
46 40 0 0 0 0 0 0 0 0
47 1 1 1 0 0 0 0 0 0
53 95 14 2 0 0 0 19 0 0
55 76 0 0 19 1 0 0 0 0
82 160 15 2 20 2 0 80 1 0
86 61 0 0 0 0 0 20 1 0
87 180 1 0 120 3 0 0 0 0
112 133 14 2 19 1 0 0 0 0
115 57 0 0 0 0 0 19 0 0
116 38 0 0 0 0 0 0 0 0
123 19 0 0 0 0 0 19 7 2
125 19 0 0 0 0 0 19 0 0
127 19 0 0 0 0 0 19 0 0
128 19 0 0 0 0 0 19 1 1
129 19 0 0 0 0 0 19 0 0
130 19 0 0 0 0 0 19 2 2
131 19 13 2 0 0 0 19 0 0
fl=./dirent/../sysdeps/unix/sysv/linux/readdir64.c
fn=readdir
32 7312 13 2 0 0 0 4570 0 0
34 1828 0 0 1828 5 0 0 0 0
37 4570 0 0 914 0 0 0 0 0
44 4570 0 0 1828 0 0 0 0 0
51 2008 13 2 72 0 0 36 0 0
52 72 13 2 0 0 0 0 0 0
57 18 0 0 0 0 0 0 0 0
62 18 0 0 0 0 0 18 0 0
63 36 0 0 0 0 0 0 0 0
66 72 0 0 0 0 0 18 0 0
72 896 0 0 0 0 0 0 0 0
74 896 0 0 896 45 40 0 0 0
76 1792 0 0 0 0 0 896 0 0
78 1792 0 0 896 0 0 896 0 0
81 1792 0 0 896 0 0 0 0 0
84 3656 0 0 1828 0 0 0 0 0
88 6398 0 0 5484 0 0 0 0 0
fl=./dirent/../sysdeps/unix/sysv/linux/scandir64.c
fn=scandir
26 56 16 2 0 0 0 24 0 0
27 48 0 0 0 0 0 8 0 0
28 24 0 0 24 0 0 0 0 0
fl=./dirent/./scandir-tail-common.c
fn=__scandir64_tail
27 104 16 2 8 0 0 72 0 0
28 16 0 0 0 0 0 0 0 0
29 2 1 1 0 0 0 0 0 0
31 21 0 0 14 0 0 7 0 0
32 7 0 0 0 0 0 7 0 0
35 49 0 0 0 0 0 14 0 0
38 7 0 0 0 0 0 7 0 0
39 7 7 1 0 0 0 7 0 0
41 219 0 0 0 0 0 42 0 0
43 70 0 0 0 0 0 0 0 0
45 33 1 0 0 0 0 11 0 0
50 11 0 0 0 0 0 11 0 0
52 22 0 0 0 0 0 0 0 0
56 99 6 1 66 0 0 0 0 0
58 21 6 1 7 0 0 0 0 0
59 21 7 1 0 0 0 7 0 0
62 14 0 0 7 0 0 7 0 0
63 14 0 0 0 0 0 0 0 0
65 21 0 0 0 0 0 14 0 0
68 33 0 0 33 0 0 0 0 0
69 132 0 0 0 0 0 66 0 0
70 66 0 0 0 0 0 0 0 0
72 231 7 1 66 0 0 99 1 1
77 66 0 0 0 0 0 33 0 0
80 28 0 0 7 0 0 0 0 0
82 14 7 1 0 0 0 7 0 0
85 21 0 0 7 0 0 0 0 0
86 11 0 0 9 0 0 1 0 0
88 21 0 0 14 0 0 7 0 0
89 7 0 0 0 0 0 0 0 0
100 14 0 0 0 0 0 0 0 0
101 14 0 0 7 0 0 7 0 0
103 88 1 0 72 0 0 0 0 0
fl=./dlfcn/../sysdeps/generic/ldsodefs.h
fn=dladdr@@GLIBC_2.34
1388 17 0 0 17 8 0 0 0 0
fn=dlclose@@GLIBC_2.34
1388 13 0 0 13 8 0 0 0 0
fn=dlerror@@GLIBC_2.34
1388 14 0 0 14 2 0 0 0 0
fn=dlopen@@GLIBC_2.34
1388 93 0 0 62 15 0 31 1 0
fn=dlsym@@GLIBC_2.34
1388 168 0 0 168 15 1 0 0 0
fn=dlvsym@@GLIBC_2.34
1388 12 0 0 12 1 0 0 0 0
fl=./dlfcn/./dlerror.h
fn=_dlerror_run
54 159 18 5 109 6 0 92 2 0
61 92 0 0 50 0 0 0 0 0
67 176 1 0 52 3 0 0 0 0
75 29 2 1 10 0 0 19 0 0
76 46 0 0 27 0 0 9 0 0
fn=dlerror@@GLIBC_2.34
54 18 0 0 18 0 0 9 0 0
61 9 0 0 0 0 0 0 0 0
67 27 3 3 9 0 0 0 0 0
fl=./dlfcn/./dlfcn/dladdr.c
fn=dladdr@@GLIBC_2.34
25 17 10 3 0 0 0 0 0 0
27 34 8 4 17 11 0 0 0 0
30 51 0 0 0 0 0 0 0 0
fl=./dlfcn/./dlfcn/dlclose.c
fn=dlclose@@GLIBC_2.34
25 39 5 3 0 0 0 0 0 0
27 26 5 3 13 10 1 0 0 0
31 52 0 0 13 10 1 13 0 0
32 26 0 0 13 0 0 0 0 0
fl=./dlfcn/./dlfcn/dlerror.c
fn=_dlerror_run
113 1608 75 8 134 0 0 804 6 0
114 268 0 0 268 42 1 0 0 0
115 268 0 0 0 0 0 0 0 0
117 68 0 0 0 0 0 0 0 0
121 100 16 4 100 0 0 0 0 0
131 68 3 0 0 0 0 34 0 0
138 670 0 0 134 57 2 134 7 0
143 134 0 0 134 4 0 0 0 0
145 402 34 4 134 0 0 0 0 0
151 248 0 0 16 3 0 16 0 0
153 16 0 0 0 0 0 16 0 0
154 64 0 0 16 0 0 16 0 0
156 100 23 3 0 0 0 0 0 0
162 102 0 0 0 0 0 0 0 0
168 48 0 0 0 0 0 16 0 0
169 32 0 0 0 0 0 0 0 0
173 16 0 0 16 0 0 0 0 0
178 16 0 0 0 0 0 16 0 0
185 34 4 1 0 0 0 34 0 0
186 136 0 0 34 0 0 34 0 0
187 18 0 0 18 0 0 0 0 0
188 34 0 0 0 0 0 34 0 0
191 68 0 0 34 0 0 0 0 0
192 34 6 2 0 0 0 34 0 0
196 68 0 0 0 0 0 0 0 0
198 1340 23 3 1072 9 0 0 0 0
fn=dlerror@@GLIBC_2.34
33 112 4 2 14 0 0 56 0 0
35 28 0 0 14 4 0 0 0 0
39 28 0 0 28 0 0 0 0 0
42 28 4 2 0 0 0 0 0 0
43 10 3 2 0 0 0 0 0 0
47 18 0 0 0 0 0 0 0 0
55 27 0 0 9 0 0 0 0 0
60 18 0 0 9 0 0 0 0 0
73 27 0 0 9 0 0 0 0 0
74 104 1 1 8 0 0 16 0 0
76 8 0 0 8 0 0 0 0 0
80 2 1 1 1 0 0 1 0 0
81 13 0 0 1 0 0 2 0 0
83 1 0 0 1 0 0 0 0 0
86 2 1 0 1 0 0 1 0 0
90 9 0 0 0 0 0 9 0 0
92 18 0 0 0 0 0 0 0 0
96 18 0 0 9 0 0 9 0 0
97 9 0 0 0 0 0 9 0 0
98 9 0 0 0 0 0 0 0 0
104 112 3 2 84 0 0 0 0 0
fl=./dlfcn/./dlfcn/dlopen.c
fn=dlopen@@GLIBC_2.34
67 31 0 0 0 0 0 31 0 0
68 31 0 0 0 0 0 31 0 0
69 62 17 2 31 0 0 31 0 0
71 186 15 0 31 1 0 31 4 0
77 62 22 2 0 0 0 0 0 0
78 62 0 0 31 24 0 0 0 0
82 155 0 0 93 9 0 0 0 0
fn=dlopen_doit
48 62 18 2 0 0 0 31 0 0
51 93 0 0 31 0 0 0 0 0
56 526 33 2 217 34 1 86 22 1
58 31 0 0 31 0 0 0 0 0
60 96 18 2 96 5 0 0 0 0
fl=./dlfcn/./dlfcn/dlsym.c
fn=dlsym@@GLIBC_2.34
47 84 0 0 0 0 0 84 0 0
48 84 16 3 0 0 0 84 0 0
52 336 0 0 84 17 1 84 2 0
54 504 0 0 84 0 0 84 0 0
56 168 19 3 0 0 0 84 0 0
64 756 20 3 84 0 0 336 0 0
65 168 0 0 84 32 1 0 0 0
68 84 0 0 84 0 0 0 0 0
69 672 0 0 420 0 0 0 0 0
fn=dlsym_doit
37 252 21 3 0 0 0 84 0 0
40 393 0 0 252 0 0 141 0 0
41 114 0 0 114 0 0 0 0 0
fl=./dlfcn/./dlfcn/dlvsym.c
fn=dlvsym@@GLIBC_2.34
50 24 0 0 6 0 0 12 0 0
55 24 1 1 6 1 0 6 0 0
57 36 1 1 6 0 0 6 0 0
59 12 0 0 0 0 0 6 0 0
67 54 1 1 6 0 0 24 0 0
68 12 0 0 6 1 0 0 0 0
73 48 0 0 30 0 0 0 0 0
fn=dlvsym_doit
38 18 1 1 0 0 0 6 0 0
41 36 0 0 24 0 0 12 0 0
42 12 0 0 12 0 0 0 0 0
fl=./elf/../bits/stdlib-bsearch.h
fn=intel_check_word.constprop.0
27 102 0 0 0 0 0 0 0 0
28 51 0 0 0 0 0 0 0 0
29 971 0 0 0 0 0 0 0 0
31 690 1 1 0 0 0 0 0 0
32 345 0 0 0 0 0 0 0 0
37 63 1 1 0 0 0 0 0 0
fl=./elf/../elf/dl-sysdep.c
fn=_dl_sysdep_start
85 10 1 1 0 0 0 6 1 1
86 1 0 0 0 0 0 0 0 0
87 1 0 0 0 0 0 0 0 0
109 1 0 0 0 0 0 1 0 0
110 417 1 1 137 17 17 4 3 3
113 2 0 0 0 0 0 1 0 0
114 1 0 0 0 0 0 1 0 0
119 1 1 1 0 0 0 1 1 1
121 140 4 4 33 5 5 10 1 1
122 119 1 1 17 3 3 0 0 0
125 1 0 0 1 1 1 0 0 0
126 1 0 0 0 0 0 0 0 0
128 1 0 0 1 0 0 0 0 0
131 2 1 1 1 0 0 1 0 0
132 1 0 0 0 0 0 1 0 0
134 2 1 1 1 0 0 1 0 0
135 1 0 0 0 0 0 1 0 0
150 2 1 1 1 0 0 1 0 0
151 1 0 0 0 0 0 1 0 0
153 2 0 0 1 0 0 1 0 0
154 1 0 0 0 0 0 0 0 0
156 2 1 1 1 0 0 1 0 0
157 1 0 0 0 0 0 0 0 0
162 2 1 1 1 0 0 1 0 0
163 1 0 0 0 0 0 0 0 0
178 2 1 1 1 0 0 1 1 1
179 1 0 0 0 0 0 0 0 0
224 1 0 0 0 0 0 1 0 0
227 1 0 0 0 0 0 1 0 0
238 3 0 0 1 0 0 0 0 0
239 2 1 1 0 0 0 2 0 0
241 5 0 0 0 0 0 1 0 0
253 3 0 0 1 0 0 0 0 0
256 5 0 0 1 0 0 1 0 0
258 9 1 1 8 2 0 0 0 0
fn=_dl_sysdep_start_cleanup
262 1 1 1 0 0 0 0 0 0
263 1 0 0 1 0 0 0 0 0
fl=./elf/../elf/dl-tls.c
fn=_dl_add_to_slotinfo
1015 304 13 2 0 0 0 152 0 0
1021 38 0 0 38 1 0 0 0 0
1024 38 0 0 38 19 0 0 0 0
1025 38 0 0 0 0 0 0 0 0
1029 114 14 2 38 18 1 0 0 0
1063 76 0 0 0 0 0 0 0 0
1066 63 0 0 0 0 0 21 16 5
1067 63 0 0 21 0 0 21 0 0
1070 228 0 0 190 0 0 0 0 0
fn=_dl_allocate_tls_init
528 10 2 2 0 0 0 8 0 0
529 2 0 0 0 0 0 0 0 0
533 2 0 0 1 1 0 1 0 0
535 1 0 0 0 0 0 1 0 0
536 1 0 0 0 0 0 0 0 0
539 2 0 0 1 1 0 1 0 0
542 3 0 0 2 1 0 0 0 0
554 1 1 1 1 0 0 0 0 0
559 33 1 1 6 1 0 0 0 0
565 10 1 1 0 0 0 0 0 0
568 12 0 0 4 1 0 0 0 0
569 8 0 0 0 0 0 0 0 0
575 12 0 0 8 0 0 0 0 0
576 8 0 0 0 0 0 0 0 0
578 27 1 1 12 5 0 4 1 1
581 8 0 0 0 0 0 0 0 0
582 8 0 0 4 1 0 0 0 0
585 8 0 0 0 0 0 0 0 0
586 16 1 1 8 2 0 0 0 0
588 8 0 0 0 0 0 0 0 0
589 8 0 0 4 0 0 0 0 0
598 4 0 0 0 0 0 4 0 0
606 8 0 0 4 0 0 0 0 0
608 32 0 0 4 0 0 8 0 0
614 4 0 0 4 0 0 0 0 0
620 2 0 0 1 1 0 1 0 0
623 2 1 1 1 0 0 1 0 0
626 9 0 0 8 0 0 0 0 0
fn=_dl_allocate_tls_storage
370 1 0 0 1 0 0 0 0 0
374 1 0 0 0 0 0 0 0 0
375 1 0 0 0 0 0 0 0 0
376 2 0 0 0 0 0 0 0 0
379 1 0 0 0 0 0 1 0 0
385 2 0 0 0 0 0 1 0 0
422 4 1 1 0 0 0 3 0 0
424 1 0 0 1 0 0 0 0 0
435 1 0 0 1 0 0 0 0 0
436 1 0 0 0 0 0 0 0 0
437 3 0 0 0 0 0 0 0 0
445 4 1 1 0 0 0 0 0 0
446 1 0 0 0 0 0 0 0 0
450 321 1 1 0 0 0 313 39 39
469 1 0 0 0 0 0 1 1 1
475 5 0 0 4 0 0 0 0 0
fn=_dl_assign_tls_modid
131 42 14 2 0 0 0 0 0 0
134 42 0 0 21 0 0 0 0 0
147 21 14 2 21 0 0 0 0 0
186 21 0 0 0 0 0 0 0 0
188 21 0 0 0 0 0 21 0 0
191 21 0 0 0 0 0 21 0 0
192 42 0 0 21 0 0 0 0 0
fn=_dl_count_modids
197 1 1 1 0 0 0 0 0 0
199 2 0 0 1 0 0 0 0 0
200 1 0 0 1 0 0 0 0 0
215 2 0 0 1 0 0 0 0 0
fn=_dl_determine_tlsoffset
221 8 2 2 0 0 0 6 0 0
222 1 0 0 0 0 0 0 0 0
223 1 0 0 0 0 0 0 0 0
224 1 0 0 0 0 0 0 0 0
227 3 0 0 1 0 0 0 0 0
230 2 0 0 1 0 0 0 0 0
264 1 0 0 0 0 0 0 0 0
266 28 0 0 5 0 0 0 0 0
268 11 2 2 5 0 0 1 0 0
270 12 0 0 4 0 0 0 0 0
271 8 0 0 4 0 0 0 0 0
273 8 1 1 0 0 0 0 0 0
275 20 0 0 4 0 0 0 0 0
286 4 0 0 0 0 0 4 0 0
291 32 0 0 0 0 0 0 0 0
293 8 0 0 0 0 0 0 0 0
294 4 0 0 0 0 0 0 0 0
297 3 0 0 0 0 0 0 0 0
306 1 0 0 0 0 0 1 0 0
307 9 1 1 1 0 0 1 0 0
309 2 0 0 0 0 0 0 0 0
360 8 1 1 7 0 0 0 0 0
fn=_dl_tls_static_surplus_init
83 3 0 0 0 0 0 0 0 0
97 6 1 1 0 0 0 3 0 0
101 6 1 1 1 0 0 1 0 0
102 6 0 0 1 0 0 1 0 0
108 2 0 0 0 0 0 0 0 0
110 4 0 0 0 0 0 0 0 0
113 1 0 0 0 0 0 0 0 0
115 1 0 0 0 0 0 1 0 0
117 3 0 0 0 0 0 1 1 0
118 5 0 0 4 0 0 0 0 0
fn=_dl_update_slotinfo
725 40000 514 14 0 0 0 28000 620 6
726 4001 11 6 0 0 0 4000 0 0
727 8000 0 0 4000 0 0 0 0 0
745 8000 0 0 4000 0 0 0 0 0
747 12000 0 0 4000 842 11 0 0 0
753 16000 260 14 8000 865 12 0 0 0
775 1 0 0 0 0 0 0 0 0
776 1 0 0 1 0 0 0 0 0
777 2 0 0 1 0 0 0 0 0
780 1 0 0 0 0 0 1 0 0
783 41 1 1 2 0 0 0 0 0
785 1 0 0 0 0 0 0 0 0
788 108 0 0 0 0 0 0 0 0
791 17 1 1 17 3 0 0 0 0
793 34 0 0 0 0 0 0 0 0
799 24 0 0 12 0 0 0 0 0
804 34 0 0 25 0 0 9 0 0
806 16 0 0 8 0 0 0 0 0
825 32 1 1 0 0 0 8 0 0
826 24 0 0 16 1 1 8 0 0
829 24 0 0 16 0 0 0 0 0
833 1 0 0 0 0 0 0 0 0
834 2 1 1 0 0 0 0 0 0
847 1 0 0 0 0 0 1 0 0
850 3999 0 0 0 0 0 0 0 0
851 36000 0 0 32000 0 0 0 0 0
fn=tls_get_addr_tail
681 5 1 1 0 0 0 0 0 0
709 2 0 0 2 0 0 0 0 0
711 2 0 0 0 0 0 0 0 0
715 9 1 1 2 0 0 2 0 0
717 1 0 0 1 1 0 0 0 0
857 10 1 1 0 0 0 6 0 0
859 2 0 0 0 0 0 0 0 0
878 2 0 0 1 1 0 0 0 0
881 3 1 1 1 1 0 1 0 0
882 3 1 1 1 0 0 0 0 0
884 1 0 0 0 0 0 1 0 0
885 3 0 0 1 0 0 1 0 0
908 5 0 0 1 0 0 2 0 0
911 2 0 0 1 0 0 0 0 0
912 8 0 0 7 0 0 0 0 0
fn=update_get_addr
918 8000 400 14 0 0 0 4000 0 0
919 8000 0 0 4000 841 11 4000 114 0
920 4000 0 0 4000 0 0 0 0 0
922 12000 0 0 8000 843 12 0 0 0
924 8000 0 0 0 0 0 0 0 0
925 3 0 0 0 0 0 0 0 0
927 7998 0 0 3999 0 0 0 0 0
928 7999 0 0 7999 0 0 0 0 0
fl=./elf/../include/atomic_wide_counter.h
fn=_dl_find_object_dlclose
30 16 0 0 16 4 1 0 0 0
fn=_dl_find_object_update
30 18 11 2 18 16 1 0 0 0
57 54 15 1 18 0 0 18 0 0
fl=./elf/../include/list.h
fn=__tls_init_tp
43 2 1 1 1 1 0 1 0 0
44 2 0 0 0 0 0 1 0 0
45 1 0 0 0 0 0 1 0 0
47 1 0 0 0 0 0 1 0 0
fl=./elf/../include/rtld-malloc.h
fn=__minimal_calloc
56 24 0 0 24 0 0 0 0 0
fn=_dl_allocate_tls_storage
44 2 0 0 1 0 0 1 0 0
56 1 0 0 1 0 0 1 0 0
fn=_dl_check_map_versions
44 126 0 0 42 0 0 42 0 0
fn=_dl_close_worker.part.0.isra.0
50 198 4 4 182 11 0 118 0 0
56 46 0 0 23 8 0 23 0 0
fn=_dl_error_free
50 51 7 2 51 3 0 0 0 0
fn=_dl_exception_create
56 14 3 3 7 3 0 7 0 0
fn=_dl_exception_create_format
56 81 0 0 27 2 0 27 0 0
fn=_dl_find_object_init
56 2 0 0 1 0 0 1 0 0
fn=_dl_find_object_update
50 36 0 0 18 0 0 18 0 0
56 69 0 0 21 11 0 23 4 0
fn=_dl_important_hwcaps
56 3 1 1 2 0 0 3 0 0
fn=_dl_init_paths
56 5 0 0 3 0 0 3 0 0
fn=_dl_lookup_symbol_x
56 14 7 2 7 6 0 7 0 0
fn=_dl_map_object
50 8 1 0 8 0 0 4 0 0
fn=_dl_map_object_deps
56 92 0 0 46 5 0 46 0 0
fn=_dl_map_object_from_fd
50 4 1 0 4 0 0 2 0 0
fn=_dl_new_object
44 176 18 2 44 0 0 88 0 0
56 129 0 0 43 0 0 43 0 0
fn=_dl_scope_free
50 22 0 0 22 1 0 22 0 0
fn=_dl_update_slotinfo
50 24 0 0 16 3 2 16 0 0
fn=add_name_to_object.isra.0
56 4 0 0 2 1 0 2 0 0
fn=add_to_global_resize
50 2 0 0 1 0 0 0 0 0
56 2 0 0 1 1 0 1 0 0
fn=decompose_rpath
50 2 0 0 1 0 0 1 0 0
56 2 0 0 1 0 0 1 0 0
fn=dl_open_worker_begin
56 14 0 0 7 4 0 7 0 0
fn=fillin_rpath.isra.0
50 36 0 0 36 0 0 18 0 0
51 18 0 0 0 0 0 0 0 0
56 34 0 0 17 0 0 17 0 0
fn=init_tls
44 2 0 0 1 0 0 1 0 0
fn=open_path
56 20 0 0 20 0 0 10 0 0
fn=open_verify.constprop.0
50 58 0 0 29 6 0 29 0 0
fn=open_verify.constprop.1
50 32 15 3 16 0 0 16 0 0
fn=tls_get_addr_tail
56 2 1 1 1 0 0 1 0 0
fl=./elf/../include/scratch_buffer.h
fn=_dl_map_object_deps
77 60 0 0 0 0 0 40 2 1
78 20 0 0 0 0 0 20 0 0
85 60 19 2 40 2 0 0 0 0
131 78 0 0 0 0 0 26 0 0
fl=./elf/../misc/sbrk.c
fn=sbrk
37 5 0 0 0 0 0 2 0 0
40 1 1 1 1 0 0 0 0 0
58 2 0 0 0 0 0 0 0 0
62 2 0 0 0 0 0 0 0 0
78 5 0 0 3 0 0 0 0 0
fl=./elf/../nptl/nptl-stack.h
fn=__libc_early_init
58 8 0 0 2 1 0 0 0 0
fl=./elf/../sysdeps/generic/dl-cache.h
fn=_dl_load_cache_lookup
125 95 9 3 19 0 0 0 0 0
194 12 0 0 12 0 0 0 0 0
195 60 0 0 0 0 0 0 0 0
fl=./elf/../sysdeps/generic/dl-debug.h
fn=dl_main
29 3 0 0 1 0 0 0 0 0
30 2 0 0 1 0 0 1 0 0
fl=./elf/../sysdeps/generic/dl-hash.h
fn=__rtld_malloc_init_real
43 1 0 0 0 0 0 0 0 0
44 1 0 0 0 0 0 0 0 0
45 19 2 2 6 1 1 0 0 0
48 18 0 0 0 0 0 0 0 0
62 24 0 0 0 0 0 0 0 0
67 1 0 0 0 0 0 0 0 0
72 1 0 0 0 0 0 1 0 0
fn=_dl_vsym
31 6 0 0 6 2 1 0 0 0
32 36 1 1 6 0 0 0 0 0
34 12 0 0 0 0 0 0 0 0
35 18 0 0 6 0 0 0 0 0
37 12 1 1 0 0 0 0 0 0
38 18 0 0 6 0 0 0 0 0
40 12 0 0 0 0 0 0 0 0
41 18 0 0 6 0 0 0 0 0
43 12 1 1 0 0 0 0 0 0
44 6 0 0 0 0 0 0 0 0
45 114 0 0 36 0 0 0 0 0
48 90 0 0 0 0 0 0 0 0
62 120 0 0 0 0 0 0 0 0
67 12 1 1 0 0 0 0 0 0
fl=./elf/../sysdeps/generic/dl-protected.h
fn=do_lookup_x
29 69760 0 0 0 0 0 0 0 0
44 450779 0 0 0 0 0 128794 0 0
fl=./elf/../sysdeps/generic/ldsodefs.h
fn=_dl_relocate_object
138 158865 0 0 52955 0 0 0 0 0
fn=_dl_start
80 3 0 0 2 0 0 0 0 0
fn=do_lookup_x
137 69760 38 8 34880 0 0 0 0 0
138 104640 0 0 0 0 0 0 0 0
fl=./elf/../sysdeps/nptl/dl-mutex.c
fn=__rtld_mutex_init
30 4 1 1 0 0 0 3 0 0
37 1 0 0 1 1 0 0 0 0
40 7 1 1 0 0 0 1 0 0
44 2 0 0 0 0 0 0 0 0
45 9 0 0 3 0 0 1 0 0
47 6 1 1 0 0 0 1 0 0
51 2 0 0 0 0 0 0 0 0
52 7 0 0 3 0 0 1 0 0
53 4 0 0 4 0 0 0 0 0
fl=./elf/../sysdeps/nptl/dl-tls_init_tp.c
fn=__tls_init_tp
68 3 1 0 0 0 0 1 0 0
69 1 0 0 1 0 0 0 0 0
72 1 0 0 0 0 0 0 0 0
75 4 1 1 0 0 0 1 0 0
76 2 0 0 0 0 0 1 0 0
77 1 0 0 0 0 0 1 0 0
82 2 0 0 1 1 0 1 0 0
87 4 0 0 0 0 0 1 0 0
90 1 1 1 0 0 0 1 0 0
93 3 0 0 0 0 0 0 0 0
106 4 0 0 0 0 0 1 0 0
123 3 0 0 2 1 0 1 0 0
130 2 1 1 1 0 0 1 0 0
132 1 0 0 0 0 0 1 0 0
133 1 0 0 0 0 0 1 0 0
134 3 0 0 2 0 0 0 0 0
fn=__tls_pre_init_tp
53 3 1 1 0 0 0 0 0 0
56 10 1 1 0 0 0 3 1 1
61 2 0 0 0 0 0 1 0 0
62 1 0 0 0 0 0 1 0 0
64 1 0 0 1 0 0 0 0 0
fn=rtld_mutex_dummy
42 24 0 0 0 0 0 0 0 0
44 48 0 0 24 0 0 0 0 0
fl=./elf/../sysdeps/nptl/pthread_early_init.h
fn=__libc_early_init
33 6 0 0 0 0 0 1 0 0
34 6 0 0 1 0 0 0 0 0
45 2 1 1 2 0 0 0 0 0
46 1 0 0 0 0 0 0 0 0
52 7 1 1 0 0 0 1 0 0
53 1 0 0 0 0 0 1 0 0
54 1 0 0 0 0 0 1 1 1
57 1 0 0 0 0 0 1 0 0
fl=./elf/../sysdeps/posix/dl-fileid.h
fn=_dl_map_object_from_fd
37 225 19 2 45 0 0 45 0 0
40 180 19 2 135 13 2 45 0 0
49 4044 23 4 2008 714 35 0 0 0
fl=./elf/../sysdeps/unix/sysv/linux/brk.c
fn=brk
35 1 1 1 0 0 0 0 0 0
36 3 0 0 0 0 0 1 1 1
37 2 0 0 0 0 0 0 0 0
43 1 0 0 0 0 0 0 0 0
44 1 0 0 1 0 0 0 0 0
fl=./elf/../sysdeps/unix/sysv/linux/dl-osinfo.h
fn=dl_main
64 2 0 0 1 1 0 0 0 0
fl=./elf/../sysdeps/unix/sysv/linux/dl-sysdep.c
fn=_dl_discover_osversion
46 5 1 1 0 0 0 3 0 0
48 3 0 0 1 0 0 0 0 0
88 4 1 1 0 0 0 1 1 1
103 1 0 0 0 0 0 0 0 0
107 1 0 0 0 0 0 0 0 0
108 1 0 0 0 0 0 0 0 0
110 12 1 1 3 1 1 0 0 0
112 6 0 0 0 0 0 0 0 0
114 17 0 0 4 0 0 0 0 0
116 1 0 0 0 0 0 0 0 0
117 4 0 0 0 0 0 0 0 0
120 3 1 1 0 0 0 0 0 0
121 3 0 0 0 0 0 0 0 0
122 3 0 0 0 0 0 0 0 0
124 15 0 0 0 0 0 0 0 0
133 5 0 0 4 0 0 0 0 0
fn=_dl_sysdep_start
36 2 0 0 0 0 0 1 0 0
fl=./elf/../sysdeps/unix/sysv/linux/dl-vdso-setup.h
fn=dl_main
30 3 1 1 0 0 0 2 0 0
33 1 1 1 0 0 0 1 0 0
36 1 0 0 0 0 0 1 0 0
39 1 0 0 0 0 0 1 0 0
45 1 1 1 0 0 0 1 0 0
fl=./elf/../sysdeps/unix/sysv/linux/dl-vdso.h
fn=dl_main
40 1 1 1 1 0 0 0 0 0
41 2 0 0 0 0 0 0 0 0
55 2 0 0 0 0 0 0 0 0
fl=./elf/../sysdeps/unix/sysv/linux/rseq-internal.h
fn=__tls_init_tp
32 3 0 0 1 0 0 0 0 0
34 7 1 1 0 0 0 0 0 0
37 2 0 0 0 0 0 0 0 0
40 1 0 0 0 0 0 1 0 0
fl=./elf/../sysdeps/unix/sysv/linux/x86/cpu-features.c
fn=init_cpu_features.constprop.0
27 6 0 0 0 0 0 0 0 0
fl=./elf/../sysdeps/unix/sysv/linux/x86/dl-minsigstacksize.h
fn=get_common_indices.constprop.0
24 2 1 1 1 0 0 0 0 0
27 2 0 0 1 0 0 0 0 0
28 2 0 0 1 0 0 0 0 0
65 3 0 0 0 0 0 0 0 0
72 1 0 0 0 0 0 0 0 0
74 1 1 1 0 0 0 1 0 0
fl=./elf/../sysdeps/x86/cpu-features.c
fn=get_common_indices.constprop.0
325 1 1 1 0 0 0 1 0 0
329 4 0 0 0 0 0 0 0 0
332 5 1 1 0 0 0 3 0 0
336 1 0 0 0 0 0 1 0 0
337 4 0 0 0 0 0 1 0 0
338 4 0 0 0 0 0 1 0 0
339 4 0 0 0 0 0 1 0 0
340 3 0 0 0 0 0 1 0 0
341 2 0 0 1 0 0 0 0 0
348 2 1 1 1 0 0 0 0 0
350 9 0 0 0 0 0 4 1 1
355 8 0 0 0 0 0 4 1 1
362 2 1 1 1 0 0 0 0 0
363 7 1 1 0 0 0 4 1 1
369 2 0 0 1 0 0 0 0 0
384 2 0 0 2 0 0 0 0 0
fn=init_cpu_features.constprop.0
303 3 0 0 0 0 0 0 0 0
304 2 0 0 0 0 0 0 0 0
305 6 1 1 0 0 0 4 0 0
310 2 0 0 0 0 0 0 0 0
311 6 0 0 0 0 0 4 0 0
316 2 0 0 0 0 0 0 0 0
317 6 1 1 0 0 0 4 0 0
399 7 2 2 0 0 0 6 0 0
402 1 0 0 0 0 0 1 1 1
403 1 0 0 0 0 0 1 0 0
404 1 0 0 0 0 0 1 0 0
415 3 0 0 0 0 0 1 0 0
418 6 1 1 0 0 0 0 0 0
419 1 1 1 0 0 0 0 0 0
422 2 0 0 0 0 0 0 0 0
424 6 2 2 0 0 0 1 1 1
429 1 0 0 0 0 0 1 0 0
431 3 0 0 1 0 0 0 0 0
433 4 1 1 2 0 0 1 0 0
434 15 2 2 0 0 0 0 0 0
489 3 1 1 1 0 0 0 0 0
503 1 0 0 1 0 0 0 0 0
513 11 1 1 1 1 1 0 0 0
516 1 0 0 1 0 0 0 0 0
555 1 0 0 1 0 0 0 0 0
556 1 0 0 0 0 0 0 0 0
564 2 1 1 1 0 0 0 0 0
571 2 0 0 1 0 0 0 0 0
573 1 0 0 1 0 0 0 0 0
577 2 0 0 1 0 0 0 0 0
583 2 0 0 1 0 0 0 0 0
593 1 1 1 0 0 0 0 0 0
687 5 1 1 1 0 0 0 0 0
688 1 0 0 1 0 0 0 0 0
691 2 0 0 0 0 0 0 0 0
692 1 0 0 1 0 0 0 0 0
698 1 0 0 0 0 0 1 0 0
699 1 0 0 0 0 0 1 0 0
701 1 0 0 0 0 0 1 0 0
706 4 0 0 0 0 0 1 0 0
710 3 1 1 1 0 0 0 0 0
723 2 0 0 0 0 0 0 0 0
724 4 0 0 1 0 0 0 0 0
770 1 0 0 0 0 0 1 0 0
771 2 1 1 1 0 0 0 0 0
775 3 1 1 1 0 0 0 0 0
792 2 1 1 0 0 0 0 0 0
793 2 0 0 0 0 0 0 0 0
795 3 1 1 0 0 0 0 0 0
796 2 0 0 1 0 0 0 0 0
798 3 0 0 0 0 0 0 0 0
799 2 0 0 0 0 0 0 0 0
802 2 0 0 0 0 0 1 0 0
817 4 1 1 0 0 0 1 0 0
819 4 0 0 0 0 0 1 0 0
829 2 1 1 1 0 0 0 0 0
874 8 0 0 7 0 0 0 0 0
fn=update_active.constprop.0
43 7 1 1 0 0 0 6 1 1
47 1 0 0 1 0 0 0 0 0
55 3 0 0 1 0 0 0 0 0
56 3 0 0 0 0 0 0 0 0
57 1 0 0 1 0 0 0 0 0
65 4 1 1 1 0 0 1 0 0
66 1 0 0 1 0 0 0 0 0
74 4 1 1 1 0 0 1 0 0
75 1 0 0 1 0 0 0 0 0
76 3 0 0 0 0 0 1 0 0
80 4 0 0 0 0 0 1 0 0
83 3 0 0 1 0 0 0 0 0
84 1 0 0 1 0 0 0 0 0
87 3 0 0 1 0 0 0 0 0
88 2 0 0 1 0 0 1 1 1
92 8 1 1 1 0 0 2 0 0
93 3 0 0 2 0 0 0 0 0
94 3 1 1 2 0 0 0 0 0
95 1 0 0 1 0 0 0 0 0
97 4 0 0 1 0 0 1 0 0
98 3 1 1 2 1 1 0 0 0
100 2 0 0 0 0 0 0 0 0
101 4 0 0 0 0 0 1 0 0
104 4 0 0 0 0 0 1 0 0
105 4 1 1 0 0 0 1 0 0
109 2 0 0 0 0 0 0 0 0
113 2 0 0 0 0 0 0 0 0
115 4 0 0 0 0 0 0 0 0
119 2 1 1 0 0 0 0 0 0
121 1 0 0 0 0 0 0 0 0
124 2 1 1 0 0 0 0 0 0
126 2 0 0 0 0 0 1 0 0
130 1 0 0 0 0 0 0 0 0
131 1 0 0 1 1 1 0 0 0
134 4 0 0 0 0 0 1 0 0
140 4 0 0 0 0 0 1 0 0
142 4 1 1 2 0 0 1 0 0
144 3 0 0 0 0 0 1 0 0
149 4 0 0 0 0 0 0 0 0
198 3 0 0 0 0 0 0 0 0
210 2 0 0 0 0 0 1 0 0
211 1 0 0 1 0 0 0 0 0
214 4 1 1 1 0 0 1 0 0
218 2 0 0 1 0 0 0 0 0
222 3 1 1 0 0 0 0 0 0
223 2 0 0 0 0 0 0 0 0
225 1 0 0 0 0 0 0 0 0
226 1 0 0 0 0 0 0 0 0
229 2 0 0 0 0 0 1 0 0
231 1 0 0 0 0 0 1 0 0
234 2 0 0 0 0 0 0 0 0
285 3 0 0 1 0 0 0 0 0
289 3 0 0 1 0 0 0 0 0
296 1 0 0 0 0 0 1 0 0
297 8 0 0 7 0 0 0 0 0
fl=./elf/../sysdeps/x86/dl-cacheinfo.h
fn=get_common_cache_info.constprop.0
481 9 1 1 0 0 0 6 0 0
496 1 0 0 1 0 0 0 0 0
497 1 0 0 1 0 0 0 0 0
498 2 0 0 1 0 0 1 0 0
499 1 0 0 1 0 0 0 0 0
505 1 0 0 0 0 0 1 0 0
507 8 1 1 3 0 0 2 0 0
510 4 1 1 0 0 0 2 0 0
521 1 0 0 0 0 0 0 0 0
526 3 0 0 1 0 0 0 0 0
530 2 0 0 0 0 0 0 0 0
535 6 1 1 1 0 0 1 0 0
538 23 2 2 0 0 0 0 0 0
545 8 0 0 0 0 0 0 0 0
548 26 0 0 0 0 0 0 0 0
553 2 1 1 0 0 0 0 0 0
557 3 0 0 0 0 0 0 0 0
558 1 0 0 0 0 0 0 0 0
562 6 0 0 0 0 0 0 0 0
566 3 0 0 0 0 0 0 0 0
569 4 0 0 0 0 0 1 0 0
570 1 0 0 0 0 0 0 0 0
575 4 0 0 0 0 0 0 0 0
581 4 0 0 0 0 0 0 0 0
589 7 0 0 1 0 0 0 0 0
591 2 0 0 0 0 0 0 0 0
593 5 0 0 0 0 0 0 0 0
595 12 1 1 0 0 0 0 0 0
597 1 0 0 0 0 0 0 0 0
598 1 0 0 0 0 0 0 0 0
599 9 0 0 1 0 0 0 0 0
601 4 1 1 0 0 0 0 0 0
604 2 0 0 0 0 0 0 0 0
609 1 0 0 0 0 0 0 0 0
611 5 0 0 0 0 0 0 0 0
612 3 0 0 0 0 0 0 0 0
613 1 1 1 0 0 0 0 0 0
616 2 0 0 0 0 0 0 0 0
619 2 1 1 0 0 0 0 0 0
626 1 0 0 0 0 0 0 0 0
628 4 0 0 0 0 0 0 0 0
629 1 0 0 0 0 0 0 0 0
634 2 1 1 0 0 0 0 0 0
639 2 0 0 0 0 0 0 0 0
640 1 0 0 0 0 0 0 0 0
641 2 0 0 0 0 0 0 0 0
642 3 0 0 0 0 0 0 0 0
643 2 0 0 1 0 0 0 0 0
681 4 1 1 0 0 0 0 0 0
682 5 0 0 0 0 0 0 0 0
686 2 0 0 1 0 0 0 0 0
693 1 0 0 0 0 0 1 0 0
694 1 0 0 0 0 0 1 0 0
695 7 0 0 7 0 0 0 0 0
fn=handle_intel.constprop.0
250 96 0 0 0 0 0 72 0 0
255 24 1 1 12 0 0 0 0 0
261 24 0 0 0 0 0 12 0 0
263 12 0 0 0 0 0 12 0 0
264 36 1 1 0 0 0 12 0 0
266 15 0 0 1 0 0 0 0 0
272 60 0 0 0 0 0 12 0 0
277 24 0 0 0 0 0 0 0 0
279 24 0 0 0 0 0 12 0 0
280 12 0 0 0 0 0 0 0 0
284 48 1 1 0 0 0 12 1 1
286 24 0 0 0 0 0 0 0 0
289 60 0 0 0 0 0 12 0 0
291 24 0 0 0 0 0 0 0 0
294 5 0 0 0 0 0 1 0 0
296 2 0 0 0 0 0 0 0 0
299 5 0 0 1 0 0 1 0 0
301 2 0 0 0 0 0 0 0 0
305 3 0 0 0 0 0 0 0 0
310 96 1 1 84 0 0 0 0 0
fn=init_cpu_features.constprop.0
706 1 0 0 0 0 0 1 0 0
708 1 1 1 0 0 0 1 0 0
722 2 0 0 0 0 0 0 0 0
724 5 1 1 0 0 0 3 1 1
725 3 0 0 0 0 0 1 0 0
726 4 1 1 0 0 0 2 0 0
729 3 0 0 0 0 0 2 0 0
731 3 0 0 0 0 0 2 0 0
732 1 0 0 0 0 0 1 0 0
734 3 0 0 0 0 0 2 0 0
736 3 0 0 0 0 0 2 0 0
737 1 0 0 0 0 0 1 0 0
739 3 1 1 0 0 0 2 0 0
741 3 0 0 0 0 0 2 0 0
744 3 0 0 0 0 0 2 0 0
746 3 0 0 0 0 0 1 0 0
748 3 1 1 0 0 0 2 0 0
750 4 0 0 0 0 0 1 0 0
840 18 3 3 10 0 0 6 2 2
863 15 1 1 2 0 0 1 0 0
885 2 0 0 1 0 0 0 0 0
886 1 0 0 1 0 0 0 0 0
893 11 2 2 0 0 0 0 0 0
910 4 1 1 1 0 0 0 0 0
923 4 0 0 1 0 0 1 0 0
931 5 0 0 1 0 0 1 0 0
933 2 1 1 0 0 0 0 0 0
936 5 0 0 1 0 0 1 0 0
938 4 0 0 1 0 0 1 0 0
941 5 1 1 1 0 0 1 0 0
942 5 0 0 0 0 0 1 0 0
946 6 1 1 1 0 0 2 0 0
947 3 0 0 1 0 0 0 0 0
953 8 0 0 3 0 0 2 0 0
956 15 2 2 1 0 0 6 0 0
957 9 1 1 1 0 0 4 0 0
958 12 1 1 1 0 0 5 0 0
961 8 0 0 0 0 0 4 0 0
963 8 1 1 0 0 0 4 0 0
967 7 1 1 4 0 0 3 0 0
970 1 0 0 0 0 0 0 0 0
fn=intel_check_word.constprop.0
110 690 0 0 345 8 8 0 0 0
113 345 0 0 0 0 0 0 0 0
119 104 0 0 0 0 0 78 0 0
123 78 1 1 0 0 0 0 0 0
125 15 0 0 0 0 0 0 0 0
129 156 0 0 0 0 0 0 0 0
131 154 1 1 0 0 0 0 0 0
133 63 1 1 0 0 0 0 0 0
135 126 0 0 0 0 0 0 0 0
143 126 0 0 0 0 0 0 0 0
152 54 1 1 0 0 0 0 0 0
155 120 2 2 0 0 0 0 0 0
158 99 0 0 0 0 0 0 0 0
162 64 0 0 0 0 0 0 0 0
164 186 0 0 0 0 0 0 0 0
166 84 0 0 0 0 0 0 0 0
168 44 0 0 0 0 0 0 0 0
169 32 0 0 0 0 0 0 0 0
170 10 0 0 0 0 0 0 0 0
172 11 1 1 0 0 0 0 0 0
174 22 0 0 0 0 0 0 0 0
176 12 1 1 0 0 0 0 0 0
177 16 0 0 0 0 0 0 0 0
178 12 1 1 0 0 0 0 0 0
179 20 0 0 0 0 0 0 0 0
180 14 0 0 0 0 0 0 0 0
181 12 1 1 0 0 0 0 0 0
183 8 0 0 0 0 0 0 0 0
184 12 0 0 0 0 0 0 0 0
187 21 0 0 0 0 0 0 0 0
194 204 0 0 0 0 0 0 0 0
202 200 0 0 50 0 0 0 0 0
216 51 0 0 0 0 0 0 0 0
246 104 0 0 104 0 0 0 0 0
fl=./elf/../sysdeps/x86/dl-cet.c
fn=_dl_cet_check
41 2 0 0 0 0 0 0 0 0
42 1 0 0 1 1 1 0 0 0
44 1 0 0 0 0 0 0 0 0
45 1 0 0 0 0 0 0 0 0
48 4 1 1 0 0 0 0 0 0
49 2 0 0 0 0 0 0 0 0
51 1 0 0 1 0 0 0 0 0
62 2 0 0 0 0 0 0 0 0
252 8 1 1 0 0 0 6 0 0
254 8 1 1 7 0 0 0 0 0
fn=_dl_cet_open_check
41 38 0 0 0 0 0 0 0 0
42 19 0 0 19 19 1 0 0 0
44 19 0 0 0 0 0 0 0 0
45 19 0 0 0 0 0 0 0 0
48 76 16 2 0 0 0 0 0 0
49 38 0 0 0 0 0 0 0 0
51 19 0 0 19 0 0 0 0 0
62 38 0 0 0 0 0 0 0 0
151 19 15 3 19 0 0 0 0 0
239 19 17 2 0 0 0 0 0 0
fl=./elf/../sysdeps/x86/dl-get-cpu-features.c
fn=__x86_cpu_features
39 3 0 0 1 1 0 0 0 0
71 3 1 0 1 0 0 0 0 0
fn=_dl_x86_init_cpu_features
37 1 1 1 0 0 0 0 0 0
39 3 0 0 1 0 0 0 0 0
41 1 1 1 0 0 0 0 0 0
fl=./elf/../sysdeps/x86/dl-hwcap.h
fn=_dl_important_hwcaps
57 3 0 0 0 0 0 0 0 0
fl=./elf/../sysdeps/x86/dl-procinfo.h
fn=_dl_load_cache_lookup
39 44 11 3 0 0 0 0 0 0
42 154 0 0 0 0 0 66 11 0
fl=./elf/../sysdeps/x86/dl-prop.h
fn=_dl_map_object_from_fd
95 250 0 0 125 4 4 0 0 0
100 33 0 0 0 0 0 0 0 0
101 66 0 0 0 0 0 33 0 0
102 33 11 2 0 0 0 33 0 0
103 33 0 0 0 0 0 0 0 0
105 231 0 0 0 0 0 0 0 0
108 108 11 3 36 3 3 0 0 0
109 72 0 0 36 0 0 0 0 0
110 72 0 0 36 0 0 0 0 0
114 108 0 0 36 0 0 0 0 0
118 99 0 0 0 0 0 33 0 0
121 99 10 3 33 0 0 0 0 0
122 66 0 0 0 0 0 0 0 0
126 33 0 0 0 0 0 0 0 0
127 132 0 0 0 0 0 33 0 0
131 86 11 2 38 1 1 0 0 0
132 38 0 0 38 0 0 0 0 0
135 76 0 0 0 0 0 0 0 0
138 38 0 0 0 0 0 0 0 0
139 152 0 0 0 0 0 0 0 0
144 76 13 2 0 0 0 0 0 0
146 152 0 0 0 0 0 0 0 0
151 76 0 0 0 0 0 0 0 0
164 76 0 0 0 0 0 0 0 0
165 104 0 0 38 20 20 33 0 0
166 10 0 0 0 0 0 0 0 0
170 15 0 0 5 0 0 5 0 0
185 99 0 0 0 0 0 0 0 0
187 132 0 0 0 0 0 0 0 0
192 33 0 0 0 0 0 0 0 0
193 132 0 0 0 0 0 0 0 0
198 120 0 0 30 0 0 0 0 0
200 120 0 0 30 0 0 30 0 0
201 30 0 0 0 0 0 30 0 0
203 30 0 0 0 0 0 30 0 0
212 99 0 0 66 0 0 0 0 0
213 33 0 0 33 0 0 0 0 0
fn=dl_main
36 1 1 1 1 0 0 0 0 0
37 39 1 1 0 0 0 0 0 0
40 13 0 0 13 1 0 0 0 0
49 82 0 0 23 1 0 0 0 0
53 69 0 0 12 2 0 0 0 0
71 3 0 0 0 0 0 1 0 0
95 8 0 0 4 0 0 0 0 0
100 1 1 1 0 0 0 0 0 0
101 2 0 0 0 0 0 1 0 0
102 1 0 0 0 0 0 1 0 0
103 1 0 0 0 0 0 0 0 0
105 9 0 0 0 0 0 1 0 0
108 3 1 1 1 0 0 0 0 0
109 2 0 0 1 0 0 0 0 0
110 2 0 0 1 0 0 0 0 0
114 3 0 0 1 0 0 0 0 0
118 3 0 0 0 0 0 1 0 0
121 3 1 1 1 0 0 0 0 0
122 2 0 0 0 0 0 0 0 0
126 1 0 0 0 0 0 0 0 0
127 4 0 0 0 0 0 1 0 0
131 4 1 1 1 0 0 0 0 0
132 1 0 0 1 0 0 0 0 0
135 2 0 0 0 0 0 0 0 0
138 1 0 0 0 0 0 0 0 0
139 4 0 0 0 0 0 0 0 0
144 2 1 1 0 0 0 0 0 0
146 4 0 0 0 0 0 0 0 0
151 2 0 0 0 0 0 0 0 0
164 2 0 0 0 0 0 0 0 0
165 1 0 0 1 0 0 0 0 0
166 2 0 0 0 0 0 0 0 0
170 3 1 1 1 0 0 1 0 0
192 1 0 0 0 0 0 0 0 0
193 4 0 0 0 0 0 0 0 0
198 4 1 1 1 0 0 0 0 0
200 4 0 0 1 0 0 1 0 0
201 1 0 0 0 0 0 1 0 0
203 2 0 0 0 0 0 1 0 0
212 5 0 0 4 0 0 0 0 0
213 2 0 0 2 0 0 0 0 0
fn=dl_open_worker_begin
36 19 0 0 19 0 0 0 0 0
37 486 19 2 0 0 0 0 0 0
40 162 0 0 162 5 0 0 0 0
49 781 0 0 176 4 0 0 0 0
53 184 18 2 52 16 0 0 0 0
80 38 0 0 0 0 0 19 0 0
fl=./elf/../sysdeps/x86/get-isa-level.h
fn=_dl_hwcaps_subdirs_active
30 2 0 0 0 0 0 0 0 0
31 3 1 1 1 0 0 0 0 0
32 3 0 0 1 0 0 0 0 0
36 3 0 0 0 0 0 0 0 0
39 4 0 0 1 0 0 0 0 0
40 4 1 1 1 0 0 0 0 0
45 4 0 0 0 0 0 0 0 0
48 2 0 0 0 0 0 0 0 0
49 3 0 0 1 0 0 0 0 0
51 4 1 1 0 0 0 0 0 0
52 2 0 0 0 0 0 0 0 0
53 2 0 0 0 0 0 0 0 0
56 2 0 0 0 0 0 0 0 0
59 2 0 0 0 0 0 0 0 0
fn=update_active.constprop.0
28 1 0 0 0 0 0 0 0 0
30 2 0 0 0 0 0 0 0 0
31 2 1 1 0 0 0 0 0 0
32 3 0 0 0 0 0 0 0 0
36 3 0 0 0 0 0 0 0 0
38 1 0 0 0 0 0 0 0 0
39 3 1 1 1 0 0 0 0 0
40 4 0 0 1 0 0 0 0 0
45 4 1 1 0 0 0 0 0 0
47 1 0 0 0 0 0 0 0 0
48 2 0 0 0 0 0 0 0 0
49 3 0 0 1 0 0 0 0 0
51 4 1 1 0 0 0 0 0 0
52 2 0 0 0 0 0 0 0 0
53 2 0 0 0 0 0 0 0 0
55 1 0 0 0 0 0 0 0 0
56 2 0 0 0 0 0 0 0 0
59 2 0 0 0 0 0 0 0 0
fl=./elf/../sysdeps/x86_64/dl-hwcaps-subdirs.c
fn=_dl_hwcaps_subdirs_active
29 1 1 1 0 0 0 0 0 0
38 3 0 0 0 0 0 0 0 0
43 1 0 0 0 0 0 0 0 0
48 1 0 0 0 0 0 0 0 0
52 1 0 0 1 0 0 0 0 0
fl=./elf/../sysdeps/x86_64/dl-irel.h
fn=_dl_fixup
32 22 11 4 0 0 0 22 0 0
fl=./elf/../sysdeps/x86_64/dl-machine.h
fn=_dl_fixup
229 245 0 0 0 0 0 245 3 0
fn=_dl_relocate_object
71 132 1 0 33 0 0 0 0 0
77 52 0 0 39 3 0 0 0 0
81 39 0 0 13 13 12 0 0 0
87 13 0 0 0 0 0 13 0 0
95 39 8 2 13 0 0 0 0 0
115 26 0 0 13 1 0 0 0 0
117 26 0 0 0 0 0 13 0 0
119 65 0 0 13 11 1 0 0 0
262 105988 0 0 0 0 0 0 0 0
283 105988 0 0 0 0 0 0 0 0
287 105988 0 0 0 0 0 0 0 0
294 2175818 89 24 516805 16499 13183 261619 213 0
296 422806 40 8 158361 195 1 0 0 0
299 211105 1 1 52746 0 0 0 0 0
300 4 0 0 0 0 0 0 0 0
301 1725 0 0 345 33 0 0 0 0
304 690 0 0 0 0 0 0 0 0
305 1035 12 3 345 0 0 0 0 0
316 692 12 3 0 0 0 690 0 0
323 1380 0 0 690 0 0 345 0 0
326 317964 2 0 52994 73 7 0 0 0
360 50 14 2 0 0 0 0 0 0
361 75 0 0 50 19 0 25 18 18
368 6 2 1 2 0 0 0 0 0
370 4 0 0 4 0 0 0 0 0
379 4 0 0 2 0 0 2 0 0
422 54 1 1 18 0 0 0 0 0
426 72 0 0 18 3 0 0 0 0
431 54 0 0 36 2 2 0 0 0
440 36 0 0 18 0 0 18 6 6
450 122209 18 4 69262 6868 6617 52947 27111 6015
474 180 0 0 0 0 0 45 0 0
484 126 0 0 0 0 0 42 0 0
490 6 1 1 2 0 0 0 0 0
494 8 1 1 2 0 0 4 0 0
495 8 0 0 4 0 0 0 0 0
496 8 0 0 6 0 0 0 0 0
497 2 0 0 0 0 0 0 0 0
507 4 0 0 4 0 0 0 0 0
508 6 1 1 2 0 0 0 0 0
509 2 0 0 0 0 0 2 0 0
510 4 0 0 2 0 0 2 1 0
529 298008 0 0 99336 12417 12417 0 0 0
530 99336 18 2 0 0 0 99336 45075 45029
534 198672 0 0 0 0 0 0 0 0
535 198672 0 0 99336 12415 12415 0 0 0
545 73332 0 0 36666 0 0 0 0 0
549 73218 0 0 0 0 0 0 0 0
552 109827 0 0 36609 1 0 0 0 0
553 36609 0 0 36609 4585 4573 0 0 0
579 114 0 0 114 0 0 0 0 0
581 57 0 0 0 0 0 57 0 0
582 57 0 0 0 0 0 57 1 1
fn=_dl_start
45 1 0 0 0 0 0 0 0 0
71 1 0 0 1 0 0 0 0 0
287 21 0 0 0 0 0 0 0 0
296 70 1 1 28 7 7 0 0 0
299 14 0 0 0 0 0 0 0 0
326 47 2 2 0 0 0 0 0 0
346 12 1 1 6 1 1 6 2 2
347 6 0 0 0 0 0 0 0 0
414 1 1 1 0 0 0 0 0 0
534 284 0 0 142 18 18 0 0 0
535 426 0 0 142 18 18 142 20 20
fn=_dl_sysdep_start
215 1 0 0 0 0 0 1 0 0
fl=./elf/../sysdeps/x86_64/dl-runtime.h
fn=_dl_fixup
28 245 0 0 0 0 0 0 0 0
fl=./elf/../sysdeps/x86_64/dl-tls.c
fn=__tls_get_addr_slow
40 4000 17 10 0 0 0 0 0 0
41 4000 0 0 4000 0 0 0 0 0
43 4000 0 0 4000 0 0 0 0 0
44 8000 0 0 4000 0 0 0 0 0
45 4000 0 0 0 0 0 0 0 0
fl=./elf/../sysdeps/x86_64/dl-trampoline.h
fn=_dl_runtime_resolve_xsave
67 245 25 8 0 0 0 0 0 0
72 245 0 0 0 0 0 245 0 0
75 245 0 0 0 0 0 0 0 0
77 245 0 0 0 0 0 0 0 0
87 245 0 0 245 41 7 0 0 0
93 245 0 0 0 0 0 245 47 8
94 245 0 0 0 0 0 245 0 0
95 245 25 8 0 0 0 245 0 0
96 245 0 0 0 0 0 245 0 0
97 245 0 0 0 0 0 245 0 0
98 245 0 0 0 0 0 245 0 0
99 245 0 0 0 0 0 245 0 0
103 245 0 0 0 0 0 0 0 0
104 245 0 0 0 0 0 0 0 0
107 245 0 0 0 0 0 245 40 4
108 245 0 0 0 0 0 245 0 0
110 245 0 0 0 0 0 245 0 0
111 245 0 0 0 0 0 245 0 0
112 245 25 7 0 0 0 245 0 0
113 245 0 0 0 0 0 245 0 0
114 245 0 0 0 0 0 245 0 0
115 245 0 0 0 0 0 245 0 0
117 245 0 0 245 0 0 8085 352 44
124 245 0 0 245 0 0 0 0 0
125 245 0 0 245 0 0 0 0 0
126 245 0 0 0 0 0 245 42 6
127 245 0 0 0 0 0 0 0 0
132 245 0 0 0 0 0 0 0 0
133 245 0 0 0 0 0 0 0 0
134 245 0 0 8820 9 0 0 0 0
136 245 27 9 245 1 0 0 0 0
137 245 0 0 245 0 0 0 0 0
138 245 0 0 245 0 0 0 0 0
139 245 0 0 245 0 0 0 0 0
140 245 0 0 245 0 0 0 0 0
141 245 0 0 245 0 0 0 0 0
142 245 0 0 245 0 0 0 0 0
144 245 0 0 0 0 0 0 0 0
146 245 0 0 245 0 0 0 0 0
150 245 0 0 0 0 0 0 0 0
152 245 0 0 0 0 0 0 0 0
fl=./elf/../sysdeps/x86_64/tls_get_addr.S
fn=__tls_get_addr
29 4000 29 14 0 0 0 0 0 0
30 4000 0 0 4000 0 0 0 0 0
31 4000 0 0 4000 868 11 0 0 0
33 4000 0 0 4000 843 13 0 0 0
34 4000 0 0 0 0 0 0 0 0
49 4000 0 0 0 0 0 4000 0 0
52 4000 18 10 0 0 0 0 0 0
54 4000 0 0 0 0 0 0 0 0
55 4000 0 0 0 0 0 4000 65 0
56 4000 0 0 0 0 0 0 0 0
57 4000 0 0 4000 0 0 0 0 0
59 4000 0 0 4000 0 0 0 0 0
fl=./elf/../sysdeps/x86_64/tlsdesc.c
fn=_dl_unmap
30 80 2 2 0 0 0 48 0 0
38 48 0 0 16 8 7 0 0 0
41 64 2 2 64 0 0 0 0 0
fl=./elf/./dl-find_object.h
fn=_dl_find_object_from_map
95 104 17 2 52 10 0 52 31 23
96 104 15 2 52 4 0 52 0 0
97 52 0 0 0 0 0 52 0 0
103 260 0 0 104 44 3 0 0 0
104 1265 0 0 0 0 0 0 0 0
105 876 18 1 438 362 56 0 0 0
107 153 0 0 102 8 0 51 0 0
112 51 0 0 51 0 0 0 0 0
116 1 0 0 0 0 0 1 0 0
120 1 0 0 1 0 0 0 0 0
fn=_dl_find_object_update
54 876 0 0 292 0 0 292 134 28
56 584 0 0 292 0 0 292 0 0
58 1752 16 2 292 0 0 292 0 0
60 584 0 0 292 0 0 292 0 0
70 292 0 0 0 0 0 0 0 0
fl=./elf/./dl-hwcaps.h
fn=_dl_important_hwcaps
54 12 2 2 3 0 0 6 0 0
56 8 0 0 2 0 0 6 0 0
57 1 0 0 0 0 0 0 0 0
88 9 1 1 4 0 0 5 0 0
89 8 0 0 3 0 0 5 0 0
90 6 0 0 0 0 0 0 0 0
fl=./elf/./dl-load.h
fn=_dl_map_object_from_fd
91 292 0 0 0 0 0 0 0 0
92 129 10 0 86 0 0 43 0 0
94 292 8 2 146 1 1 0 0 0
95 185 17 2 111 0 0 0 0 0
96 222 0 0 74 0 0 0 0 0
97 148 29 2 37 0 0 0 0 0
99 148 0 0 0 0 0 37 0 0
fl=./elf/./dl-main.h
fn=dl_main
109 5 1 1 4 0 0 1 0 0
fl=./elf/./dl-map-segments.h
fn=_dl_map_object_from_fd
28 129 0 0 86 0 0 0 0 0
29 270 7 2 120 0 0 60 5 2
36 65 11 2 0 0 0 13 0 0
37 91 0 0 0 0 0 13 0 0
41 26 0 0 0 0 0 0 0 0
44 52 0 0 0 0 0 13 0 0
45 104 11 2 39 0 0 26 0 0
46 26 0 0 26 0 0 0 0 0
49 52 11 2 26 0 0 0 0 0
55 39 0 0 0 0 0 0 0 0
56 91 22 3 26 0 0 39 0 0
58 78 10 0 26 0 0 0 0 0
59 26 0 0 13 0 0 0 0 0
60 26 0 0 0 0 0 0 0 0
61 39 0 0 13 0 0 13 0 0
96 86 0 0 43 32 1 0 0 0
102 43 0 0 0 0 0 43 0 0
103 103 0 0 30 0 0 0 0 0
106 129 28 2 43 0 0 43 0 0
107 86 0 0 0 0 0 43 0 0
109 86 0 0 43 0 0 0 0 0
116 176 13 1 66 0 0 22 0 0
119 154 0 0 22 0 0 22 0 0
126 43 5 1 43 0 0 0 0 0
128 43 0 0 0 0 0 0 0 0
136 730 0 0 0 0 0 0 0 0
138 412 0 0 206 0 0 0 0 0
140 1133 18 2 412 0 0 206 0 0
141 103 0 0 103 0 0 0 0 0
150 584 0 0 292 0 0 0 0 0
156 47 0 0 47 0 0 0 0 0
157 47 0 0 47 0 0 0 0 0
158 235 0 0 47 0 0 0 0 0
159 94 0 0 0 0 0 0 0 0
166 94 18 2 0 0 0 0 0 0
169 94 0 0 0 0 0 0 0 0
177 329 0 0 0 0 0 141 0 0
178 94 0 0 94 0 0 0 0 0
183 94 0 0 0 0 0 0 0 0
187 168 12 3 0 0 0 21 0 0
190 42 0 0 0 0 0 0 0 0
195 146 18 2 0 0 0 0 0 0
fl=./elf/./dl-sym-post.h
fn=_dl_sym
24 105 16 5 0 0 0 35 0 0
25 145 3 1 0 0 0 0 0 0
41 114 16 4 0 0 0 0 0 0
53 228 0 0 114 15 1 0 0 0
fn=_dl_vsym
41 12 1 1 0 0 0 0 0 0
53 24 0 0 12 1 0 0 0 0
fn=lookup_malloc_symbol
41 8 0 0 0 0 0 0 0 0
53 12 0 0 4 0 0 0 0 0
fl=./elf/./dl-tunable-types.h
fn=__GI___tunable_set_val
90 10 0 0 0 0 0 0 0 0
fl=./elf/./dl-unmap-segments.h
fn=_dl_unmap
32 64 0 0 32 16 5 16 0 0
fl=./elf/./elf/dl-addr.c
fn=_dl_addr
30 68 0 0 34 0 0 17 0 0
34 34 0 0 17 8 1 0 0 0
38 17 0 0 0 0 0 0 0 0
39 85 0 0 51 15 0 0 0 0
40 68 12 4 34 3 0 17 0 0
42 51 0 0 34 8 2 17 0 0
44 68 0 0 0 0 0 0 0 0
45 51 0 0 17 13 3 0 0 0
49 685048 12 4 34 3 0 0 0 0
51 171245 0 0 171245 10712 7598 0 0 0
52 342490 0 0 0 0 0 0 0 0
54 392769 0 0 130923 0 0 0 0 0
60 798003 12 4 0 0 0 0 0 0
61 1596006 0 0 266001 61704 45854 0 0 0
63 797808 0 0 0 0 0 0 0 0
64 1063224 12 4 265806 0 0 0 0 0
65 1637716 11 9 570171 38054 29667 0 0 0
67 28 0 0 14 5 0 0 0 0
70 798003 0 0 266001 16639 12066 0 0 0
100 34 12 3 0 0 0 0 0 0
102 34 0 0 0 0 0 0 0 0
105 34 0 0 0 0 0 0 0 0
111 21 0 0 14 3 0 7 5 0
112 35 5 1 21 0 0 7 0 0
117 30 1 0 0 0 0 10 8 0
126 204 7 4 0 0 0 102 1 0
128 17 0 0 0 0 0 0 0 0
131 51 0 0 17 6 1 17 2 0
133 34 0 0 0 0 0 17 0 0
135 51 7 4 0 0 0 0 0 0
138 17 0 0 0 0 0 0 0 0
141 51 6 2 17 13 0 17 13 0
144 153 0 0 119 8 0 0 0 0
fl=./elf/./elf/dl-audit.c
fn=_dl_audit_activity_map
28 6 1 1 0 0 0 4 0 0
29 1 0 0 1 0 0 0 0 0
30 3 1 1 1 0 0 0 0 0
36 6 1 1 5 0 0 0 0 0
fn=_dl_audit_activity_nsid
40 342 23 3 0 0 0 228 0 0
44 228 0 0 57 1 0 0 0 0
45 57 0 0 57 14 1 0 0 0
46 228 23 3 0 0 0 0 0 0
50 342 0 0 285 0 0 0 0 0
fn=_dl_audit_objclose
96 59 2 2 0 0 0 0 0 0
97 236 0 0 118 6 0 0 0 0
fn=_dl_audit_objopen
76 43 18 2 0 0 0 0 0 0
77 172 0 0 86 0 0 0 0 0
fn=_dl_audit_preinit
117 1 1 1 0 0 0 0 0 0
118 4 0 0 2 1 0 0 0 0
fl=./elf/./elf/dl-cache.c
fn=_dl_cache_libcmp
370 636 11 3 0 0 0 0 0 0
371 2636 11 3 212 0 0 0 0 0
373 3561 0 0 0 0 0 0 0 0
375 1239 8 4 0 0 0 0 0 0
381 75 0 0 0 0 0 0 0 0
382 75 0 0 0 0 0 0 0 0
383 1093 0 0 1004 0 0 0 0 0
384 12 0 0 0 0 0 0 0 0
385 1091 0 0 1004 12 11 0 0 0
386 12 0 0 0 0 0 0 0 0
387 50 0 0 0 0 0 0 0 0
391 2 0 0 1 0 0 0 0 0
393 2322 0 0 0 0 0 0 0 0
394 2 0 0 0 0 0 0 0 0
395 2318 0 0 0 0 0 0 0 0
396 552 11 3 184 0 0 0 0 0
399 975 0 0 0 0 0 0 0 0
400 975 0 0 0 0 0 0 0 0
403 287 0 0 237 170 110 0 0 0
404 2 0 0 2 0 0 0 0 0
fn=_dl_load_cache_lookup
194 380 0 0 0 0 0 0 0 0
208 22 0 0 22 0 0 0 0 0
212 176 22 6 22 0 0 66 0 0
218 234 9 3 79 11 2 79 0 0
219 38 0 0 0 0 0 0 0 0
221 110 0 0 0 0 0 0 0 0
228 466 9 3 95 0 0 41 0 0
230 665 0 0 209 0 0 0 0 0
231 380 0 0 190 134 89 0 0 0
235 380 0 0 190 0 0 0 0 0
239 570 11 3 0 0 0 190 0 0
240 380 0 0 0 0 0 0 0 0
248 82 9 3 0 0 0 0 0 0
250 44 0 0 22 1 1 0 0 0
253 44 0 0 0 0 0 0 0 0
255 132 0 0 0 0 0 22 0 0
257 22 0 0 0 0 0 0 0 0
267 38 0 0 0 0 0 0 0 0
277 38 9 3 19 0 0 0 0 0
278 57 0 0 19 1 1 0 0 0
294 38 0 0 0 0 0 0 0 0
303 38 0 0 19 0 0 0 0 0
306 38 0 0 19 0 0 0 0 0
308 57 0 0 19 0 0 0 0 0
309 38 0 0 19 0 0 0 0 0
314 114 12 3 19 0 0 19 0 0
315 76 0 0 19 0 0 0 0 0
322 38 0 0 0 0 0 0 0 0
343 76 0 0 19 0 0 19 0 0
359 171 0 0 0 0 0 0 0 0
360 95 0 0 0 0 0 0 0 0
362 152 0 0 0 0 0 76 0 0
416 220 11 3 0 0 0 132 0 0
418 44 0 0 22 0 0 0 0 0
421 66 11 3 22 0 0 0 0 0
424 60 11 3 0 0 0 12 0 0
432 60 11 3 12 0 0 0 0 0
433 96 0 0 36 12 3 0 0 0
436 84 11 2 0 0 0 0 0 0
437 12 0 0 12 0 0 0 0 0
444 12 11 3 0 0 0 12 0 0
445 24 0 0 0 0 0 12 0 0
490 30 0 0 10 1 0 0 0 0
492 3 0 0 0 0 0 0 0 0
495 66 0 0 22 0 0 0 0 0
498 66 0 0 22 7 0 22 4 1
513 38 0 0 19 0 0 0 0 0
525 342 18 6 38 0 0 19 0 0
526 76 0 0 19 0 0 19 0 0
527 19 0 0 0 0 0 19 0 0
528 176 0 0 154 0 0 0 0 0
fn=_dl_unload_cache
537 44 21 2 0 0 0 0 0 0
538 128 0 0 32 19 0 0 0 0
540 24 0 0 12 8 0 12 0 0
541 12 10 3 0 0 0 12 0 0
545 52 0 0 20 0 0 32 13 1
547 24 0 0 12 0 0 0 0 0
fl=./elf/./elf/dl-call-libc-early-init.c
fn=_dl_call_libc_early_init
27 4 1 1 0 0 0 2 0 0
29 2 0 0 0 0 0 0 0 0
33 7 1 1 0 0 0 1 0 0
37 2 0 0 0 0 0 0 0 0
39 4 0 0 3 0 0 0 0 0
40 2 0 0 0 0 0 0 0 0
41 3 0 0 2 0 0 0 0 0
fl=./elf/./elf/dl-close.c
fn=_dl_close
142 24 4 2 0 0 0 12 0 0
149 60 0 0 12 0 0 0 0 0
150 60 0 0 20 10 2 10 0 0
156 4 2 2 2 0 0 0 0 0
783 65 5 4 0 0 0 26 0 0
788 39 5 4 13 4 1 13 0 0
795 26 0 0 13 4 1 0 0 0
812 36 0 0 12 0 0 0 0 0
820 26 0 0 13 1 1 0 0 0
821 39 1 1 26 0 0 0 0 0
fn=_dl_close_worker.part.0.isra.0
139 100 3 2 0 0 0 70 1 0
167 10 0 0 0 0 0 10 0 0
169 9 2 2 0 0 0 9 0 0
170 50 0 0 20 3 1 10 0 0
171 180 6 4 10 1 0 20 0 0
175 20 0 0 0 0 0 0 0 0
176 1526 3 2 389 249 36 0 0 0
178 369 0 0 369 186 36 0 0 0
180 369 0 0 0 0 0 369 249 50
181 369 0 0 0 0 0 369 8 0
182 369 0 0 0 0 0 0 0 0
184 20 0 0 0 0 0 0 0 0
188 1158 0 0 0 0 0 0 0 0
190 752 0 0 376 0 0 0 0 0
192 752 0 0 376 0 0 0 0 0
197 758 3 2 0 0 0 0 0 0
198 748 3 2 374 0 0 0 0 0
199 126 6 4 63 0 0 0 0 0
202 186 0 0 62 57 22 0 0 0
203 124 0 0 62 0 0 0 0 0
207 353 0 0 353 0 0 0 0 0
210 353 0 0 0 0 0 353 0 0
213 1059 0 0 353 77 11 0 0 0
217 343 0 0 0 0 0 0 0 0
218 4933 3 2 1641 360 64 0 0 0
220 3894 3 2 1298 0 0 0 0 0
222 1836 0 0 0 0 0 0 0 0
224 1377 0 0 459 0 0 0 0 0
226 438 0 0 0 0 0 219 0 0
231 438 0 0 438 0 0 0 0 0
232 657 0 0 0 0 0 0 0 0
236 1298 0 0 0 0 0 0 0 0
240 1059 0 0 353 0 0 0 0 0
241 617 3 2 59 45 7 0 0 0
243 68 0 0 68 0 0 0 0 0
245 204 0 0 68 0 0 0 0 0
261 170 3 2 0 0 0 70 3 0
268 1117 0 0 369 0 0 0 0 0
270 1107 3 2 738 0 0 0 0 0
273 738 3 2 369 93 8 0 0 0
275 738 0 0 369 0 0 0 0 0
277 1171 2 2 385 0 0 0 0 0
282 32 0 0 0 0 0 0 0 0
285 4 0 0 2 0 0 0 0 0
290 4 0 0 2 2 0 0 0 0
292 8 0 0 0 0 0 2 0 0
297 32 0 0 0 0 0 16 0 0
301 16 0 0 16 0 0 0 0 0
304 16 0 0 0 0 0 16 0 0
306 32 0 0 16 0 0 0 0 0
307 64 0 0 16 0 0 0 0 0
314 706 0 0 0 0 0 0 0 0
316 161 0 0 0 0 0 0 0 0
318 682 3 2 305 203 31 0 0 0
328 1133 6 4 241 0 0 0 0 0
332 288 0 0 0 0 0 72 0 0
333 72 0 0 0 0 0 72 0 0
335 72 0 0 0 0 0 0 0 0
341 305 0 0 0 0 0 0 0 0
342 699 0 0 0 0 0 233 0 0
343 3585 6 4 1071 372 63 0 0 0
347 1909 3 2 0 0 0 0 0 0
352 1210 0 0 605 0 0 0 0 0
353 1210 0 0 605 1 0 0 0 0
356 25 0 0 0 0 0 0 0 0
359 580 0 0 0 0 0 0 0 0
361 466 0 0 0 0 0 0 0 0
373 50 0 0 0 0 0 25 0 0
374 115 2 2 25 0 0 0 0 0
376 90 0 0 0 0 0 20 0 0
381 115 2 2 23 0 0 92 0 0
383 23 0 0 0 0 0 0 0 0
384 115 0 0 69 0 0 0 0 0
391 633 0 0 164 0 0 23 0 0
393 236 2 2 0 0 0 0 0 0
398 236 0 0 118 0 0 0 0 0
402 50 0 0 0 0 0 0 0 0
404 139 0 0 0 0 0 7 1 0
411 186 0 0 0 0 0 93 6 1
413 50 0 0 0 0 0 25 1 0
417 25 0 0 0 0 0 25 0 0
420 50 0 0 25 0 0 0 0 0
422 40 0 0 0 0 0 20 0 0
425 100 0 0 20 0 0 20 0 0
428 10 0 0 0 0 0 5 0 0
430 50 0 0 25 0 0 25 0 0
432 416 3 2 0 0 0 0 0 0
436 65 0 0 0 0 0 65 0 0
437 130 0 0 0 0 0 65 0 0
442 699 3 2 233 33 6 0 0 0
443 218 0 0 109 0 0 0 0 0
444 3 0 0 0 0 0 3 0 0
447 466 3 2 0 0 0 0 0 0
453 50 0 0 30 0 0 10 0 0
458 27 0 0 0 0 0 9 0 0
462 36 0 0 0 0 0 18 0 0
463 9 0 0 0 0 0 9 0 0
464 9 0 0 0 0 0 9 0 0
465 9 0 0 0 0 0 0 0 0
467 27 2 2 9 0 0 0 0 0
492 27 0 0 9 0 0 0 0 0
509 81 0 0 9 0 0 27 0 0
512 18 0 0 9 0 0 9 0 0
515 18 0 0 9 0 0 9 0 0
519 861 2 2 36 0 0 0 0 0
521 272 0 0 272 0 0 0 0 0
522 544 2 2 272 0 0 0 0 0
524 80 0 0 16 0 0 0 0 0
530 32 0 0 16 8 6 0 0 0
532 22 0 0 11 0 0 11 0 0
534 33 2 2 11 4 0 0 0 0
535 88 0 0 11 0 0 11 0 0
543 33 2 2 11 0 0 0 0 0
544 11 0 0 0 0 0 0 0 0
630 32 0 0 16 0 0 0 0 0
633 50 3 2 0 0 0 10 1 0
657 32 2 2 0 0 0 16 0 0
669 48 0 0 16 0 0 0 0 0
680 32 0 0 16 0 0 16 0 0
682 16 0 0 16 0 0 0 0 0
683 32 0 0 0 0 0 0 0 0
684 15 0 0 0 0 0 15 0 0
687 32 0 0 0 0 0 16 0 0
690 48 0 0 16 0 0 0 0 0
696 32 0 0 16 8 0 0 0 0
704 32 0 0 16 0 0 0 0 0
708 32 0 0 16 10 8 0 0 0
709 48 0 0 16 0 0 0 0 0
712 32 0 0 0 0 0 0 0 0
718 64 2 2 16 13 0 0 0 0
721 32 0 0 16 0 0 0 0 0
724 48 0 0 16 0 0 0 0 0
726 48 0 0 16 0 0 0 0 0
730 32 0 0 16 9 0 0 0 0
737 18 0 0 9 0 0 9 0 0
740 18 2 2 9 0 0 0 0 0
743 27 0 0 9 0 0 0 0 0
746 9 0 0 0 0 0 9 0 0
748 27 0 0 18 0 0 0 0 0
753 18 0 0 9 0 0 9 0 0
758 27 2 2 0 0 0 9 0 0
761 27 0 0 18 0 0 0 0 0
768 18 0 0 9 0 0 9 0 0
769 9 0 0 0 0 0 9 0 0
770 18 0 0 0 0 0 0 0 0
774 20 0 0 10 0 0 0 0 0
777 10 3 2 0 0 0 10 0 0
778 80 3 2 70 0 0 0 0 0
fn=call_destructors
117 10 1 1 0 0 0 6 0 0
120 6 0 0 2 0 0 0 0 0
124 4 0 0 4 2 0 0 0 0
125 2 1 1 2 0 0 0 0 0
126 4 0 0 2 0 0 0 0 0
128 18 0 0 0 0 0 0 0 0
129 2 0 0 2 2 0 2 0 0
133 6 0 0 2 2 0 0 0 0
134 6 1 1 4 2 0 0 0 0
136 6 0 0 6 0 0 0 0 0
fn=remove_slotinfo
52 55 1 1 0 0 0 22 0 0
53 55 0 0 11 4 0 0 0 0
75 22 2 2 0 0 0 0 0 0
79 22 0 0 11 9 3 0 0 0
82 33 2 2 11 0 0 11 0 0
84 11 0 0 0 0 0 11 0 0
89 22 0 0 11 0 0 0 0 0
92 10 0 0 0 0 0 10 0 0
93 10 0 0 0 0 0 0 0 0
97 11 1 1 1 0 0 0 0 0
99 1 0 0 0 0 0 0 0 0
101 5 0 0 1 1 0 0 0 0
104 1 1 1 0 0 0 1 0 0
105 1 0 0 0 0 0 0 0 0
111 44 0 0 33 0 0 0 0 0
fl=./elf/./elf/dl-debug.c
fn=_dl_debug_initialize
56 32 22 2 0 0 0 0 0 0
57 32 0 0 0 0 0 0 0 0
59 64 0 0 0 0 0 0 0 0
61 32 0 0 0 0 0 0 0 0
63 96 0 0 32 25 2 0 0 0
64 2 1 1 0 0 0 1 0 0
85 64 21 2 32 0 0 0 0 0
90 3 0 0 1 0 0 1 0 0
91 2 0 0 0 0 0 1 0 0
92 1 0 0 0 0 0 1 0 0
95 64 0 0 32 0 0 0 0 0
96 6 1 1 1 0 0 1 0 0
99 64 0 0 0 0 0 0 0 0
107 64 21 2 32 0 0 0 0 0
fn=_dl_debug_state
116 56 1 1 0 0 0 0 0 0
117 56 0 0 56 0 0 0 0 0
fn=_dl_debug_update
38 101 20 3 0 0 0 0 0 0
40 202 0 0 0 0 0 0 0 0
41 101 0 0 0 0 0 0 0 0
44 202 0 0 101 33 0 0 0 0
48 101 0 0 101 0 0 0 0 0
fl=./elf/./elf/dl-deps.c
fn=_dl_map_object_deps
144 25 16 3 0 0 0 22 3 2
145 84 0 0 0 0 0 21 0 0
146 24 1 1 0 0 0 0 0 0
148 41 19 2 0 0 0 20 0 0
152 84 0 0 21 0 0 21 0 0
159 300 33 5 0 0 0 140 2 1
160 440 34 4 20 1 1 40 1 0
176 102 19 2 0 0 0 19 3 2
177 1 0 0 1 0 0 0 0 0
180 20 19 1 0 0 0 20 0 0
198 40 0 0 20 0 0 20 0 0
199 60 0 0 20 0 0 20 0 0
200 40 20 2 0 0 0 40 0 0
202 20 0 0 0 0 0 0 0 0
204 406 1 1 271 0 0 0 0 0
205 13 0 0 0 0 0 13 0 0
206 155 0 0 0 0 0 0 0 0
209 155 7 0 0 0 0 155 0 0
213 620 0 0 155 117 5 155 1 0
214 550 37 4 252 99 9 0 0 0
217 78 0 0 0 0 0 0 0 0
221 78 7 3 26 0 0 26 0 0
224 394 19 2 197 24 2 0 0 0
226 670 50 4 402 43 0 134 0 0
231 268 0 0 134 0 0 134 0 0
232 134 0 0 0 0 0 134 3 2
233 268 20 2 134 0 0 134 0 0
237 14804 0 0 3902 651 58 134 0 0
238 7134 0 0 0 0 0 0 0 0
244 2745 53 4 610 10 0 305 2 0
246 305 0 0 0 0 0 305 0 0
248 1220 20 2 0 0 0 305 0 0
249 610 17 2 305 0 0 0 0 0
258 305 0 0 305 0 0 0 0 0
260 610 0 0 305 0 0 0 0 0
265 938 19 2 134 0 0 0 0 0
268 134 0 0 0 0 0 134 0 0
269 134 0 0 0 0 0 134 0 0
270 134 0 0 0 0 0 134 0 0
271 268 0 0 134 4 0 134 1 0
273 134 0 0 134 3 0 0 0 0
275 670 18 2 134 0 0 268 0 0
279 915 0 0 305 0 0 0 0 0
280 180 0 0 0 0 0 60 2 0
282 9585 19 2 0 0 0 0 0 0
298 20 0 0 0 0 0 20 0 0
380 270 17 2 0 0 0 135 0 0
433 465 0 0 155 0 0 0 0 0
435 78 0 0 0 0 0 26 0 0
438 52 7 3 0 0 0 0 0 0
439 52 0 0 0 0 0 0 0 0
445 26 0 0 0 0 0 26 3 3
446 130 0 0 26 0 0 26 0 0
447 130 0 0 0 0 0 26 0 0
450 26 0 0 0 0 0 26 1 0
451 26 0 0 26 0 0 0 0 0
455 620 18 3 310 2 0 0 0 0
457 155 10 0 155 1 0 0 0 0
458 715 0 0 135 3 0 0 0 0
464 120 18 2 40 0 0 0 0 0
465 2 0 0 0 0 0 2 0 0
467 1 0 0 0 0 0 1 0 0
468 88 0 0 22 4 0 20 0 0
472 2 0 0 1 0 0 0 0 0
479 60 19 2 20 0 0 0 0 0
481 40 0 0 0 0 0 0 0 0
486 100 0 0 40 0 0 20 0 0
487 20 0 0 0 0 0 20 4 0
488 195 0 0 20 0 0 0 0 0
490 585 19 2 155 0 0 20 0 0
494 155 0 0 155 1 0 0 0 0
499 310 20 2 0 0 0 0 0 0
501 330 0 0 0 0 0 155 29 12
506 155 0 0 155 13 0 0 0 0
509 40 0 0 20 3 0 0 0 0
536 2 0 0 0 0 0 0 0 0
560 41 15 3 0 0 0 0 0 0
561 60 19 2 20 0 0 0 0 0
563 11 0 0 0 0 0 0 0 0
564 15 0 0 6 0 0 3 0 0
567 1 1 1 1 0 0 0 0 0
568 1 0 0 0 0 0 0 0 0
569 14 0 0 3 1 0 3 0 0
570 5 1 1 2 0 0 0 0 0
592 13 1 1 2 0 0 0 0 0
593 7 1 0 7 0 0 0 0 0
598 60 18 2 20 0 0 0 0 0
599 40 0 0 0 0 0 0 0 0
602 20 0 0 20 0 0 0 0 0
613 100 1 0 0 0 0 20 0 0
618 160 19 2 20 0 0 20 0 0
619 80 19 2 40 1 0 0 0 0
623 20 0 0 0 0 0 20 0 0
625 20 0 0 0 0 0 20 0 0
626 20 0 0 20 0 0 0 0 0
627 40 0 0 0 0 0 0 0 0
634 60 0 0 20 0 0 0 0 0
635 2 0 0 0 0 0 1 0 0
637 60 0 0 20 0 0 0 0 0
640 160 0 0 140 19 0 0 0 0
fn=openaux
61 915 18 1 0 0 0 305 0 0
64 3355 18 2 1220 2 0 610 14 1
65 305 0 0 305 0 0 0 0 0
68 305 0 0 305 0 0 0 0 0
69 610 0 0 610 0 0 0 0 0
fl=./elf/./elf/dl-environ.c
fn=_dl_next_ld_env_entry
28 3 1 1 0 0 0 0 0 0
29 3 0 0 3 0 0 0 0 0
32 409 0 0 136 0 0 0 0 0
34 270 0 0 135 0 0 0 0 0
35 22 1 1 11 0 0 0 0 0
37 2 0 0 0 0 0 0 0 0
40 4 0 0 0 0 0 2 0 0
42 2 0 0 2 0 0 0 0 0
45 133 0 0 0 0 0 0 0 0
49 1 0 0 1 0 0 0 0 0
fl=./elf/./elf/dl-error-skeleton.c
fn=_dl_catch_error
225 1752 43 10 134 0 0 539 5 0
227 270 0 0 0 0 0 135 11 0
228 270 10 1 135 0 0 135 23 0
229 270 0 0 135 0 0 135 11 0
230 270 1 1 135 0 0 135 0 0
232 1077 25 4 808 0 0 0 0 0
fn=_dl_catch_exception
175 4623 55 6 495 1 0 2587 45 10
178 1046 31 4 0 0 0 0 0 0
180 1541 0 0 1018 101 3 523 0 0
181 21 1 0 0 0 0 21 0 0
182 63 0 0 42 0 0 21 0 0
184 42 1 0 21 0 0 21 4 0
185 42 0 0 0 0 0 0 0 0
199 502 0 0 0 0 0 502 25 6
200 1004 0 0 0 0 0 502 0 0
203 1004 0 0 0 0 0 502 0 0
206 3706 0 0 0 0 0 502 13 2
208 1506 23 5 1004 0 0 502 0 0
209 1334 12 0 880 70 0 454 41 0
210 1816 0 0 454 0 0 908 76 0
217 144 3 2 96 4 0 48 0 0
218 96 0 0 48 0 0 0 0 0
219 3577 19 3 2036 27 0 0 0 0
fn=_dl_receive_error
238 6 0 0 0 0 0 2 0 0
239 1 0 0 1 0 0 0 0 0
240 1 0 0 1 0 0 0 0 0
243 1 1 1 0 0 0 1 0 0
244 1 0 0 0 0 0 1 0 0
246 1 0 0 0 0 0 1 0 0
248 1 0 0 0 0 0 1 0 0
249 1 0 0 0 0 0 1 0 0
250 4 0 0 3 0 0 0 0 0
fn=_dl_signal_cexception
133 162 6 2 0 0 0 54 0 0
134 54 0 0 27 0 0 0 0 0
140 81 0 0 27 3 0 0 0 0
148 81 14 4 0 0 0 27 0 0
fn=_dl_signal_error
109 49 3 2 0 0 0 14 0 0
110 14 0 0 14 12 0 0 0 0
113 21 3 3 0 0 0 0 0 0
115 14 0 0 0 0 0 0 0 0
117 14 0 0 7 1 0 7 0 0
118 14 0 0 7 0 0 7 0 0
121 21 0 0 0 0 0 7 0 0
fn=_dl_signal_exception
91 164 7 4 0 0 0 41 0 0
92 82 0 0 82 0 0 0 0 0
93 82 0 0 0 0 0 0 0 0
95 205 12 2 123 1 0 82 2 0
96 82 0 0 41 0 0 41 1 0
99 123 0 0 0 0 0 41 0 0
fn=_rtld_catch_error
257 134 32 3 0 0 0 0 0 0
260 134 0 0 0 0 0 0 0 0
fl=./elf/./elf/dl-exception.c
fn=_dl_error_free
39 51 16 4 0 0 0 0 0 0
40 153 0 0 0 0 0 0 0 0
fn=_dl_exception_create
72 7 0 0 7 1 0 0 0 0
73 35 0 0 7 0 0 0 0 0
78 7 0 0 0 0 0 7 0 0
84 112 5 5 0 0 0 49 0 0
85 14 0 0 0 0 0 0 0 0
87 28 0 0 0 0 0 7 0 0
88 21 0 0 0 0 0 7 0 0
89 7 0 0 0 0 0 0 0 0
90 14 0 0 0 0 0 0 0 0
93 84 3 3 0 0 0 21 0 0
101 56 0 0 49 0 0 0 0 0
fn=_dl_exception_create_format
72 27 0 0 27 0 0 0 0 0
73 162 0 0 54 1 0 0 0 0
107 513 12 6 0 0 0 297 0 0
108 54 0 0 0 0 0 0 0 0
110 162 6 3 0 0 0 54 0 0
113 27 0 0 0 0 0 0 0 0
116 135 0 0 0 0 0 81 0 0
117 2376 0 0 594 16 4 0 0 0
118 1134 0 0 0 0 0 0 0 0
120 567 0 0 0 0 0 0 0 0
121 648 6 3 81 0 0 0 0 0
124 891 6 3 189 0 0 162 0 0
148 972 0 0 0 0 0 0 0 0
152 54 6 3 0 0 0 0 0 0
158 54 0 0 0 0 0 0 0 0
163 54 0 0 27 0 0 27 0 0
171 54 0 0 0 0 0 27 0 0
174 135 6 3 0 0 0 81 0 0
176 2403 0 0 594 0 0 0 0 0
177 1134 6 3 0 0 0 0 0 0
179 81 0 0 0 0 0 0 0 0
180 243 0 0 81 0 0 0 0 0
184 648 6 3 243 0 0 81 0 0
185 243 0 0 0 0 0 81 0 0
186 324 6 3 0 0 0 0 0 0
188 324 0 0 0 0 0 81 0 0
190 81 0 0 0 0 0 0 0 0
230 972 0 0 0 0 0 0 0 0
232 486 0 0 0 0 0 486 5 2
233 972 0 0 0 0 0 0 0 0
236 54 6 3 0 0 0 0 0 0
238 27 6 3 0 0 0 27 0 0
239 27 0 0 0 0 0 0 0 0
240 135 0 0 27 0 0 0 0 0
242 135 0 0 27 0 0 54 0 0
245 216 0 0 189 0 0 0 0 0
fl=./elf/./elf/dl-find_object.c
fn=_dl_find_object_dlclose
312 48 2 2 16 0 0 0 0 0
321 48 2 2 0 0 0 0 0 0
325 266 2 2 0 0 0 0 0 0
327 170 0 0 0 0 0 0 0 0
328 255 0 0 0 0 0 0 0 0
329 255 0 0 85 43 15 0 0 0
331 78 0 0 0 0 0 0 0 0
338 80 0 0 16 0 0 0 0 0
340 64 0 0 16 0 0 0 0 0
811 16 2 2 0 0 0 0 0 0
813 16 0 0 16 0 0 0 0 0
823 80 0 0 16 9 1 0 0 0
824 32 0 0 16 0 0 0 0 0
827 16 0 0 0 0 0 0 0 0
835 32 0 0 16 0 0 16 0 0
836 16 0 0 0 0 0 16 0 0
839 16 0 0 16 0 0 0 0 0
fn=_dl_find_object_init
561 4 1 1 0 0 0 2 0 0
564 1 1 1 1 1 0 0 0 0
566 2 0 0 1 0 0 0 0 0
573 2 0 0 0 0 0 1 1 0
579 2 0 0 0 0 0 1 0 0
580 3 0 0 1 0 0 1 0 0
582 2 1 1 0 0 0 0 0 0
585 2 1 1 0 0 0 0 0 0
590 1 1 1 0 0 0 1 0 0
591 1 0 0 0 0 0 1 0 0
594 3 0 0 1 0 0 0 0 0
596 2 1 1 0 0 0 1 0 0
599 6 0 0 3 0 0 1 0 0
601 1 0 0 0 0 0 0 0 0
604 4 0 0 3 1 0 0 0 0
fn=_dl_find_object_update
136 18 0 0 0 0 0 0 0 0
137 190 35 3 34 17 2 0 0 0
138 916 0 0 0 0 0 0 0 0
140 1176 0 0 294 142 25 0 0 0
149 32 0 0 0 0 0 0 0 0
150 103 0 0 16 0 0 0 0 0
151 16 0 0 16 16 1 0 0 0
201 4 0 0 0 0 0 0 0 0
203 4 2 1 0 0 0 2 0 0
204 2 0 0 0 0 0 0 0 0
214 2 0 0 0 0 0 0 0 0
216 4 2 1 0 0 0 2 0 0
218 4 0 0 0 0 0 0 0 0
224 6 0 0 2 0 0 0 0 0
225 4 2 1 0 0 0 0 0 0
228 2 0 0 0 0 0 2 0 0
230 2 0 0 0 0 0 2 2 2
233 4 0 0 0 0 0 2 0 0
234 2 0 0 0 0 0 0 0 0
235 2 0 0 0 0 0 0 0 0
236 8 0 0 4 0 0 0 0 0
610 36 0 0 0 0 0 0 0 0
612 91 7 3 0 0 0 0 0 0
616 63 0 0 42 2 0 0 0 0
617 264 7 0 0 0 0 0 0 0
618 264 0 0 106 16 0 0 0 0
625 42 0 0 21 0 0 0 0 0
626 21 0 0 0 0 0 21 0 0
627 21 0 0 0 0 0 21 0 0
639 54 18 2 18 0 0 0 0 0
644 18 0 0 0 0 0 18 0 0
654 36 0 0 0 0 0 0 0 0
656 54 0 0 18 0 0 0 0 0
660 54 1 1 18 0 0 0 0 0
662 17 0 0 0 0 0 0 0 0
668 35 1 0 0 0 0 0 0 0
682 4 0 0 0 0 0 2 0 0
697 36 0 0 0 0 0 0 0 0
698 18 0 0 0 0 0 0 0 0
700 34 0 0 17 0 0 0 0 0
703 702 18 2 0 0 0 0 0 0
706 46 0 0 0 0 0 0 0 0
707 17 0 0 17 0 0 0 0 0
708 34 0 0 0 0 0 0 0 0
717 656 0 0 0 0 0 0 0 0
718 1640 13 2 328 0 0 0 0 0
721 4 1 1 0 0 0 0 0 0
725 56 0 0 0 0 0 0 0 0
730 662 1 1 0 0 0 0 0 0
731 662 0 0 0 0 0 0 0 0
740 331 0 0 0 0 0 0 0 0
741 662 0 0 0 0 0 0 0 0
743 662 18 2 0 0 0 0 0 0
744 224 0 0 0 0 0 0 0 0
745 545 0 0 326 3 0 0 0 0
746 214 0 0 0 0 0 0 0 0
749 584 14 1 0 0 0 0 0 0
751 292 0 0 0 0 0 0 0 0
752 292 0 0 0 0 0 0 0 0
758 39 0 0 0 0 0 39 0 0
759 78 0 0 78 0 0 0 0 0
760 39 0 0 0 0 0 0 0 0
764 331 0 0 0 0 0 0 0 0
766 331 0 0 0 0 0 0 0 0
770 36 15 1 0 0 0 0 0 0
773 36 0 0 0 0 0 0 0 0
776 54 0 0 18 0 0 0 0 0
780 18 0 0 0 0 0 0 0 0
785 152 19 3 0 0 0 114 0 0
787 38 0 0 0 0 0 0 0 0
788 259 0 0 61 0 0 0 0 0
790 366 19 2 122 3 0 0 0 0
791 19 0 0 0 0 0 0 0 0
792 57 0 0 0 0 0 0 0 0
796 200 0 0 61 0 0 0 0 0
797 244 19 2 122 0 0 0 0 0
798 78 0 0 0 0 0 39 0 0
800 38 0 0 0 0 0 0 0 0
801 1 1 0 0 0 0 0 0 0
806 18 0 0 0 0 0 0 0 0
807 171 1 1 133 0 0 0 0 0
fn=_dlfo_process_initial
474 4 1 1 0 0 0 2 0 0
475 2 0 0 2 0 0 0 0 0
477 2 0 0 0 0 0 0 0 0
478 4 0 0 2 0 0 0 0 0
481 6 1 1 0 0 0 2 0 0
485 2 0 0 2 0 0 0 0 0
486 8 1 1 2 0 0 0 0 0
487 82 0 0 0 0 0 0 0 0
488 52 0 0 26 1 0 0 0 0
490 24 0 0 8 1 0 0 0 0
493 28 1 1 8 0 0 8 3 3
495 40 0 0 20 0 0 4 0 0
499 16 1 1 0 0 0 0 0 0
504 24 2 2 4 1 0 0 0 0
505 54 0 0 2 0 0 0 0 0
506 24 0 0 24 1 0 0 0 0
508 92 1 1 22 0 0 0 0 0
511 88 0 0 22 0 0 0 0 0
513 66 0 0 22 0 0 0 0 0
515 22 0 0 0 0 0 11 0 0
516 22 0 0 0 0 0 0 0 0
517 44 0 0 0 0 0 0 0 0
529 2 0 0 0 0 0 2 0 0
531 8 0 0 4 1 0 0 0 0
fn=_dlfo_sort_mappings
536 1 1 1 0 0 0 0 0 0
537 2 0 0 0 0 0 0 0 0
540 60 0 0 14 0 0 0 0 0
544 28 0 0 14 0 0 0 0 0
545 385 0 0 0 0 0 0 0 0
546 551 1 1 105 0 0 0 0 0
553 56 0 0 28 0 0 0 0 0
554 70 0 0 28 0 0 28 0 0
555 28 0 0 0 0 0 28 0 0
557 1 0 0 1 0 0 0 0 0
fl=./elf/./elf/dl-fini.c
fn=_dl_fini
31 9 1 1 0 0 0 6 0 0
48 7 1 1 0 0 0 1 0 0
51 7 1 0 1 1 0 0 0 0
54 2 0 0 1 1 0 1 0 0
56 1 0 0 1 1 0 0 0 0
59 2 0 0 0 0 0 0 0 0
61 6 1 1 3 0 0 0 0 0
66 1 0 0 0 0 0 1 0 0
68 3 0 0 0 0 0 1 0 0
73 17 2 2 1 0 0 0 0 0
78 133 1 1 44 5 0 0 0 0
80 86 0 0 43 35 0 0 0 0
82 86 0 0 0 0 0 0 0 0
84 86 0 0 0 0 0 43 0 0
85 43 0 0 0 0 0 43 43 0
86 43 0 0 0 0 0 0 0 0
90 43 0 0 43 35 0 0 0 0
92 6 1 1 0 0 0 0 0 0
93 6 0 0 0 0 0 0 0 0
99 5 0 0 0 0 0 2 0 0
108 2 1 1 1 1 0 1 0 0
113 135 0 0 44 0 0 1 0 0
115 43 1 0 43 7 0 0 0 0
117 129 0 0 43 33 0 0 0 0
120 86 0 0 0 0 0 43 0 0
123 129 2 1 43 42 42 0 0 0
124 24 0 0 8 8 7 0 0 0
127 74 0 0 37 2 0 0 0 0
138 140 0 0 70 63 39 35 0 0
139 35 0 0 35 4 4 0 0 0
140 70 0 0 35 6 4 0 0 0
141 395 3 1 88 3 0 0 0 0
142 88 0 0 44 39 36 88 0 0
146 105 0 0 35 35 35 0 0 0
147 108 0 0 72 32 28 36 0 0
153 86 0 0 0 0 0 43 0 0
158 43 2 1 43 2 0 0 0 0
162 5 0 0 1 0 0 1 0 0
168 6 2 1 2 0 0 0 0 0
174 2 0 0 1 0 0 0 0 0
181 8 0 0 7 1 0 0 0 0
fl=./elf/./elf/dl-hwcaps.c
fn=_dl_important_hwcaps
55 16 2 2 0 0 0 4 0 0
57 2 0 0 0 0 0 0 0 0
58 6 0 0 2 0 0 0 0 0
59 2 0 0 0 0 0 0 0 0
80 16 2 2 0 0 0 4 0 0
82 2 0 0 0 0 0 2 1 1
83 16 0 0 4 0 0 8 1 1
87 2 0 0 0 0 0 2 0 0
89 6 0 0 2 0 0 2 0 0
90 2 0 0 0 0 0 0 0 0
91 2 0 0 0 0 0 0 0 0
103 6 0 0 0 0 0 4 0 0
105 2 1 1 0 0 0 0 0 0
108 3 0 0 2 0 0 1 0 0
111 1 0 0 0 0 0 0 0 0
115 4 1 1 0 0 0 1 0 0
128 12 1 1 0 0 0 3 0 0
130 12 1 1 5 0 0 3 0 0
131 8 0 0 2 0 0 2 0 0
132 2 0 0 0 0 0 0 0 0
133 2 0 0 0 0 0 0 0 0
136 2 0 0 1 0 0 0 0 0
145 15 1 1 6 0 0 2 0 0
146 4 0 0 0 0 0 0 0 0
154 2 0 0 2 0 0 0 0 0
158 7 1 1 2 0 0 1 0 0
159 2 0 0 0 0 0 0 0 0
160 3 0 0 0 0 0 0 0 0
164 1 0 0 1 0 0 0 0 0
165 3 0 0 1 0 0 1 0 0
166 2 0 0 0 0 0 2 0 0
175 14 2 2 0 0 0 10 2 2
176 7 0 0 1 0 0 2 1 1
178 2 0 0 1 0 0 1 0 0
179 4 0 0 1 0 0 1 0 0
204 2 0 0 0 0 0 2 0 0
205 3 1 1 0 0 0 0 0 0
215 3 0 0 1 0 0 1 0 0
216 6 1 1 2 0 0 1 0 0
220 19 0 0 3 0 0 0 0 0
221 6 0 0 0 0 0 0 0 0
222 4 0 0 0 0 0 0 0 0
225 3 0 0 0 0 0 1 0 0
228 21 3 3 1 0 0 3 0 0
230 9 1 1 2 0 0 0 0 0
231 4 1 1 2 0 0 2 1 1
233 6 0 0 0 0 0 3 0 0
234 2 0 0 0 0 0 2 1 1
235 6 0 0 0 0 0 0 0 0
236 2 0 0 1 0 0 0 0 0
238 3 0 0 1 0 0 0 0 0
240 4 0 0 0 0 0 1 0 0
241 2 1 1 1 0 0 1 0 0
242 1 0 0 0 0 0 0 0 0
245 5 0 0 1 0 0 1 0 0
246 1 0 0 0 0 0 1 0 0
249 2 0 0 1 0 0 0 0 0
252 3 0 0 1 0 0 0 0 0
253 5 1 1 3 0 0 1 0 0
256 8 0 0 6 0 0 1 0 0
257 3 0 0 1 0 0 0 0 0
259 2 1 1 0 0 0 0 0 0
260 8 2 2 1 0 0 0 0 0
261 4 1 1 2 0 0 0 0 0
262 4 1 1 1 0 0 1 0 0
272 4 0 0 1 0 0 0 0 0
276 10 1 1 3 0 0 3 1 1
282 2 0 0 0 0 0 0 0 0
283 2 0 0 0 0 0 0 0 0
291 3 0 0 1 0 0 0 0 0
304 2 0 0 1 0 0 0 0 0
306 1 0 0 0 0 0 1 0 0
315 2 0 0 1 0 0 1 0 0
328 1 1 1 0 0 0 1 0 0
331 2 0 0 1 0 0 0 0 0
338 1 0 0 1 0 0 0 0 0
341 2 0 0 0 0 0 0 0 0
344 14 1 1 7 0 0 5 0 0
347 17 0 0 4 0 0 2 0 0
348 17 2 2 1 0 0 1 0 0
349 5 0 0 2 0 0 2 0 0
352 12 0 0 4 0 0 4 0 0
354 5 1 1 1 0 0 0 0 0
359 34 1 1 3 0 0 0 0 0
360 8 0 0 0 0 0 8 1 1
364 23 0 0 1 0 0 0 0 0
367 48 0 0 0 0 0 0 0 0
368 72 0 0 0 0 0 0 0 0
369 48 1 1 24 0 0 12 0 0
371 9 0 0 0 0 0 0 0 0
374 3 0 0 1 0 0 0 0 0
375 2 1 1 0 0 0 0 0 0
376 15 0 0 2 0 0 1 0 0
378 6 0 0 0 0 0 0 0 0
379 2 0 0 2 0 0 0 0 0
381 1 1 1 1 0 0 0 0 0
382 7 1 1 0 0 0 2 0 0
389 22 0 0 6 0 0 5 0 0
390 4 0 0 0 0 0 0 0 0
392 8 0 0 0 0 0 0 0 0
395 4 0 0 2 0 0 0 0 0
401 9 0 0 8 0 0 0 0 0
fl=./elf/./elf/dl-hwcaps_split.c
fn=_dl_hwcaps_contains
66 6 1 1 0 0 0 0 0 0
67 12 0 0 0 0 0 0 0 0
68 6 0 0 0 0 0 0 0 0
77 6 0 0 6 0 0 0 0 0
fn=_dl_hwcaps_split
25 4 1 1 0 0 0 2 0 0
26 3 0 0 1 0 0 0 0 0
27 1 0 0 0 0 0 0 0 0
47 4 1 1 3 0 0 0 0 0
fn=_dl_hwcaps_split_masked
26 42 0 0 14 0 0 0 0 0
30 24 0 0 12 0 0 12 0 0
34 72 1 1 18 1 1 0 0 0
35 12 0 0 0 0 0 6 0 0
36 24 0 0 0 0 0 0 0 0
41 27 0 0 0 0 0 9 0 0
42 18 0 0 0 0 0 0 0 0
43 9 0 0 0 0 0 3 0 0
45 6 0 0 0 0 0 0 0 0
51 55 1 1 0 0 0 22 0 0
55 5 1 1 0 0 0 0 0 0
56 18 0 0 9 0 0 9 0 0
57 27 0 0 0 0 0 9 0 0
58 54 0 0 6 0 0 6 0 0
62 44 0 0 33 0 0 0 0 0
fl=./elf/./elf/dl-init.c
fn=_dl_init
31 936 20 3 312 32 0 0 0 0
33 492 0 0 156 0 0 45 0 0
77 240 17 2 0 0 0 120 0 0
78 20 0 0 20 20 1 0 0 0
79 20 0 0 20 0 0 0 0 0
82 60 19 2 20 4 0 0 0 0
85 2 1 1 0 0 0 1 0 0
90 78 0 0 0 0 0 0 0 0
115 20 0 0 20 0 0 0 0 0
116 565 2 0 0 0 0 0 0 0
117 310 1 0 310 24 0 0 0 0
123 160 16 3 140 6 0 0 0 0
fn=call_init.part.0
26 405 18 2 0 0 0 225 1 0
39 135 18 2 45 0 0 45 0 0
42 135 0 0 90 48 0 0 0 0
43 2 0 0 0 0 0 0 0 0
47 88 0 0 44 2 0 0 0 0
55 132 0 0 44 38 0 0 0 0
56 222 0 0 74 35 0 37 0 0
59 44 18 2 44 43 0 0 0 0
60 88 0 0 0 0 0 0 0 0
66 114 0 0 76 30 0 0 0 0
68 76 0 0 76 0 0 0 0 0
69 494 17 2 0 0 0 0 0 0
70 304 0 0 76 41 0 76 0 0
72 270 2 1 270 7 0 0 0 0
fl=./elf/./elf/dl-load.c
fn=_dl_dst_count
238 1830 18 2 0 0 0 1525 4 0
241 610 0 0 0 0 0 305 2 1
244 610 0 0 0 0 0 0 0 0
245 305 18 2 0 0 0 0 0 0
264 2135 0 0 1830 0 0 0 0 0
fn=_dl_init_paths
706 13 1 1 0 0 0 8 0 0
720 4 1 1 0 0 0 2 1 1
725 1 0 0 0 0 0 1 0 0
727 2 0 0 0 0 0 0 0 0
734 5 0 0 0 0 0 0 0 0
735 2 1 1 1 0 0 0 0 0
739 4 0 0 0 0 0 1 1 1
741 4 0 0 2 0 0 0 0 0
747 1 0 0 0 0 0 1 0 0
748 1 1 1 0 0 0 1 0 0
756 8 0 0 0 0 0 4 0 0
758 8 0 0 0 0 0 4 1 1
759 4 0 0 0 0 0 4 1 1
761 5 0 0 0 0 0 4 0 0
762 7 0 0 3 1 1 4 1 1
763 7 1 1 0 0 0 0 0 0
766 9 0 0 3 1 1 0 0 0
767 10 0 0 5 0 0 1 0 0
768 18 0 0 0 0 0 4 0 0
770 26 3 3 6 0 0 6 0 0
776 1 0 0 0 0 0 1 0 0
777 1 0 0 0 0 0 1 0 0
782 1 0 0 1 0 0 0 0 0
785 3 0 0 0 0 0 0 0 0
787 4 0 0 1 0 0 0 0 0
789 3 1 1 1 0 0 0 0 0
793 4 0 0 0 0 0 1 0 0
794 5 0 0 3 0 0 0 0 0
795 2 0 0 1 0 0 0 0 0
799 1 0 0 0 0 0 1 0 0
802 1 1 1 0 0 0 1 0 0
825 5 0 0 2 0 0 0 0 0
827 23 3 3 2 0 0 2 1 1
831 2 0 0 0 0 0 0 0 0
832 2532 1 1 633 0 0 0 0 0
833 632 0 0 0 0 0 0 0 0
834 1264 0 0 0 0 0 0 0 0
836 1 0 0 0 0 0 1 0 0
837 1 0 0 0 0 0 0 0 0
838 2 1 1 0 0 0 0 0 0
844 6 0 0 1 0 0 1 0 0
847 3 0 0 2 0 0 0 0 0
853 1 0 0 0 0 0 1 0 0
857 8 0 0 7 0 0 0 0 0
fn=_dl_map_object
682 270 12 3 90 12 0 0 0 0
685 60 0 0 0 0 0 0 0 0
688 84 16 4 28 0 0 0 0 0
691 28 15 3 0 0 0 28 0 0
692 28 0 0 0 0 0 0 0 0
696 130 0 0 26 0 0 52 0 0
2022 3370 19 3 0 0 0 2696 77 15
2024 52 0 0 0 0 0 52 3 2
2030 674 0 0 0 0 0 0 0 0
2031 1348 21 2 337 5 1 0 0 0
2034 14636 0 0 4317 0 0 0 0 0
2039 29855 17 3 8530 751 24 0 0 0
2041 21325 0 0 0 0 0 4265 12 4
2045 7964 0 0 3982 0 0 0 0 0
2046 11802 0 0 3934 1083 30 0 0 0
2049 16350 0 0 9810 1902 43 0 0 0
2050 9810 14 2 3270 1260 29 0 0 0
2051 13080 0 0 0 0 0 3270 0 0
2058 6 0 0 2 0 0 2 0 0
2059 2 0 0 2 0 0 0 0 0
2068 364 35 4 104 23 0 52 0 0
2069 156 0 0 0 0 0 52 0 0
2077 156 0 0 52 37 1 0 0 0
2092 52 0 0 0 0 0 52 28 6
2094 260 0 0 0 0 0 52 0 0
2098 128 12 3 0 0 0 64 0 0
2100 64 0 0 32 0 0 0 0 0
2107 128 0 0 32 11 2 0 0 0
2111 52 12 4 26 1 0 26 0 0
2112 26 12 3 0 0 0 0 0 0
2116 126 0 0 42 17 0 0 0 0
2117 42 0 0 0 0 0 0 0 0
2131 130 12 3 52 0 0 0 0 0
2132 260 23 3 52 0 0 26 0 0
2133 26 0 0 0 0 0 0 0 0
2142 52 12 3 0 0 0 0 0 0
2157 96 23 3 32 22 2 0 0 0
2158 436 11 1 32 0 0 128 0 0
2164 140 11 3 22 0 0 0 0 0
2165 22 0 0 0 0 0 0 0 0
2167 28 0 0 2 0 0 8 0 0
2171 4 0 0 0 0 0 0 0 0
2173 22 11 3 0 0 0 22 0 0
2187 44 0 0 0 0 0 0 0 0
2189 66 0 0 22 8 0 0 0 0
2193 66 11 3 0 0 0 22 0 0
2195 44 0 0 0 0 0 0 0 0
2199 38 0 0 0 0 0 0 0 0
2207 57 0 0 19 2 0 0 0 0
2230 133 3 2 0 0 0 38 0 0
2234 57 0 0 19 0 0 0 0 0
2235 38 0 0 0 0 0 19 0 0
2244 3 3 3 0 0 0 0 0 0
2245 6 0 0 0 0 0 0 0 0
2246 6 0 0 3 2 0 0 0 0
2247 9 0 0 3 0 0 0 0 0
2248 45 0 0 3 0 0 12 0 0
2252 64 12 2 32 0 0 0 0 0
2258 20 0 0 0 0 0 20 0 0
2259 80 16 3 0 0 0 20 0 0
2260 40 0 0 0 0 0 0 0 0
2261 60 0 0 0 0 0 0 0 0
2265 120 0 0 0 0 0 40 0 0
2268 60 15 2 20 0 0 0 0 0
2280 208 0 0 52 0 0 0 0 0
2282 122 9 1 0 0 0 0 0 0
2284 21 2 1 7 0 0 0 0 0
2316 14 3 3 7 0 0 0 0 0
2322 35 3 3 7 0 0 7 0 0
2326 90 3 1 45 2 0 45 0 0
2327 675 19 3 135 0 0 225 0 0
2329 2970 3 1 2310 18 0 0 0 0
fn=_dl_map_object_from_fd
944 630 32 3 0 0 0 495 27 4
954 135 0 0 45 0 0 90 15 2
961 180 0 0 45 0 0 45 0 0
975 13 10 0 0 0 0 0 0 0
999 3420 0 0 1125 101 0 0 0 0
1000 2070 0 0 1035 141 0 0 0 0
1018 90 19 2 45 0 0 0 0 0
1046 180 19 2 45 0 0 45 0 0
1051 4 2 0 2 0 0 2 0 0
1052 4 0 0 0 0 0 0 0 0
1056 86 0 0 43 0 0 0 0 0
1063 344 16 2 215 0 0 43 0 0
1064 86 0 0 0 0 0 0 0 0
1075 129 0 0 86 0 0 43 6 6
1076 172 0 0 86 0 0 86 0 0
1077 86 17 2 43 0 0 43 0 0
1079 129 0 0 0 0 0 0 0 0
1080 172 0 0 86 0 0 0 0 0
1081 84 0 0 0 0 0 42 0 0
1084 17 3 3 1 0 0 1 0 0
1085 6 0 0 1 0 0 1 1 0
1096 86 0 0 0 0 0 43 0 0
1098 43 0 0 0 0 0 43 0 0
1100 946 35 4 86 0 0 43 0 0
1101 43 0 0 0 0 0 0 0 0
1102 43 0 0 0 0 0 43 0 0
1103 43 17 2 0 0 0 43 0 0
1104 43 0 0 0 0 0 0 0 0
1110 1527 17 2 43 0 0 0 0 0
1111 3657 34 4 439 0 0 0 0 0
1117 86 17 2 43 0 0 0 0 0
1124 107 0 0 64 0 0 43 0 0
1125 129 0 0 43 0 0 43 0 0
1126 430 16 2 86 0 0 43 0 0
1131 12 0 0 6 0 0 6 1 1
1132 6 0 0 0 0 0 0 0 0
1137 1005 0 0 335 0 0 43 0 0
1145 292 0 0 0 0 0 0 0 0
1146 1108 0 0 0 0 0 189 41 13
1147 438 18 2 146 0 0 0 0 0
1148 438 0 0 0 0 0 146 0 0
1149 292 17 2 146 0 0 146 16 6
1151 1022 0 0 146 0 0 0 0 0
1153 292 0 0 146 0 0 146 12 5
1157 292 0 0 0 0 0 0 0 0
1158 515 0 0 206 0 0 103 0 0
1162 292 18 2 0 0 0 0 0 0
1163 1168 0 0 146 0 0 146 9 2
1173 146 0 0 0 0 0 0 0 0
1176 63 1 0 21 0 0 0 0 0
1180 84 0 0 0 0 0 21 4 4
1181 21 0 0 21 0 0 0 0 0
1185 105 14 2 0 0 0 21 1 1
1186 42 0 0 21 0 0 21 0 0
1189 21 0 0 0 0 0 21 1 1
1194 84 0 0 21 0 0 0 0 0
1195 120 13 2 60 30 1 43 0 0
1201 215 18 2 43 0 0 43 0 0
1209 86 17 2 43 0 0 43 0 0
1210 43 0 0 0 0 0 0 0 0
1213 172 0 0 86 6 2 43 4 4
1218 129 0 0 0 0 0 0 0 0
1228 670 0 0 0 0 0 0 0 0
1229 292 0 0 0 0 0 146 0 0
1235 86 18 2 0 0 0 0 0 0
1245 172 0 0 86 0 0 0 0 0
1252 301 18 2 129 0 0 43 0 0
1268 172 36 4 86 0 0 0 0 0
1269 129 0 0 43 0 0 43 0 0
1275 138 23 4 26 0 0 0 0 0
1276 86 0 0 0 0 0 0 0 0
1278 86 14 3 0 0 0 0 0 0
1288 129 0 0 43 0 0 0 0 0
1307 129 0 0 43 0 0 43 0 0
1309 215 17 2 86 0 0 0 0 0
1361 129 0 0 43 6 6 0 0 0
1362 42 0 0 21 0 0 21 0 0
1368 1372 17 2 542 0 0 103 0 0
1369 2067 0 0 439 366 366 0 0 0
1375 559 16 2 30 0 0 30 0 0
1380 172 23 2 43 0 0 43 0 0
1393 86 0 0 43 0 0 0 0 0
1395 172 0 0 86 0 0 43 0 0
1397 86 18 2 43 0 0 0 0 0
1413 86 0 0 0 0 0 43 0 0
1417 86 0 0 43 0 0 0 0 0
1418 86 0 0 43 0 0 0 0 0
1435 86 0 0 43 0 0 0 0 0
1436 1 0 0 0 0 0 1 0 0
1439 86 18 2 43 0 0 43 0 0
1444 86 0 0 43 0 0 0 0 0
1454 86 0 0 43 0 0 0 0 0
1461 258 0 0 86 0 0 0 0 0
1462 21 1 1 7 0 0 0 0 0
1463 54 0 0 18 0 0 6 0 0
1464 18 0 0 6 0 0 0 0 0
1465 5 0 0 1 0 0 1 0 0
1471 86 17 2 43 0 0 0 0 0
1472 84 0 0 21 0 0 0 0 0
1475 34 3 1 17 0 0 0 0 0
1477 42 0 0 0 0 0 21 0 0
1484 129 0 0 43 0 0 43 0 0
1487 172 0 0 86 0 0 0 0 0
1493 51 17 1 17 0 0 0 0 0
1494 68 30 3 17 0 0 17 0 0
1500 34 0 0 17 0 0 17 0 0
1501 17 0 0 0 0 0 17 0 0
1502 17 0 0 0 0 0 0 0 0
1506 142 25 4 60 0 0 0 0 0
1510 301 19 1 129 1 0 0 0 0
1511 172 0 0 43 0 0 43 0 0
1515 405 1 1 315 0 0 0 0 0
fn=_dl_process_pt_gnu_property
868 62 23 2 0 0 0 0 0 0
869 62 13 2 62 0 0 0 0 0
870 31 0 0 31 0 0 0 0 0
876 62 0 0 31 0 0 0 0 0
882 155 0 0 0 0 0 0 0 0
885 93 0 0 31 26 26 0 0 0
886 62 0 0 31 2 2 0 0 0
887 62 1 1 31 0 0 0 0 0
930 31 0 0 31 0 0 0 0 0
fn=add_name_to_object.isra.0
418 14 2 2 0 0 0 8 0 0
425 10 0 0 2 0 0 0 0 0
426 10 0 0 2 0 0 2 1 0
429 6 2 2 0 0 0 2 0 0
430 2 0 0 0 0 0 0 0 0
431 4 0 0 0 0 0 0 0 0
440 10 0 0 0 0 0 4 0 0
441 2 2 2 0 0 0 2 0 0
442 2 0 0 0 0 0 2 0 0
459 2 0 0 0 0 0 2 0 0
460 12 0 0 10 0 0 0 0 0
fn=decompose_rpath
580 11 1 1 0 0 0 6 0 0
582 1 0 0 1 0 0 0 0 0
591 3 0 0 1 0 0 0 0 0
622 2 0 0 1 1 1 0 0 0
629 2 1 1 0 0 0 1 0 0
630 2 0 0 0 0 0 0 0 0
637 2 0 0 0 0 0 0 0 0
638 136 1 1 34 0 0 0 0 0
640 132 0 0 0 0 0 0 0 0
644 1 0 0 0 0 0 0 0 0
646 2 0 0 0 0 0 0 0 0
654 7 1 1 0 0 0 1 0 0
661 2 0 0 1 0 0 0 0 0
668 1 0 0 0 0 0 1 0 0
670 1 0 0 0 0 0 1 0 0
671 1 0 0 0 0 0 0 0 0
672 8 0 0 7 0 0 0 0 0
fn=expand_dynamic_string_token
241 114 17 3 0 0 0 38 6 2
244 76 0 0 0 0 0 0 0 0
385 342 17 3 0 0 0 228 13 2
399 76 0 0 0 0 0 0 0 0
410 266 0 0 228 0 0 0 0 0
fn=fillin_rpath.isra.0
468 30 2 2 0 0 0 22 2 2
472 2 0 0 0 0 0 0 0 0
474 120 0 0 20 0 0 20 0 0
481 36 0 0 18 0 0 0 0 0
483 72 0 0 18 0 0 18 0 0
487 36 0 0 0 0 0 0 0 0
492 54 1 1 0 0 0 18 0 0
493 36 0 0 0 0 0 0 0 0
500 100 0 0 20 0 0 0 0 0
501 2 0 0 0 0 0 0 0 0
505 72 1 1 0 0 0 36 0 0
509 681 1 1 227 0 0 0 0 0
510 492 0 0 222 0 0 12 0 0
517 19 0 0 0 0 0 0 0 0
518 10 0 0 5 0 0 0 0 0
528 102 1 1 18 0 0 18 0 0
532 51 1 1 34 0 0 0 0 0
534 34 0 0 0 0 0 0 0 0
538 17 0 0 0 0 0 17 8 8
539 34 0 0 17 0 0 0 0 0
540 68 0 0 0 0 0 34 0 0
541 17 0 0 0 0 0 17 0 0
543 34 1 1 17 0 0 0 0 0
544 3 0 0 0 0 0 3 0 0
549 68 0 0 17 0 0 0 0 0
550 476 2 2 17 0 0 0 0 0
551 153 0 0 0 0 0 68 0 0
553 34 0 0 17 0 0 17 0 0
554 51 0 0 17 0 0 0 0 0
555 20 0 0 1 0 0 18 0 0
556 1 0 0 0 0 0 0 0 0
561 34 0 0 17 0 0 17 0 0
562 34 0 0 0 0 0 17 0 0
565 36 1 1 0 0 0 18 2 2
571 2 0 0 0 0 0 2 0 0
574 16 1 1 14 0 0 0 0 0
fn=open_path
1870 518 24 5 37 0 0 407 45 13
1871 74 0 0 37 0 0 37 0 0
1874 37 0 0 0 0 0 37 0 0
1875 74 12 3 0 0 0 74 0 0
1877 74 0 0 0 0 0 0 0 0
1882 777 23 5 111 31 4 0 0 0
1885 1004 0 0 1004 21 4 0 0 0
1889 502 0 0 0 0 0 502 0 0
1894 3012 12 3 502 0 0 502 4 1
1901 2510 0 0 1004 316 44 502 14 4
1902 27236 38 9 1152 0 0 10 0 0
1905 10040 0 0 5020 6 4 0 0 0
1910 7920 12 3 3300 13 2 1320 0 0
1913 1320 0 0 0 0 0 660 0 0
1919 1980 0 0 660 0 0 0 0 0
1922 4620 12 2 1980 0 0 660 0 0
1924 1980 0 0 660 0 0 0 0 0
1926 420 0 0 0 0 0 0 0 0
1927 1 0 0 0 0 0 1 0 0
1931 418 1 1 0 0 0 0 0 0
1932 1463 0 0 627 0 0 0 0 0
1938 627 2 1 418 0 0 209 0 0
1940 1254 0 0 209 0 0 209 0 0
1941 38 0 0 19 0 0 0 0 0
1943 779 2 1 19 0 0 228 0 0
1950 1801 0 0 450 0 0 1 0 0
1952 930 0 0 10 0 0 0 0 0
1960 2510 0 0 0 0 0 502 0 0
1977 20 0 0 10 0 0 10 0 0
1978 30 0 0 10 0 0 0 0 0
1980 50 0 0 10 0 0 20 0 0
1981 20 0 0 10 0 0 0 0 0
1988 27 0 0 0 0 0 0 0 0
1991 3776 12 3 952 0 0 0 0 0
1996 984 0 0 984 0 0 0 0 0
1998 1968 12 2 1476 22 4 0 0 0
2001 81 0 0 27 0 0 0 0 0
2015 333 0 0 259 0 0 0 0 0
fn=open_verify.constprop.0
1568 7469 12 3 0 0 0 4074 8 3
1607 2037 0 0 679 0 0 0 0 0
1612 1300 12 3 0 0 0 0 0 0
1626 3395 0 0 0 0 0 679 12 3
1628 1358 12 2 0 0 0 0 0 0
1633 29 0 0 0 0 0 0 0 0
1639 29 0 0 0 0 0 29 0 0
1640 29 0 0 0 0 0 29 8 3
1645 290 0 0 29 0 0 58 0 0
1647 58 13 3 0 0 0 0 0 0
1649 58 0 0 29 0 0 29 0 0
1651 58 0 0 0 0 0 0 0 0
1657 58 0 0 0 0 0 0 0 0
1674 412 12 5 147 2 1 0 0 0
1748 58 10 3 29 0 0 0 0 0
1753 58 0 0 29 0 0 0 0 0
1755 116 0 0 29 0 0 0 0 0
1761 58 0 0 29 5 2 0 0 0
1767 145 21 2 29 8 2 0 0 0
1768 116 0 0 29 0 0 0 0 0
1769 56 0 0 28 0 0 0 0 0
1772 16 2 2 1 0 0 0 0 0
1773 9 1 1 1 0 0 2 0 0
1789 1867 0 0 1 0 0 0 0 0
1790 739 0 0 345 123 24 0 0 0
1791 196 20 2 49 7 1 0 0 0
1795 196 0 0 98 0 0 0 0 0
1796 129 0 0 43 0 0 0 0 0
1801 12 0 0 0 0 0 0 0 0
1802 104 2 2 8 1 1 0 0 0
1812 84 1 1 18 0 0 24 1 1
1820 3201 25 5 1038 94 82 0 0 0
1822 514 0 0 0 0 0 0 0 0
1823 4626 20 4 1542 0 0 0 0 0
1826 1542 0 0 0 0 0 0 0 0
1831 470 0 0 0 0 0 0 0 0
1832 1028 0 0 44 0 0 0 0 0
1835 10 0 0 0 0 0 0 0 0
1838 15 0 0 5 0 0 0 0 0
1839 25 0 0 5 0 0 0 0 0
1840 10 0 0 5 0 0 0 0 0
1841 15 0 0 5 0 0 0 0 0
1842 15 0 0 5 0 0 0 0 0
1856 6111 12 3 4753 0 0 0 0 0
fn=open_verify.constprop.1
1568 220 17 3 0 0 0 120 0 0
1607 60 17 3 20 0 0 0 0 0
1612 8 2 2 0 0 0 0 0 0
1626 100 0 0 0 0 0 20 2 1
1628 40 0 0 0 0 0 0 0 0
1633 16 0 0 0 0 0 0 0 0
1639 16 0 0 0 0 0 16 0 0
1640 16 0 0 0 0 0 16 2 1
1645 160 16 3 16 0 0 32 0 0
1647 32 0 0 0 0 0 0 0 0
1649 32 0 0 16 0 0 16 0 0
1651 32 0 0 0 0 0 0 0 0
1657 32 0 0 0 0 0 0 0 0
1674 224 31 6 80 3 1 0 0 0
1748 32 0 0 16 0 0 0 0 0
1753 32 0 0 16 0 0 0 0 0
1755 64 11 3 16 0 0 0 0 0
1761 32 0 0 16 8 1 0 0 0
1767 80 0 0 16 0 0 0 0 0
1768 64 0 0 16 0 0 0 0 0
1769 32 0 0 16 0 0 0 0 0
1789 928 15 4 0 0 0 0 0 0
1790 342 15 3 162 67 16 0 0 0
1791 72 0 0 18 8 1 0 0 0
1795 72 0 0 36 0 0 0 0 0
1796 33 10 2 11 0 0 0 0 0
1801 14 5 2 0 0 0 0 0 0
1802 112 12 4 7 0 0 0 0 0
1812 98 4 2 21 0 0 28 1 0
1820 234 10 2 62 9 1 0 0 0
1822 31 0 0 0 0 0 0 0 0
1823 279 14 4 93 0 0 0 0 0
1826 93 0 0 0 0 0 0 0 0
1831 13 0 0 0 0 0 0 0 0
1832 62 16 3 18 0 0 0 0 0
1856 180 4 0 140 0 0 0 0 0
fl=./elf/./elf/dl-lookup-direct.c
fn=_dl_lookup_direct
32 15 1 1 9 0 0 0 0 0
33 9 0 0 0 0 0 0 0 0
35 6 0 0 3 3 1 0 0 0
36 6 0 0 3 0 0 0 0 0
48 12 0 0 3 0 0 6 0 0
51 6 1 1 6 0 0 0 0 0
53 18 0 0 3 0 0 3 0 0
57 9 0 0 9 2 0 0 0 0
58 21 1 1 9 0 0 0 0 0
59 15 0 0 6 0 0 3 0 0
74 36 2 2 0 0 0 24 0 0
76 6 0 0 3 0 0 0 0 0
78 21 0 0 9 3 0 0 0 0
79 6 1 1 0 0 0 0 0 0
81 12 0 0 3 0 0 3 0 0
84 25 0 0 5 4 0 0 0 0
86 9 0 0 3 0 0 0 0 0
93 6 1 1 0 0 0 0 0 0
115 3 0 0 0 0 0 0 0 0
116 27 0 0 21 0 0 0 0 0
fl=./elf/./elf/dl-lookup.c
fn=_dl_lookup_symbol_x
204 219906 18 3 74168 0 0 70232 11 0
580 70232 0 0 0 0 0 0 0 0
581 3070076 0 0 767519 32752 12394 0 0 0
582 2929612 32 8 0 0 0 0 0 0
583 35116 0 0 0 0 0 0 0 0
597 61860 31 5 30930 0 0 0 0 0
610 5220 0 0 2610 22 0 1305 0 0
617 3915 20 3 1305 0 0 1305 0 0
618 2610 0 0 0 0 0 0 0 0
620 18715 0 0 4004 117 4 0 0 0
621 7586 0 0 0 0 0 0 0 0
627 7 3 2 0 0 0 0 0 0
628 422 7 3 0 0 0 0 0 0
631 204 0 0 204 42 2 0 0 0
632 1284 0 0 0 0 0 0 0 0
633 649 3 1 223 0 0 0 0 0
638 8 0 0 8 8 0 0 0 0
641 32 0 0 8 0 0 8 0 0
692 32 7 2 16 7 0 8 0 0
699 48 0 0 24 6 0 0 0 0
700 1012 0 0 0 0 0 0 0 0
701 245 7 2 245 125 0 0 0 0
703 16 7 2 0 0 0 0 0 0
709 16 7 2 8 0 0 0 0 0
720 32 0 0 16 0 0 8 0 0
740 32 7 2 16 0 0 0 0 0
747 21 7 2 0 0 0 7 0 0
753 28 0 0 7 0 0 14 0 0
754 28 0 0 14 0 0 0 0 0
773 21 0 0 0 0 0 0 0 0
776 7 0 0 0 0 0 7 0 0
777 14 0 0 0 0 0 7 0 0
779 14 6 2 14 0 0 0 0 0
780 7 0 0 0 0 0 7 0 0
781 14 0 0 7 0 0 7 0 0
782 14 0 0 0 0 0 0 0 0
788 4 0 0 2 0 0 1 0 0
790 3 0 0 1 0 0 1 0 0
794 16 6 2 8 0 0 0 0 0
808 16 7 2 8 0 0 8 0 0
810 24 0 0 8 0 0 0 0 0
840 491624 80 16 0 0 0 351160 184 15
842 70232 0 0 0 0 0 35116 16 0
843 70232 0 0 0 0 0 35116 6 0
846 35116 0 0 35116 317 7 0 0 0
850 186059 17 5 73725 0 0 35116 62 7
852 210706 33 8 35126 0 0 35106 0 0
853 70232 21 4 35116 0 0 0 0 0
855 70522 3 2 70382 104 7 10 0 0
856 110 0 0 0 0 0 0 0 0
859 217797 0 0 29517 51 0 0 0 0
860 1094749 35 8 386382 321 0 450779 93 9
865 105348 0 0 35116 2 0 0 0 0
867 1308 21 2 209 2 0 0 0 0
868 54 0 0 27 0 0 0 0 0
871 108 6 3 54 2 0 0 0 0
872 81 5 1 27 0 0 0 0 0
874 54 0 0 0 0 0 0 0 0
877 216 6 0 0 0 0 27 0 0
878 33 1 1 29 4 1 0 0 0
881 108 0 0 0 0 0 27 0 0
884 35089 41 8 0 0 0 35089 0 0
885 627 17 2 0 0 0 0 0 0
888 70232 0 0 35116 1 0 0 0 0
889 243892 0 0 34813 27 0 0 0 0
896 34880 43 7 34880 0 0 0 0 0
929 139520 0 0 34880 0 0 0 0 0
943 104640 0 0 34880 461 17 0 0 0
944 2 1 1 0 0 0 1 0 0
946 104640 0 0 34880 0 0 0 0 0
953 315801 0 0 245623 320 0 0 0 0
970 1305 0 0 1305 0 0 0 0 0
1008 69752 19 3 34880 0 0 0 0 0
fn=check_match
70 459563 43 6 70702 0 0 176755 47 0
73 247465 46 8 70702 9324 4282 0 0 0
78 34850 33 7 0 0 0 0 0 0
86 176485 0 0 0 0 0 0 0 0
89 105652 0 0 11686 0 0 5843 82 11
93 35297 0 0 35297 422 12 0 0 0
94 70594 0 0 0 0 0 0 0 0
96 7776 24 5 0 0 0 0 0 0
115 7776 0 0 7776 2615 220 0 0 0
116 31104 0 0 11664 619 27 0 0 0
117 17465 50 12 6986 63 1 3493 2 0
118 790 0 0 395 0 0 0 0 0
119 790 0 0 0 0 0 0 0 0
144 62818 12 4 0 0 0 0 0 0
146 52014 0 0 17338 1486 351 0 0 0
147 34676 0 0 0 0 0 0 0 0
150 104 0 0 0 0 0 0 0 0
151 273 2 0 117 0 0 39 0 0
153 117 0 0 39 0 0 39 0 0
155 555 5 0 0 0 0 0 0 0
162 212106 7 0 212106 0 0 0 0 0
fn=do_lookup_x
171 122745 55 14 87675 0 0 0 0 0
363 837161 72 14 128794 0 0 579573 188 19
364 64397 0 0 64397 1073 11 0 0 0
370 64397 0 0 64397 0 0 0 0 0
374 1168822 37 8 1168822 5388 90 0 0 0
377 1168822 0 0 0 0 0 0 0 0
381 1555216 39 9 64413 0 0 193191 120 10
385 1168798 0 0 584399 5168 65 0 0 0
389 1168798 34 8 584399 60 5 0 0 0
395 1753197 35 9 584399 2192 41 0 0 0
399 584399 0 0 0 0 0 584399 0 0
400 584399 0 0 0 0 0 584399 0 0
403 2921995 0 0 1753197 12459 147 0 0 0
404 1753197 34 9 1168798 5465 33 584399 0 0
407 584399 0 0 584399 0 0 0 0 0
408 1168798 0 0 0 0 0 0 0 0
410 584399 0 0 584399 186766 5322 0 0 0
411 193191 0 0 0 0 0 64397 0 0
412 1168798 0 0 1168798 0 0 0 0 0
415 2921995 0 0 1168798 0 0 0 0 0
418 4090793 0 0 0 0 0 0 0 0
421 117608 0 0 117608 25794 4318 0 0 0
422 235216 40 8 0 0 0 0 0 0
423 117608 0 0 0 0 0 0 0 0
425 628620 37 8 157155 23 0 261925 16 0
428 574755 29 9 114951 25955 6474 0 0 0
430 106053 0 0 35351 0 0 0 0 0
431 494914 37 8 176755 0 0 212106 210 10
432 70702 0 0 0 0 0 0 0 0
435 106053 0 0 0 0 0 0 0 0
438 241305 0 0 501 0 0 0 0 0
452 278800 46 8 174250 0 0 0 0 0
469 35100 41 7 17565 0 0 0 0 0
471 60 0 0 0 0 0 0 0 0
477 69760 43 8 34880 0 0 0 0 0
528 69760 0 0 0 0 0 0 0 0
535 271452 0 0 34880 0 0 0 0 0
539 5691 25 6 1897 69 3 0 0 0
551 69760 0 0 34880 0 0 34880 624 0
552 34880 0 0 0 0 0 34880 0 0
553 69760 0 0 0 0 0 0 0 0
570 1648593 0 0 0 0 0 0 0 0
573 29517 15 2 0 0 0 0 0 0
574 515176 17 6 450779 131 0 0 0 0
fl=./elf/./elf/dl-minimal-malloc.c
fn=__minimal_calloc
78 120 2 2 0 0 0 0 0 0
82 24 0 0 0 0 0 0 0 0
85 24 0 0 0 0 0 0 0 0
86 72 0 0 0 0 0 0 0 0
fn=__minimal_free
95 30 0 0 0 0 0 0 0 0
97 115 1 1 57 0 0 0 0 0
101 5 0 0 1 0 0 1 0 0
102 1 0 0 0 0 0 1 0 0
104 2 0 0 1 0 0 0 0 0
fn=__minimal_malloc
35 495 2 1 0 0 0 198 0 0
36 297 0 0 99 2 1 0 0 0
41 3 0 0 0 0 0 1 0 0
42 2 1 1 1 0 0 0 0 0
43 2 0 0 0 0 0 0 0 0
47 396 2 1 99 0 0 99 0 0
50 677 0 0 0 0 0 0 0 0
55 16 1 1 4 0 0 0 0 0
56 16 0 0 0 0 0 0 0 0
58 4 0 0 0 0 0 0 0 0
59 32 0 0 0 0 0 4 0 0
61 8 0 0 0 0 0 0 0 0
63 8 0 0 4 0 0 0 0 0
65 11 0 0 0 0 0 4 0 0
68 100 0 0 1 0 0 99 2 1
69 104 0 0 0 0 0 99 0 0
71 396 0 0 297 0 0 0 0 0
fl=./elf/./elf/dl-minimal.c
fn=__rtld_malloc_init_real
76 8 1 1 0 0 0 5 0 0
86 2 0 0 0 0 0 1 0 0
87 1 0 0 0 0 0 1 0 0
89 1 0 0 0 0 0 1 0 0
91 6 0 0 0 0 0 1 0 0
92 5 1 1 0 0 0 1 0 0
93 5 0 0 0 0 0 1 0 0
94 4 0 0 0 0 0 1 0 0
99 1 0 0 0 0 0 1 0 0
100 1 0 0 0 0 0 1 0 0
101 1 1 1 0 0 0 1 0 0
102 1 0 0 0 0 0 1 0 0
103 7 0 0 6 0 0 0 0 0
fn=__rtld_malloc_init_stubs
42 1 1 1 0 0 0 0 0 0
43 2 0 0 0 0 0 1 1 1
44 2 0 0 0 0 0 1 0 0
45 2 1 1 0 0 0 1 0 0
46 2 0 0 0 0 0 1 0 0
47 1 0 0 1 0 0 0 0 0
fn=lookup_malloc_symbol
61 28 1 1 0 0 0 12 0 0
63 4 0 0 0 0 0 4 0 0
64 28 1 1 4 0 0 12 0 0
68 28 0 0 16 0 0 0 0 0
69 28 0 0 12 0 0 0 0 0
71 4 1 1 0 0 0 4 0 0
72 20 0 0 16 0 0 0 0 0
fn=strsep
239 20 1 1 0 0 0 0 0 0
242 40 0 0 20 2 2 0 0 0
244 20 0 0 20 0 0 0 0 0
245 40 0 0 0 0 0 0 0 0
249 3371 1 1 667 0 0 0 0 0
254 2562 0 0 1281 0 0 0 0 0
256 3795 0 0 1265 1 1 0 0 0
260 32 0 0 0 0 0 16 0 0
264 649 0 0 0 0 0 0 0 0
267 18 0 0 0 0 0 18 0 0
271 40 0 0 20 0 0 0 0 0
fl=./elf/./elf/dl-misc.c
fn=_dl_name_match_p
68 33816 22 2 0 0 0 11272 26 3
69 22544 0 0 5636 537 24 5636 23 6
70 410 0 0 0 0 0 0 0 0
72 5632 0 0 5632 423 11 0 0 0
74 22396 0 0 0 0 0 0 0 0
75 29860 18 3 5972 1019 34 5972 0 0
80 5566 0 0 5566 0 0 0 0 0
82 5226 0 0 0 0 0 0 0 0
83 22544 2 0 16908 0 0 0 0 0
fn=_dl_sysdep_read_whole_file
36 108 11 3 0 0 0 48 0 0
39 36 0 0 0 0 0 12 0 0
40 24 0 0 0 0 0 0 0 0
42 72 11 3 0 0 0 12 0 0
44 24 0 0 12 0 0 12 8 1
47 24 0 0 0 0 0 0 0 0
49 96 0 0 0 0 0 12 0 0
60 36 0 0 0 0 0 12 0 0
63 84 0 0 60 0 0 0 0 0
fl=./elf/./elf/dl-object.c
fn=_dl_add_to_namespace_list
31 264 31 4 0 0 0 132 0 0
33 132 0 0 44 0 0 44 0 0
35 351 0 0 44 0 0 0 0 0
38 3868 0 0 967 2 0 0 0 0
40 43 0 0 0 0 0 43 0 0
42 43 15 2 0 0 0 43 0 0
45 2 0 0 0 0 0 1 0 0
46 132 1 1 44 0 0 0 0 0
47 88 0 0 44 14 0 44 0 0
48 88 0 0 0 0 0 44 0 0
50 88 0 0 44 0 0 0 0 0
51 132 0 0 132 0 0 0 0 0
fn=_dl_new_object
59 616 18 2 0 0 0 352 15 4
62 88 26 2 0 0 0 0 0 0
64 2 2 2 0 0 0 0 0 0
66 3 0 0 1 0 0 0 0 0
67 2 1 1 0 0 0 0 0 0
71 2 0 0 0 0 0 0 0 0
77 5 0 0 0 0 0 1 1 1
80 86 0 0 43 0 0 43 9 0
83 172 0 0 0 0 0 43 3 1
87 86 0 0 0 0 0 0 0 0
92 87 0 0 0 0 0 44 0 0
95 88 0 0 0 0 0 0 0 0
98 44 0 0 0 0 0 44 9 9
99 44 0 0 0 0 0 44 11 11
100 88 0 0 44 0 0 0 0 0
103 88 0 0 0 0 0 44 2 2
104 308 18 2 88 0 0 132 3 3
106 44 0 0 0 0 0 44 0 0
119 174 0 0 87 0 0 0 0 0
125 1 0 0 0 0 0 0 0 0
127 308 16 2 88 11 11 88 0 0
130 88 0 0 44 0 0 0 0 0
131 131 18 2 0 0 0 44 11 11
132 44 0 0 0 0 0 44 0 0
136 44 0 0 0 0 0 44 0 0
139 189 1 1 45 0 0 0 0 0
141 16 0 0 0 0 0 16 4 4
149 88 24 2 0 0 0 44 0 0
150 44 0 0 0 0 0 44 11 11
153 1 1 1 0 0 0 0 0 0
155 264 33 1 44 1 1 0 0 0
157 138 0 0 0 0 0 43 6 6
160 124 16 1 0 0 0 0 0 0
164 140 15 0 35 0 0 0 0 0
168 207 17 2 26 0 0 0 0 0
170 66 0 0 33 0 0 0 0 0
176 101 18 2 0 0 0 34 0 0
179 88 0 0 0 0 0 44 3 3
189 132 0 0 44 0 0 0 0 0
191 215 18 2 0 0 0 129 0 0
195 129 0 0 0 0 0 0 0 0
200 172 0 0 0 0 0 0 0 0
208 43 0 0 0 0 0 0 0 0
212 43 0 0 0 0 0 0 0 0
245 172 17 1 43 0 0 43 0 0
250 1352 0 0 0 0 0 0 0 0
251 1352 0 0 676 0 0 0 0 0
253 86 0 0 0 0 0 0 0 0
256 43 0 0 0 0 0 43 0 0
259 43 0 0 0 0 0 43 4 4
263 396 1 1 308 0 0 0 0 0
fl=./elf/./elf/dl-open.c
fn=_dl_find_dso_for_object
214 747 21 3 0 0 0 332 4 1
218 249 0 0 83 0 0 0 0 0
219 4364 0 0 1427 443 3 0 0 0
220 5158 22 3 2579 782 35 0 0 0
221 166 0 0 83 20 0 0 0 0
224 166 27 2 83 28 0 0 0 0
228 581 0 0 415 0 0 0 0 0
fn=_dl_open
824 372 42 4 31 0 0 217 15 2
825 93 0 0 0 0 0 0 0 0
830 186 0 0 31 24 1 31 0 0
832 62 0 0 0 0 0 0 0 0
858 93 19 2 0 0 0 0 0 0
871 31 0 0 0 0 0 31 7 1
872 31 0 0 0 0 0 31 0 0
873 31 0 0 0 0 0 31 0 0
874 31 0 0 0 0 0 31 0 0
875 31 12 2 0 0 0 31 0 0
878 31 0 0 0 0 0 31 0 0
879 62 0 0 31 0 0 31 0 0
883 186 16 0 0 0 0 31 0 0
887 31 0 0 0 0 0 31 0 0
899 93 0 0 31 4 0 0 0 0
901 155 0 0 31 0 0 31 3 0
904 62 20 2 31 0 0 0 0 0
908 14 3 3 7 0 0 0 0 0
913 21 0 0 7 0 0 0 0 0
923 14 0 0 7 0 0 7 0 0
926 28 3 3 0 0 0 7 0 0
929 96 0 0 24 0 0 24 0 0
932 48 0 0 24 4 0 24 0 0
934 24 0 0 24 0 0 0 0 0
935 192 0 0 168 21 0 0 0 0
fn=add_to_global_resize
93 30 9 3 0 0 0 25 0 0
94 5 0 0 5 2 0 0 0 0
97 31 0 0 0 0 0 0 0 0
98 113 0 0 10 0 0 0 0 0
99 78 5 2 52 0 0 0 0 0
100 52 0 0 0 0 0 0 0 0
116 65 0 0 5 4 0 5 0 0
121 1 0 0 0 0 0 0 0 0
126 30 5 2 10 4 0 0 0 0
131 15 0 0 5 0 0 0 0 0
133 5 1 1 0 0 0 0 0 0
136 8 0 0 0 0 0 0 0 0
146 2 0 0 0 0 0 0 0 0
149 2 1 1 0 0 0 0 0 0
153 2 0 0 0 0 0 0 0 0
157 5 0 0 1 0 0 1 0 0
158 5 0 0 2 0 0 0 0 0
160 1 0 0 0 0 0 1 0 0
161 2 0 0 1 0 0 1 0 0
163 3 0 0 1 0 0 0 0 0
168 29 4 1 29 0 0 0 0 0
fn=add_to_global_update
174 35 2 2 0 0 0 30 1 1
175 5 0 0 5 0 0 0 0 0
178 30 0 0 10 2 0 0 0 0
179 107 0 0 9 0 0 0 0 0
181 78 4 2 52 2 0 0 0 0
183 78 0 0 26 2 0 0 0 0
185 8 0 0 0 0 0 4 0 0
188 8 0 0 4 0 0 0 0 0
190 20 0 0 8 0 0 4 2 1
193 8 4 2 4 0 0 0 0 0
201 35 0 0 10 0 0 0 0 0
202 15 0 0 5 0 0 0 0 0
203 30 4 2 0 0 0 5 0 0
206 10 0 0 5 0 0 5 0 0
207 40 0 0 35 0 0 0 0 0
fn=call_dl_init
483 19 11 0 0 0 0 0 0 0
485 95 0 0 76 0 0 0 0 0
fn=dl_open_worker
772 217 14 2 0 0 0 124 4 1
775 31 0 0 0 0 0 31 0 0
779 93 11 2 31 0 0 31 8 3
782 186 0 0 0 0 0 31 0 0
784 62 12 0 31 2 0 31 0 0
786 62 0 0 31 0 0 0 0 0
788 28 2 1 0 0 0 7 0 0
791 48 0 0 24 0 0 0 0 0
794 19 18 2 19 4 0 0 0 0
795 19 0 0 19 0 0 0 0 0
801 57 0 0 19 11 0 38 0 0
805 38 0 0 19 1 0 19 0 0
808 76 0 0 0 0 0 19 0 0
812 38 2 0 0 0 0 0 0 0
813 15 4 1 0 0 0 5 0 0
816 38 14 1 19 0 0 0 0 0
819 144 2 0 120 13 0 0 0 0
fn=dl_open_worker_begin
236 976 23 4 274 45 0 0 0 0
237 356 0 0 0 0 0 0 0 0
247 445 24 4 178 0 0 0 0 0
248 356 0 0 0 0 0 0 0 0
260 512 17 3 26 5 0 0 0 0
262 429 0 0 286 22 0 0 0 0
266 572 0 0 143 48 0 0 0 0
273 96 0 0 24 0 0 0 0 0
280 14 0 0 0 0 0 7 0 0
281 28 0 0 0 0 0 0 0 0
293 21 4 2 0 0 0 14 4 0
295 7 0 0 0 0 0 0 0 0
296 14 0 0 0 0 0 0 0 0
302 35 4 2 14 0 0 7 0 0
304 7 0 0 7 0 0 0 0 0
306 7 0 0 0 0 0 7 0 0
308 14 0 0 7 0 0 0 0 0
309 2 0 0 0 0 0 1 0 0
311 21 3 0 7 0 0 7 0 0
325 648 0 0 162 0 0 0 0 0
327 429 17 2 286 0 0 0 0 0
328 143 0 0 0 0 0 0 0 0
330 572 0 0 143 0 0 0 0 0
339 72 0 0 24 0 0 0 0 0
344 24 0 0 0 0 0 24 4 0
346 216 0 0 24 0 0 24 0 0
352 286 0 0 143 0 0 0 0 0
364 19 0 0 0 0 0 0 0 0
365 522 18 2 17 0 0 0 0 0
367 429 17 2 286 0 0 0 0 0
371 352 0 0 176 20 0 0 0 0
373 34 0 0 0 0 0 17 0 0
374 17 0 0 0 0 0 0 0 0
386 13 13 2 13 0 0 0 0 0
387 407 0 0 0 0 0 0 0 0
389 342 0 0 228 0 0 0 0 0
393 286 13 2 143 0 0 0 0 0
395 51 0 0 0 0 0 17 0 0
397 34 0 0 17 0 0 0 0 0
398 17 0 0 17 0 0 0 0 0
404 39 13 2 13 0 0 0 0 0
408 13 0 0 0 0 0 13 0 0
413 52 0 0 13 0 0 0 0 0
452 1219 0 0 38 13 0 0 0 0
453 543 14 3 543 337 0 0 0 0
454 1086 0 0 543 302 2 0 0 0
456 8 0 0 4 0 0 0 0 0
457 19 0 0 0 0 0 0 0 0
463 8 0 0 0 0 0 4 0 0
490 279 16 2 0 0 0 186 15 2
492 31 0 0 31 0 0 0 0 0
493 31 0 0 31 0 0 0 0 0
500 93 0 0 0 0 0 31 14 3
501 155 10 2 31 0 0 0 0 0
502 14 2 1 0 0 0 2 0 0
508 93 0 0 31 17 0 0 0 0
510 93 17 2 31 0 0 31 0 0
515 93 0 0 31 0 0 0 0 0
516 58 0 0 29 0 0 29 0 0
522 186 0 0 31 0 0 31 0 0
526 62 0 0 31 0 0 31 0 0
530 93 17 2 0 0 0 31 0 0
534 296 0 0 31 0 0 55 1 0
539 48 0 0 0 0 0 0 0 0
541 4 2 2 0 0 0 0 0 0
545 44 21 2 0 0 0 0 0 0
550 110 0 0 22 0 0 22 0 0
553 44 0 0 22 2 1 0 0 0
556 6 6 4 3 1 0 0 0 0
563 6 0 0 0 0 0 0 0 0
568 6 3 2 0 0 0 0 0 0
581 15 3 1 6 0 0 3 0 0
588 38 0 0 0 0 0 0 0 0
589 2 1 0 0 0 0 1 0 0
592 133 16 3 0 0 0 19 0 0
596 590 1 0 102 0 0 0 0 0
597 715 0 0 429 50 1 0 0 0
600 99 0 0 0 0 0 33 0 0
615 57 18 2 19 0 0 19 0 0
619 76 0 0 19 7 0 38 4 0
620 19 0 0 0 0 0 19 0 0
621 19 0 0 0 0 0 19 0 0
622 19 0 0 0 0 0 0 0 0
627 38 0 0 19 0 0 0 0 0
632 57 0 0 19 14 0 0 0 0
633 57 0 0 0 0 0 19 0 0
639 19 0 0 0 0 0 0 0 0
640 19 0 0 0 0 0 0 0 0
641 19 0 0 0 0 0 0 0 0
642 57 19 2 38 0 0 0 0 0
645 572 0 0 286 0 0 0 0 0
647 66 0 0 0 0 0 0 0 0
649 176 0 0 0 0 0 0 0 0
651 286 0 0 143 0 0 0 0 0
653 286 0 0 0 0 0 0 0 0
655 89 2 1 0 0 0 0 0 0
665 238 19 2 0 0 0 0 0 0
667 113 0 0 81 27 0 0 0 0
669 147 17 2 98 13 0 0 0 0
672 66 0 0 0 0 0 0 0 0
675 17 0 0 0 0 0 0 0 0
680 66 0 0 33 29 0 0 0 0
689 33 0 0 33 19 0 0 0 0
702 132 0 0 33 0 0 33 0 0
715 38 17 2 0 0 0 0 0 0
716 15 5 2 0 0 0 5 0 0
735 76 11 3 0 0 0 19 0 0
747 38 0 0 0 0 0 0 0 0
753 38 0 0 0 0 0 0 0 0
754 17 0 0 0 0 0 0 0 0
760 38 0 0 19 16 0 0 0 0
767 19 0 0 0 0 0 19 0 0
768 192 1 0 168 29 0 0 0 0
fl=./elf/./elf/dl-profstub.c
fn=_dl_mcount_wrapper_check
36 4 1 1 0 0 0 0 0 0
37 6 1 1 4 1 1 0 0 0
39 2 0 0 2 0 0 0 0 0
fl=./elf/./elf/dl-reloc.c
fn=_dl_relocate_object
194 585 18 2 0 0 0 360 0 0
201 2 0 0 0 0 0 0 0 0
204 62 0 0 0 0 0 0 0 0
205 135 0 0 0 0 0 90 0 0
208 90 0 0 0 0 0 45 0 0
210 135 17 2 0 0 0 0 0 0
212 45 0 0 45 0 0 0 0 0
213 135 0 0 45 4 0 0 0 0
232 90 17 3 45 0 0 0 0 0
238 225 0 0 90 0 0 0 0 0
239 90 18 2 45 32 0 0 0 0
240 28 0 0 0 0 0 0 0 0
242 90 0 0 0 0 0 0 0 0
249 180 22 5 45 18 0 45 0 0
254 168 3 3 12 1 0 0 0 0
255 98 2 2 23 12 0 2 0 0
259 32 0 0 4 0 0 0 0 0
260 32 1 1 12 4 0 4 0 0
261 12 0 0 0 0 0 0 0 0
262 4 1 1 0 0 0 4 0 0
263 4 0 0 4 0 0 0 0 0
266 12 0 0 4 0 0 0 0 0
267 4 0 0 0 0 0 0 0 0
268 8 0 0 0 0 0 0 0 0
269 4 0 0 0 0 0 4 0 0
270 8 0 0 0 0 0 0 0 0
271 4 0 0 0 0 0 2 0 0
273 20 0 0 0 0 0 4 0 0
280 4 0 0 0 0 0 4 0 0
288 2715 135 17 1154 186 0 324 3 0
291 270 0 0 90 0 0 0 0 0
308 8686 9 3 0 0 0 0 0 0
315 45 0 0 45 4 0 0 0 0
318 100 0 0 45 0 0 0 0 0
320 24 1 1 12 2 0 4 0 0
330 4 0 0 4 0 0 0 0 0
335 135 0 0 45 41 0 0 0 0
337 360 0 0 315 37 0 0 0 0
343 270 34 4 135 8 0 0 0 0
346 90 0 0 0 0 0 0 0 0
350 90 0 0 0 0 0 0 0 0
351 270 0 0 0 0 0 45 3 0
fl=./elf/./elf/dl-runtime.c
fn=_dl_fixup
46 1960 55 18 0 0 0 980 0 0
48 1225 0 0 980 147 33 0 0 0
49 735 0 0 490 34 6 0 0 0
54 245 0 0 245 88 16 0 0 0
55 980 26 10 245 87 16 0 0 0
56 1715 0 0 245 212 114 245 0 0
58 490 0 0 245 22 11 0 0 0
63 490 0 0 0 0 0 0 0 0
67 490 0 0 245 228 176 0 0 0
69 888 0 0 222 84 18 0 0 0
71 735 24 9 245 80 17 0 0 0
75 666 0 0 444 227 124 0 0 0
76 888 0 0 222 21 1 0 0 0
84 245 0 0 0 0 0 0 0 0
85 735 0 0 245 5 1 0 0 0
95 2695 27 8 490 64 11 735 47 6
99 1225 29 8 735 1 0 0 0 0
109 2450 0 0 980 27 3 245 0 0
124 980 0 0 245 0 0 0 0 0
125 44 0 0 0 0 0 22 0 0
133 735 33 8 245 19 6 0 0 0
159 735 0 0 245 31 4 0 0 0
163 1470 0 0 1225 0 0 0 0 0
fl=./elf/./elf/dl-scope.c
fn=_dl_scope_free
26 110 4 2 0 0 0 44 0 0
30 66 4 2 22 1 0 0 0 0
57 110 0 0 66 0 0 0 0 0
fl=./elf/./elf/dl-setup_hash.c
fn=_dl_setup_hash
25 90 18 2 0 0 0 0 0 0
28 135 18 2 45 0 0 0 0 0
31 135 0 0 90 0 0 0 0 0
32 90 0 0 45 33 33 45 1 1
33 45 0 0 45 0 0 0 0 0
34 45 0 0 45 3 3 0 0 0
36 135 0 0 0 0 0 0 0 0
37 45 0 0 0 0 0 45 0 0
38 135 0 0 45 0 0 45 0 0
40 180 17 2 0 0 0 45 0 0
41 90 0 0 0 0 0 0 0 0
45 135 0 0 0 0 0 45 0 0
50 45 0 0 45 0 0 0 0 0
fl=./elf/./elf/dl-sort-maps.c
fn=_dl_sort_maps
145 4292 0 0 979 0 0 778 5 0
186 31 0 0 0 0 0 0 0 0
187 1825 0 0 0 0 0 0 0 0
188 1134 0 0 1134 0 0 0 0 0
223 589 70 9 31 7 0 0 0 0
228 62 0 0 0 0 0 31 0 0
230 31 0 0 0 0 0 31 0 0
231 248 0 0 0 0 0 0 0 0
233 1608 0 0 0 0 0 0 0 0
235 567 21 4 567 0 0 0 0 0
238 1134 0 0 567 0 0 0 0 0
256 62 0 0 31 0 0 0 0 0
258 1236 3 1 0 0 0 0 0 0
259 824 0 0 824 0 0 0 0 0
261 22 0 0 0 0 0 11 0 0
262 1225 0 0 0 0 0 0 0 0
264 412 0 0 412 0 0 0 0 0
269 1256 20 2 401 0 0 0 0 0
276 100 20 2 0 0 0 20 0 0
290 341 45 5 0 0 0 217 6 0
298 93 0 0 31 25 0 0 0 0
302 279 43 7 217 0 0 0 0 0
fn=_dl_sort_maps_init
281 2 1 1 0 0 0 0 0 0
282 4 0 0 0 0 0 1 0 0
283 1 0 0 0 0 0 1 0 0
284 3 0 0 1 0 0 0 0 0
285 2 0 0 1 0 0 0 0 0
fn=dfs_traversal.part.0
140 7832 24 3 0 0 0 3916 12 0
145 1047 11 2 201 0 0 201 7 0
148 979 24 3 979 0 0 0 0 0
150 2937 0 0 979 44 0 0 0 0
152 21098 0 0 5354 180 9 0 0 0
155 8552 0 0 4276 0 0 0 0 0
161 3194 0 0 412 0 0 0 0 0
165 67 4 2 0 0 0 67 0 0
167 355 0 0 67 7 0 0 0 0
169 174 0 0 87 0 0 0 0 0
170 154 0 0 77 0 0 0 0 0
176 2937 0 0 979 0 0 979 0 0
177 979 0 0 0 0 0 979 26 0
178 5874 13 1 4895 0 0 0 0 0
fl=./elf/./elf/dl-sym.c
fn=_dl_sym
51 114 0 0 57 0 0 0 0 0
88 84 0 0 0 0 0 84 6 0
93 49 0 0 0 0 0 0 0 0
95 168 19 3 0 0 0 0 0 0
104 75 0 0 25 0 0 0 0 0
105 100 0 0 25 3 0 50 0 0
129 118 0 0 0 0 0 0 0 0
133 50 0 0 20 0 0 0 0 0
143 148 0 0 37 6 0 0 0 0
146 296 12 7 88 0 0 55 0 0
153 634 14 3 194 0 0 147 5 0
157 171 2 0 57 0 0 0 0 0
162 171 0 0 57 0 0 0 0 0
168 342 0 0 114 0 0 0 0 0
170 57 0 0 0 0 0 57 0 0
173 57 0 0 0 0 0 0 0 0
194 924 19 3 84 0 0 420 2 0
196 513 0 0 399 0 0 0 0 0
fn=_dl_vsym
51 12 0 0 6 0 0 0 0 0
88 6 0 0 0 0 0 6 0 0
93 6 0 0 0 0 0 0 0 0
95 12 0 0 0 0 0 0 0 0
129 12 1 1 0 0 0 0 0 0
153 78 0 0 24 0 0 18 0 0
157 18 1 1 6 0 0 0 0 0
162 18 0 0 6 0 0 0 0 0
168 36 0 0 12 0 0 0 0 0
170 6 0 0 0 0 0 6 0 0
173 6 0 0 0 0 0 0 0 0
179 72 2 2 6 0 0 30 0 0
183 6 0 0 0 0 0 6 0 0
184 6 0 0 0 0 0 6 0 0
185 6 0 0 0 0 0 6 0 0
187 6 0 0 0 0 0 6 0 0
190 54 0 0 42 0 0 0 0 0
fl=./elf/./elf/dl-tunables.c
fn=__GI___tunable_set_val
102 45 1 1 5 0 0 0 0 0
111 5 0 0 5 0 0 0 0 0
112 25 0 0 10 0 0 0 0 0
113 40 1 1 10 0 0 0 0 0
116 15 0 0 0 0 0 0 0 0
119 10 0 0 0 0 0 0 0 0
123 10 0 0 0 0 0 0 0 0
130 10 1 1 0 0 0 0 0 0
131 10 0 0 0 0 0 0 0 0
134 30 0 0 0 0 0 5 0 0
135 5 0 0 0 0 0 5 0 0
136 5 0 0 0 0 0 5 0 0
137 5 0 0 0 0 0 5 0 0
157 25 1 1 0 0 0 0 0 0
161 5 0 0 5 0 0 0 0 0
fn=__GI___tunables_init
71 680 0 0 136 0 0 0 0 0
74 270 0 0 0 0 0 0 0 0
77 14567 1 1 2081 78 78 0 0 0
81 270 1 1 0 0 0 0 0 0
86 540 0 0 0 0 0 0 0 0
273 7 0 0 1 0 0 0 0 0
282 9 2 2 0 0 0 6 1 1
305 18900 0 0 0 0 0 0 0 0
311 29700 1 1 9450 35 35 0 0 0
323 540 0 0 135 0 0 0 0 0
357 8 0 0 7 0 0 0 0 0
fn=__tunable_get_val
405 54 11 3 0 0 0 0 0 0
408 588 11 2 54 43 19 0 0 0
417 64 0 0 54 4 0 10 0 0
427 44 10 2 0 0 0 44 0 0
428 44 0 0 0 0 0 0 0 0
434 270 0 0 54 7 0 0 0 0
436 54 1 1 54 0 0 0 0 0
fl=./elf/./elf/dl-tunables.h
fn=__GI___tunable_set_val
121 10 0 0 0 0 0 0 0 0
122 5 0 0 0 0 0 0 0 0
131 20 1 1 0 0 0 0 0 0
fn=__GI___tunables_init
140 2310 0 0 1576 1 1 0 0 0
141 5852 1 1 0 0 0 0 0 0
fl=./elf/./elf/dl-version.c
fn=_dl_check_all_versions
361 6 1 1 0 0 0 4 1 0
363 2 0 0 0 0 0 0 0 0
365 41 0 0 12 0 0 0 0 0
366 12 0 0 0 0 0 0 0 0
367 108 1 1 12 0 0 12 0 0
370 7 0 0 5 0 0 0 0 0
fn=_dl_check_map_versions
36 3377 17 2 254 0 0 0 0 0
37 1244 0 0 1244 0 0 0 0 0
38 6855 17 2 0 0 0 1371 1 0
56 1424 0 0 1068 25 0 0 0 0
64 1068 17 2 356 0 0 0 0 0
70 1068 0 0 356 81 8 0 0 0
86 356 0 0 356 38 1 0 0 0
87 712 0 0 0 0 0 0 0 0
89 356 0 0 356 0 0 0 0 0
94 8366 17 2 2937 240 54 712 0 0
108 5874 0 0 2937 82 16 0 0 0
110 356 17 2 356 7 4 0 0 0
113 2975 0 0 483 14 2 356 0 0
120 7743 0 0 2581 91 18 0 0 0
124 2581 0 0 0 0 0 0 0 0
142 254 0 0 0 0 0 254 0 0
155 450 34 4 0 0 0 360 17 1
156 45 0 0 0 0 0 45 0 0
164 45 2 1 0 0 0 0 0 0
170 135 0 0 45 7 0 0 0 0
172 225 0 0 90 11 0 45 16 2
174 90 0 0 45 20 0 45 1 0
175 90 17 2 45 2 0 45 0 0
177 90 0 0 0 0 0 0 0 0
180 123 0 0 82 21 0 41 0 0
184 123 0 0 41 40 40 0 0 0
197 86 0 0 0 0 0 0 0 0
198 86 0 0 0 0 0 0 0 0
200 254 0 0 254 5 5 0 0 0
208 381 0 0 127 0 0 0 0 0
213 508 0 0 254 11 10 0 0 0
217 2878 17 2 2504 8 0 0 0 0
219 356 0 0 356 52 52 0 0 0
221 941 0 0 356 41 40 356 0 0
224 1424 17 2 356 0 0 0 0 0
227 1068 0 0 356 2 0 0 0 0
232 229 0 0 0 0 0 0 0 0
236 508 17 2 254 0 0 0 0 0
241 172 0 0 0 0 0 86 0 0
250 93 20 4 45 0 0 0 0 0
253 64 0 0 48 1 0 0 0 0
256 636 0 0 159 27 27 0 0 0
259 477 3 0 159 12 12 0 0 0
263 143 0 0 0 0 0 0 0 0
267 84 14 2 0 0 0 0 0 0
272 42 0 0 0 0 0 42 3 0
273 84 0 0 0 0 0 0 0 0
274 84 0 0 0 0 0 0 0 0
284 42 0 0 0 0 0 42 0 0
287 210 17 2 126 36 0 42 19 0
289 126 0 0 42 0 0 0 0 0
292 164 0 0 123 0 0 0 0 0
294 86 0 0 0 0 0 0 0 0
296 381 0 0 127 0 0 0 0 0
299 1068 33 4 356 0 0 0 0 0
301 1424 0 0 0 0 0 0 0 0
303 1780 0 0 356 0 0 356 0 0
304 712 0 0 0 0 0 356 24 24
305 1068 0 0 356 0 0 356 4 4
306 1068 0 0 356 0 0 356 3 3
309 1068 0 0 356 0 0 0 0 0
314 229 0 0 0 0 0 0 0 0
317 381 0 0 127 0 0 0 0 0
322 86 0 0 0 0 0 0 0 0
327 126 16 3 42 0 0 0 0 0
330 64 0 0 48 0 0 0 0 0
334 143 0 0 143 0 0 0 0 0
336 318 7 1 159 0 0 0 0 0
340 143 0 0 143 0 0 0 0 0
341 715 0 0 143 0 0 143 22 22
342 429 0 0 143 0 0 143 0 0
343 143 0 0 0 0 0 143 11 11
346 477 0 0 159 0 0 0 0 0
350 143 0 0 0 0 0 0 0 0
356 405 18 2 360 1 0 0 0 0
fl=./elf/./elf/do-rel.h
fn=_dl_relocate_object
49 270 0 0 90 0 0 90 0 0
50 90 18 2 45 12 0 0 0 0
52 55 0 0 0 0 0 42 0 0
53 60 3 2 0 0 0 47 21 0
60 270 0 0 90 0 0 0 0 0
63 110102 8 2 13 0 0 0 0 0
65 146664 8 2 36666 13747 13747 0 0 0
67 171 0 0 0 0 0 0 0 0
76 78 0 0 0 0 0 0 0 0
77 211 0 0 2 0 0 0 0 0
78 114 0 0 57 0 0 0 0 0
86 462 18 2 231 14 0 77 0 0
88 154 0 0 0 0 0 0 0 0
100 231 18 2 0 0 0 0 0 0
110 153 0 0 1 1 1 0 0 0
113 298201 0 0 0 0 0 0 0 0
114 198672 0 0 99336 12444 12423 0 0 0
120 308 0 0 77 65 0 77 22 0
124 288 0 0 144 73 0 72 0 0
126 49236 16 2 16436 0 0 0 0 0
128 81820 0 0 49092 9070 5341 0 0 0
129 65456 0 0 16364 1 0 16364 7 0
130 49092 17 2 32728 0 0 16364 0 0
131 65456 0 0 16364 24 0 0 0 0
133 49092 16 2 0 0 0 0 0 0
135 10 1 1 2 0 0 4 0 0
138 2 0 0 0 0 0 0 0 0
142 16362 0 0 0 0 0 16362 0 0
145 90447 17 4 16362 10 0 0 0 0
146 18996 23 5 6332 253 0 0 0 0
149 6 1 1 2 0 0 2 0 0
158 210 17 2 84 0 0 0 0 0
159 16 1 1 2 0 0 0 0 0
160 6 1 1 2 0 0 0 0 0
163 6 0 0 4 0 0 0 0 0
165 8 0 0 2 0 0 2 0 0
166 2 0 0 2 0 0 0 0 0
167 6 0 0 4 0 0 2 0 0
175 109915 0 0 36637 0 0 3 0 0
177 256424 3 2 73264 9157 9157 36632 1 0
178 73264 0 0 73264 0 0 0 0 0
180 109896 0 0 0 0 0 0 0 0
188 36632 0 0 0 0 0 36632 0 0
191 109896 0 0 36632 24 0 0 0 0
192 6 1 1 2 1 0 0 0 0
205 12 0 0 3 0 0 0 0 0
fn=_dl_start
49 4 0 0 2 0 0 0 0 0
50 1 0 0 1 0 0 0 0 0
86 10 0 0 4 0 0 0 0 0
88 4 0 0 0 0 0 0 0 0
113 431 0 0 0 0 0 0 0 0
114 284 1 1 142 18 18 0 0 0
118 4 0 0 2 0 0 0 0 0
126 28 0 0 0 0 0 0 0 0
128 21 1 1 7 2 2 0 0 0
129 14 0 0 0 0 0 0 0 0
130 14 0 0 7 0 0 0 0 0
fl=./elf/./elf/get-dynamic-info.h
fn=_dl_map_object_from_fd
39 86 0 0 0 0 0 0 0 0
43 43 0 0 0 0 0 0 0 0
45 4757 0 0 1200 332 332 0 0 0
49 2314 0 0 0 0 0 0 0 0
54 1055 16 2 0 0 0 0 0 0
55 716 0 0 0 0 0 0 0 0
56 215 0 0 0 0 0 0 0 0
58 43 0 0 0 0 0 0 0 0
59 215 21 2 0 0 0 0 0 0
61 43 0 0 0 0 0 0 0 0
62 215 35 4 0 0 0 0 0 0
64 215 0 0 0 0 0 0 0 0
68 1157 0 0 0 0 0 1157 59 59
72 172 0 0 43 0 0 0 0 0
82 135 23 2 49 0 0 0 0 0
83 172 0 0 86 0 0 0 0 0
84 172 0 0 86 0 0 0 0 0
85 172 0 0 86 0 0 0 0 0
87 172 0 0 86 0 0 0 0 0
92 169 18 2 83 3 3 0 0 0
93 169 0 0 83 1 1 0 0 0
94 172 0 0 86 0 0 0 0 0
97 129 0 0 43 0 0 0 0 0
102 80 17 1 40 0 0 0 0 0
109 86 1 1 43 0 0 0 0 0
110 129 0 0 86 0 0 0 0 0
132 129 0 0 43 1 1 0 0 0
137 22 0 0 11 0 0 11 1 1
139 22 0 0 0 0 0 0 0 0
141 22 1 0 0 0 0 0 0 0
142 2 0 0 0 0 0 2 0 0
143 22 0 0 0 0 0 0 0 0
144 18 1 0 0 0 0 9 0 0
147 129 17 2 43 0 0 0 0 0
149 51 0 0 17 0 0 17 0 0
150 34 0 0 0 0 0 0 0 0
151 6 0 0 0 0 0 3 0 0
159 34 4 1 17 0 0 0 0 0
160 42 8 3 0 0 0 0 0 0
165 47 0 0 0 0 0 13 0 0
166 42 0 0 14 0 0 14 0 0
169 86 14 1 43 0 0 0 0 0
fl=./elf/./elf/libc_early_init.c
fn=__libc_early_init
33 7 1 1 1 0 0 2 0 0
35 1 0 0 0 0 0 1 0 0
38 2 1 1 1 1 0 1 1 1
41 1 0 0 0 0 0 1 1 1
47 4 0 0 2 0 0 0 0 0
49 2 0 0 1 0 0 0 0 0
fl=./elf/./elf/rtld.c
fn=_dl_start
85 8 1 1 0 0 0 2 1 1
488 3 0 0 0 0 0 1 0 0
489 1 0 0 0 0 0 1 0 0
490 6 0 0 0 0 0 1 0 0
492 2 1 1 0 0 0 1 1 1
501 1 0 0 0 0 0 1 0 0
507 4 1 0 1 0 0 1 0 0
509 2 0 0 1 0 0 0 0 0
527 10 2 2 0 0 0 7 2 2
553 1 0 0 0 0 0 1 1 1
556 2 1 1 0 0 0 1 1 1
557 1 0 0 1 1 1 0 0 0
573 56 3 3 12 0 0 8 1 1
575 1 1 1 1 0 0 0 0 0
588 1 0 0 0 0 0 1 0 0
592 2 0 0 0 0 0 1 0 0
607 9 0 0 7 2 0 0 0 0
fn=dl_main
85 16 3 3 0 0 0 1 0 0
92 12 1 1 0 0 0 0 0 0
93 2 0 0 1 0 0 1 1 0
101 7 0 0 3 0 0 0 0 0
205 2 0 0 0 0 0 1 0 0
207 1 1 1 0 0 0 1 0 0
232 2 1 1 2 1 1 0 0 0
233 4 1 1 3 0 0 0 0 0
234 4 0 0 0 0 0 0 0 0
304 3 0 0 0 0 0 3 0 0
310 1 0 0 0 0 0 1 0 0
311 2 0 0 0 0 0 1 0 0
862 1 0 0 1 0 0 0 0 0
864 1 1 1 0 0 0 1 0 0
870 1 0 0 1 0 0 0 0 0
873 1 0 0 0 0 0 1 0 0
875 1 0 0 0 0 0 1 0 0
880 1 0 0 0 0 0 1 0 0
1140 2 0 0 1 0 0 1 0 0
1143 1 0 0 0 0 0 1 0 0
1146 1 0 0 0 0 0 1 0 0
1148 2 0 0 1 1 1 1 1 1
1150 1 0 0 1 0 0 0 0 0
1151 1 0 0 1 0 0 0 0 0
1166 1 0 0 0 0 0 0 0 0
1169 46 4 4 2 0 0 0 0 0
1170 117 1 1 22 7 7 0 0 0
1174 3 1 1 2 0 0 1 0 0
1179 3 1 1 2 0 0 1 0 0
1180 9 0 0 2 0 0 1 0 0
1189 2 0 0 0 0 0 1 0 0
1190 2 0 0 2 1 1 0 0 0
1192 1 0 0 0 0 0 1 0 0
1199 3 1 1 1 0 0 0 0 0
1211 1 0 0 0 0 0 0 0 0
1217 1 0 0 0 0 0 1 0 0
1225 8 0 0 4 0 0 0 0 0
1226 18 2 2 5 1 1 0 0 0
1227 8 0 0 4 0 0 0 0 0
1228 1 0 0 0 0 0 1 0 0
1230 12 0 0 4 0 0 0 0 0
1231 14 1 1 0 0 0 0 0 0
1232 2 0 0 0 0 0 1 0 0
1235 8 0 0 4 3 3 0 0 0
1236 8 0 0 4 0 0 0 0 0
1237 4 0 0 0 0 0 4 0 0
1238 10 0 0 5 0 0 0 0 0
1239 1 0 0 0 0 0 1 0 0
1243 12 1 1 0 0 0 0 0 0
1271 2 0 0 1 0 0 1 1 1
1275 4 0 0 2 1 1 1 0 0
1277 1 0 0 0 0 0 0 0 0
1281 26 0 0 13 0 0 0 0 0
1282 61 1 1 13 0 0 0 0 0
1288 17 0 0 0 0 0 1 0 0
1294 3 0 0 1 1 1 0 0 0
1297 4 0 0 2 0 0 0 0 0
1299 3 1 1 1 0 0 0 0 0
1301 2 0 0 1 0 0 0 0 0
1320 14 2 2 0 0 0 10 1 1
1325 1 0 0 0 0 0 0 0 0
1326 1 0 0 0 0 0 1 0 0
1332 1 0 0 0 0 0 1 1 1
1348 3 0 0 2 0 0 1 0 0
1349 4 1 1 2 0 0 0 0 0
1627 10 2 2 0 0 0 2 0 0
1629 2 0 0 0 0 0 0 0 0
1630 2 0 0 1 0 0 1 0 0
1631 2 0 0 1 0 0 1 0 0
1632 3 1 1 2 0 0 1 0 0
1636 3 0 0 0 0 0 1 0 0
1637 2 0 0 1 0 0 0 0 0
1662 3 0 0 1 0 0 0 0 0
1663 6 0 0 2 0 0 1 0 0
1664 3 1 1 2 0 0 0 0 0
1665 3 0 0 3 0 0 0 0 0
1668 1 0 0 0 0 0 1 0 0
1670 1 0 0 0 0 0 1 1 1
1671 1 1 1 0 0 0 1 1 1
1673 2 0 0 1 0 0 0 0 0
1674 2 0 0 0 0 0 1 0 0
1678 2 0 0 1 0 0 0 0 0
1680 2 0 0 1 0 0 0 0 0
1688 3 0 0 1 0 0 0 0 0
1695 2 1 1 0 0 0 1 0 0
1698 2 0 0 1 0 0 0 0 0
1723 9 0 0 1 0 0 2 0 0
1731 4 0 0 1 0 0 2 0 0
1733 1 0 0 0 0 0 1 0 0
1738 2 0 0 1 0 0 0 0 0
1741 4 1 1 2 0 0 1 0 0
1742 4 0 0 1 0 0 1 0 0
1743 2 0 0 0 0 0 1 0 0
1744 1 0 0 0 0 0 1 0 0
1745 1 1 1 1 0 0 0 0 0
1746 1 0 0 1 0 0 0 0 0
1751 2 0 0 1 0 0 0 0 0
1752 3 1 1 1 0 0 1 0 0
1764 2 0 0 1 1 1 0 0 0
1765 2 0 0 1 0 0 0 0 0
1767 2 0 0 1 0 0 0 0 0
1769 1 0 0 0 0 0 1 0 0
1770 3 1 1 1 0 0 1 0 0
1775 5 0 0 0 0 0 0 0 0
1776 5 0 0 1 1 1 0 0 0
1778 4 1 1 2 1 1 1 1 1
1784 2 0 0 1 1 1 0 0 0
1786 3 1 1 2 0 0 0 0 0
1793 2 1 1 1 0 0 0 0 0
1797 1 1 1 0 0 0 1 0 0
1798 2 0 0 1 0 0 0 0 0
1822 2 0 0 0 0 0 2 0 0
1828 2 0 0 1 0 0 1 0 0
1829 1 0 0 0 0 0 1 0 0
1830 1 1 1 0 0 0 0 0 0
1834 3 0 0 0 0 0 1 0 0
1839 3 0 0 2 0 0 0 0 0
1841 1 0 0 0 0 0 0 0 0
1843 2 0 0 1 0 0 0 0 0
1847 5 0 0 1 0 0 1 0 0
1852 2 0 0 1 0 0 0 0 0
1868 6 1 1 0 0 0 1 0 0
1944 4 0 0 2 0 0 0 0 0
1948 19 3 3 1 0 0 0 0 0
1949 1 0 0 0 0 0 0 0 0
1952 3 0 0 0 0 0 1 0 0
1953 1 0 0 1 0 0 0 0 0
1954 2 0 0 0 0 0 0 0 0
1955 2 0 0 0 0 0 0 0 0
1960 3 0 0 1 0 0 0 0 0
1970 8 0 0 1 0 0 1 0 0
1976 51 1 1 1 0 0 0 0 0
1977 27 0 0 25 0 0 0 0 0
1980 4 0 0 3 1 0 1 0 0
1981 3 1 1 1 0 0 0 0 0
1982 1 0 0 0 0 0 1 0 0
1984 35 0 0 0 0 0 0 0 0
1985 31 1 1 10 0 0 0 0 0
1995 1 0 0 0 0 0 1 1 0
1997 3 0 0 1 0 0 1 0 0
1998 2 0 0 0 0 0 0 0 0
2000 2 0 0 0 0 0 1 0 0
2002 4 0 0 1 0 0 0 0 0
2004 3 0 0 1 1 0 0 0 0
2005 1 0 0 1 0 0 0 0 0
2006 2 1 1 0 0 0 0 0 0
2018 2 0 0 0 0 0 0 0 0
2019 2 0 0 0 0 0 1 0 0
2020 3 0 0 1 0 0 0 0 0
2022 2 1 1 1 0 0 0 0 0
2023 2 0 0 0 0 0 1 0 0
2031 4 0 0 0 0 0 1 1 1
2032 4 0 0 0 0 0 1 0 0
2033 5 1 1 0 0 0 1 0 0
2043 2 0 0 1 1 0 1 0 0
2044 2 0 0 0 0 0 0 0 0
2045 4 1 1 0 0 0 1 0 0
2047 2 0 0 1 0 0 0 0 0
2052 3 0 0 1 0 0 0 0 0
2282 3 0 0 1 1 0 0 0 0
2331 1 1 0 1 0 0 0 0 0
2338 2 0 0 0 0 0 1 0 0
2342 2 1 1 1 1 0 1 0 0
2348 2 0 0 1 0 0 1 1 0
2351 2 0 0 0 0 0 0 0 0
2359 2 0 0 2 0 0 0 0 0
2361 2 0 0 0 0 0 0 0 0
2415 3 1 1 1 0 0 0 0 0
2418 1 1 1 1 0 0 0 0 0
2422 1 0 0 1 0 0 0 0 0
2423 50 2 2 1 1 0 1 0 0
2425 24 0 0 24 10 0 0 0 0
2430 24 0 0 24 11 0 0 0 0
2432 26 0 0 0 0 0 0 0 0
2434 1 1 1 0 0 0 1 0 0
2435 1 0 0 1 0 0 0 0 0
2438 12 0 0 12 1 0 0 0 0
2440 36 1 1 0 0 0 0 0 0
2441 88 0 0 22 12 0 11 0 0
2445 32 0 0 16 5 0 0 0 0
2446 12 0 0 0 0 0 4 0 0
2454 2 1 1 1 0 0 0 0 0
2459 4 0 0 2 1 0 0 0 0
2461 1 0 0 1 0 0 0 0 0
2468 3 0 0 0 0 0 1 0 0
2471 2 1 1 1 0 0 0 0 0
2481 3 1 1 2 1 0 0 0 0
2483 4 0 0 1 0 0 0 0 0
2493 1 0 0 0 0 0 1 0 0
2498 2 0 0 0 0 0 1 0 0
2501 1 0 0 0 0 0 1 0 0
2507 1 0 0 1 0 0 0 0 0
2508 5 0 0 1 0 0 1 0 0
2516 3 0 0 1 0 0 1 0 0
2523 1 0 0 0 0 0 1 0 0
2527 3 1 1 0 0 0 1 0 0
2532 3 0 0 0 0 0 1 0 0
2533 1 0 0 0 0 0 1 0 0
2534 1 0 0 0 0 0 1 0 0
2535 1 0 0 0 0 0 0 0 0
2539 1 0 0 0 0 0 1 0 0
2544 8 0 0 7 2 0 0 0 0
2677 3 0 0 1 0 0 2 0 0
2679 1 0 0 0 0 0 0 0 0
2683 6 1 1 1 0 0 1 1 1
2685 16 0 0 0 0 0 3 0 0
2687 2 0 0 0 0 0 0 0 0
2689 107 0 0 21 0 0 0 0 0
2690 19 1 1 0 0 0 0 0 0
2698 13 0 0 2 1 1 0 0 0
2719 2 1 1 1 0 0 0 0 0
2726 6 1 1 3 0 0 0 0 0
2728 2 0 0 0 0 0 1 0 0
2729 1 0 0 0 0 0 0 0 0
2774 3 1 1 1 0 0 0 0 0
2775 5 1 1 2 0 0 0 0 0
2777 2 1 1 0 0 0 1 0 0
2778 2 0 0 0 0 0 1 0 0
2779 1 0 0 0 0 0 0 0 0
2818 1 0 0 0 0 0 0 0 0
2829 1 0 0 0 0 0 0 0 0
2845 4 1 1 1 0 0 0 0 0
2877 2 0 0 0 0 0 0 0 0
fn=handle_preload_list
191 3 1 1 1 0 0 0 0 0
831 1 1 1 0 0 0 1 0 0
835 1 0 0 0 0 0 1 0 0
836 2 0 0 1 0 0 1 0 0
837 1 0 0 0 0 0 1 0 0
839 1 0 0 1 0 0 0 0 0
841 7 0 0 0 0 0 1 0 0
842 3 0 0 1 0 0 0 0 0
850 3 0 0 1 0 0 0 0 0
894 12 1 1 1 1 1 8 1 1
895 3 1 1 0 0 0 0 0 0
899 5 0 0 2 0 0 0 0 0
902 4 0 0 0 0 0 1 0 0
903 3 0 0 0 0 0 0 0 0
905 5 1 1 0 0 0 1 0 0
906 2 0 0 0 0 0 1 0 0
912 1 0 0 0 0 0 0 0 0
914 2 0 0 1 0 0 0 0 0
916 2 0 0 1 0 0 0 0 0
917 1 0 0 0 0 0 0 0 0
920 9 0 0 7 0 0 0 0 0
fn=init_tls
756 3 1 1 0 0 0 2 0 0
758 2 0 0 1 1 0 1 0 0
762 3 0 0 1 0 0 0 0 0
768 2 1 1 0 0 0 1 0 0
771 1 0 0 0 0 0 1 0 0
772 1 0 0 0 0 0 0 0 0
773 1 0 0 0 0 0 0 0 0
777 1 0 0 0 0 0 0 0 0
779 1 0 0 0 0 0 1 0 0
783 2 0 0 1 1 1 0 0 0
784 2 0 0 0 0 0 0 0 0
785 28 1 1 1 0 0 0 0 0
786 12 1 1 12 0 0 0 0 0
787 24 0 0 12 10 0 0 0 0
791 12 0 0 0 0 0 4 1 1
793 4 0 0 0 0 0 0 0 0
795 3 0 0 1 0 0 0 0 0
798 2 1 1 0 0 0 1 0 0
801 1 0 0 0 0 0 1 0 0
808 2 0 0 0 0 0 1 0 0
809 2 0 0 0 0 0 0 0 0
815 2 0 0 1 0 0 1 0 0
818 8 0 0 0 0 0 2 0 0
821 1 0 0 0 0 0 1 0 0
822 1 0 0 0 0 0 1 0 0
825 5 0 0 3 0 0 0 0 0
fn=map_doit
663 3 1 1 0 0 0 1 0 0
665 4 0 0 1 0 0 0 0 0
666 6 1 1 2 0 0 2 0 0
668 2 0 0 2 0 0 0 0 0
fn=version_check_doit
696 3 1 1 0 0 0 1 0 0
698 6 1 1 2 0 0 1 0 0
702 2 0 0 2 0 0 0 0 0
fl=./elf/./get-dynamic-info.h
fn=_dl_start
45 75 0 0 19 5 5 0 0 0
49 36 1 1 0 0 0 0 0 0
54 21 0 0 0 0 0 0 0 0
55 14 0 0 0 0 0 0 0 0
56 5 0 0 0 0 0 0 0 0
58 1 0 0 0 0 0 0 0 0
59 5 1 1 0 0 0 0 0 0
61 1 0 0 0 0 0 0 0 0
62 5 1 1 0 0 0 0 0 0
64 5 0 0 0 0 0 0 0 0
68 19 0 0 0 0 0 18 6 6
72 3 0 0 0 0 0 0 0 0
82 4 1 1 2 0 0 0 0 0
83 4 0 0 2 0 0 0 0 0
84 4 0 0 2 0 0 0 0 0
85 4 0 0 2 0 0 0 0 0
87 4 1 1 2 0 0 0 0 0
92 4 0 0 2 0 0 0 0 0
93 4 0 0 2 0 0 0 0 0
94 4 0 0 2 0 0 0 0 0
97 3 1 1 1 0 0 0 0 0
102 2 0 0 1 0 0 0 0 0
109 3 0 0 1 0 0 0 0 0
110 3 0 0 2 0 0 0 0 0
118 2 0 0 1 1 1 0 0 0
119 2 1 1 1 0 0 0 0 0
124 3 0 0 1 0 0 0 0 0
127 3 0 0 1 0 0 0 0 0
fn=dl_main
39 3 1 1 1 0 0 0 0 0
43 1 0 0 0 0 0 0 0 0
45 119 0 0 30 8 8 0 0 0
49 58 1 1 0 0 0 0 0 0
54 17 0 0 0 0 0 0 0 0
55 11 0 0 0 0 0 0 0 0
56 5 0 0 0 0 0 0 0 0
58 1 0 0 0 0 0 0 0 0
59 5 1 1 0 0 0 0 0 0
61 1 0 0 0 0 0 0 0 0
62 5 0 0 0 0 0 0 0 0
64 5 0 0 0 0 0 0 0 0
68 29 0 0 0 0 0 29 6 6
72 3 1 1 1 0 0 0 0 0
97 3 0 0 1 0 0 0 0 0
102 2 0 0 1 0 0 0 0 0
109 2 0 0 1 0 0 0 0 0
110 3 0 0 2 0 0 0 0 0
132 3 1 1 1 0 0 0 0 0
147 3 1 1 1 0 0 0 0 0
169 2 1 1 1 0 0 0 0 0
171 1 0 0 0 0 0 1 0 0
fl=./elf/./setup-vdso.h
fn=dl_main
24 2 0 0 1 1 1 0 0 0
fl=./iconv/../iconv/skeleton.c
fn=__gconv_transform_internal_ascii
398 42 2 2 6 0 0 24 0 0
399 4 0 0 0 0 0 2 0 0
400 4 1 1 0 0 0 2 0 0
401 2 0 0 0 0 0 2 0 0
404 6 0 0 2 0 0 0 0 0
416 6 0 0 2 0 0 0 0 0
419 4 1 1 2 0 0 0 0 0
421 2 0 0 0 0 0 0 0 0
497 4 0 0 2 0 0 2 0 0
499 4 0 0 2 0 0 0 0 0
814 24 1 1 18 0 0 0 0 0
fl=./inet/../include/time.h
fn=__netlink_request
518 24 0 0 0 0 0 8 0 0
519 8 0 0 8 3 0 0 0 0
fl=./inet/../sysdeps/unix/sysv/linux/ifaddrs.c
fn=__netlink_open
254 64 6 1 8 0 0 24 0 0
257 40 4 1 0 0 0 16 0 0
258 16 0 0 0 0 0 0 0 0
261 32 6 1 0 0 0 16 0 0
262 16 0 0 0 0 0 8 0 0
263 40 0 0 0 0 0 8 0 0
273 8 0 0 0 0 0 8 0 0
274 48 0 0 8 0 0 8 0 0
276 16 0 0 8 0 0 8 0 0
277 8 0 0 0 0 0 0 0 0
278 56 6 1 40 0 0 0 0 0
fn=__netlink_request
104 48 0 0 16 0 0 0 0 0
105 16 0 0 0 0 0 8 0 0
107 16 0 0 0 0 0 16 0 0
108 32 0 0 0 0 0 16 0 0
109 32 0 0 0 0 0 16 0 0
110 16 0 0 0 0 0 16 0 0
111 16 0 0 0 0 0 16 0 0
112 16 0 0 0 0 0 16 0 0
114 48 0 0 0 0 0 32 0 0
116 32 6 1 0 0 0 32 0 0
117 48 0 0 0 0 0 16 0 0
119 144 6 1 16 0 0 16 0 0
127 224 6 1 16 0 0 112 0 0
145 208 6 1 32 13 0 16 0 0
155 32 2 1 0 0 0 32 5 0
157 80 6 1 0 0 0 0 0 0
160 112 5 1 56 0 0 0 0 0
162 448 3 1 0 0 0 392 0 0
173 392 0 0 56 0 0 56 0 0
174 168 0 0 56 0 0 56 0 0
175 112 5 1 0 0 0 0 0 0
178 168 0 0 56 0 0 0 0 0
181 168 0 0 56 0 0 0 0 0
184 56 0 0 0 0 0 0 0 0
186 56 0 0 56 0 0 0 0 0
187 1200 10 2 128 6 0 40 0 0
188 448 0 0 0 0 0 0 0 0
190 384 0 0 256 4 0 0 0 0
191 384 0 0 256 0 0 0 0 0
194 128 0 0 0 0 0 0 0 0
195 384 0 0 128 0 0 0 0 0
198 32 0 0 0 0 0 16 0 0
201 224 0 0 0 0 0 0 0 0
214 112 0 0 0 0 0 0 0 0
217 168 0 0 0 0 0 112 0 0
219 112 0 0 0 0 0 0 0 0
221 56 0 0 0 0 0 56 2 0
222 392 5 1 112 0 0 168 0 0
223 56 0 0 0 0 0 56 0 0
224 112 0 0 56 0 0 56 0 0
225 168 0 0 112 0 0 0 0 0
226 16 6 1 0 0 0 8 0 0
228 96 0 0 48 0 0 48 0 0
229 56 0 0 0 0 0 56 0 0
240 192 0 0 144 0 0 0 0 0
fn=freeifaddrs
849 8 0 0 0 0 0 0 0 0
850 8 0 0 0 0 0 0 0 0
fn=getifaddrs
833 32 5 1 0 0 0 8 0 0
837 16 4 1 0 0 0 8 0 0
838 16 0 0 0 0 0 0 0 0
841 16 0 0 16 0 0 0 0 0
fn=getifaddrs_internal
77 16 0 0 16 16 0 0 0 0
80 120 0 0 0 0 0 0 0 0
84 112 8 1 56 0 0 0 0 0
85 56 0 0 0 0 0 56 0 0
89 8 0 0 0 0 0 8 0 0
247 24 0 0 8 0 0 0 0 0
292 1744 0 0 264 0 0 72 0 0
294 1536 15 2 384 0 0 0 0 0
296 40 0 0 0 0 0 40 0 0
297 80 0 0 0 0 0 0 0 0
298 464 6 1 144 0 0 32 0 0
301 688 0 0 0 0 0 0 0 0
317 96 6 1 8 0 0 64 0 0
318 32 8 1 0 0 0 24 0 0
323 8 0 0 0 0 0 0 0 0
326 8 0 0 0 0 0 0 0 0
328 8 0 0 0 0 0 8 0 0
330 40 0 0 0 0 0 8 0 0
335 40 0 0 0 0 0 8 0 0
346 8 0 0 8 0 0 0 0 0
347 40 0 0 0 0 0 8 0 0
355 24 0 0 0 0 0 0 0 0
356 200 8 2 64 0 0 8 1 0
359 56 0 0 56 0 0 0 0 0
361 168 0 0 56 0 0 0 0 0
366 1552 6 1 128 0 0 0 0 0
369 656 8 1 392 0 0 0 0 0
374 256 0 0 128 0 0 0 0 0
380 384 0 0 128 0 0 0 0 0
383 224 0 0 0 0 0 0 0 0
389 40 0 0 0 0 0 0 0 0
390 40 0 0 0 0 0 0 0 0
392 9664 8 1 1208 0 0 0 0 0
396 2416 0 0 1208 0 0 0 0 0
398 40 7 1 0 0 0 0 0 0
402 4672 0 0 0 0 0 0 0 0
404 80 0 0 0 0 0 0 0 0
407 288 0 0 0 0 0 0 0 0
412 16 3 1 0 0 0 0 0 0
417 48 0 0 0 0 0 24 0 0
418 8 0 0 0 0 0 0 0 0
419 8 0 0 0 0 0 0 0 0
421 16 0 0 0 0 0 0 0 0
428 160 14 2 16 0 0 16 0 0
429 24 0 0 0 0 0 8 0 0
431 16 0 0 8 0 0 8 0 0
432 8 0 0 0 0 0 8 0 0
435 168 0 0 56 0 0 0 0 0
438 56 0 0 56 0 0 0 0 0
440 168 0 0 56 0 0 0 0 0
447 2048 8 1 360 0 0 40 0 0
452 640 0 0 384 0 0 0 0 0
455 384 6 1 128 0 0 0 0 0
458 224 0 0 0 0 0 0 0 0
463 40 0 0 0 0 0 0 0 0
464 40 0 0 0 0 0 0 0 0
469 80 0 0 40 0 0 0 0 0
478 80 8 1 40 0 0 40 0 0
480 11496 16 2 1432 0 0 120 0 0
482 1392 0 0 0 0 0 0 0 0
483 1392 0 0 0 0 0 0 0 0
485 8312 8 1 1392 0 0 0 0 0
488 80 0 0 0 0 0 0 0 0
490 80 0 0 0 0 0 40 0 0
491 160 8 1 0 0 0 80 0 0
493 80 0 0 40 0 0 40 0 0
495 80 0 0 40 0 0 40 0 0
496 80 0 0 40 0 0 40 0 0
499 80 0 0 0 0 0 40 0 0
504 80 0 0 0 0 0 0 0 0
506 80 6 1 0 0 0 40 0 0
507 160 0 0 0 0 0 80 0 0
509 80 0 0 40 0 0 40 0 0
511 80 6 1 40 0 0 40 0 0
513 80 0 0 40 0 0 40 0 0
516 80 0 0 0 0 0 40 0 0
521 120 8 1 0 0 0 0 0 0
523 160 0 0 40 0 0 80 0 0
524 120 0 0 0 0 0 40 0 0
525 40 0 0 0 0 0 40 0 0
530 40 0 0 0 0 0 40 0 0
531 120 0 0 40 0 0 40 0 0
532 120 0 0 0 0 0 40 0 0
534 96 8 1 0 0 0 0 0 0
548 5848 8 1 160 0 0 0 0 0
551 144 0 0 0 0 0 0 0 0
554 72 0 0 0 0 0 0 0 0
555 72 0 0 0 0 0 0 0 0
561 216 0 0 144 0 0 0 0 0
562 152 5 1 72 0 0 0 0 0
566 432 8 1 144 0 0 72 0 0
567 144 0 0 0 0 0 0 0 0
568 144 0 0 72 0 0 72 0 0
569 72 0 0 72 0 0 0 0 0
571 3744 14 2 360 0 0 216 0 0
573 360 0 0 0 0 0 0 0 0
574 360 0 0 0 0 0 0 0 0
576 2120 12 2 360 0 0 0 0 0
582 144 0 0 72 0 0 0 0 0
591 32 0 0 0 0 0 0 0 0
597 184 6 1 0 0 0 72 0 0
598 72 0 0 0 0 0 0 0 0
601 144 0 0 72 0 0 72 0 0
603 208 0 0 0 0 0 0 0 0
607 80 6 1 0 0 0 0 0 0
608 80 0 0 40 0 0 40 0 0
614 64 0 0 0 0 0 0 0 0
616 64 6 1 32 0 0 32 0 0
618 128 0 0 32 0 0 0 0 0
619 16 0 0 8 0 0 0 0 0
621 48 0 0 24 0 0 24 0 0
634 80 0 0 40 0 0 0 0 0
639 240 6 1 120 0 0 120 0 0
641 80 0 0 0 0 0 40 0 0
642 160 0 0 0 0 0 120 0 0
646 40 0 0 0 0 0 40 0 0
648 80 0 0 40 0 0 40 0 0
650 80 0 0 0 0 0 0 0 0
654 80 0 0 0 0 0 0 0 0
655 80 0 0 40 0 0 40 0 0
682 64 0 0 32 0 0 0 0 0
683 128 6 1 0 0 0 96 0 0
687 32 0 0 0 0 0 32 0 0
689 64 0 0 32 0 0 32 0 0
691 64 0 0 0 0 0 0 0 0
695 64 0 0 0 0 0 0 0 0
696 64 0 0 32 0 0 32 0 0
722 120 8 1 0 0 0 0 0 0
724 184 0 0 0 0 0 40 0 0
725 80 0 0 0 0 0 40 0 0
726 440 8 1 216 0 0 40 0 0
740 1760 6 1 184 0 0 0 0 0
745 144 0 0 72 0 0 0 0 0
747 192 6 1 96 0 0 0 0 0
751 96 0 0 32 0 0 32 0 0
755 216 0 0 72 0 0 0 0 0
756 72 0 0 72 0 0 0 0 0
757 288 8 1 0 0 0 0 0 0
763 144 0 0 0 0 0 72 0 0
765 208 0 0 0 0 0 0 0 0
768 40 6 1 0 0 0 0 0 0
769 40 0 0 0 0 0 0 0 0
770 40 0 0 0 0 0 0 0 0
773 32 0 0 0 0 0 0 0 0
774 32 0 0 0 0 0 0 0 0
779 72 0 0 0 0 0 72 0 0
785 216 6 1 72 0 0 0 0 0
790 216 0 0 0 0 0 0 0 0
791 1056 8 2 0 0 0 144 0 0
792 216 0 0 0 0 0 0 0 0
793 64 8 1 0 0 0 16 0 0
800 40 0 0 32 0 0 0 0 0
802 24 0 0 8 0 0 0 0 0
804 144 0 0 8 0 0 0 0 0
805 80 0 0 40 0 0 0 0 0
809 40 8 1 24 0 0 0 0 0
818 24 0 0 16 0 0 8 0 0
825 96 0 0 72 0 0 0 0 0
fl=./inet/../sysdeps/unix/sysv/linux/netlink_assert_response.c
fn=__netlink_assert_response
44 560 16 2 56 0 0 280 8 0
45 168 0 0 0 0 0 0 0 0
89 112 0 0 0 0 0 0 0 0
105 504 8 1 392 0 0 0 0 0
fl=./intl/../include/../locale/localeinfo.h
fn=__dcigettext
206 60 4 4 20 2 2 0 0 0
fl=./intl/./intl/dcgettext.c
fn=dcgettext
46 20 2 2 0 0 0 0 0 0
47 40 2 2 0 0 0 0 0 0
fl=./intl/./intl/dcigettext.c
fn=__dcigettext
485 160 4 4 10 0 0 110 3 2
494 10 0 0 0 0 0 10 0 0
508 30 0 0 0 0 0 0 0 0
509 20 0 0 0 0 0 0 0 0
512 40 0 0 0 0 0 0 0 0
521 40 2 2 20 0 0 10 0 0
525 20 0 0 0 0 0 10 1 1
528 20 0 0 0 0 0 10 0 0
534 20 0 0 10 2 1 0 0 0
544 10 0 0 0 0 0 10 0 0
545 10 0 0 0 0 0 10 0 0
546 10 0 0 0 0 0 10 0 0
547 20 0 0 10 0 0 10 0 0
551 30 2 2 0 0 0 20 0 0
560 10 0 0 0 0 0 10 0 0
567 20 0 0 0 0 0 10 0 0
569 60 2 2 0 0 0 20 0 0
571 20 0 0 0 0 0 10 0 0
573 20 0 0 0 0 0 0 0 0
601 50 0 0 20 2 2 0 0 0
616 30 2 2 0 0 0 10 0 0
650 30 0 0 0 0 0 20 0 0
651 200 6 6 20 0 0 20 0 0
655 90 0 0 10 0 0 40 0 0
660 220 6 6 10 0 0 20 0 0
669 30 0 0 10 0 0 0 0 0
671 20 0 0 0 0 0 0 0 0
683 50 0 0 10 0 0 0 0 0
684 30 0 0 0 0 0 10 0 0
685 10 0 0 0 0 0 10 0 0
689 40 2 2 20 3 1 0 0 0
696 40 2 2 20 0 0 0 0 0
833 20 2 2 10 0 0 10 0 0
835 20 2 2 0 0 0 10 0 0
837 20 0 0 0 0 0 10 0 0
852 30 0 0 20 0 0 10 0 0
856 30 0 0 10 0 0 0 0 0
857 120 2 2 90 0 0 0 0 0
1539 20 0 0 0 0 0 10 0 0
1568 40 0 0 20 2 2 0 0 0
fl=./io/../sysdeps/posix/getcwd.c
fn=getcwd
471 30 3 3 10 0 0 5 0 0
fl=./io/../sysdeps/unix/syscall-template.S
fn=readlink
117 10 2 1 0 0 0 0 0 0
122 2 0 0 2 0 0 0 0 0
fn=unlink
120 5 1 1 0 0 0 0 0 0
122 1 0 0 1 0 0 0 0 0
fl=./io/../sysdeps/unix/sysv/linux/access.c
fn=access
25 1 1 1 0 0 0 0 0 0
27 7 0 0 0 0 0 1 0 0
31 1 0 0 1 0 0 0 0 0
fl=./io/../sysdeps/unix/sysv/linux/close.c
fn=close
26 50 15 3 0 0 0 0 0 0
27 350 0 0 50 0 0 0 0 0
28 50 0 0 50 0 0 0 0 0
fl=./io/../sysdeps/unix/sysv/linux/close_nocancel.c
fn=__GI___close_nocancel
25 57 25 2 0 0 0 0 0 0
26 228 0 0 0 0 0 0 0 0
27 57 0 0 57 0 0 0 0 0
fn=__close_nocancel
25 48 21 4 0 0 0 0 0 0
26 192 0 0 0 0 0 0 0 0
27 48 0 0 48 0 0 0 0 0
fl=./io/../sysdeps/unix/sysv/linux/fcntl64.c
fn=fcntl
38 36 2 2 6 0 0 12 0 0
42 30 0 0 0 0 0 18 0 0
48 24 0 0 0 0 0 0 0 0
51 6 0 0 0 0 0 6 0 0
52 30 1 1 18 0 0 0 0 0
fl=./io/../sysdeps/unix/sysv/linux/fcntl_nocancel.c
fn=__fcntl64_nocancel_adjusted
51 30 1 1 6 0 0 6 0 0
52 12 0 0 0 0 0 0 0 0
63 24 0 0 0 0 0 0 0 0
64 30 1 1 18 0 0 0 0 0
fl=./io/../sysdeps/unix/sysv/linux/fstat64.c
fn=fstat
29 198 35 6 0 0 0 0 0 0
30 198 0 0 0 0 0 0 0 0
35 297 0 0 0 0 0 0 0 0
fl=./io/../sysdeps/unix/sysv/linux/fstatat64.c
fn=fstatat
98 620 0 0 0 0 0 0 0 0
153 620 35 7 0 0 0 0 0 0
167 383 0 0 1 0 0 191 0 0
168 1121 20 4 191 0 0 0 0 0
169 119 0 0 119 0 0 0 0 0
fl=./io/../sysdeps/unix/sysv/linux/getcwd.c
fn=getcwd
49 65 6 5 5 2 0 45 4 0
55 10 0 0 0 0 0 0 0 0
66 15 3 2 5 0 0 5 0 0
80 25 0 0 5 0 0 0 0 0
81 25 3 2 10 5 3 0 0 0
84 25 2 2 10 0 0 5 0 0
131 60 6 6 50 0 0 0 0 0
fl=./io/../sysdeps/unix/sysv/linux/internal_statvfs.c
fn=__internal_statvfs64
73 1 1 1 0 0 0 0 0 0
75 4 0 0 3 0 0 1 0 0
78 10 1 1 2 0 0 3 0 0
83 2 0 0 2 0 0 0 0 0
89 2 0 0 1 0 0 1 0 0
101 2 0 0 1 0 0 1 0 0
102 3 0 0 0 0 0 2 0 0
107 1 0 0 0 0 0 1 0 0
109 3 0 0 1 0 0 1 0 0
110 1 0 0 1 0 0 0 0 0
fl=./io/../sysdeps/unix/sysv/linux/lseek64.c
fn=lseek
28 2 2 2 0 0 0 0 0 0
36 8 0 0 0 0 0 0 0 0
38 2 0 0 2 0 0 0 0 0
fl=./io/../sysdeps/unix/sysv/linux/open64.c
fn=open
30 340 37 6 34 0 0 136 4 0
33 238 0 0 0 0 0 0 0 0
41 390 25 5 44 1 0 10 0 0
43 238 0 0 170 0 0 0 0 0
fl=./io/../sysdeps/unix/sysv/linux/open64_nocancel.c
fn=__open_nocancel
28 3108 53 6 33 0 0 777 37 6
31 5204 42 6 0 0 0 0 0 0
34 5 1 1 0 0 0 3 0 0
35 1 0 0 1 0 0 0 0 0
36 1 0 0 0 0 0 0 0 0
39 7200 23 1 6 0 0 660 0 0
41 876 0 0 810 0 0 0 0 0
fl=./io/../sysdeps/unix/sysv/linux/pread64_nocancel.c
fn=__pread64_nocancel
25 30 8 3 0 0 0 0 0 0
26 60 0 0 0 0 0 0 0 0
27 15 0 0 15 0 0 0 0 0
fl=./io/../sysdeps/unix/sysv/linux/read.c
fn=read
25 8372 17 4 0 0 0 0 0 0
26 50232 0 0 8372 0 0 0 0 0
27 8372 0 0 8372 0 0 0 0 0
fl=./io/../sysdeps/unix/sysv/linux/read_nocancel.c
fn=__read_nocancel
25 52 22 4 0 0 0 0 0 0
26 208 0 0 0 0 0 0 0 0
27 52 0 0 52 0 0 0 0 0
fl=./io/../sysdeps/unix/sysv/linux/stat64.c
fn=stat
28 422 4 3 0 0 0 0 0 0
29 844 1 0 0 0 0 0 0 0
fl=./io/../sysdeps/unix/sysv/linux/statfs64.c
fn=statfs
30 1 1 1 0 0 0 0 0 0
34 4 0 0 0 0 0 0 0 0
36 1 0 0 1 0 0 0 0 0
fl=./io/../sysdeps/unix/sysv/linux/statvfs64.c
fn=statvfs
30 8 2 2 1 0 0 3 0 0
32 5 0 0 0 0 0 1 0 0
36 3 0 0 0 0 0 1 0 0
38 1 0 0 0 0 0 0 0 0
39 7 0 0 5 0 0 0 0 0
fl=./io/../sysdeps/unix/sysv/linux/write.c
fn=write
25 92 14 9 0 0 0 0 0 0
26 644 14 9 92 0 0 0 0 0
27 92 0 0 92 0 0 0 0 0
fl=./libio/../libio/libioP.h
fn=_IO_seekoff_unlocked
940 9 0 0 0 0 0 0 0 0
942 6 0 0 0 0 0 0 0 0
943 6 0 0 0 0 0 0 0 0
fn=ftello
883 4 1 1 0 0 0 0 0 0
fl=./libio/./libio/feof.c
fn=feof
32 466 1 1 0 0 0 0 0 0
35 932 0 0 466 0 0 0 0 0
36 466 0 0 466 0 0 0 0 0
37 1398 0 0 0 0 0 0 0 0
38 1398 1 1 0 0 0 0 0 0
41 466 0 0 466 0 0 0 0 0
fl=./libio/./libio/filedoalloc.c
fn=_IO_file_doallocate
78 198 18 4 22 0 0 88 1 0
84 198 18 4 66 15 3 22 3 0
86 88 15 4 22 2 0 0 0 0
97 88 0 0 22 2 0 0 0 0
101 66 0 0 0 0 0 22 0 0
102 44 0 0 0 0 0 0 0 0
104 88 0 0 0 0 0 22 0 0
105 22 16 4 0 0 0 0 0 0
106 176 0 0 132 0 0 0 0 0
fl=./libio/./libio/fileno.c
fn=fileno
32 1 1 1 0 0 0 0 0 0
35 5 0 0 2 0 0 0 0 0
42 1 0 0 1 0 0 0 0 0
fl=./libio/./libio/fileops.c
fn=_IO_do_write@@GLIBC_2.2.5
423 83 11 9 0 0 0 0 0 0
425 249 0 0 0 0 0 0 0 0
426 83 0 0 83 0 0 0 0 0
fn=_IO_file_close
1164 24 16 4 0 0 0 0 0 0
1167 48 0 0 24 0 0 0 0 0
fn=_IO_file_close_it@@GLIBC_2.2.5
128 96 16 4 0 0 0 72 0 0
130 72 0 0 24 0 0 0 0 0
133 48 0 0 0 0 0 0 0 0
134 72 0 0 24 0 0 0 0 0
137 24 0 0 0 0 0 0 0 0
139 48 0 0 0 0 0 24 0 0
142 168 32 8 72 1 0 24 0 0
145 72 0 0 24 0 0 0 0 0
153 120 15 4 0 0 0 24 0 0
154 96 0 0 0 0 0 72 0 0
157 48 0 0 0 0 0 24 0 0
158 24 0 0 0 0 0 24 0 0
159 24 0 0 0 0 0 24 0 0
160 24 0 0 0 0 0 24 0 0
162 48 15 4 0 0 0 0 0 0
163 120 0 0 96 0 0 0 0 0
fn=_IO_file_finish@@GLIBC_2.2.5
168 120 16 4 0 0 0 48 0 0
169 48 15 4 24 0 0 0 0 0
175 72 0 0 0 0 0 0 0 0
176 72 16 4 48 0 0 0 0 0
fn=_IO_file_fopen@@GLIBC_2.2.5
213 374 19 4 34 0 0 238 0 0
214 68 0 0 0 0 0 0 0 0
222 68 0 0 34 0 0 0 0 0
224 204 0 0 34 19 14 0 0 0
227 34 0 0 0 0 0 0 0 0
228 34 20 4 0 0 0 0 0 0
247 331 53 16 42 4 4 0 0 0
267 3 1 1 1 0 0 0 0 0
270 2 1 1 0 0 0 0 0 0
271 4 1 0 2 0 0 0 0 0
272 1 0 0 0 0 0 0 0 0
280 170 18 2 0 0 0 34 0 0
283 68 0 0 0 0 0 0 0 0
286 96 0 0 0 0 0 24 0 0
287 48 0 0 0 0 0 0 0 0
301 20 6 2 0 0 0 0 0 0
356 408 19 4 306 0 0 0 0 0
fn=_IO_file_open
182 306 22 4 0 0 0 102 1 0
184 68 0 0 34 0 0 0 0 0
185 37 1 1 0 0 0 1 0 0
188 66 0 0 0 0 0 33 1 0
189 68 20 4 0 0 0 0 0 0
190 10 0 0 0 0 0 0 0 0
191 24 0 0 0 0 0 24 0 0
192 144 0 0 24 0 0 24 0 0
195 72 0 0 0 0 0 0 0 0
205 48 17 4 0 0 0 24 0 0
206 24 0 0 0 0 0 0 0 0
207 136 7 2 136 0 0 0 0 0
fn=_IO_file_overflow@@GLIBC_2.2.5
731 415 9 8 0 0 0 249 0 0
732 332 0 0 83 0 0 0 0 0
739 413 0 0 83 0 0 0 0 0
742 2 1 1 0 0 0 0 0 0
754 2 1 1 0 0 0 0 0 0
756 1 0 0 1 0 0 0 0 0
763 3 0 0 1 1 0 0 0 0
765 1 0 0 0 0 0 1 0 0
766 1 0 0 0 0 0 1 0 0
767 2 0 0 0 0 0 1 0 0
768 3 0 0 1 0 0 2 0 0
770 3 0 0 0 0 0 1 0 0
771 5 1 1 1 0 0 0 0 0
772 1 0 0 0 0 0 1 0 0
774 166 0 0 0 0 0 0 0 0
775 166 0 0 0 0 0 0 0 0
776 165 0 0 82 0 0 0 0 0
787 249 10 8 249 0 0 0 0 0
fn=_IO_file_read
1130 8364 16 4 0 0 0 0 0 0
1131 8364 0 0 8364 0 0 0 0 0
1132 8366 0 0 0 0 0 0 0 0
1133 25090 15 4 8364 0 0 0 0 0
fn=_IO_file_seek
1139 2 2 2 0 0 0 0 0 0
1140 4 0 0 2 0 0 0 0 0
fn=_IO_file_seekoff@@GLIBC_2.2.5
846 2 1 1 1 0 0 0 0 0
848 8 0 0 6 0 0 0 0 0
850 2 0 0 1 0 0 0 0 0
855 4 0 0 0 0 0 0 0 0
865 2 0 0 0 0 0 0 0 0
866 3 0 0 2 0 0 0 0 0
879 3 2 2 1 0 0 0 0 0
889 2 0 0 0 0 0 0 0 0
900 36 4 4 3 0 0 21 0 0
908 8 0 0 0 0 0 0 0 0
914 12 2 2 4 0 0 0 0 0
916 1 0 0 0 0 0 0 0 0
917 6 0 0 2 0 0 0 0 0
929 4 0 0 2 0 0 0 0 0
942 6 2 2 0 0 0 0 0 0
946 3 1 1 2 0 0 0 0 0
948 3 1 1 1 0 0 0 0 0
975 2 1 1 0 0 0 1 0 0
980 3 0 0 1 0 0 0 0 0
981 1 0 0 1 0 0 0 0 0
997 2 0 0 0 0 0 0 0 0
1001 5 0 0 2 0 0 0 0 0
1002 2 0 0 0 0 0 0 0 0
1003 3 0 0 0 0 0 0 0 0
1006 2 1 1 0 0 0 1 0 0
1008 5 0 0 2 0 0 1 0 0
1009 2 0 0 0 0 0 0 0 0
1011 2 0 0 0 0 0 0 0 0
1026 7 1 1 2 0 0 3 0 0
1029 2 1 1 0 0 0 1 0 0
1030 1 0 0 1 0 0 0 0 0
1031 2 0 0 0 0 0 0 0 0
1034 2 0 0 0 0 0 1 0 0
1035 5 1 1 2 0 0 1 0 0
1036 2 0 0 0 0 0 0 0 0
1038 2 0 0 2 0 0 0 0 0
1039 1 0 0 0 0 0 1 0 0
1040 4 1 1 0 0 0 3 0 0
1054 33 1 1 27 0 0 0 0 0
fn=_IO_file_setbuf@@GLIBC_2.2.5
381 9 0 0 0 0 0 3 0 0
382 9 0 0 0 0 0 3 0 0
385 3 0 0 3 0 0 0 0 0
387 9 2 2 0 0 0 9 0 0
389 6 0 0 0 0 0 0 0 0
390 6 0 0 6 0 0 0 0 0
fn=_IO_file_stat
1146 22 15 4 0 0 0 0 0 0
1147 44 0 0 22 0 0 0 0 0
fn=_IO_file_sync@@GLIBC_2.2.5
792 455 15 10 0 0 0 182 0 0
797 364 15 9 182 1 1 0 0 0
799 91 0 0 91 0 0 0 0 0
800 182 0 0 91 0 0 0 0 0
811 182 15 9 0 0 0 91 0 0
815 364 0 0 273 0 0 0 0 0
fn=_IO_file_underflow@@GLIBC_2.2.5
461 75267 33 8 0 0 0 50178 1 0
465 25089 0 0 8363 0 0 0 0 0
468 16726 0 0 0 0 0 0 0 0
474 25089 0 0 16726 0 0 0 0 0
477 16726 0 0 8363 0 0 0 0 0
480 60 14 3 20 0 0 0 0 0
485 40 0 0 0 0 0 20 1 0
489 16766 0 0 20 0 0 0 0 0
498 16726 15 4 0 0 0 0 0 0
505 16726 0 0 0 0 0 8363 0 0
511 50178 0 0 8363 0 0 25089 0 0
516 41815 15 4 25089 0 0 8363 0 0
518 16726 0 0 0 0 0 0 0 0
521 70 0 0 10 0 0 10 0 0
525 8353 0 0 8353 0 0 0 0 0
531 10 7 2 0 0 0 10 0 0
532 10 0 0 0 0 0 0 0 0
534 25059 15 4 8353 0 0 0 0 0
535 22 0 0 0 0 0 11 0 0
536 16706 0 0 16706 3 2 0 0 0
537 66904 0 0 58541 0 0 0 0 0
fn=_IO_file_write@@GLIBC_2.2.5
1173 581 11 9 0 0 0 332 0 0
1175 664 0 0 0 0 0 0 0 0
1179 249 9 8 83 0 0 0 0 0
1180 249 0 0 83 0 0 83 0 0
1181 166 0 0 0 0 0 0 0 0
1186 83 0 0 0 0 0 0 0 0
1187 83 0 0 0 0 0 0 0 0
1189 249 10 8 0 0 0 0 0 0
1190 249 0 0 83 0 0 0 0 0
1193 498 0 0 415 0 0 0 0 0
fn=_IO_file_xsgetn
1272 132 4 4 0 0 0 84 0 0
1279 24 0 0 12 0 0 0 0 0
1282 6 2 2 2 0 0 0 0 0
1287 6 2 2 0 0 0 2 0 0
1290 62 1 1 12 0 0 0 0 0
1292 48 2 2 32 0 0 0 0 0
1293 32 0 0 0 0 0 0 0 0
1295 36 0 0 0 0 0 12 0 0
1296 36 0 0 24 0 0 0 0 0
1301 8 0 0 0 0 0 0 0 0
1309 8 0 0 4 0 0 0 0 0
1318 12 0 0 4 0 0 0 0 0
1319 16 2 2 4 0 0 0 0 0
1321 12 4 4 0 0 0 3 0 0
1329 3 1 1 0 0 0 3 0 0
1337 2 0 0 0 0 0 0 0 0
1338 6 0 0 0 0 0 0 0 0
1341 6 0 0 2 0 0 1 0 0
1342 2 0 0 0 0 0 0 0 0
1352 1 0 0 0 0 0 0 0 0
1353 1 0 0 0 0 0 0 0 0
1354 3 0 0 1 0 0 0 0 0
1360 108 0 0 84 0 0 0 0 0
fn=_IO_file_xsputn@@GLIBC_2.2.5
433 166 0 0 83 0 0 0 0 0
440 332 0 0 166 0 0 0 0 0
443 83 11 9 83 0 0 0 0 0
448 498 11 9 83 9 8 166 0 0
449 498 0 0 166 0 0 0 0 0
451 249 0 0 83 0 0 166 0 0
452 166 9 8 0 0 0 83 0 0
453 83 0 0 0 0 0 83 0 0
454 166 11 9 83 0 0 0 0 0
455 332 0 0 83 0 0 0 0 0
1197 664 12 9 0 0 0 498 0 0
1203 332 0 0 0 0 0 0 0 0
1204 83 0 0 0 0 0 0 0 0
1210 332 0 0 83 0 0 0 0 0
1212 166 0 0 83 0 0 0 0 0
1227 249 0 0 83 0 0 0 0 0
1231 83 12 9 0 0 0 0 0 0
1243 498 0 0 166 0 0 83 0 0
1249 166 0 0 166 9 8 0 0 0
1250 249 0 0 0 0 0 0 0 0
1252 166 0 0 0 0 0 0 0 0
1255 166 0 0 0 0 0 0 0 0
1256 166 0 0 0 0 0 0 0 0
1263 249 11 9 0 0 0 0 0 0
1267 747 11 9 581 0 0 0 0 0
fn=_IO_new_file_init_internal
106 102 18 4 0 0 0 34 0 0
110 34 0 0 0 0 0 34 0 0
111 34 0 0 34 0 0 0 0 0
113 34 0 0 0 0 0 34 0 0
114 34 0 0 0 0 0 34 0 0
115 68 0 0 68 0 0 0 0 0
fl=./libio/./libio/fseek.c
fn=fseek
32 18 2 2 0 0 0 8 0 0
35 16 1 1 8 0 0 1 0 0
36 18 3 3 0 0 0 2 0 0
39 12 2 2 10 0 0 0 0 0
fl=./libio/./libio/ftello.c
fn=ftello
38 5 1 1 0 0 0 2 0 0
41 3 0 0 1 0 0 0 0 0
42 5 1 1 0 0 0 1 0 0
43 3 0 0 1 0 0 0 0 0
49 2 1 1 0 0 0 0 0 0
61 4 0 0 3 0 0 0 0 0
fl=./libio/./libio/genops.c
fn=_IO_cleanup
786 6 1 1 0 0 0 3 0 0
787 11 1 1 4 0 0 2 0 0
790 12 0 0 4 0 0 0 0 0
799 9 1 1 3 1 1 0 0 0
801 3 0 0 1 0 0 0 0 0
838 3 0 0 0 0 0 3 0 0
842 9 1 1 3 0 0 2 0 0
843 2 0 0 0 0 0 1 0 0
863 11 1 1 1 1 0 7 0 0
866 3 0 0 0 0 0 1 0 0
878 12 1 1 9 0 0 0 0 0
fn=_IO_default_finish
54 48 0 0 24 0 0 0 0 0
601 72 17 4 0 0 0 24 0 0
603 72 18 4 24 0 0 0 0 0
609 72 0 0 24 0 0 0 0 0
612 72 0 0 24 0 0 0 0 0
624 48 0 0 48 0 0 0 0 0
fn=_IO_default_setbuf
330 15 2 2 3 0 0 0 0 0
332 12 0 0 0 0 0 3 2 1
337 6 0 0 0 0 0 3 0 0
452 27 4 4 0 0 0 12 1 1
453 15 0 0 6 0 0 3 0 0
455 12 0 0 0 0 0 0 0 0
457 9 2 2 3 0 0 3 0 0
458 6 0 0 0 0 0 0 0 0
462 3 0 0 0 0 0 0 0 0
466 12 0 0 0 0 0 9 0 0
467 3 0 0 0 0 0 0 0 0
468 18 0 0 15 0 0 0 0 0
fn=_IO_default_uflow
361 675 8 4 0 0 0 270 0 0
362 405 9 4 270 0 0 135 1 0
363 270 0 0 0 0 0 0 0 0
365 188 0 0 94 0 0 47 0 0
366 540 0 0 405 0 0 0 0 0
fn=_IO_default_xsputn
371 38322 30 10 0 0 0 17010 52 14
374 8604 0 0 0 0 0 0 0 0
375 2835 0 0 0 0 0 0 0 0
379 12005 35 11 5936 0 0 0 0 0
381 8904 0 0 0 0 0 0 0 0
384 5936 0 0 0 0 0 0 0 0
386 2920 0 0 0 0 0 1752 13 4
387 1752 0 0 584 0 0 0 0 0
389 4768 21 6 0 0 0 0 0 0
393 46370 105 29 0 0 0 0 0 0
394 23290 60 21 6618 12 9 9002 22 15
397 2968 12 5 0 0 0 0 0 0
399 6867 0 0 399 0 0 133 0 0
401 133 0 0 0 0 0 0 0 0
404 24147 47 16 21312 0 0 0 0 0
fn=_IO_doallocbuf
343 88 15 4 0 0 0 66 0 0
344 44 0 0 22 0 0 0 0 0
346 88 0 0 22 0 0 0 0 0
347 110 0 0 44 13 1 22 2 0
350 88 15 4 88 0 0 0 0 0
fn=_IO_flush_all_lockp
686 12 2 2 1 0 0 7 1 0
687 1 0 0 0 0 0 0 0 0
691 6 0 0 0 0 0 3 1 0
692 11 1 1 4 1 0 2 0 0
695 12 0 0 4 4 1 0 0 0
697 3 1 1 0 0 0 3 0 0
698 6 0 0 0 0 0 0 0 0
701 21 2 2 9 6 2 0 0 0
709 6 1 1 0 0 0 0 0 0
711 3 0 0 0 0 0 3 0 0
715 9 0 0 3 0 0 2 0 0
716 2 1 1 0 0 0 1 0 0
720 12 0 0 9 0 0 0 0 0
fn=_IO_free_backup_area
187 3 1 1 0 0 0 1 0 0
188 2 0 0 1 0 0 0 0 0
190 2 0 0 1 0 0 1 0 0
191 2 0 0 0 0 0 1 0 0
192 1 0 0 0 0 0 1 0 0
194 2 0 0 2 0 0 0 0 0
fn=_IO_link_in
87 580 18 4 58 0 0 348 2 0
88 232 0 0 58 0 0 0 0 0
90 68 19 4 0 0 0 34 0 0
92 238 18 4 0 0 0 102 2 0
93 408 19 4 136 17 3 68 0 0
94 34 0 0 0 0 0 34 0 0
95 442 20 4 238 0 0 34 0 0
97 68 0 0 34 20 3 34 0 0
98 34 0 0 0 0 0 34 0 0
100 442 21 4 204 0 0 68 0 0
101 34 19 4 0 0 0 34 0 0
102 238 0 0 68 0 0 68 0 0
103 68 0 0 0 0 0 34 0 0
106 614 0 0 464 0 0 0 0 0
fn=_IO_no_init
563 23900 52 10 0 0 0 9560 25 5
564 2390 0 0 0 0 0 2390 12 3
565 2390 0 0 0 0 0 2390 39 9
566 4780 0 0 0 0 0 0 0 0
568 34 10 0 0 0 0 34 0 0
572 204 0 0 0 0 0 170 0 0
579 34 0 0 0 0 0 34 21 5
581 34 0 0 0 0 0 34 18 3
586 4712 39 10 0 0 0 2356 0 0
587 2390 38 10 0 0 0 2390 0 0
588 14340 0 0 11950 0 0 0 0 0
fn=_IO_old_init
531 2390 33 11 0 0 0 0 0 0
532 4780 0 0 0 0 0 2390 9 4
534 14340 0 0 2390 43 11 2390 0 0
539 16730 0 0 0 0 0 14340 35 6
544 2390 49 11 0 0 0 2390 24 11
550 4780 0 0 0 0 0 2390 0 0
555 7170 0 0 2390 0 0 0 0 0
556 68 0 0 0 0 0 68 20 5
558 2390 0 0 2390 0 0 0 0 0
fn=_IO_setb
329 22815 34 11 0 0 0 5070 24 7
330 12392 33 11 5070 0 0 0 0 0
331 22 0 0 0 0 0 22 0 0
332 2535 0 0 0 0 0 2535 0 0
335 15276 0 0 44 0 0 2535 0 0
338 10162 0 0 7605 0 0 22 0 0
fn=_IO_sgetn
409 36 0 0 0 0 0 12 0 0
411 36 0 0 24 1 1 0 0 0
412 24 2 2 12 0 0 0 0 0
fn=_IO_sputbackc
635 7115 13 4 0 0 0 2846 2 0
638 4269 13 4 2846 0 0 0 0 0
639 2846 0 0 1423 0 0 0 0 0
641 2846 14 4 0 0 0 1423 0 0
642 1423 0 0 0 0 0 0 0 0
647 1423 0 0 0 0 0 0 0 0
648 1423 0 0 1423 0 0 0 0 0
651 5692 0 0 4269 0 0 0 0 0
fn=_IO_switch_to_get_mode
164 41815 16 4 0 0 0 16726 0 0
165 25089 0 0 16726 0 0 0 0 0
168 25089 17 4 8363 0 0 0 0 0
172 16726 0 0 8363 0 0 8363 0 0
173 16726 15 4 8363 0 0 0 0 0
176 8363 0 0 0 0 0 8363 0 0
178 16726 0 0 0 0 0 16726 0 0
180 16726 0 0 0 0 0 8363 0 0
181 8363 0 0 0 0 0 0 0 0
182 33452 0 0 25089 0 0 0 0 0
fn=_IO_un_link
53 58 23 4 0 0 0 0 0 0
54 116 0 0 58 0 0 0 0 0
82 58 0 0 24 0 0 0 0 0
fn=_IO_unsave_markers
960 75 21 4 0 0 0 25 0 0
962 50 0 0 25 0 0 0 0 0
967 75 18 4 25 1 0 0 0 0
969 50 0 0 50 0 0 0 0 0
fn=__GI__IO_un_link.part.0
52 306 42 8 34 0 0 170 0 0
58 204 0 0 0 0 0 102 0 0
59 408 20 4 136 0 0 68 0 0
60 34 0 0 0 0 0 34 0 0
61 466 23 4 232 0 0 33 0 0
63 102 2 2 34 0 0 0 0 0
65 68 0 0 0 0 0 0 0 0
66 68 1 1 34 0 0 34 0 0
74 101 0 0 33 0 0 34 0 0
76 431 40 6 132 0 0 66 0 0
77 34 0 0 0 0 0 34 0 0
78 306 21 4 102 0 0 68 0 0
79 68 0 0 0 0 0 34 0 0
82 306 0 0 238 0 0 0 0 0
fn=__uflow
173 135 0 0 135 0 0 0 0 0
299 675 11 4 0 0 0 270 0 0
300 675 9 4 135 0 0 0 0 0
305 405 0 0 135 0 0 0 0 0
308 405 0 0 135 0 0 0 0 0
310 270 10 4 0 0 0 0 0 0
316 270 0 0 135 0 0 0 0 0
321 405 0 0 135 0 0 0 0 0
323 540 0 0 270 10 1 0 0 0
324 405 0 0 270 0 0 0 0 0
fn=__underflow
173 8309 0 0 8309 0 0 0 0 0
269 41545 10 3 0 0 0 16618 0 0
270 41532 10 3 8309 0 0 13 0 0
275 24927 0 0 8309 0 0 0 0 0
278 24927 0 0 8309 0 0 0 0 0
280 16618 0 0 0 0 0 0 0 0
286 16618 0 0 8309 0 0 0 0 0
291 24927 10 3 8309 0 0 0 0 0
293 33236 10 3 16618 9 1 0 0 0
294 24927 0 0 16618 0 0 0 0 0
fl=./libio/./libio/getc.c
fn=getc
34 14196 2 1 0 0 0 7098 0 0
37 4732 0 0 2366 0 0 0 0 0
38 14188 6 2 7094 0 0 2362 0 0
43 11826 3 1 9460 0 0 0 0 0
fl=./libio/./libio/iofclose.c
fn=fclose@@GLIBC_2.2.5
34 120 16 4 0 0 0 72 0 0
48 72 16 4 24 0 0 0 0 0
49 24 16 4 0 0 0 24 0 0
51 325 15 3 162 0 0 23 0 0
52 71 16 4 23 0 0 0 0 0
53 72 0 0 0 0 0 24 0 0
57 96 0 0 48 1 0 24 0 0
58 72 0 0 24 0 0 0 0 0
71 48 0 0 24 0 0 0 0 0
76 120 0 0 96 0 0 0 0 0
fl=./libio/./libio/iofflush.c
fn=fflush
32 352 25 18 0 0 0 264 0 0
33 176 0 0 0 0 0 0 0 0
39 1232 12 9 616 8 2 88 0 0
40 440 0 0 176 5 1 88 0 0
44 440 0 0 352 0 0 0 0 0
fl=./libio/./libio/iofgets.c
fn=fgets
32 6138 6 3 0 0 0 5115 0 0
37 4092 0 0 0 0 0 0 0 0
39 3069 0 0 0 0 0 0 0 0
47 14322 5 3 7161 0 0 1023 0 0
51 3069 0 0 1023 0 0 0 0 0
52 2046 0 0 0 0 0 1023 0 0
53 7161 5 3 0 0 0 1023 0 0
56 5105 5 3 1023 0 0 0 0 0
57 1023 0 0 0 0 0 0 0 0
60 1018 0 0 0 0 0 1018 0 0
63 4082 5 3 1018 0 0 1023 0 0
66 7161 0 0 6138 0 0 0 0 0
fl=./libio/./libio/iofopen.c
fn=fopen@@GLIBC_2.2.5
37 48 0 0 24 0 0 0 0 0
65 68 20 4 0 0 0 34 0 0
67 102 0 0 0 0 0 0 0 0
70 68 0 0 0 0 0 34 18 5
72 238 18 4 0 0 0 34 0 0
73 68 0 0 0 0 0 34 0 0
74 68 0 0 0 0 0 34 0 0
75 238 0 0 0 0 0 34 0 0
78 20 7 2 0 0 0 10 0 0
79 20 0 0 0 0 0 10 0 0
80 10 0 0 0 0 0 0 0 0
85 272 20 4 0 0 0 136 2 1
87 238 15 4 170 0 0 0 0 0
fl=./libio/./libio/iofputs.c
fn=fputs
32 664 11 9 0 0 0 332 0 0
33 166 0 0 0 0 0 83 0 0
36 1079 11 8 581 30 24 83 0 0
37 414 9 7 83 10 8 1 0 0
38 581 0 0 166 9 8 83 0 0
39 83 0 0 0 0 0 0 0 0
42 581 0 0 415 0 0 0 0 0
fl=./libio/./libio/iofread.c
fn=fread
31 8 1 1 0 0 0 6 0 0
32 2 1 1 0 0 0 0 0 0
35 2 0 0 0 0 0 0 0 0
37 17 1 1 7 0 0 1 0 0
38 4 0 0 0 0 0 1 0 0
40 4 0 0 0 0 0 0 0 0
41 9 0 0 7 0 0 0 0 0
fl=./libio/./libio/iofread_u.c
fn=fread_unlocked
34 44 1 1 0 0 0 33 0 0
35 22 0 0 0 0 0 0 0 0
38 22 0 0 0 0 0 0 0 0
40 44 0 0 0 0 0 11 0 0
41 33 1 1 0 0 0 0 0 0
42 77 0 0 44 0 0 0 0 0
fl=./libio/./libio/iofwrite.c
fn=fwrite
31 32 1 1 0 0 0 24 0 0
32 8 0 0 0 0 0 0 0 0
35 8 1 1 0 0 0 0 0 0
49 36 1 1 28 0 0 0 0 0
fl=./libio/./libio/iogetdelim.c
fn=getdelim
41 2313378 19 2 0 0 0 1542256 0 0
46 771128 0 0 0 0 0 0 0 0
52 3084512 21 2 1349474 0 0 192782 0 0
53 578346 0 0 192782 0 0 0 0 0
59 963877 9 1 578324 0 0 0 0 0
61 22 0 0 11 0 0 11 0 0
62 33 0 0 0 0 0 22 0 0
63 22 0 0 0 0 0 0 0 0
70 578346 0 0 385564 0 0 0 0 0
71 385564 8 1 0 0 0 0 0 0
73 592 9 1 0 0 0 148 0 0
78 580 0 0 290 0 0 0 0 0
85 1205622 8 1 200937 0 0 401874 0 0
87 1004685 11 1 200937 0 0 0 0 0
88 803748 0 0 0 0 0 0 0 0
95 410032 0 0 0 0 0 0 0 0
96 803748 0 0 401874 0 0 0 0 0
100 6 0 0 0 0 0 0 0 0
102 200943 0 0 200937 0 0 4 0 0
103 6 0 0 2 0 0 0 0 0
105 6 0 0 0 0 0 0 0 0
108 2 0 0 0 0 0 2 0 0
109 4 0 0 2 0 0 2 0 0
111 803750 8 1 2 0 0 200937 0 0
112 200937 0 0 200937 0 0 0 0 0
114 434506 0 0 0 0 0 8158 0 0
116 24474 0 0 16316 0 0 0 0 0
118 385558 8 1 192779 0 0 192779 0 0
124 1735038 0 0 1349474 0 0 0 0 0
fl=./libio/./libio/iogetline.c
fn=_IO_getline
33 1023 5 3 0 0 0 0 0 0
34 2046 0 0 0 0 0 0 0 0
fn=_IO_getline_info
49 14322 11 6 0 0 0 9207 0 0
51 2046 0 0 0 0 0 0 0 0
53 3069 0 0 1023 0 0 0 0 0
54 14 5 3 0 0 0 7 0 0
55 4344 5 3 1023 0 0 0 0 0
57 3303 5 3 2202 0 0 0 0 0
58 2202 0 0 0 0 0 0 0 0
60 96 0 0 0 0 0 48 0 0
61 96 0 0 0 0 0 0 0 0
63 15 0 0 5 0 0 0 0 0
67 86 0 0 0 0 0 0 0 0
77 86 0 0 0 0 0 43 2 0
78 43 0 0 0 0 0 0 0 0
83 1053 0 0 0 0 0 0 0 0
85 6318 0 0 0 0 0 1053 0 0
86 2106 0 0 0 0 0 0 0 0
88 1950 0 0 975 0 0 0 0 0
89 1940 5 3 0 0 0 0 0 0
90 2910 0 0 970 0 0 0 0 0
92 970 0 0 0 0 0 0 0 0
94 1940 5 3 0 0 0 0 0 0
96 4850 0 0 0 0 0 1940 0 0
97 1940 0 0 970 0 0 970 0 0
98 970 0 0 0 0 0 0 0 0
100 332 0 0 0 0 0 83 0 0
101 83 0 0 83 0 0 0 0 0
102 83 0 0 0 0 0 0 0 0
103 83 0 0 0 0 0 0 0 0
106 96 0 0 48 0 0 0 0 0
107 8184 0 0 7161 0 0 0 0 0
fl=./libio/./libio/iopadn.c
fn=_IO_padn
37 637 24 20 49 0 0 343 0 0
41 98 12 10 0 0 0 0 0 0
44 98 0 0 0 0 0 0 0 0
45 49 0 0 0 0 0 0 0 0
46 42 0 0 0 0 0 0 0 0
47 21 0 0 0 0 0 0 0 0
54 147 13 10 0 0 0 0 0 0
62 98 0 0 0 0 0 0 0 0
64 245 0 0 98 0 0 49 9 6
65 49 0 0 0 0 0 0 0 0
68 588 12 10 441 0 0 0 0 0
fl=./libio/./libio/ioseekoff.c
fn=_IO_seekoff_unlocked
33 21 4 4 0 0 0 9 0 0
34 6 0 0 0 0 0 0 0 0
43 16 2 2 4 0 0 0 0 0
59 15 2 2 6 0 0 0 0 0
60 12 0 0 9 0 0 0 0 0
fl=./libio/./libio/iosetbuffer.c
fn=setbuffer
31 9 1 1 0 0 0 4 1 1
33 14 1 1 7 2 1 1 0 0
34 3 0 0 1 0 0 1 0 0
36 3 0 0 0 0 0 0 0 0
37 5 0 0 2 1 0 1 0 0
38 6 0 0 2 0 0 0 0 0
40 5 0 0 2 2 0 1 0 0
42 6 0 0 5 0 0 0 0 0
fl=./libio/./libio/iosetvbuf.c
fn=setvbuf
35 10 2 2 0 0 0 5 0 0
38 15 1 1 8 3 2 1 0 0
39 4 0 0 0 0 0 0 0 0
81 1 1 1 0 0 0 0 0 0
82 2 0 0 0 0 0 1 0 0
83 1 0 0 0 0 0 0 0 0
84 1 0 0 0 0 0 0 0 0
85 1 0 0 0 0 0 0 0 0
90 7 1 1 2 2 1 1 0 0
95 7 0 0 6 0 0 0 0 0
fl=./libio/./libio/iovsprintf.c
fn=__vsprintf_internal
72 3312 12 2 207 0 0 1449 7 0
77 207 0 0 0 0 0 207 8 0
79 1449 8 2 0 0 0 207 1 0
87 1035 7 2 0 0 0 207 0 0
91 1863 0 0 0 0 0 207 0 0
95 1035 8 2 0 0 0 207 0 0
97 414 0 0 207 0 0 207 0 0
99 2277 0 0 1863 0 0 0 0 0
fn=vsprintf
77 83 11 9 0 0 0 83 8 6
79 581 0 0 0 0 0 83 8 6
90 166 0 0 0 0 0 83 0 0
91 415 0 0 0 0 0 83 0 0
95 415 11 8 0 0 0 83 0 0
97 166 0 0 83 0 0 83 0 0
103 996 11 9 83 0 0 415 2 1
105 747 0 0 581 0 0 0 0 0
fl=./libio/./libio/libioP.h
fn=_IO_cleanup
940 4 0 0 0 0 0 0 0 0
fn=_IO_default_setbuf
940 9 0 0 0 0 0 0 0 0
942 6 0 0 0 0 0 0 0 0
943 6 0 0 0 0 0 0 0 0
fn=_IO_default_uflow
940 405 0 0 0 0 0 0 0 0
942 270 0 0 0 0 0 0 0 0
943 270 0 0 0 0 0 0 0 0
fn=_IO_default_xsputn
940 8505 0 0 0 0 0 0 0 0
942 266 0 0 0 0 0 0 0 0
943 266 0 0 0 0 0 0 0 0
fn=_IO_doallocbuf
940 66 16 4 0 0 0 0 0 0
942 44 0 0 0 0 0 0 0 0
943 44 0 0 0 0 0 0 0 0
fn=_IO_file_close_it@@GLIBC_2.2.5
940 72 0 0 0 0 0 0 0 0
942 48 0 0 0 0 0 0 0 0
943 48 0 0 0 0 0 0 0 0
fn=_IO_file_doallocate
940 66 0 0 0 0 0 0 0 0
942 44 0 0 0 0 0 0 0 0
943 44 0 0 0 0 0 0 0 0
fn=_IO_file_seekoff@@GLIBC_2.2.5
940 5 1 1 0 0 0 0 0 0
942 6 2 2 0 0 0 0 0 0
943 4 1 1 0 0 0 0 0 0
fn=_IO_file_underflow@@GLIBC_2.2.5
940 16726 0 0 0 0 0 0 0 0
942 33452 0 0 0 0 0 0 0 0
943 16726 0 0 0 0 0 0 0 0
fn=_IO_file_xsgetn
940 36 0 0 0 0 0 0 0 0
942 2 0 0 0 0 0 0 0 0
943 2 0 0 0 0 0 0 0 0
fn=_IO_file_xsputn@@GLIBC_2.2.5
940 249 0 0 0 0 0 0 0 0
942 332 21 17 0 0 0 0 0 0
943 332 0 0 0 0 0 0 0 0
fn=_IO_flush_all_lockp
940 4 1 1 0 0 0 0 0 0
fn=_IO_padn
940 147 11 9 0 0 0 0 0 0
942 98 0 0 0 0 0 0 0 0
943 98 0 0 0 0 0 0 0 0
fn=_IO_sgetn
940 36 0 0 0 0 0 0 0 0
942 24 0 0 0 0 0 0 0 0
943 24 0 0 0 0 0 0 0 0
fn=__uflow
940 405 0 0 0 0 0 0 0 0
942 270 0 0 0 0 0 0 0 0
943 270 0 0 0 0 0 0 0 0
fn=__underflow
940 24927 0 0 0 0 0 0 0 0
942 16618 0 0 0 0 0 0 0 0
943 16618 0 0 0 0 0 0 0 0
fn=fclose@@GLIBC_2.2.5
855 96 0 0 48 5 1 0 0 0
856 96 0 0 24 14 1 0 0 0
862 48 0 0 0 0 0 24 0 0
883 168 1 1 24 0 0 0 0 0
884 164 0 0 94 0 0 23 0 0
940 72 16 4 0 0 0 0 0 0
942 48 0 0 0 0 0 0 0 0
943 48 0 0 0 0 0 0 0 0
fn=fflush
883 176 0 0 88 0 0 0 0 0
884 792 11 8 352 0 0 176 0 0
940 264 0 0 0 0 0 0 0 0
942 176 0 0 0 0 0 0 0 0
943 176 0 0 0 0 0 0 0 0
fn=fgets
883 3064 0 0 0 0 0 0 0 0
884 9207 0 0 4092 0 0 2046 0 0
fn=fputs
883 166 0 0 83 0 0 0 0 0
884 747 1 1 332 0 0 166 0 0
940 249 10 8 0 0 0 0 0 0
942 166 0 0 0 0 0 0 0 0
943 166 0 0 0 0 0 0 0 0
fn=fread
883 2 0 0 1 0 0 0 0 0
884 10 1 1 4 0 0 2 0 0
fn=fseek
883 4 0 0 2 0 0 0 0 0
884 10 0 0 4 0 0 2 0 0
fn=getdelim
883 963907 0 0 385564 0 0 0 0 0
884 1542256 0 0 578346 0 0 385564 0 0
fn=setbuffer
883 2 1 1 1 0 0 0 0 0
884 9 0 0 4 0 0 2 0 0
940 3 1 1 0 0 0 0 0 0
942 2 0 0 0 0 0 0 0 0
943 2 0 0 0 0 0 0 0 0
fn=setvbuf
883 3 0 0 1 0 0 0 0 0
884 9 0 0 4 0 0 2 0 0
940 3 1 1 0 0 0 0 0 0
942 2 0 0 0 0 0 0 0 0
943 2 0 0 0 0 0 0 0 0
fl=./libio/./libio/setbuf.c
fn=setbuf
32 1 1 1 0 0 0 0 0 0
33 2 0 0 0 0 0 0 0 0
fl=./libio/./libio/strops.c
fn=_IO_str_init_static_internal
36 32984 74 22 0 0 0 14136 0 0
40 4712 0 0 0 0 0 0 0 0
41 5008 0 0 0 0 0 1252 0 0
42 1104 41 9 0 0 0 0 0 0
43 5520 0 0 0 0 0 0 0 0
46 11780 0 0 0 0 0 2356 5 2
50 23560 8 1 2356 0 0 7068 0 0
51 9572 39 11 0 0 0 0 0 0
64 2356 0 0 0 0 0 2356 5 0
65 16492 0 0 14136 0 0 0 0 0
fn=_IO_str_overflow
82 1197 11 1 0 0 0 798 5 0
83 399 0 0 0 0 0 0 0 0
85 399 0 0 133 0 0 0 0 0
87 665 13 2 0 0 0 0 0 0
93 1064 0 0 266 0 0 133 0 0
94 798 14 2 266 0 0 0 0 0
96 266 0 0 0 0 0 0 0 0
103 133 0 0 0 0 0 0 0 0
104 266 0 0 0 0 0 0 0 0
106 798 0 0 0 0 0 266 0 0
107 266 0 0 0 0 0 0 0 0
112 266 14 2 0 0 0 0 0 0
114 532 0 0 0 0 0 133 0 0
115 266 0 0 0 0 0 133 0 0
117 133 0 0 0 0 0 133 0 0
119 665 0 0 0 0 0 133 0 0
121 665 14 2 0 0 0 133 0 0
122 532 0 0 133 0 0 133 0 0
123 532 0 0 399 0 0 133 0 0
125 399 0 0 133 0 0 0 0 0
127 532 0 0 0 0 0 133 0 0
128 266 12 2 133 0 0 133 0 0
132 266 0 0 0 0 0 0 0 0
133 399 0 0 0 0 0 266 0 0
134 532 0 0 266 0 0 0 0 0
135 133 0 0 0 0 0 133 0 0
137 1064 0 0 931 0 0 0 0 0
fn=_IO_str_underflow
142 81 6 3 0 0 0 0 0 0
143 324 7 3 162 0 0 0 0 0
145 405 0 0 81 0 0 0 0 0
151 243 0 0 81 0 0 0 0 0
154 81 6 2 0 0 0 0 0 0
155 81 0 0 81 0 0 0 0 0
fl=./libio/./libio/vasprintf.c
fn=__vasprintf_internal
34 9072 32 4 1512 9 0 4032 2 0
45 1008 0 0 0 0 0 504 1 0
46 1008 0 0 0 0 0 0 0 0
49 504 0 0 0 0 0 504 1 0
51 4032 17 2 0 0 0 504 0 0
52 1008 0 0 0 0 0 504 0 0
53 2520 0 0 0 0 0 504 0 0
54 504 0 0 504 0 0 0 0 0
55 1008 0 0 504 0 0 504 0 0
57 3024 15 2 0 0 0 504 0 0
58 1008 0 0 0 0 0 0 0 0
60 504 16 2 504 0 0 0 0 0
65 1512 0 0 1008 0 0 0 0 0
66 1008 0 0 1008 0 0 0 0 0
67 1512 0 0 0 0 0 0 0 0
71 1104 5 1 0 0 0 552 0 0
72 552 0 0 0 0 0 0 0 0
74 828 0 0 0 0 0 276 0 0
75 552 0 0 0 0 0 276 0 0
79 912 0 0 0 0 0 456 0 0
81 1284 0 0 276 0 0 0 0 0
83 504 0 0 0 0 0 504 0 0
85 6048 11 1 4536 0 0 0 0 0
fn=vasprintf
89 178 13 1 0 0 0 0 0 0
90 356 0 0 0 0 0 0 0 0
fl=./libio/./libio/vsnprintf.c
fn=__vsnprintf_internal
95 4340 54 10 310 0 0 2170 15 5
99 310 0 0 0 0 0 310 14 5
104 930 0 0 0 0 0 0 0 0
110 2480 0 0 0 0 0 620 25 7
111 620 23 5 0 0 0 310 2 0
112 310 0 0 0 0 0 310 42 38
113 2170 27 5 0 0 0 310 0 0
114 1550 0 0 0 0 0 310 0 0
116 930 0 0 620 0 0 0 0 0
117 620 0 0 310 0 0 310 0 0
119 3410 23 5 2790 0 0 0 0 0
fn=vsnprintf
123 182 3 2 0 0 0 0 0 0
124 364 0 0 0 0 0 0 0 0
fl=./libio/./libio/vtables.c
fn=check_stdfiles_vtables
83 1 1 1 0 0 0 0 0 0
84 4 0 0 2 1 0 0 0 0
85 3 1 1 2 0 0 0 0 0
86 3 0 0 2 2 0 0 0 0
88 1 0 0 1 0 0 0 0 0
fl=./locale/./locale/localename.c
fn=__current_locale_name
24 20 2 2 0 0 0 0 0 0
25 80 2 2 60 4 2 0 0 0
26 20 0 0 20 0 0 0 0 0
fl=./locale/./locale/mb_cur_max.c
fn=__ctype_get_mb_cur_max
29 1 1 1 0 0 0 0 0 0
30 4 0 0 4 1 1 0 0 0
31 1 0 0 1 0 0 0 0 0
fl=./locale/./locale/newlocale.c
fn=newlocale
43 17 2 2 1 0 0 8 0 0
55 2 0 0 0 0 0 0 0 0
59 2 0 0 0 0 0 0 0 0
63 2 0 0 0 0 0 0 0 0
66 3 0 0 0 0 0 0 0 0
72 2 1 1 0 0 0 0 0 0
73 7 2 2 3 1 1 0 0 0
75 1 0 0 0 0 0 0 0 0
277 12 1 1 9 0 0 0 0 0
fl=./locale/./locale/uselocale.c
fn=uselocale
30 8 2 2 0 0 0 0 0 0
31 24 0 0 16 4 0 0 0 0
33 16 0 0 0 0 0 0 0 0
36 16 0 0 0 0 0 0 0 0
37 8 0 0 0 0 0 8 0 0
65 24 0 0 16 4 2 8 0 0
66 24 2 2 16 0 0 8 0 0
68 24 0 0 16 2 1 8 0 0
72 24 0 0 0 0 0 0 0 0
73 8 0 0 8 0 0 0 0 0
fl=./malloc/../include/alloc_buffer.h
fn=__libc_alloc_buffer_copy_bytes
158 12 0 0 0 0 0 0 0 0
190 18 0 0 0 0 0 0 0 0
193 6 0 0 0 0 0 0 0 0
fl=./malloc/./malloc/alloc_buffer_alloc_array.c
fn=__libc_alloc_buffer_alloc_array
25 12 1 1 0 0 0 0 0 0
26 6 0 0 6 0 0 0 0 0
28 18 0 0 0 0 0 0 0 0
30 42 0 0 0 0 0 0 0 0
31 6 0 0 0 0 0 0 0 0
32 6 0 0 0 0 0 0 0 0
34 36 1 1 0 0 0 0 0 0
35 18 0 0 6 0 0 6 0 0
38 6 0 0 0 0 0 0 0 0
45 6 0 0 6 0 0 0 0 0
fl=./malloc/./malloc/alloc_buffer_copy_bytes.c
fn=__libc_alloc_buffer_copy_bytes
28 24 2 2 0 0 0 12 0 0
30 18 0 0 0 0 0 0 0 0
31 18 2 2 0 0 0 6 0 0
33 36 0 0 18 0 0 0 0 0
fl=./malloc/./malloc/arena.c
fn=calloc
162 2910 0 0 0 0 0 0 0 0
fn=free
162 10344 0 0 0 0 0 0 0 0
fn=malloc
162 2334 65 12 0 0 0 0 0 0
315 1 1 1 0 0 0 1 0 0
fn=posix_memalign
162 2 0 0 0 0 0 0 0 0
fn=ptmalloc_init.part.0
313 6 1 1 1 0 0 3 0 0
318 1 0 0 0 0 0 1 0 0
343 2 2 2 1 1 0 0 0 0
347 3 0 0 1 1 0 1 1 0
352 4 0 0 0 0 0 1 0 0
353 4 1 1 0 0 0 1 0 0
354 4 0 0 0 0 0 1 0 0
355 4 0 0 0 0 0 1 0 0
356 4 1 1 0 0 0 1 0 0
357 4 0 0 0 0 0 1 0 0
358 4 0 0 0 0 0 1 0 0
360 4 1 1 0 0 0 1 0 0
361 4 0 0 0 0 0 1 0 0
362 4 0 0 0 0 0 1 0 0
365 4 0 0 0 0 0 1 0 0
366 4 1 1 0 0 0 1 0 0
367 2 0 0 1 1 1 0 0 0
430 7 0 0 5 0 0 0 0 0
fn=realloc
162 1524 14 1 0 0 0 0 0 0
fn=sysmalloc
565 4 4 2 0 0 0 4 0 0
fl=./malloc/./malloc/malloc.c
fn=_int_free
2012 5970 16 3 1990 22 8 0 0 0
3181 3240 45 13 1620 0 0 1620 0 0
3183 6480 0 0 1620 74 17 1620 0 0
3184 1620 0 0 0 0 0 1620 0 0
3185 3240 0 0 0 0 0 1620 0 0
4421 39710 114 25 3610 26 0 25270 15 1
4431 10830 0 0 3610 0 0 0 0 0
4437 18050 0 0 0 0 0 0 0 0
4438 7220 0 0 0 0 0 0 0 0
4442 14440 0 0 0 0 0 0 0 0
4449 7220 0 0 0 0 0 0 0 0
4450 25270 52 12 10830 29 8 0 0 0
4453 3496 0 0 0 0 0 0 0 0
4459 10488 0 0 6992 242 105 0 0 0
4479 17480 27 4 6992 26 10 0 0 0
4482 1620 0 0 0 0 0 0 0 0
4493 3980 20 9 1990 31 9 0 0 0
4504 6868 0 0 1717 337 130 0 0 0
4506 5151 0 0 1717 7 0 0 0 0
4527 1717 0 0 0 0 0 1717 2 0
4528 1717 0 0 0 0 0 0 0 0
4532 5151 0 0 1717 0 0 0 0 0
4534 5151 0 0 1717 0 0 0 0 0
4538 3434 0 0 0 0 0 0 0 0
4540 6868 1 0 0 0 0 1717 0 0
4541 1717 0 0 0 0 0 1717 0 0
4560 6868 0 0 0 0 0 0 0 0
4569 546 19 8 273 0 0 0 0 0
4572 273 0 0 273 0 0 0 0 0
4575 1365 0 0 0 0 0 273 1 0
4578 273 42 13 0 0 0 0 0 0
4582 819 0 0 273 27 8 0 0 0
4585 1092 0 0 273 23 8 0 0 0
4587 819 38 13 273 32 9 0 0 0
4590 819 0 0 273 91 28 0 0 0
4593 546 0 0 0 0 0 0 0 0
4594 546 0 0 0 0 0 0 0 0
4595 546 49 12 273 24 10 0 0 0
4601 546 0 0 273 0 0 0 0 0
4602 43 0 0 43 0 0 0 0 0
4603 43 0 0 0 0 0 0 0 0
4604 43 0 0 0 0 0 0 0 0
4605 172 0 0 43 2 0 0 0 0
4607 86 0 0 0 0 0 43 1 0
4610 546 46 12 273 0 0 0 0 0
4615 482 0 0 241 80 33 0 0 0
4616 92 20 12 0 0 0 46 0 0
4617 92 0 0 0 0 0 0 0 0
4619 195 0 0 195 0 0 0 0 0
4627 241 0 0 0 0 0 0 0 0
4628 964 0 0 241 0 0 0 0 0
4629 482 0 0 241 6 0 0 0 0
4631 241 0 0 0 0 0 241 3 2
4633 482 26 10 0 0 0 0 0 0
4635 294 29 12 0 0 0 98 8 0
4638 241 0 0 0 0 0 241 0 0
4639 241 0 0 0 0 0 241 0 0
4641 723 0 0 0 0 0 241 0 0
4642 241 0 0 0 0 0 241 0 0
4653 32 18 2 0 0 0 0 0 0
4654 96 0 0 0 0 0 32 0 0
4655 64 0 0 0 0 0 32 0 0
4672 546 12 2 0 0 0 0 0 0
4673 147 33 11 49 0 0 0 0 0
4674 9 3 1 0 0 0 3 0 0
4676 147 30 10 0 0 0 0 0 0
4678 245 27 10 147 37 10 0 0 0
4680 6 2 1 2 0 0 2 0 0
4692 819 0 0 273 1 0 0 0 0
4702 39710 57 16 32490 2 0 0 0 0
fn=_int_malloc
1343 4286 33 14 0 0 0 0 0 0
1362 10488 59 13 0 0 0 0 0 0
2005 6394 55 15 2137 0 0 0 0 0
3177 55 0 0 27 0 0 28 0 0
3181 3375 3 1 1167 1 0 1167 5 0
3183 2451 16 4 75 0 0 1119 0 0
3184 23 0 0 0 0 0 23 0 0
3185 103 0 0 1 0 0 51 0 0
3186 54 0 0 0 0 0 0 0 0
3193 69 11 2 46 0 0 0 0 0
3194 46 0 0 0 0 0 0 0 0
3196 92 0 0 23 0 0 23 0 0
3197 23 0 0 23 0 0 0 0 0
3198 23 0 0 0 0 0 23 0 0
3771 19287 34 13 0 0 0 12858 51 2
3811 4286 42 11 0 0 0 0 0 0
3838 4740 0 0 2143 70 5 0 0 0
3841 41 0 0 0 0 0 0 0 0
3843 1966 0 0 1739 13 0 0 0 0
3845 8572 45 6 0 0 0 0 0 0
3847 82 3 1 0 0 0 0 0 0
3850 123 0 0 41 0 0 0 0 0
3851 246 0 0 41 6 0 41 0 0
3853 4536 21 5 0 0 0 0 0 0
3856 82 0 0 41 1 0 0 0 0
3857 82 11 2 0 0 0 0 0 0
3863 82 0 0 0 0 0 0 0 0
3864 246 0 0 123 3 0 0 0 0
3869 42 0 0 41 0 0 0 0 0
3870 138 15 4 48 0 0 0 0 0
3872 2 0 0 0 0 0 0 0 0
3874 3 1 1 1 0 0 0 0 0
3875 6 0 0 1 0 0 1 0 0
3901 808 0 0 0 0 0 0 0 0
3903 1885 0 0 0 0 0 1885 42 2
3904 4706 72 11 0 0 0 0 0 0
3906 5880 0 0 1960 168 10 0 0 0
3908 75 0 0 75 24 6 0 0 0
3909 150 0 0 75 11 1 0 0 0
3911 75 0 0 75 20 4 0 0 0
3912 75 0 0 0 0 0 75 0 0
3913 75 0 0 0 0 0 75 0 0
3915 225 17 4 0 0 0 0 0 0
3921 150 0 0 0 0 0 0 0 0
3922 450 0 0 225 1 0 0 0 0
3927 456 0 0 150 3 1 0 0 0
3928 192 0 0 0 0 0 0 0 0
3932 27 0 0 27 0 0 0 0 0
3933 27 0 0 27 12 2 0 0 0
3934 54 0 0 0 0 0 0 0 0
3936 27 0 0 0 0 0 27 0 0
3937 27 0 0 0 0 0 27 9 1
3944 75 0 0 0 0 0 0 0 0
3963 4990 153 39 0 0 0 1554 67 8
3964 426 15 3 142 22 5 0 0 0
3965 281 7 1 0 0 0 18 14 0
3982 10132 0 0 2026 18 1 4053 31 4
3983 6081 24 12 0 0 0 0 0 0
3984 6081 0 0 4054 2 0 0 0 0
3988 2027 0 0 0 0 0 2027 0 0
3993 1041 0 0 0 0 0 0 0 0
3994 9402 11 2 2443 33 4 0 0 0
3996 1233 0 0 1233 9 0 0 0 0
3997 4932 0 0 1233 36 1 0 0 0
3998 1233 0 0 0 0 0 0 0 0
4000 2466 27 14 0 0 0 0 0 0
4001 3699 0 0 1233 50 3 0 0 0
4003 1233 0 0 1233 66 1 0 0 0
4004 4932 0 0 0 0 0 0 0 0
4006 4932 0 0 1233 0 0 0 0 0
4008 2466 31 14 1233 4 0 0 0 0
4009 2466 0 0 1233 0 0 0 0 0
4011 2466 0 0 0 0 0 0 0 0
4022 4932 0 0 0 0 0 0 0 0
4023 1898 27 7 949 0 0 0 0 0
4024 1804 0 0 902 0 0 0 0 0
4025 2082 0 0 0 0 0 1041 0 0
4028 1554 0 0 777 0 0 0 0 0
4029 777 0 0 0 0 0 0 0 0
4030 777 0 0 0 0 0 777 0 0
4031 2331 0 0 0 0 0 777 0 0
4032 777 0 0 0 0 0 777 337 261
4033 1554 0 0 0 0 0 0 0 0
4035 1188 25 1 0 0 0 594 120 100
4039 6216 5 1 0 0 0 777 0 0
4041 2331 0 0 0 0 0 777 37 30
4042 777 0 0 0 0 0 777 0 0
4045 817 0 0 0 0 0 0 0 0
4053 456 0 0 0 0 0 456 0 0
4054 456 0 0 0 0 0 456 0 0
4058 912 0 0 0 0 0 0 0 0
4060 80 19 7 0 0 0 40 0 0
4061 8228 28 14 0 0 0 4054 1 0
4066 80 0 0 40 0 0 0 0 0
4067 3259 31 14 2150 0 0 1041 0 0
4071 46 12 2 0 0 0 0 0 0
4087 832 42 14 0 0 0 0 0 0
4089 612 0 0 0 0 0 0 0 0
4090 1224 0 0 0 0 0 0 0 0
4091 306 0 0 306 49 9 0 0 0
4095 1410 82 33 0 0 0 0 0 0
4096 440 23 5 0 0 0 0 0 0
4097 110 0 0 110 65 14 0 0 0
4100 220 0 0 0 0 0 0 0 0
4144 330 44 14 0 0 0 110 6 1
4147 2496 49 14 416 47 1 0 0 0
4149 1664 0 0 0 0 0 416 0 0
4150 416 0 0 0 0 0 416 7 1
4151 416 0 0 0 0 0 416 0 0
4156 832 0 0 832 0 0 0 0 0
4157 832 0 0 0 0 0 0 0 0
4158 3123 0 0 1041 0 0 1041 0 0
4166 1248 35 10 0 0 0 0 0 0
4174 23 0 0 0 0 0 0 0 0
4183 2420 17 2 0 0 0 0 0 0
4185 544 43 10 136 0 0 0 0 0
4188 408 0 0 136 98 17 0 0 0
4189 20 0 0 10 2 1 0 0 0
4192 16 8 7 16 0 0 0 0 0
4193 48 0 0 8 0 0 0 0 0
4199 16 0 0 8 0 0 0 0 0
4204 16 0 0 0 0 0 0 0 0
4205 24 8 7 0 0 0 16 0 0
4208 24 0 0 8 0 0 0 0 0
4210 1 0 0 1 0 0 0 0 0
4211 3 1 1 0 0 0 0 0 0
4217 7 0 0 0 0 0 0 0 0
4221 28 0 0 7 0 0 0 0 0
4222 14 0 0 7 0 0 0 0 0
4225 7 0 0 0 0 0 7 1 0
4226 7 0 0 0 0 0 7 0 0
4227 7 0 0 0 0 0 7 0 0
4228 14 7 6 0 0 0 0 0 0
4230 14 0 0 0 0 0 7 0 0
4233 56 0 0 0 0 0 7 0 0
4235 21 0 0 0 0 0 7 0 0
4236 7 0 0 0 0 0 7 0 0
4239 8 0 0 0 0 0 0 0 0
4256 2404 13 2 1202 0 0 0 0 0
4257 2404 0 0 0 0 0 0 0 0
4258 2404 0 0 0 0 0 0 0 0
4259 2404 0 0 1202 21 3 0 0 0
4260 3606 0 0 0 0 0 0 0 0
4265 3838 49 7 0 0 0 0 0 0
4269 7491 34 6 0 0 0 0 0 0
4272 10047 41 3 2693 0 0 0 0 0
4274 408 0 0 0 0 0 0 0 0
4275 204 0 0 0 0 0 0 0 0
4279 5190 0 0 0 0 0 0 0 0
4281 2097 0 0 0 0 0 0 0 0
4283 4194 0 0 0 0 0 0 0 0
4287 498 0 0 498 75 18 0 0 0
4290 996 0 0 0 0 0 0 0 0
4292 1070 23 3 0 0 0 214 0 0
4293 214 0 0 0 0 0 0 0 0
4294 214 0 0 0 0 0 0 0 0
4299 852 45 7 568 60 21 0 0 0
4302 568 0 0 0 0 0 0 0 0
4304 568 0 0 0 0 0 0 0 0
4307 1136 0 0 0 0 0 852 15 2
4310 1136 0 0 568 0 0 0 0 0
4312 59 0 0 59 0 0 0 0 0
4313 177 8 4 0 0 0 0 0 0
4320 225 0 0 0 0 0 0 0 0
4325 900 54 7 225 0 0 0 0 0
4326 450 0 0 225 0 0 0 0 0
4329 225 0 0 0 0 0 225 115 62
4330 225 0 0 0 0 0 225 0 0
4331 225 0 0 0 0 0 225 0 0
4334 450 0 0 0 0 0 0 0 0
4335 172 0 0 0 0 0 172 0 0
4336 450 0 0 0 0 0 0 0 0
4338 166 26 4 0 0 0 83 16 13
4341 1800 19 3 0 0 0 225 0 0
4343 675 0 0 0 0 0 225 33 23
4344 225 0 0 0 0 0 225 0 0
4347 284 0 0 0 0 0 0 0 0
4369 918 19 3 918 0 0 0 0 0
4370 1836 0 0 918 18 2 0 0 0
4372 1836 0 0 918 12 1 0 0 0
4375 2774 8 4 0 0 0 20 0 0
4377 908 0 0 0 0 0 0 0 0
4378 1816 26 3 908 0 0 0 0 0
4379 908 0 0 0 0 0 908 0 0
4380 7264 21 3 0 0 0 908 0 0
4382 1816 0 0 0 0 0 908 454 327
4385 908 0 0 0 0 0 0 0 0
4392 30 0 0 10 0 0 0 0 0
4397 3832 0 0 0 0 0 0 0 0
4399 28275 37 15 0 0 0 16965 37 3
4407 50 7 4 10 0 0 10 1 0
4408 20 0 0 0 0 0 0 0 0
4413 19287 81 20 15001 2 0 0 0 0
fn=_int_memalign
1343 2 0 0 0 0 0 0 0 0
1362 7 1 1 0 0 0 0 0 0
4941 7 1 1 0 0 0 6 0 0
4955 2 0 0 0 0 0 0 0 0
4970 4 0 0 0 0 0 1 0 0
4972 2 0 0 0 0 0 0 0 0
4975 1 0 0 0 0 0 0 0 0
4977 4 0 0 0 0 0 0 0 0
4986 5 1 1 0 0 0 0 0 0
4988 4 0 0 0 0 0 0 0 0
4993 4 1 1 1 0 0 0 0 0
4996 2 0 0 0 0 0 0 0 0
5004 9 1 1 0 0 0 1 0 0
5006 1 0 0 1 0 0 0 0 0
5007 5 0 0 1 0 0 1 0 0
5008 3 0 0 0 0 0 1 0 0
5011 10 1 1 0 0 0 0 0 0
5016 3 0 0 1 0 0 0 0 0
5018 1 0 0 0 0 0 0 0 0
5019 3 1 1 0 0 0 0 0 0
5021 1 0 0 0 0 0 0 0 0
5022 1 0 0 0 0 0 0 0 0
5023 8 0 0 0 0 0 1 1 1
5025 4 0 0 1 0 0 1 0 0
5026 4 0 0 0 0 0 1 0 0
5032 9 0 0 7 0 0 0 0 0
fn=_int_realloc
4818 1778 14 1 0 0 0 1524 5 0
4829 1016 14 1 254 0 0 0 0 0
4830 1270 0 0 254 0 0 0 0 0
4836 508 0 0 0 0 0 0 0 0
4838 508 0 0 0 0 0 0 0 0
4839 762 0 0 254 3 0 0 0 0
4841 1016 15 1 0 0 0 0 0 0
4844 508 0 0 0 0 0 0 0 0
4854 48 2 1 14 0 0 0 0 0
4855 10 1 1 0 0 0 0 0 0
4856 10 0 0 0 0 0 0 0 0
4858 1530 0 0 0 0 0 10 0 0
4859 20 1 1 0 0 0 10 0 0
4860 30 0 0 0 0 0 10 2 2
4862 20 0 0 0 0 0 0 0 0
4866 8 0 0 4 0 0 0 0 0
4867 8 0 0 0 0 0 0 0 0
4868 4 2 1 0 0 0 0 0 0
4878 16 2 1 0 0 0 4 0 0
4879 8 0 0 0 0 0 0 0 0
4882 4 0 0 0 0 0 0 0 0
4883 4 0 0 4 0 0 0 0 0
4888 8 0 0 0 0 0 0 0 0
4895 4 0 0 0 0 0 0 0 0
4896 28 2 1 4 0 0 0 0 0
4899 8 0 0 0 0 0 4 0 0
4900 16 0 0 0 0 0 4 0 0
4902 4 0 0 0 0 0 0 0 0
4911 480 0 0 0 0 0 0 0 0
4913 480 13 0 0 0 0 0 0 0
4915 408 0 0 0 0 0 84 0 0
4916 84 0 0 84 0 0 0 0 0
4920 156 0 0 0 0 0 0 0 0
4923 312 0 0 0 0 0 156 0 0
4924 468 10 0 0 0 0 156 0 0
4927 156 12 0 156 0 0 0 0 0
4928 624 0 0 0 0 0 156 0 0
4932 240 0 0 0 0 0 0 0 0
4933 2286 0 0 1778 0 0 0 0 0
fn=calloc
3624 5820 19 5 0 0 0 3880 1 0
3634 8730 29 5 0 0 0 0 0 0
3642 1940 0 0 970 4 1 0 0 0
3645 2910 0 0 1940 10 2 0 0 0
3647 2910 0 0 970 20 0 0 0 0
3657 970 29 6 970 32 1 0 0 0
3658 2910 26 6 970 57 1 0 0 0
3665 970 0 0 0 0 0 0 0 0
3679 2910 18 5 0 0 0 970 17 1
3681 6790 35 5 970 6 1 0 0 0
3684 2910 0 0 970 0 0 0 0 0
3698 1940 35 5 0 0 0 0 0 0
3701 3880 38 5 0 0 0 0 0 0
3709 1940 0 0 970 0 0 0 0 0
3712 1940 0 0 0 0 0 0 0 0
3714 970 0 0 970 0 0 0 0 0
3721 3880 0 0 0 0 0 0 0 0
3732 970 0 0 0 0 0 0 0 0
3734 1940 0 0 0 0 0 0 0 0
3736 1940 0 0 0 0 0 0 0 0
3737 966 0 0 0 0 0 0 0 0
3741 1296 0 0 0 0 0 648 0 0
3743 648 0 0 0 0 0 648 4 0
3744 1296 0 0 0 0 0 0 0 0
3746 563 0 0 0 0 0 563 1 0
3748 1126 22 5 0 0 0 0 0 0
3750 401 0 0 0 0 0 401 0 0
3752 802 0 0 0 0 0 0 0 0
3754 150 0 0 0 0 0 75 2 0
3762 5498 23 6 4528 0 0 0 0 0
fn=free
3352 15046 43 10 0 0 0 6908 1 0
3356 9368 0 0 0 0 0 0 0 0
3364 6908 0 0 6908 110 10 0 0 0
3366 3454 0 0 0 0 0 0 0 0
3368 10362 53 13 3454 585 219 0 0 0
3372 18 1 1 6 3 1 0 0 0
3374 24 0 0 6 1 0 0 0 0
3376 4 0 0 0 0 0 2 0 0
3377 4 2 2 0 0 0 2 0 0
3378 2 0 0 0 0 0 0 0 0
3381 12 0 0 0 0 0 6 1 0
3385 10344 0 0 6896 56 16 0 0 0
3391 6896 54 11 0 0 0 3448 5 0
3394 3454 0 0 0 0 0 3454 1 0
3395 15046 40 4 11592 1 0 0 0 0
fn=malloc
1343 5320 25 9 0 0 0 0 0 0
1362 12887 30 13 0 0 0 0 0 0
3193 2986 0 0 1493 163 13 0 0 0
3194 2986 0 0 0 0 0 0 0 0
3196 5972 0 0 1493 488 48 1493 0 0
3197 2986 0 0 0 0 0 1493 0 0
3198 1493 0 0 0 0 0 1493 0 0
3241 4 0 0 2 0 0 1 0 0
3287 15960 34 10 0 0 0 7980 12 0
3294 5320 0 0 2660 57 4 0 0 0
3304 6741 29 12 0 0 0 0 0 0
3306 10640 0 0 5320 141 8 0 0 0
3309 5320 0 0 2660 41 3 0 0 0
3310 4 0 0 1 0 0 0 0 0
3311 7725 32 11 2575 115 6 0 0 0
3319 3501 54 11 1167 15 2 0 0 0
3321 4668 19 8 0 0 0 1167 2 0
3322 5835 0 0 1167 3 1 0 0 0
3347 13300 20 4 10640 1 0 0 0 0
fn=malloc_consolidate
4715 168 16 3 0 0 0 126 14 0
4730 21 0 0 0 0 0 21 0 0
4732 42 0 0 0 0 0 21 9 0
4743 21 16 3 0 0 0 0 0 0
4745 420 0 0 420 1 0 0 0 0
4746 420 0 0 0 0 0 0 0 0
4749 3350 16 3 0 0 0 0 0 0
4753 5025 0 0 1675 861 0 0 0 0
4754 6700 0 0 0 0 0 0 0 0
4759 8375 16 3 1675 251 0 0 0 0
4762 3350 0 0 0 0 0 0 0 0
4763 1675 0 0 0 0 0 0 0 0
4764 5025 0 0 1675 320 0 0 0 0
4766 3350 0 0 0 0 0 0 0 0
4767 704 0 0 704 0 0 0 0 0
4768 704 0 0 0 0 0 0 0 0
4769 704 0 0 0 0 0 0 0 0
4770 2816 0 0 704 105 1 0 0 0
4772 7040 1 0 2816 0 0 3520 0 0
4775 3350 13 3 1675 2 0 0 0 0
4778 3344 15 3 1672 514 21 0 0 0
4779 794 7 1 0 0 0 0 0 0
4780 5558 0 0 1588 0 0 2382 3 0
4782 1756 0 0 0 0 0 878 0 0
4784 1672 0 0 1672 0 0 0 0 0
4785 3344 0 0 0 0 0 1672 0 0
4786 3344 0 0 1672 0 0 1672 2 0
4788 3344 0 0 0 0 0 0 0 0
4789 218 0 0 0 0 0 109 7 1
4793 5016 0 0 0 0 0 1672 0 0
4795 1672 0 0 0 0 0 1672 0 0
4796 2466 0 0 0 0 0 1672 0 0
4800 3 0 0 0 0 0 0 0 0
4801 6 1 1 0 0 0 3 0 0
4802 6 0 0 0 0 0 3 0 0
4805 4960 0 0 0 0 0 0 0 0
4808 630 0 0 210 0 0 0 0 0
4809 168 0 0 147 2 0 0 0 0
fn=munmap_chunk
3044 6 4 2 0 0 0 0 0 0
3045 12 0 0 12 5 2 0 0 0
3046 18 0 0 6 0 0 0 0 0
3048 12 0 0 0 0 0 0 0 0
3050 6 0 0 0 0 0 0 0 0
3051 12 0 0 6 0 0 0 0 0
3052 12 4 2 6 0 0 0 0 0
3058 24 0 0 0 0 0 0 0 0
3059 30 0 0 0 0 0 0 0 0
3062 6 0 0 12 0 0 0 0 0
3063 18 0 0 12 0 0 0 0 0
3068 12 4 2 0 0 0 0 0 0
3069 6 0 0 0 0 0 0 0 0
fn=posix_memalign
3535 6 0 0 0 0 0 0 0 0
3536 6 1 1 0 0 0 2 0 0
3539 2 0 0 0 0 0 0 0 0
3544 3 1 1 0 0 0 0 0 0
3552 3 0 0 0 0 0 0 0 0
3560 3 1 1 1 0 0 0 0 0
3562 6 1 1 0 0 0 1 0 0
3563 5 0 0 1 0 0 0 0 0
3579 2 1 1 0 0 0 0 0 0
5677 27 1 1 0 0 0 15 0 0
5680 6 1 1 3 0 0 0 0 0
5685 6 0 0 0 0 0 0 0 0
5686 12 0 0 0 0 0 0 0 0
5687 12 0 0 0 0 0 0 0 0
5694 4 0 0 0 0 0 0 0 0
5696 3 0 0 0 0 0 3 0 0
5697 3 0 0 0 0 0 0 0 0
5701 18 0 0 18 0 0 0 0 0
fn=ptmalloc_init.part.0
1966 385 1 1 0 0 0 0 0 0
1969 381 0 0 0 0 0 127 33 32
1977 1 0 0 0 0 0 1 1 1
1978 1 0 0 0 0 0 1 1 1
1980 1 0 0 0 0 0 1 0 0
3162 7 1 1 0 0 0 1 0 0
fn=realloc
1343 508 0 0 0 0 0 0 0 0
1362 1524 0 0 0 0 0 0 0 0
3400 2750 20 3 0 0 0 1650 1 1
3406 550 0 0 275 2 1 0 0 0
3410 550 0 0 0 0 0 0 0 0
3417 550 14 2 0 0 0 0 0 0
3418 42 0 0 0 0 0 0 0 0
3426 254 0 0 0 0 0 0 0 0
3428 762 0 0 254 6 0 0 0 0
3430 508 0 0 0 0 0 0 0 0
3431 254 0 0 0 0 0 0 0 0
3434 762 0 0 508 0 0 0 0 0
3442 1016 0 0 0 0 0 0 0 0
3443 508 14 1 0 0 0 0 0 0
3452 508 0 0 0 0 0 0 0 0
3483 762 0 0 254 0 0 0 0 0
3485 1524 28 2 0 0 0 254 0 0
3486 1778 13 1 254 0 0 0 0 0
3515 2433 15 1 1904 0 0 0 0 0
fn=sysmalloc
2028 20 0 0 5 0 0 0 0 0
2548 90 7 4 0 0 0 60 1 0
2568 40 0 0 30 9 1 10 1 0
2579 20 8 4 0 0 0 0 0 0
2580 24 0 0 10 8 4 4 1 0
2581 18 6 4 12 5 4 0 0 0
2585 30 0 0 6 0 0 0 0 0
2594 24 6 4 0 0 0 6 1 0
2595 12 0 0 0 0 0 0 0 0
2606 4 0 0 4 0 0 0 0 0
2607 12 0 0 4 0 0 0 0 0
2608 4 0 0 0 0 0 0 0 0
2610 8 4 2 0 0 0 0 0 0
2617 37 3 1 0 0 0 0 0 0
2623 12 1 1 0 0 0 0 0 0
2626 12 0 0 0 0 0 0 0 0
2687 8 4 2 4 0 0 0 0 0
2696 16 0 0 4 0 0 0 0 0
2709 12 0 0 4 2 0 0 0 0
2713 3 1 1 0 0 0 1 0 0
2717 20 0 0 0 0 0 4 0 0
2725 8 4 2 0 0 0 0 0 0
2727 8 4 2 0 0 0 4 0 0
2728 12 0 0 4 0 0 0 0 0
2729 8 0 0 4 0 0 0 0 0
2730 4 0 0 0 0 0 0 0 0
2733 8 0 0 0 0 0 0 0 0
2764 8 4 2 4 0 0 0 0 0
2765 2 1 1 0 0 0 1 0 0
2766 20 0 0 8 0 0 4 0 0
2772 14 4 2 0 0 0 0 0 0
2773 12 0 0 0 0 0 3 0 0
2775 4 2 2 1 0 0 0 0 0
2815 3 1 1 0 0 0 0 0 0
2837 2 0 0 0 0 0 0 0 0
2838 7 0 0 0 0 0 0 0 0
2840 2 1 1 0 0 0 0 0 0
2841 4 0 0 0 0 0 2 0 0
2853 3 0 0 1 0 0 0 0 0
2895 1 0 0 0 0 0 1 0 0
2896 4 0 0 0 0 0 1 1 1
2897 5 1 1 2 0 0 1 0 0
2908 2 1 1 0 0 0 0 0 0
2941 8 4 2 4 0 0 0 0 0
2942 4 0 0 0 0 0 4 0 0
2946 3 0 0 3 0 0 0 0 0
2947 8 0 0 4 0 0 0 0 0
2950 8 0 0 0 0 0 0 0 0
2952 4 0 0 0 0 0 0 0 0
2953 4 0 0 0 0 0 0 0 0
2954 4 0 0 0 0 0 4 0 0
2955 32 3 1 0 0 0 4 0 0
2956 8 0 0 0 0 0 4 4 4
2958 8 0 0 0 0 0 0 0 0
2964 110 3 1 90 0 0 0 0 0
fn=sysmalloc_mmap.constprop.0
2028 24 0 0 6 0 0 0 0 0
2420 18 4 4 0 0 0 18 1 0
2433 18 0 0 0 0 0 0 0 0
2438 12 4 4 0 0 0 0 0 0
2441 60 0 0 0 0 0 6 0 0
2444 12 5 4 0 0 0 0 0 0
2448 12 0 0 0 0 0 0 0 0
2466 18 0 0 0 0 0 0 0 0
2484 6 0 0 0 0 0 6 6 6
2485 18 0 0 0 0 0 6 0 0
2489 18 4 4 12 0 0 0 0 0
2490 28 0 0 11 0 0 0 0 0
2493 18 0 0 12 0 0 0 0 0
2494 30 4 4 12 0 0 0 0 0
2499 30 0 0 24 0 0 0 0 0
fn=systrim.constprop.0
2977 6 0 0 0 0 0 6 0 0
2986 6 2 1 4 0 0 0 0 0
2988 2 0 0 0 0 0 0 0 0
2989 4 0 0 0 0 0 0 0 0
2990 1 0 0 0 0 0 0 0 0
2994 6 0 0 2 1 0 0 0 0
2995 2 0 0 0 0 0 0 0 0
2998 10 0 0 4 2 0 0 0 0
3000 4 0 0 0 0 0 0 0 0
3007 3 1 1 0 0 0 1 0 0
3008 4 0 0 1 0 0 0 0 0
3020 3 0 0 0 0 0 1 0 0
3021 2 0 0 0 0 0 1 0 0
3023 1 0 0 0 0 0 0 0 0
3025 2 0 0 0 0 0 0 0 0
3029 2 0 0 0 0 0 0 0 0
3032 1 0 0 1 0 0 0 0 0
3033 4 0 0 1 0 0 1 0 0
3035 2 0 0 0 0 0 0 0 0
3040 8 0 0 8 0 0 0 0 0
fn=tcache_init.part.0
3235 3 1 1 0 0 0 2 0 0
3244 8 0 0 3 0 0 0 0 0
3245 4 1 1 0 0 0 1 0 0
3246 2 0 0 0 0 0 0 0 0
3254 4 0 0 2 0 0 0 0 0
3261 2 0 0 0 0 0 0 0 0
3263 2 0 0 1 0 0 1 0 0
3264 88 1 1 0 0 0 81 9 9
3267 4 0 0 3 0 0 0 0 0
fn=unlink_chunk.constprop.0
1626 1879 44 13 0 0 0 0 0 0
1628 9395 0 0 3758 91 21 0 0 0
1631 9395 42 12 3758 40 8 0 0 0
1632 1879 0 0 1879 0 0 0 0 0
1634 7516 0 0 3758 329 9 0 0 0
1637 1879 0 0 0 0 0 1879 0 0
1638 1879 0 0 0 0 0 1879 0 0
1639 4520 0 0 254 20 9 0 0 0
1641 218 0 0 109 0 0 0 0 0
1642 654 16 5 218 0 0 0 0 0
1645 218 0 0 109 13 2 0 0 0
1659 109 0 0 0 0 0 109 0 0
1660 218 0 0 109 0 0 109 0 0
1663 3758 15 6 1879 0 0 0 0 0
fl=./malloc/./malloc/morecore.c
fn=__glibc_morecore
25 16 8 4 0 0 0 0 0 0
26 16 0 0 8 0 0 0 0 0
29 8 0 0 0 0 0 8 0 0
30 16 0 0 0 0 0 0 0 0
34 16 0 0 8 0 0 0 0 0
fl=./malloc/./malloc/scratch_buffer_set_array_size.c
fn=__libc_scratch_buffer_set_array_size
30 332 16 8 0 0 0 105 0 0
31 18 0 0 0 0 0 0 0 0
34 35 0 0 0 0 0 0 0 0
35 70 2 2 0 0 0 0 0 0
45 70 0 0 35 2 0 0 0 0
46 35 0 0 0 0 0 0 0 0
63 140 9 5 140 0 0 0 0 0
fl=./math/../sysdeps/x86_64/fpu/multiarch/e_asin.c
fn=__acos_finite@GLIBC_2.15
35 1 1 1 0 0 0 0 0 0
fn=__asin_finite@GLIBC_2.15
27 2 1 1 1 0 0 0 0 0
fl=./math/../sysdeps/x86_64/fpu/multiarch/e_atan2.c
fn=__atan2_finite@GLIBC_2.15
26 2 1 1 1 0 0 0 0 0
fl=./math/../sysdeps/x86_64/fpu/multiarch/e_exp.c
fn=__exp_finite@GLIBC_2.15
27 2 2 2 1 0 0 0 0 0
fl=./math/../sysdeps/x86_64/fpu/multiarch/e_exp2f.c
fn=exp2f@@GLIBC_2.27
27 2 1 1 1 0 0 0 0 0
fl=./math/../sysdeps/x86_64/fpu/multiarch/e_expf.c
fn=expf@@GLIBC_2.27
27 2 1 1 1 0 0 0 0 0
fl=./math/../sysdeps/x86_64/fpu/multiarch/e_log.c
fn=__log_finite@GLIBC_2.15
27 2 2 2 1 0 0 0 0 0
fl=./math/../sysdeps/x86_64/fpu/multiarch/e_log2f.c
fn=log2f@@GLIBC_2.27
27 2 1 1 1 0 0 0 0 0
fl=./math/../sysdeps/x86_64/fpu/multiarch/e_logf.c
fn=logf@@GLIBC_2.27
27 2 1 1 1 0 0 0 0 0
fl=./math/../sysdeps/x86_64/fpu/multiarch/e_pow.c
fn=__pow_finite@GLIBC_2.15
27 2 1 1 1 0 0 0 0 0
fl=./math/../sysdeps/x86_64/fpu/multiarch/e_powf.c
fn=powf@@GLIBC_2.27
30 1 1 1 0 0 0 0 0 0
fl=./math/../sysdeps/x86_64/fpu/multiarch/ifunc-avx-fma4.h
fn=__atan2_finite@GLIBC_2.15
32 5 1 1 2 0 0 0 0 0
33 2 0 0 1 0 0 0 0 0
fn=__exp_finite@GLIBC_2.15
32 5 0 0 2 0 0 0 0 0
33 2 0 0 1 0 0 0 0 0
fn=__log_finite@GLIBC_2.15
32 5 0 0 2 0 0 0 0 0
33 2 0 0 1 0 0 0 0 0
fn=cos
32 5 1 1 2 0 0 0 0 0
33 2 0 0 1 0 0 0 0 0
fn=sin
32 5 0 0 2 0 0 0 0 0
33 2 0 0 1 0 0 0 0 0
fl=./math/../sysdeps/x86_64/fpu/multiarch/ifunc-fma.h
fn=cosf
29 4 1 1 2 1 0 0 0 0
30 3 0 0 1 1 0 0 0 0
fn=exp2f@@GLIBC_2.27
29 4 0 0 2 0 0 0 0 0
30 3 1 1 1 0 0 0 0 0
fn=expf@@GLIBC_2.27
29 4 1 1 2 0 0 0 0 0
30 3 0 0 1 0 0 0 0 0
fn=log2f@@GLIBC_2.27
29 4 0 0 2 0 0 0 0 0
30 3 1 1 1 0 0 0 0 0
fn=logf@@GLIBC_2.27
29 4 0 0 2 0 0 0 0 0
30 3 0 0 1 0 0 0 0 0
fn=powf@@GLIBC_2.27
29 4 0 0 2 0 0 0 0 0
30 4 0 0 2 0 0 0 0 0
fn=sincosf
29 4 1 1 2 0 0 0 0 0
30 3 0 0 1 0 0 0 0 0
fn=sinf
29 4 0 0 2 0 0 0 0 0
30 3 0 0 1 0 0 0 0 0
fl=./math/../sysdeps/x86_64/fpu/multiarch/ifunc-fma4.h
fn=__acos_finite@GLIBC_2.15
31 4 0 0 2 0 0 0 0 0
32 2 1 1 1 0 0 0 0 0
35 1 0 0 1 0 0 0 0 0
fn=__asin_finite@GLIBC_2.15
31 4 0 0 2 0 0 0 0 0
32 2 0 0 1 0 0 0 0 0
fn=__pow_finite@GLIBC_2.15
31 4 0 0 2 0 0 0 0 0
32 2 0 0 1 0 0 0 0 0
fl=./math/../sysdeps/x86_64/fpu/multiarch/ifunc-sse4_1.h
fn=ceilf
29 5 0 0 2 2 1 0 0 0
fl=./math/../sysdeps/x86_64/fpu/multiarch/s_ceilf.c
fn=ceilf
31 2 1 1 1 0 0 0 0 0
fl=./math/../sysdeps/x86_64/fpu/multiarch/s_cosf.c
fn=cosf
26 2 1 1 1 0 0 0 0 0
fl=./math/../sysdeps/x86_64/fpu/multiarch/s_fma.c
fn=fma
49 6 1 1 3 0 0 0 0 0
fl=./math/../sysdeps/x86_64/fpu/multiarch/s_sin.c
fn=cos
34 2 1 1 1 0 0 0 0 0
fn=sin
27 2 1 1 1 0 0 0 0 0
fl=./math/../sysdeps/x86_64/fpu/multiarch/s_sincosf.c
fn=sincosf
26 2 1 1 1 0 0 0 0 0
fl=./math/../sysdeps/x86_64/fpu/multiarch/s_sinf.c
fn=sinf
26 2 1 1 1 0 0 0 0 0
fl=./misc/../sysdeps/posix/gethostname.c
fn=gethostname
28 66 6 1 6 0 0 30 2 0
32 24 6 1 0 0 0 6 2 0
35 30 0 0 0 0 0 6 0 0
36 114 6 1 18 0 0 18 0 0
38 12 0 0 0 0 0 0 0 0
44 60 6 1 42 0 0 0 0 0
fl=./misc/../sysdeps/posix/usleep.c
fn=usleep
24 5120 3 1 1024 0 0 1024 0 0
25 7168 3 1 0 0 0 1024 0 0
26 3072 0 0 0 0 0 0 0 0
31 3072 0 0 0 0 0 1024 1 0
32 5120 3 2 3072 0 0 0 0 0
fl=./misc/../sysdeps/unix/syscall-template.S
fn=epoll_create
120 5 1 1 0 0 0 0 0 0
122 1 0 0 1 0 0 0 0 0
fn=epoll_ctl
120 18 4 4 0 0 0 0 0 0
122 3 0 0 3 0 0 0 0 0
fn=madvise
117 60 10 4 0 0 0 0 0 0
122 12 0 0 12 0 0 0 0 0
fn=mprotect
117 455 9 4 0 0 0 0 0 0
122 91 0 0 91 0 0 0 0 0
fn=munmap
117 290 40 8 0 0 0 0 0 0
122 54 0 0 54 0 0 0 0 0
fn=sysinfo
120 25 5 2 0 0 0 0 0 0
122 5 0 0 5 0 0 0 0 0
fl=./misc/../sysdeps/unix/sysv/linux/brk.c
fn=brk
35 8 5 2 0 0 0 0 0 0
36 20 0 0 5 0 0 5 0 0
37 10 0 0 0 0 0 0 0 0
43 5 0 0 0 0 0 0 0 0
44 5 0 0 5 0 0 0 0 0
fl=./misc/../sysdeps/unix/sysv/linux/epoll_wait.c
fn=epoll_wait
28 2 1 1 0 0 0 0 0 0
30 7 0 0 1 0 0 0 0 0
34 1 0 0 1 0 0 0 0 0
fl=./misc/../sysdeps/unix/sysv/linux/ftruncate64.c
fn=ftruncate
28 1 1 1 0 0 0 0 0 0
29 4 1 1 0 0 0 0 0 0
31 1 0 0 1 0 0 0 0 0
fl=./misc/../sysdeps/unix/sysv/linux/getpagesize.c
fn=getpagesize
27 25 19 3 0 0 0 0 0 0
28 100 0 0 50 12 2 0 0 0
30 25 0 0 25 0 0 0 0 0
fl=./misc/../sysdeps/unix/sysv/linux/getsysstats.c
fn=get_nprocs
241 10 5 1 0 0 0 0 0 0
243 5 0 0 0 0 0 5 0 0
244 10 5 0 0 0 0 0 0 0
249 10 0 0 5 0 0 0 0 0
fn=get_nprocs_conf
196 3 3 2 0 0 0 0 0 0
197 9 0 0 0 0 0 3 1 0
198 9 0 0 0 0 0 0 0 0
202 300 0 0 0 0 0 75 0 0
204 360 3 2 180 0 0 0 0 0
207 153 0 0 0 0 0 30 0 0
208 150 0 0 30 0 0 0 0 0
209 48 3 2 24 0 0 0 0 0
212 6 0 0 0 0 0 3 0 0
257 27 3 2 3 0 0 15 0 0
260 6 0 0 0 0 0 0 0 0
265 30 0 0 21 0 0 0 0 0
fn=get_nprocs_cpu_online
73 35 5 1 0 0 0 5 0 0
74 10 0 0 0 0 0 0 0 0
77 5 0 0 0 0 0 0 0 0
79 15 0 0 0 0 0 5 0 0
80 10 0 0 0 0 0 0 0 0
103 5 5 1 0 0 0 0 0 0
104 10 0 0 0 0 0 0 0 0
106 10 5 1 0 0 0 0 0 0
140 55 10 2 5 0 0 35 0 0
149 15 0 0 0 0 0 5 4 0
151 15 0 0 0 0 0 0 0 0
152 10 0 0 0 0 0 0 0 0
159 25 5 1 0 0 0 5 0 0
160 15 0 0 5 0 0 0 0 0
167 10 0 0 5 0 0 0 0 0
169 5 5 1 0 0 0 0 0 0
170 20 0 0 0 0 0 5 0 0
171 15 0 0 5 0 0 0 0 0
178 15 0 0 0 0 0 0 0 0
179 15 0 0 0 0 0 0 0 0
182 25 0 0 5 0 0 0 0 0
183 5 0 0 0 0 0 0 0 0
185 20 0 0 5 0 0 0 0 0
191 60 0 0 45 0 0 0 0 0
fn=get_phys_pages
279 10 0 0 0 0 0 5 0 0
281 15 0 0 0 0 0 0 0 0
286 10 5 2 0 0 0 0 0 0
287 135 0 0 0 0 0 0 0 0
289 60 0 0 0 0 0 0 0 0
290 60 0 0 0 0 0 0 0 0
302 35 10 4 5 0 0 15 0 0
305 10 0 0 0 0 0 5 0 0
306 10 0 0 10 0 0 0 0 0
307 35 0 0 25 0 0 0 0 0
fl=./misc/../sysdeps/unix/sysv/linux/ioctl.c
fn=ioctl
26 240 6 1 40 0 0 80 0 0
28 200 6 1 0 0 0 120 0 0
35 80 0 0 0 0 0 0 0 0
36 120 0 0 0 0 0 0 0 0
43 240 0 0 120 0 0 0 0 0
fl=./misc/../sysdeps/unix/sysv/linux/lxstat64.c
fn=__lxstat
35 4 1 1 0 0 0 0 0 0
49 2 1 1 0 0 0 0 0 0
50 4 0 0 0 0 0 0 0 0
84 1 0 0 1 0 0 0 0 0
fl=./misc/../sysdeps/unix/sysv/linux/mmap64.c
fn=mmap
47 446 29 7 0 0 0 0 0 0
50 440 0 0 0 0 0 0 0 0
58 880 0 0 0 0 0 0 0 0
60 220 0 0 220 0 0 0 0 0
fl=./misc/../sysdeps/unix/sysv/linux/mremap.c
fn=mremap
26 2 1 0 0 0 0 0 0 0
fl=./misc/../sysdeps/unix/sysv/linux/not-cancel.h
fn=get_nprocs_cpu_online
59 10 0 0 0 0 0 5 0 0
60 5 0 0 0 0 0 0 0 0
fl=./misc/../sysdeps/unix/sysv/linux/prctl.c
fn=prctl
30 9 2 2 1 0 0 5 0 0
32 5 0 0 0 0 0 3 0 0
38 5 1 1 0 0 0 0 0 0
39 5 0 0 3 0 0 0 0 0
fl=./misc/../sysdeps/unix/sysv/linux/x86_64/syscall.S
fn=syscall
29 174 23 5 0 0 0 0 0 0
30 174 0 0 0 0 0 0 0 0
31 174 0 0 0 0 0 0 0 0
32 174 0 0 0 0 0 0 0 0
33 174 0 0 0 0 0 0 0 0
34 174 22 5 0 0 0 0 0 0
35 174 0 0 0 0 0 0 0 0
36 174 0 0 174 0 0 0 0 0
37 174 0 0 0 0 0 0 0 0
38 174 0 0 0 0 0 0 0 0
39 174 0 0 0 0 0 0 0 0
40 174 0 0 174 0 0 0 0 0
fl=./misc/../sysdeps/unix/sysv/linux/xstat64.c
fn=__xstat
35 28 3 2 0 0 0 0 0 0
49 14 3 2 0 0 0 0 0 0
50 48 0 0 8 0 0 4 0 0
81 3 0 0 3 0 0 0 0 0
fl=./misc/./misc/dirname.c
fn=dirname
25 2 1 1 0 0 0 1 0 0
30 5 0 0 0 0 0 1 0 0
32 6 1 1 1 0 0 0 0 0
51 2 1 1 0 0 0 0 0 0
52 2 0 0 1 0 0 0 0 0
70 2 0 0 0 0 0 1 0 0
76 1 0 0 0 0 0 0 0 0
79 3 0 0 2 0 0 0 0 0
fl=./misc/./misc/init-misc.c
fn=__init_misc
30 5 2 2 0 0 0 2 0 0
31 5 0 0 1 0 0 0 0 0
33 3 0 0 0 0 0 1 0 0
37 5 0 0 1 0 0 1 1 0
38 3 0 0 2 0 0 1 0 0
40 4 0 0 3 0 0 0 0 0
fl=./misc/./misc/sbrk.c
fn=sbrk
37 42 5 2 0 0 0 24 1 0
40 16 0 0 16 7 2 0 0 0
43 16 0 0 8 3 2 0 0 0
58 16 4 2 0 0 0 0 0 0
59 4 0 0 0 0 0 1 0 0
62 16 0 0 0 0 0 0 0 0
63 4 0 0 4 0 0 0 0 0
66 20 4 2 0 0 0 0 0 0
68 2 0 0 0 0 0 0 0 0
74 15 0 0 0 0 0 5 0 0
78 40 0 0 32 0 0 0 0 0
fl=./misc/./misc/tsearch.c
fn=tdestroy
768 1 1 1 1 0 0 0 0 0
773 1 1 1 0 0 0 0 0 0
778 2 0 0 0 0 0 0 0 0
fn=tfind
372 210 3 2 0 0 0 140 1 1
376 70 0 0 0 0 0 0 0 0
377 35 0 0 0 0 0 0 0 0
382 447 3 2 122 0 0 0 0 0
384 87 0 0 0 0 0 0 0 0
387 261 0 0 87 0 0 87 0 0
388 174 0 0 0 0 0 0 0 0
391 348 0 0 0 0 0 0 0 0
394 245 3 2 175 0 0 0 0 0
fn=tsearch
207 224 0 0 112 0 0 0 0 0
211 112 0 0 112 0 0 0 0 0
213 336 0 0 112 0 0 0 0 0
217 506 0 0 77 0 0 0 0 0
220 72 0 0 0 0 0 36 0 0
221 72 0 0 24 0 0 0 0 0
222 12 0 0 12 0 0 0 0 0
223 48 1 1 0 0 0 0 0 0
224 12 0 0 12 0 0 0 0 0
228 196 0 0 66 0 0 0 0 0
230 32 0 0 12 0 0 0 0 0
237 62 1 1 2 0 0 0 0 0
241 10 1 1 0 0 0 5 0 0
242 5 0 0 5 0 0 0 0 0
243 5 0 0 5 0 0 0 0 0
244 10 0 0 0 0 0 0 0 0
247 4 1 1 1 0 0 1 0 0
248 12 0 0 0 0 0 1 0 0
249 1 0 0 0 0 0 1 0 0
250 2 0 0 0 0 0 1 0 0
255 4 0 0 0 0 0 4 0 0
256 4 0 0 0 0 0 4 0 0
257 16 0 0 4 0 0 4 0 0
258 8 1 1 0 0 0 4 0 0
260 27 0 0 6 0 0 6 0 0
264 17 2 2 1 0 0 5 0 0
267 10 0 0 0 0 0 5 0 0
268 5 0 0 5 0 0 0 0 0
269 10 0 0 0 0 0 0 0 0
272 9 0 0 3 0 0 3 0 0
273 6 0 0 0 0 0 3 0 0
278 8 0 0 2 0 0 2 0 0
279 8 0 0 0 0 0 2 0 0
291 645 1 1 0 0 0 353 0 0
302 50 0 0 0 0 0 0 0 0
306 75 1 1 25 0 0 0 0 0
307 75 0 0 0 0 0 0 0 0
308 48 1 1 24 0 0 0 0 0
313 291 0 0 0 0 0 0 0 0
316 440 1 1 176 0 0 88 0 0
317 176 0 0 0 0 0 0 0 0
325 352 1 1 88 0 0 0 0 0
326 176 1 1 0 0 0 0 0 0
337 147 1 1 0 0 0 73 0 0
338 50 1 1 0 0 0 0 0 0
349 124 1 1 49 0 0 25 0 0
350 25 0 0 0 0 0 25 0 0
352 50 0 0 25 1 1 25 0 0
355 48 0 0 0 0 0 0 0 0
362 225 0 0 175 0 0 0 0 0
fl=./nptl/../sysdeps/nptl/futex-internal.h
fn=pthread_cond_destroy@@GLIBC_2.3.2
146 3 1 1 0 0 0 0 0 0
147 2 0 0 0 0 0 0 0 0
fn=pthread_rwlock_rdlock@@GLIBC_2.34
213 66 0 0 0 0 0 0 0 0
fl=./nptl/../sysdeps/unix/sysv/linux/x86/elision-conf.c
fn=__lll_elision_init
96 6 1 1 1 0 0 2 0 0
101 5 1 1 0 0 0 1 0 0
103 4 0 0 0 0 0 1 0 0
105 4 0 0 0 0 0 1 0 0
107 4 0 0 0 0 0 1 0 0
109 4 1 1 0 0 0 1 0 0
113 3 0 0 1 1 1 0 0 0
114 1 0 0 0 0 0 1 1 1
115 6 0 0 4 0 0 0 0 0
fl=./nptl/../sysdeps/x86_64/nptl/pthread_spin_lock.S
fn=pthread_spin_lock@@GLIBC_2.34
21 13 4 1 0 0 0 0 0 0
22 13 0 0 26 1 0 0 0 0
24 13 0 0 0 0 0 0 0 0
25 13 0 0 0 0 0 0 0 0
26 13 0 0 13 0 0 0 0 0
fl=./nptl/../sysdeps/x86_64/nptl/pthread_spin_unlock.S
fn=pthread_spin_init@@GLIBC_2.34
21 21 7 2 0 0 0 0 0 0
22 21 0 0 0 0 0 21 4 4
23 21 0 0 0 0 0 0 0 0
24 21 0 0 21 0 0 0 0 0
fl=./nptl/./nptl/alloca_cutoff.c
fn=__libc_alloca_cutoff
27 54 13 9 0 0 0 0 0 0
28 486 13 9 54 13 9 0 0 0
35 54 0 0 54 0 0 0 0 0
fl=./nptl/./nptl/libc-cleanup.c
fn=__libc_cleanup_pop_restore
39 1326 28 5 0 0 0 0 0 0
42 2652 0 0 1326 0 0 1326 0 0
44 2652 0 0 1326 0 0 1326 0 0
45 2652 0 0 0 0 0 0 0 0
47 1326 0 0 1326 0 0 0 0 0
fn=__libc_cleanup_push_defer
24 1326 22 5 0 0 0 0 0 0
27 2652 0 0 1326 8 2 1326 0 0
30 5304 0 0 1326 20 4 1326 0 0
31 1326 0 0 0 0 0 1326 0 0
33 1326 0 0 0 0 0 1326 0 0
34 1326 0 0 1326 0 0 0 0 0
fl=./nptl/./nptl/pthread_cond_broadcast.c
fn=pthread_cond_broadcast@@GLIBC_2.3.2
39 240 2 2 0 0 0 180 0 0
40 30 0 0 0 0 0 0 0 0
42 30 0 0 30 1 1 0 0 0
43 90 0 0 0 0 0 0 0 0
88 270 1 1 210 0 0 0 0 0
fl=./nptl/./nptl/pthread_cond_destroy.c
fn=pthread_cond_destroy@@GLIBC_2.3.2
42 2 1 1 0 0 0 1 0 0
43 1 0 0 0 0 0 0 0 0
49 7 0 0 2 1 1 0 0 0
50 1 0 0 0 0 0 0 0 0
51 4 0 0 0 0 0 0 0 0
59 3 1 1 2 0 0 0 0 0
fl=./nptl/./nptl/pthread_cond_init.c
fn=pthread_cond_init@@GLIBC_2.3.2
27 1 1 1 0 0 0 0 0 0
32 4 0 0 0 0 0 3 1 1
38 6 1 1 1 0 0 0 0 0
44 2 0 0 0 0 0 0 0 0
47 1 0 0 0 0 0 0 0 0
50 2 0 0 1 0 0 0 0 0
fl=./nptl/./nptl/pthread_condattr_destroy.c
fn=pthread_condattr_destroy
23 1 1 1 0 0 0 0 0 0
26 2 0 0 1 0 0 0 0 0
fl=./nptl/./nptl/pthread_condattr_init.c
fn=pthread_condattr_init
24 1 1 1 0 0 0 0 0 0
31 1 0 0 0 0 0 1 0 0
34 2 0 0 1 0 0 0 0 0
fl=./nptl/./nptl/pthread_getspecific.c
fn=pthread_getspecific@@GLIBC_2.34
24 5664 278 14 0 0 0 0 0 0
29 11328 0 0 0 0 0 0 0 0
30 16992 0 0 5664 0 0 0 0 0
54 5664 0 0 5664 1053 15 0 0 0
55 11328 9 5 0 0 0 0 0 0
59 11514 0 0 3838 883 11 0 0 0
64 11328 0 0 5664 0 0 0 0 0
fl=./nptl/./nptl/pthread_key_create.c
fn=pthread_key_create@@GLIBC_2.34
25 7 6 2 0 0 0 0 0 0
27 105 0 0 0 0 0 0 0 0
29 28 0 0 28 10 4 0 0 0
31 112 0 0 0 0 0 0 0 0
33 21 6 2 7 0 0 0 0 0
37 21 0 0 0 0 0 7 0 0
40 7 0 0 0 0 0 7 2 2
43 14 0 0 7 0 0 0 0 0
fl=./nptl/./nptl/pthread_key_delete.c
fn=pthread_key_delete@@GLIBC_2.34
25 6 2 1 0 0 0 0 0 0
28 12 0 0 0 0 0 0 0 0
30 30 2 1 6 4 2 0 0 0
32 12 0 0 0 0 0 0 0 0
33 24 0 0 6 0 0 0 0 0
36 6 0 0 0 0 0 0 0 0
40 6 0 0 6 0 0 0 0 0
fl=./nptl/./nptl/pthread_mutex_conf.c
fn=__pthread_tunables_init
50 6 2 2 1 0 0 2 0 0
51 5 0 0 0 0 0 1 0 0
53 4 0 0 0 0 0 1 0 0
55 6 0 0 4 0 0 0 0 0
fl=./nptl/./nptl/pthread_mutex_destroy.c
fn=pthread_mutex_destroy@@GLIBC_2.2.5
26 114 2 1 0 0 0 0 0 0
27 114 0 0 0 0 0 0 0 0
31 342 0 0 114 83 83 0 0 0
33 342 0 0 114 1 1 0 0 0
34 114 1 1 0 0 0 0 0 0
39 114 0 0 0 0 0 114 0 0
41 114 0 0 0 0 0 0 0 0
42 114 0 0 114 0 0 0 0 0
fl=./nptl/./nptl/pthread_mutex_init.c
fn=pthread_mutex_init@@GLIBC_2.2.5
53 1240 18 3 124 4 0 620 0 0
65 248 0 0 0 0 0 0 0 0
68 20 0 0 4 0 0 0 0 0
89 616 34 7 0 0 0 372 28 14
92 132 0 0 4 0 0 0 0 0
94 8 0 0 0 0 0 0 0 0
105 24 4 2 0 0 0 0 0 0
136 16 0 0 0 0 0 0 0 0
140 124 15 2 0 0 0 124 0 0
149 124 0 0 0 0 0 0 0 0
151 124 0 0 0 0 0 0 0 0
152 1116 0 0 868 0 0 0 0 0
fl=./nptl/./nptl/pthread_mutex_lock.c
fn=pthread_mutex_lock@@GLIBC_2.2.5
44 362 29 5 362 0 0 0 0 0
45 2896 10 2 724 8 1 0 0 0
46 510 0 0 0 0 0 362 0 0
77 1188 19 6 0 0 0 396 0 0
80 1188 0 0 396 124 29 0 0 0
82 396 0 0 0 0 0 0 0 0
84 792 22 6 0 0 0 0 0 0
88 792 0 0 0 0 0 0 0 0
90 444 0 0 148 24 3 0 0 0
94 444 0 0 148 0 0 0 0 0
97 496 28 5 0 0 0 0 0 0
108 992 36 5 248 0 0 0 0 0
112 248 0 0 248 50 1 0 0 0
115 496 0 0 248 12 0 0 0 0
118 102 0 0 34 0 0 0 0 0
122 68 0 0 0 0 0 34 0 0
124 68 0 0 0 0 0 0 0 0
130 642 0 0 214 0 0 0 0 0
131 428 30 5 0 0 0 214 0 0
167 362 15 4 362 21 0 0 0 0
170 362 0 0 0 0 0 362 0 0
172 362 0 0 362 0 0 0 0 0
175 362 0 0 0 0 0 0 0 0
177 362 0 0 0 0 0 0 0 0
178 1188 0 0 792 0 0 0 0 0
fl=./nptl/./nptl/pthread_mutex_unlock.c
fn=pthread_mutex_unlock@@GLIBC_2.2.5
39 362 0 0 362 0 0 0 0 0
40 1810 10 2 362 11 0 0 0 0
41 724 0 0 0 0 0 362 0 0
51 1188 0 0 396 60 2 0 0 0
52 792 33 6 0 0 0 0 0 0
57 792 0 0 0 0 0 0 0 0
62 362 0 0 0 0 0 362 0 0
65 362 0 0 362 0 0 0 0 0
70 362 0 0 0 0 0 0 0 0
74 496 51 3 0 0 0 0 0 0
80 992 49 4 248 0 0 0 0 0
84 744 0 0 496 40 0 0 0 0
87 710 47 4 248 0 0 0 0 0
367 792 40 6 0 0 0 0 0 0
369 792 0 0 396 0 0 0 0 0
fl=./nptl/./nptl/pthread_mutexattr_destroy.c
fn=pthread_mutexattr_destroy@@GLIBC_2.34
23 4 4 2 0 0 0 0 0 0
25 8 0 0 4 0 0 0 0 0
fl=./nptl/./nptl/pthread_mutexattr_init.c
fn=pthread_mutexattr_init@@GLIBC_2.34
24 4 4 2 0 0 0 0 0 0
35 4 0 0 0 0 0 4 1 1
38 8 0 0 4 0 0 0 0 0
fl=./nptl/./nptl/pthread_mutexattr_settype.c
fn=pthread_mutexattr_settype@@GLIBC_2.34
24 3 3 2 0 0 0 0 0 0
27 6 0 0 0 0 0 0 0 0
28 3 0 0 0 0 0 0 0 0
33 9 0 0 0 0 0 0 0 0
37 12 0 0 3 0 0 3 0 0
39 3 0 0 0 0 0 0 0 0
40 3 0 0 3 0 0 0 0 0
fl=./nptl/./nptl/pthread_rwlock_common.c
fn=pthread_rwlock_rdlock@@GLIBC_2.34
298 264 0 0 132 29 14 0 0 0
310 132 0 0 66 6 6 0 0 0
353 132 0 0 132 0 0 0 0 0
355 66 0 0 0 0 0 0 0 0
370 132 0 0 0 0 0 0 0 0
390 132 14 5 0 0 0 0 0 0
396 8 2 1 0 0 0 0 0 0
402 8 0 0 2 0 0 0 0 0
413 10 2 1 4 0 0 0 0 0
fn=pthread_rwlock_unlock@@GLIBC_2.34
221 786 16 7 144 0 0 0 0 0
232 66 0 0 66 0 0 0 0 0
236 66 0 0 0 0 0 0 0 0
240 198 0 0 0 0 0 0 0 0
243 264 13 4 0 0 0 0 0 0
244 132 0 0 0 0 0 0 0 0
254 198 0 0 66 0 0 0 0 0
259 132 0 0 0 0 0 0 0 0
275 198 0 0 0 0 0 0 0 0
531 78 0 0 0 0 0 78 0 0
535 234 5 2 156 0 0 0 0 0
536 156 0 0 0 0 0 0 0 0
538 234 0 0 78 0 0 0 0 0
559 78 0 0 78 0 0 0 0 0
561 624 0 0 78 0 0 0 0 0
569 156 5 2 0 0 0 0 0 0
582 156 0 0 0 0 0 0 0 0
fn=pthread_rwlock_wrlock@@GLIBC_2.34
603 312 0 0 156 6 4 0 0 0
622 468 5 2 156 0 0 0 0 0
624 156 0 0 0 0 0 0 0 0
705 78 0 0 0 0 0 0 0 0
778 156 0 0 0 0 0 78 0 0
783 156 0 0 0 0 0 0 0 0
789 40 3 1 0 0 0 0 0 0
795 60 3 1 10 0 0 0 0 0
802 5 0 0 0 0 0 5 0 0
947 156 2 1 78 0 0 78 0 0
949 78 0 0 0 0 0 0 0 0
fl=./nptl/./nptl/pthread_rwlock_destroy.c
fn=pthread_rwlock_destroy@@GLIBC_2.34
24 4 1 1 0 0 0 0 0 0
25 4 0 0 0 0 0 0 0 0
29 8 0 0 4 0 0 0 0 0
fl=./nptl/./nptl/pthread_rwlock_init.c
fn=pthread_rwlock_init@@GLIBC_2.34
34 5 5 1 0 0 0 0 0 0
46 15 0 0 0 0 0 0 0 0
48 25 0 0 0 0 0 20 2 2
50 10 0 0 5 5 1 5 0 0
53 25 0 0 5 0 0 5 0 0
56 10 0 0 5 0 0 0 0 0
fl=./nptl/./nptl/pthread_rwlock_rdlock.c
fn=pthread_rwlock_rdlock@@GLIBC_2.34
23 330 13 5 0 0 0 198 2 0
24 66 0 0 0 0 0 0 0 0
27 66 0 0 0 0 0 0 0 0
29 330 0 0 264 0 0 0 0 0
fl=./nptl/./nptl/pthread_rwlock_unlock.c
fn=pthread_rwlock_unlock@@GLIBC_2.34
30 720 14 5 0 0 0 288 0 0
31 144 0 0 0 0 0 0 0 0
38 432 0 0 144 0 0 0 0 0
39 144 0 0 144 0 0 0 0 0
44 720 3 1 432 0 0 0 0 0
fl=./nptl/./nptl/pthread_rwlock_wrlock.c
fn=pthread_rwlock_wrlock@@GLIBC_2.34
23 546 5 2 0 0 0 390 0 0
24 78 0 0 0 0 0 0 0 0
27 78 0 0 0 0 0 0 0 0
29 546 0 0 468 0 0 0 0 0
fl=./nptl/./nptl/pthread_self.c
fn=pthread_self
23 212 13 5 0 0 0 0 0 0
25 424 0 0 424 1 0 0 0 0
fl=./nptl/./nptl/pthread_setspecific.c
fn=pthread_setspecific@@GLIBC_2.34
25 48 5 3 0 0 0 24 0 0
32 6 0 0 6 0 0 0 0 0
36 12 0 0 0 0 0 0 0 0
39 42 5 3 6 2 1 0 0 0
41 6 0 0 0 0 0 0 0 0
43 18 0 0 0 0 0 0 0 0
46 12 0 0 0 0 0 0 0 0
81 4 0 0 0 0 0 4 4 2
86 12 0 0 0 0 0 6 0 0
87 6 0 0 0 0 0 6 1 1
89 6 0 0 0 0 0 0 0 0
90 42 5 3 30 0 0 0 0 0
fl=./nptl/./nptl/pthread_spin_destroy.c
fn=pthread_spin_destroy@@GLIBC_2.34
23 6 1 1 0 0 0 0 0 0
26 12 0 0 6 0 0 0 0 0
fl=./posix/../include/alloc_buffer.h
fn=__shm_get_name
126 6 0 0 0 0 0 0 0 0
359 33 2 2 0 0 0 6 0 0
fl=./posix/../malloc/dynarray-skeleton.c
fn=__register_atfork
199 2 0 0 1 1 1 1 0 0
201 2 0 0 0 0 0 1 0 0
220 2 2 2 2 0 0 0 0 0
322 3 3 2 3 0 0 0 0 0
323 6 0 0 0 0 0 0 0 0
324 6 0 0 0 0 0 3 0 0
361 4 0 0 0 0 0 0 0 0
365 6 0 0 2 0 0 0 0 0
fn=__unregister_atfork
243 39 0 0 39 0 0 0 0 0
254 81 2 2 27 0 0 0 0 0
274 9 0 0 0 0 0 0 0 0
425 6 0 0 0 0 0 0 0 0
427 3 0 0 0 0 0 0 0 0
fl=./posix/../posix/glob.c
fn=glob@GLIBC_2.2.5
229 12 0 0 4 0 0 0 0 0
303 56 1 1 4 0 0 36 0 0
311 4 0 0 0 0 0 4 0 0
314 4 1 1 0 0 0 4 0 0
316 32 1 1 0 0 0 4 0 0
324 24 0 0 8 0 0 4 0 0
327 8 1 1 0 0 0 0 0 0
330 4 0 0 0 0 0 4 0 0
332 24 0 0 4 0 0 4 0 0
334 2 0 0 0 0 0 2 0 0
336 2 0 0 0 0 0 2 0 0
354 8 0 0 4 0 0 0 0 0
485 12 0 0 8 0 0 4 0 0
488 16 0 0 0 0 0 4 0 0
500 8 1 1 0 0 0 0 0 0
527 8 0 0 0 0 0 0 0 0
528 12 0 0 0 0 0 0 0 0
529 12 1 1 4 0 0 0 0 0
539 12 0 0 0 0 0 4 0 0
559 4 0 0 0 0 0 0 0 0
560 84 3 3 8 0 0 4 0 0
568 24 0 0 4 0 0 8 0 0
570 4 1 1 0 0 0 0 0 0
581 16 1 1 4 0 0 0 0 0
599 8 2 2 0 0 0 4 0 0
615 12 0 0 4 0 0 0 0 0
951 8 1 1 0 0 0 0 0 0
1088 4 0 0 4 0 0 0 0 0
1091 8 0 0 0 0 0 0 0 0
1112 8 0 0 0 0 0 0 0 0
1114 28 1 1 16 0 0 4 0 0
1116 8 0 0 0 0 0 0 0 0
1176 12 1 1 4 0 0 0 0 0
1180 48 1 1 40 0 0 0 0 0
fn=glob_in_dir
176 1552 0 0 0 0 0 0 0 0
181 1544 0 0 772 0 0 0 0 0
1266 68 2 2 4 0 0 32 1 0
1267 12 0 0 0 0 0 4 1 0
1275 12 0 0 0 0 0 8 0 0
1276 4 0 0 0 0 0 4 0 0
1277 4 0 0 0 0 0 0 0 0
1282 8 0 0 0 0 0 4 0 0
1284 4 1 1 0 0 0 4 1 0
1285 4 0 0 0 0 0 4 0 0
1289 8 0 0 4 0 0 0 0 0
1329 4 0 0 0 0 0 0 0 0
1330 24 0 0 4 0 0 8 0 0
1331 8 0 0 0 0 0 0 0 0
1340 28 1 1 4 0 0 4 0 0
1341 12 0 0 0 0 0 0 0 0
1342 24 1 1 0 0 0 8 0 0
1348 2328 0 0 776 0 0 0 0 0
1349 776 0 0 0 0 0 0 0 0
1355 776 0 0 0 0 0 776 0 0
1364 2316 1 1 772 0 0 0 0 0
1371 5404 0 0 772 0 0 1544 0 0
1406 24 2 2 8 0 0 0 0 0
1416 8 0 0 0 0 0 0 0 0
1490 8 1 1 0 0 0 0 0 0
1492 8 0 0 8 0 0 0 0 0
1493 8 0 0 4 0 0 0 0 0
1494 4 0 0 0 0 0 0 0 0
1496 4 0 0 0 0 0 4 0 0
1497 4 0 0 0 0 0 4 0 0
1501 48 1 1 36 0 0 0 0 0
fl=./posix/../sysdeps/posix/sleep.c
fn=sleep
34 63 1 1 9 0 0 27 0 0
35 18 1 1 18 2 0 0 0 0
39 9 0 0 0 0 0 9 0 0
51 18 0 0 0 0 0 9 0 0
55 45 0 0 0 0 0 9 0 0
62 9 0 0 0 0 0 9 0 0
64 9 0 0 0 0 0 0 0 0
65 63 1 1 45 0 0 0 0 0
fl=./posix/../sysdeps/posix/sysconf.c
fn=sysconf
56 418 50 10 32 25 5 0 0 0
62 2 0 0 0 0 0 0 0 0
217 51 16 3 0 0 0 17 2 1
459 1 0 0 0 0 0 0 0 0
574 1 0 0 0 0 0 0 0 0
626 9 3 2 0 0 0 3 0 0
629 15 10 2 0 0 0 5 0 0
632 20 0 0 10 0 0 0 0 0
fl=./posix/../sysdeps/pthread/allocalim.h
fn=glob@GLIBC_2.2.5
27 8 1 1 0 0 0 4 0 0
29 16 0 0 0 0 0 0 0 0
fl=./posix/../sysdeps/unix/syscall-template.S
fn=geteuid
91 6 0 0 0 0 0 0 0 0
93 2 0 0 2 0 0 0 0 0
fn=getpid
91 45 10 4 0 0 0 0 0 0
93 15 0 0 15 0 0 0 0 0
fn=getppid
91 3 0 0 0 0 0 0 0 0
93 1 0 0 1 0 0 0 0 0
fn=getuid
91 12 2 0 0 0 0 0 0 0
93 4 0 0 4 0 0 0 0 0
fn=sched_yield
120 20 2 1 0 0 0 0 0 0
122 4 0 0 4 0 0 0 0 0
fn=uname
120 40 7 2 0 0 0 0 0 0
122 8 0 0 8 0 0 0 0 0
fl=./posix/../sysdeps/unix/sysv/linux/_exit.c
fn=_Exit
27 2 1 1 1 1 0 0 0 0
30 3 0 0 0 0 0 0 0 0
31 2 0 0 0 0 0 0 0 0
fl=./posix/../sysdeps/unix/sysv/linux/nanosleep.c
fn=nanosleep
24 4132 4 2 0 0 0 0 0 0
25 3099 0 0 0 0 0 1033 0 0
26 2066 0 0 0 0 0 0 0 0
32 2066 0 0 1033 0 0 0 0 0
fl=./posix/../sysdeps/unix/sysv/linux/sched_getaffinity.c
fn=sched_getaffinity@@GLIBC_2.3.4
34 6 2 1 0 0 0 0 0 0
35 16 0 0 0 0 0 0 0 0
37 4 0 0 0 0 0 0 0 0
40 12 2 1 0 0 0 2 0 0
45 6 0 0 2 0 0 0 0 0
fl=./posix/../sysdeps/unix/sysv/linux/sched_getcpu.c
fn=sched_getcpu
29 52 8 4 8 4 0 0 0 0
33 12 0 0 4 0 0 0 0 0
39 24 4 2 4 0 0 8 0 0
40 4 0 0 4 3 1 0 0 0
41 12 0 0 0 0 0 0 0 0
42 24 0 0 16 0 0 0 0 0
fl=./posix/../sysdeps/unix/sysv/linux/sched_setaffinity.c
fn=sched_setaffinity@@GLIBC_2.3.4
32 4 0 0 0 0 0 0 0 0
33 16 2 1 0 0 0 0 0 0
36 4 0 0 4 0 0 0 0 0
fl=./posix/../sysdeps/unix/sysv/linux/sysconf-pthread_stack_min.h
fn=sysconf
25 2 0 0 2 2 0 0 0 0
26 2 1 1 0 0 0 0 0 0
30 3 0 0 0 0 0 0 0 0
fl=./posix/../sysdeps/unix/sysv/linux/x86/../sysconf.c
fn=sysconf
49 330 35 6 0 0 0 0 0 0
fl=./posix/../sysdeps/unix/sysv/linux/x86/sysconf.c
fn=sysconf
32 330 19 3 33 1 0 165 1 0
33 99 0 0 0 0 0 0 0 0
37 277 16 3 216 0 0 0 0 0
fl=./posix/./glob_internal.h
fn=glob@GLIBC_2.2.5
34 16 1 1 4 0 0 0 0 0
36 64 2 2 8 0 0 0 0 0
37 100 1 1 0 0 0 0 0 0
46 16 1 1 16 0 0 0 0 0
57 24 0 0 0 0 0 0 0 0
fn=glob_in_dir
36 108 0 0 4 0 0 0 0 0
37 208 2 2 0 0 0 0 0 0
46 28 1 1 28 0 0 0 0 0
53 4 0 0 0 0 0 0 0 0
54 4 0 0 0 0 0 0 0 0
57 32 0 0 0 0 0 0 0 0
fl=./posix/./posix/fnmatch.c
fn=fnmatch@@GLIBC_2.2.5
254 8536 3 2 0 0 0 4656 0 0
255 5432 0 0 3880 4 1 776 0 0
283 10864 4 2 1552 0 0 776 3 0
285 5432 0 0 4656 0 0 0 0 0
fl=./posix/./posix/fnmatch_loop.c
fn=internal_fnmatch
41 8536 4 2 0 0 0 6984 5 0
49 2328 0 0 1552 1 1 776 0 0
50 3104 0 0 2328 0 0 776 0 0
54 5648 2 1 830 0 0 0 0 0
56 54 0 0 0 0 0 0 0 0
57 3208 0 0 0 0 0 0 0 0
59 3312 0 0 0 0 0 0 0 0
78 1552 0 0 0 0 0 776 0 0
178 5432 0 0 0 0 0 1552 1 0
235 2328 0 0 0 0 0 0 0 0
243 3880 0 0 0 0 0 776 0 0
278 774 0 0 0 0 0 774 0 0
904 5432 2 1 0 0 0 2328 0 0
915 6624 4 2 1656 0 0 0 0 0
920 108 0 0 0 0 0 0 0 0
923 4 0 0 2 0 0 0 0 0
924 4 1 1 0 0 0 2 0 0
931 9312 2 1 7760 0 0 0 0 0
fl=./posix/./posix/register-atfork.c
fn=__register_atfork
36 30 3 2 0 0 0 9 0 0
37 12 3 2 3 3 2 0 0 0
39 6 0 0 3 0 0 0 0 0
42 2 0 0 0 0 0 1 0 0
46 6 0 0 0 0 0 0 0 0
48 3 0 0 0 0 0 3 1 1
50 3 0 0 0 0 0 3 2 2
51 3 0 0 0 0 0 3 0 0
55 12 0 0 6 0 0 0 0 0
57 9 0 0 0 0 0 0 0 0
58 15 0 0 12 0 0 0 0 0
fn=__unregister_atfork
65 363 0 0 0 0 0 0 0 0
68 108 0 0 54 6 2 0 0 0
76 117 2 2 0 0 0 39 0 0
77 156 0 0 39 5 1 0 0 0
88 3 0 0 0 0 0 0 0 0
89 18 3 2 0 0 0 0 0 0
99 18 0 0 0 0 0 0 0 0
103 156 2 2 78 0 0 0 0 0
104 84 0 0 78 0 0 3 0 0
fl=./posix/./posix/shm-directory.c
fn=__shm_get_name
29 27 2 2 0 0 0 15 0 0
30 15 0 0 6 0 0 0 0 0
31 3 0 0 0 0 0 0 0 0
32 12 2 2 0 0 0 3 0 0
37 6 0 0 0 0 0 0 0 0
39 3 0 0 0 0 0 0 0 0
40 27 0 0 0 0 0 3 0 0
41 15 0 0 0 0 0 0 0 0
44 18 0 0 18 0 0 0 0 0
fl=./resolv/./resolv/inet_ntop.c
fn=inet_ntop
54 1134 8 2 81 0 0 729 0 0
55 258 0 0 0 0 0 0 0 0
57 33 0 0 0 0 0 0 0 0
59 48 0 0 0 0 0 0 0 0
65 963 6 1 729 0 0 0 0 0
85 429 11 2 165 0 0 33 0 0
89 99 0 0 33 0 0 33 0 0
120 2448 20 3 768 0 0 144 0 0
125 96 0 0 0 0 0 0 0 0
126 1200 41 6 48 0 0 0 0 0
130 192 8 1 0 0 0 0 0 0
133 48 8 1 0 0 0 0 0 0
140 192 8 1 0 0 0 0 0 0
143 96 0 0 0 0 0 0 0 0
144 48 0 0 0 0 0 0 0 0
149 192 8 1 0 0 0 48 0 0
150 1344 15 2 0 0 0 0 0 0
152 2208 0 0 0 0 0 0 0 0
153 336 0 0 0 0 0 0 0 0
154 480 8 1 0 0 0 0 0 0
155 144 0 0 0 0 0 48 0 0
159 288 0 0 0 0 0 0 0 0
160 192 0 0 0 0 0 96 0 0
169 1056 0 0 144 0 0 144 0 0
172 240 0 0 0 0 0 0 0 0
174 48 0 0 0 0 0 24 0 0
175 96 0 0 0 0 0 48 0 0
180 144 0 0 96 0 0 0 0 0
184 144 0 0 96 0 0 48 0 0
fl=./resource/../sysdeps/unix/sysv/linux/getrlimit64.c
fn=getrlimit
38 6 3 3 0 0 0 0 0 0
39 21 0 0 0 0 0 0 0 0
40 3 0 0 3 0 0 0 0 0
fl=./resource/../sysdeps/unix/sysv/linux/getrusage.c
fn=getrusage
27 5052 127 9 0 0 0 0 0 0
29 20208 0 0 0 0 0 0 0 0
38 5052 0 0 5052 0 0 0 0 0
fl=./rt/./rt/shm_open.c
fn=shm_open@@GLIBC_2.34
30 20 2 2 2 0 0 8 0 0
32 14 0 0 0 0 0 2 0 0
38 4 2 2 0 0 0 0 0 0
40 8 0 0 0 0 0 2 0 0
41 4 0 0 0 0 0 0 0 0
48 16 0 0 12 0 0 0 0 0
fl=./rt/./rt/shm_unlink.c
fn=shm_unlink@@GLIBC_2.34
28 7 2 2 1 0 0 2 0 0
30 6 0 0 0 0 0 1 0 0
36 2 0 0 0 0 0 1 0 0
37 2 0 0 0 0 0 0 0 0
40 6 1 1 4 0 0 0 0 0
fl=./setjmp/../sysdeps/x86_64/__longjmp.S
fn=__longjmp
36 48 7 3 0 0 0 0 0 0
38 48 0 0 48 3 0 0 0 0
39 48 0 0 48 0 0 0 0 0
40 48 0 0 48 0 0 0 0 0
42 96 0 0 48 2 0 0 0 0
43 96 0 0 48 0 0 0 0 0
44 96 7 3 48 0 0 0 0 0
57 48 0 0 48 8 0 0 0 0
58 48 0 0 0 0 0 0 0 0
89 48 7 3 0 0 0 0 0 0
100 48 0 0 48 0 0 0 0 0
101 48 0 0 48 0 0 0 0 0
102 48 0 0 48 0 0 0 0 0
103 48 0 0 48 0 0 0 0 0
104 48 0 0 48 0 0 0 0 0
106 48 0 0 0 0 0 0 0 0
107 48 0 0 0 0 0 0 0 0
108 48 0 0 0 0 0 0 0 0
109 48 0 0 0 0 0 0 0 0
111 48 0 0 0 0 0 0 0 0
fl=./setjmp/../sysdeps/x86_64/bsd-_setjmp.S
fn=_setjmp
28 1 1 1 0 0 0 0 0 0
30 1 0 0 0 0 0 0 0 0
32 1 0 0 0 0 0 0 0 0
fl=./setjmp/../sysdeps/x86_64/setjmp.S
fn=__sigsetjmp
30 503 28 6 0 0 0 0 0 0
32 503 0 0 0 0 0 503 19 2
41 503 0 0 0 0 0 0 0 0
42 1006 1 1 503 0 0 0 0 0
43 503 0 0 0 0 0 503 0 0
47 503 0 0 0 0 0 503 3 0
48 503 0 0 0 0 0 503 0 0
49 503 0 0 0 0 0 503 16 1
50 503 0 0 0 0 0 503 0 0
51 503 0 0 0 0 0 0 0 0
53 1006 23 4 503 0 0 0 0 0
55 503 0 0 0 0 0 503 17 4
56 503 0 0 503 0 0 0 0 0
57 503 0 0 0 0 0 0 0 0
59 1006 0 0 503 0 0 0 0 0
61 503 1 1 0 0 0 503 0 0
66 475 0 0 475 123 3 0 0 0
67 475 0 0 0 0 0 0 0 0
69 28 0 0 0 0 0 0 0 0
72 28 0 0 0 0 0 0 0 0
73 28 0 0 0 0 0 28 0 0
80 28 0 0 0 0 0 0 0 0
81 28 0 0 28 0 0 0 0 0
84 475 28 5 0 0 0 0 0 0
fl=./setjmp/./setjmp/sigjmp.c
fn=__sigjmp_save
28 1425 0 0 0 0 0 475 0 0
29 475 0 0 0 0 0 475 17 1
30 950 0 0 0 0 0 0 0 0
34 1425 0 0 950 0 0 0 0 0
fl=./signal/../sysdeps/posix/signal.c
fn=__bsd_signal.part.0
29 4 1 1 1 0 0 1 0 0
41 1 0 0 0 0 0 1 0 0
44 4 0 0 0 0 0 1 0 0
45 3 0 0 0 0 0 1 0 0
48 3 0 0 1 0 0 0 0 0
49 5 0 0 3 0 0 0 0 0
fn=signal
30 1 1 1 0 0 0 0 0 0
34 5 0 0 0 0 0 0 0 0
35 3 0 0 0 0 0 0 0 0
fl=./signal/../sysdeps/unix/sysv/linux/internal-signals.h
fn=sigaction
52 14 0 0 0 0 0 0 0 0
fn=signal
52 1 0 0 0 0 0 0 0 0
fl=./signal/../sysdeps/unix/sysv/linux/libc_sigaction.c
fn=__libc_sigaction
43 84 8 7 14 0 0 14 0 0
48 28 0 0 0 0 0 0 0 0
50 6 3 2 3 1 1 3 0 0
51 48 0 0 24 1 1 24 0 0
53 18 3 2 3 1 0 6 0 0
58 154 6 5 0 0 0 0 0 0
63 56 0 0 0 0 0 0 0 0
65 28 4 3 14 1 0 14 7 7
66 224 0 0 112 1 0 112 12 12
67 28 0 0 14 0 0 14 11 11
68 28 4 3 14 0 0 14 1 1
71 84 3 2 42 0 0 0 0 0
fl=./signal/../sysdeps/unix/sysv/linux/sigsetops.h
fn=__bsd_signal.part.0
96 1 0 0 1 1 0 0 0 0
102 3 1 1 0 0 0 0 0 0
104 1 0 0 0 0 0 1 0 0
fn=sigemptyset
54 1 0 0 0 0 0 1 1 1
fl=./signal/./signal/allocrtsig.c
fn=__libc_current_sigrtmin
34 1 1 1 0 0 0 0 0 0
40 2 0 0 2 1 1 0 0 0
fl=./signal/./signal/sigaction.c
fn=sigaction
26 14 4 3 0 0 0 0 0 0
27 70 0 0 0 0 0 0 0 0
33 14 0 0 0 0 0 0 0 0
fl=./signal/./signal/sigempty.c
fn=sigemptyset
26 1 1 1 0 0 0 0 0 0
27 2 0 0 0 0 0 0 0 0
34 1 0 0 0 0 0 0 0 0
35 1 0 0 1 0 0 0 0 0
fl=./socket/../sysdeps/unix/syscall-template.S
fn=bind
120 55 21 2 0 0 0 0 0 0
122 11 0 0 11 0 0 0 0 0
fn=getsockname
120 60 22 2 0 0 0 0 0 0
122 12 0 0 12 0 0 0 0 0
fn=listen
120 5 1 1 0 0 0 0 0 0
122 1 0 0 1 0 0 0 0 0
fn=shutdown
120 5 1 1 0 0 0 0 0 0
122 1 0 0 1 0 0 0 0 0
fn=socket
120 255 6 2 0 0 0 0 0 0
122 51 0 0 51 0 0 0 0 0
fn=socketpair
120 6 0 0 0 0 0 0 0 0
122 1 0 0 1 0 0 0 0 0
fl=./socket/../sysdeps/unix/sysv/linux/recvmsg.c
fn=recvmsg
27 406 10 1 58 0 0 0 0 0
35 174 9 1 0 0 0 58 0 0
41 58 0 0 0 0 0 0 0 0
49 232 0 0 116 0 0 0 0 0
fl=./socket/../sysdeps/unix/sysv/linux/sendmsg.c
fn=sendmsg
26 2 2 1 0 0 0 0 0 0
28 14 0 0 2 0 0 0 0 0
32 2 0 0 2 0 0 0 0 0
fl=./socket/../sysdeps/unix/sysv/linux/sendto.c
fn=sendto
25 32 6 1 0 0 0 0 0 0
27 112 6 1 16 0 0 0 0 0
33 16 0 0 16 0 0 0 0 0
fl=./socket/../sysdeps/unix/sysv/linux/setsockopt.c
fn=setsockopt
29 24 0 0 0 0 0 0 0 0
94 12 3 1 0 0 0 0 0 0
103 6 0 0 6 0 0 0 0 0
fl=./stdio-common/../include/../locale/localeinfo.h
fn=__printf_fp_l
315 75 0 0 50 19 15 25 2 2
fl=./stdio-common/../include/rounding-mode.h
fn=__printf_fp_l
52 72 0 0 0 0 0 0 0 0
58 22 0 0 0 0 0 0 0 0
fl=./stdio-common/../include/scratch_buffer.h
fn=__vfscanf_internal
77 3768 17 4 0 0 0 2512 0 0
78 1256 0 0 0 0 0 1256 10 0
85 3768 0 0 2512 0 0 0 0 0
113 1106 14 4 150 0 0 158 0 0
131 32 0 0 0 0 0 8 0 0
fn=printf_positional
77 6 1 1 0 0 0 4 1 0
78 2 0 0 0 0 0 2 0 0
85 6 2 2 4 0 0 0 0 0
131 5 0 0 0 0 0 2 0 0
fl=./stdio-common/../libio/libioP.h
fn=__vfprintf_internal
940 4416 0 0 1104 60 10 1104 0 0
942 12735 0 0 0 0 0 0 0 0
943 8490 0 0 3141 0 0 0 0 0
fn=printf_positional
940 4 0 0 1 0 0 1 0 0
942 24 1 1 0 0 0 0 0 0
943 16 1 1 8 0 0 0 0 0
fl=./stdio-common/../libio/strfile.h
fn=__isoc99_sscanf
92 287 0 0 0 0 0 287 1 0
93 2009 8 6 0 0 0 287 2 0
94 574 0 0 0 0 0 287 0 0
95 1435 0 0 0 0 0 287 0 0
fn=sscanf
92 965 0 0 0 0 0 965 1 0
93 6755 20 4 0 0 0 965 0 0
94 1930 0 0 0 0 0 965 0 0
95 4825 0 0 0 0 0 965 0 0
fl=./stdio-common/../sysdeps/generic/get-rounding-mode.h
fn=__printf_fp_l
94 25 7 5 0 0 0 25 0 0
95 175 10 7 25 0 0 0 0 0
fl=./stdio-common/../sysdeps/pthread/allocalim.h
fn=__printf_fp_l
27 50 0 0 0 0 0 25 0 0
29 125 0 0 25 0 0 0 0 0
fl=./stdio-common/./stdio-common/_itoa.c
fn=_itoa_word
163 942 37 10 0 0 0 0 0 0
166 1884 36 10 0 0 0 0 0 0
168 1266 0 0 0 0 0 0 0 0
177 9956 34 10 667 44 11 667 0 0
178 5598 10 2 604 1 1 604 0 0
186 942 33 10 471 0 0 0 0 0
fl=./stdio-common/./stdio-common/asprintf.c
fn=asprintf
26 3575 26 4 325 0 0 1625 0 0
30 1950 13 2 0 0 0 1300 0 0
31 975 0 0 0 0 0 325 0 0
35 1625 13 2 975 0 0 0 0 0
fl=./stdio-common/./stdio-common/errlist.c
fn=__get_errlist
36 1 1 1 0 0 0 0 0 0
38 2 0 0 0 0 0 0 0 0
39 3 0 0 1 1 1 0 0 0
40 1 0 0 0 0 0 0 0 0
41 1 0 0 1 0 0 0 0 0
fl=./stdio-common/./stdio-common/fscanf.c
fn=fscanf
31 44 4 2 4 0 0 20 0 0
35 24 2 1 0 0 0 16 0 0
36 8 0 0 0 0 0 4 0 0
40 20 0 0 12 0 0 0 0 0
fl=./stdio-common/./stdio-common/isoc99_sscanf.c
fn=__isoc99_sscanf
24 4592 8 6 287 0 0 2296 0 0
30 1722 4 3 0 0 0 1148 0 0
31 1435 0 0 0 0 0 287 0 0
35 2296 5 3 1722 0 0 0 0 0
fl=./stdio-common/./stdio-common/printf-parse.h
fn=__parse_one_specmb
78 28 1 1 4 0 0 4 0 0
111 8 0 0 0 0 0 4 0 0
fn=__vfprintf_internal
76 207 0 0 69 0 0 69 0 0
78 765 15 12 185 0 0 12 0 0
79 24 0 0 0 0 0 0 0 0
81 24 0 0 0 0 0 0 0 0
87 24 0 0 0 0 0 0 0 0
88 1654 0 0 0 0 0 0 0 0
91 12 0 0 0 0 0 0 0 0
111 10836 0 0 1104 0 0 3813 16 7
fn=__vfscanf_internal
76 18 1 1 0 0 0 9 0 0
78 54 0 0 9 0 0 0 0 0
fl=./stdio-common/./stdio-common/printf-parsemb.c
fn=__parse_one_specmb
64 36 1 1 0 0 0 16 0 0
66 4 1 1 0 0 0 0 0 0
69 8 0 0 0 0 0 4 0 0
72 4 0 0 0 0 0 4 0 0
73 4 0 0 4 0 0 0 0 0
80 4 0 0 0 0 0 4 0 0
85 20 1 1 4 0 0 0 0 0
91 16 1 1 0 0 0 0 0 0
94 8 1 1 0 0 0 4 0 0
95 8 0 0 0 0 0 0 0 0
97 8 0 0 0 0 0 4 0 0
98 20 0 0 4 0 0 4 0 0
110 28 0 0 4 0 0 0 0 0
150 8 1 1 4 0 0 0 0 0
154 4 0 0 0 0 0 4 0 0
155 4 0 0 0 0 0 4 0 0
156 12 0 0 4 0 0 0 0 0
186 16 0 0 0 0 0 0 0 0
195 4 0 0 0 0 0 4 0 0
197 4 0 0 0 0 0 4 0 0
198 8 0 0 4 0 0 0 0 0
242 4 0 0 4 0 0 0 0 0
248 12 0 0 4 0 0 0 0 0
251 44 1 1 8 1 1 4 0 0
308 12 0 0 4 0 0 8 0 0
309 4 1 1 0 0 0 4 0 0
310 8 0 0 4 0 0 0 0 0
321 4 0 0 0 0 0 4 0 0
323 36 1 1 4 1 1 0 0 0
356 4 1 1 0 0 0 4 0 0
387 12 0 0 4 0 0 0 0 0
397 4 0 0 4 0 0 0 0 0
401 4 0 0 0 0 0 4 0 0
405 4 0 0 0 0 0 4 0 0
410 28 0 0 20 0 0 0 0 0
fl=./stdio-common/./stdio-common/printf_fp.c
fn=__printf_fp
1278 75 11 9 0 0 0 0 0 0
1279 100 0 0 50 0 0 0 0 0
fn=__printf_fp_l
216 400 21 15 25 0 0 225 10 8
233 25 0 0 0 0 0 25 0 0
234 25 0 0 0 0 0 25 7 4
257 25 0 0 0 0 0 25 0 0
260 28 0 0 0 0 0 0 0 0
266 150 0 0 25 0 0 25 0 0
274 25 11 8 0 0 0 25 0 0
277 75 0 0 0 0 0 0 0 0
280 50 0 0 25 0 0 25 0 0
298 75 11 8 25 0 0 0 0 0
306 25 0 0 0 0 0 25 0 0
387 50 0 0 0 0 0 0 0 0
388 50 0 0 25 0 0 25 0 0
392 50 10 7 0 0 0 0 0 0
396 425 40 28 75 21 16 25 10 6
432 125 0 0 25 0 0 0 0 0
433 25 0 0 0 0 0 0 0 0
434 50 0 0 0 0 0 0 0 0
437 450 31 23 25 0 0 25 0 0
438 400 11 8 25 2 2 25 0 0
439 400 20 15 25 7 0 25 0 0
445 25 0 0 0 0 0 25 0 0
446 50 0 0 0 0 0 0 0 0
449 11 0 0 0 0 0 0 0 0
459 11 0 0 0 0 0 0 0 0
460 77 0 0 0 0 0 11 0 0
463 33 0 0 0 0 0 0 0 0
467 44 0 0 0 0 0 0 0 0
471 44 0 0 0 0 0 11 8 1
472 11 0 0 0 0 0 0 0 0
474 66 9 6 0 0 0 0 0 0
475 99 10 7 22 0 0 11 0 0
476 22 0 0 0 0 0 0 0 0
477 55 10 7 11 0 0 22 0 0
479 22 10 7 0 0 0 0 0 0
484 143 0 0 0 0 0 0 0 0
488 847 10 7 275 44 36 0 0 0
490 54 10 7 11 0 0 0 0 0
493 42 0 0 28 0 0 0 0 0
503 16 0 0 16 0 0 0 0 0
534 28 0 0 14 0 0 14 0 0
535 70 0 0 14 0 0 14 0 0
541 12 0 0 4 0 0 2 0 0
543 2 0 0 2 0 0 0 0 0
546 4 0 0 4 0 0 0 0 0
547 4 0 0 0 0 0 0 0 0
548 6 3 2 0 0 0 2 0 0
551 147 15 11 62 0 0 16 0 0
554 71 20 15 38 0 0 22 0 0
555 44 0 0 33 0 0 0 0 0
556 55 0 0 0 0 0 0 0 0
557 44 0 0 0 0 0 0 0 0
560 143 10 8 0 0 0 0 0 0
562 286 10 8 0 0 0 0 0 0
563 22 0 0 11 0 0 11 0 0
569 27 0 0 5 0 0 0 0 0
573 146 10 8 46 0 0 0 0 0
577 33 0 0 11 0 0 0 0 0
579 22 2 2 0 0 0 0 0 0
595 6 0 0 0 0 0 0 0 0
596 6 0 0 2 0 0 0 0 0
599 4 0 0 0 0 0 0 0 0
600 4 0 0 0 0 0 0 0 0
605 9 0 0 0 0 0 0 0 0
608 76 16 12 0 0 0 0 0 0
618 4 0 0 0 0 0 0 0 0
624 27 0 0 0 0 0 9 0 0
626 27 0 0 9 0 0 0 0 0
627 54 0 0 18 0 0 9 0 0
629 57 8 6 27 0 0 0 0 0
636 10 0 0 0 0 0 2 0 0
637 4 0 0 0 0 0 0 0 0
639 4 2 2 2 0 0 0 0 0
640 12 2 2 4 0 0 2 0 0
643 24 8 5 2 0 0 11 0 0
644 10 0 0 4 0 0 0 0 0
649 28 10 8 0 0 0 0 0 0
652 14 0 0 0 0 0 14 0 0
662 14 0 0 0 0 0 0 0 0
665 70 13 10 0 0 0 14 1 1
666 70 11 8 28 0 0 28 0 0
669 14 0 0 0 0 0 14 0 0
670 70 0 0 14 0 0 14 0 0
675 165 10 7 0 0 0 0 0 0
677 330 0 0 165 9 9 0 0 0
684 60 0 0 24 0 0 0 0 0
685 24 0 0 12 0 0 0 0 0
686 12 0 0 12 0 0 0 0 0
688 12 0 0 12 0 0 0 0 0
690 74 10 9 0 0 0 26 0 0
693 36 11 8 24 0 0 0 0 0
694 24 0 0 0 0 0 0 0 0
695 36 0 0 0 0 0 12 0 0
697 72 0 0 24 0 0 0 0 0
698 24 0 0 0 0 0 0 0 0
699 48 0 0 0 0 0 0 0 0
706 48 0 0 12 0 0 0 0 0
708 4 1 1 0 0 0 0 0 0
710 2 0 0 0 0 0 2 0 0
712 12 0 0 0 0 0 2 0 0
728 36 1 1 0 0 0 0 0 0
730 4 0 0 2 0 0 0 0 0
731 1 0 0 0 0 0 0 0 0
736 22 0 0 0 0 0 11 0 0
737 44 0 0 11 0 0 0 0 0
742 44 11 9 0 0 0 0 0 0
745 33 0 0 11 0 0 0 0 0
746 22 11 9 0 0 0 0 0 0
753 11 0 0 0 0 0 0 0 0
756 64 0 0 10 0 0 0 0 0
762 5 1 1 1 0 0 1 0 0
763 1 0 0 0 0 0 0 0 0
764 3 0 0 1 0 0 1 0 0
765 3 0 0 1 0 0 1 0 0
769 30 0 0 0 0 0 0 0 0
779 20 9 6 0 0 0 10 0 0
782 40 0 0 10 0 0 10 0 0
787 165 0 0 0 0 0 0 0 0
789 810 10 7 11 0 0 0 0 0
791 39 9 6 13 0 0 0 0 0
795 20 0 0 12 0 0 4 0 0
796 8 0 0 4 0 0 4 0 0
799 12 1 1 8 0 0 0 0 0
800 28 0 0 4 0 0 0 0 0
808 16 1 1 4 0 0 4 0 0
809 8 0 0 4 0 0 4 0 0
810 4 0 0 4 0 0 0 0 0
813 67 10 8 14 0 0 14 0 0
831 75 11 9 50 0 0 25 0 0
835 8 0 0 0 0 0 4 0 0
840 50 4 3 22 0 0 14 0 0
841 150 0 0 100 20 17 25 0 0
843 50 11 9 0 0 0 0 0 0
845 10 10 9 0 0 0 10 0 0
847 80 0 0 25 0 0 25 0 0
848 35 9 8 0 0 0 10 0 0
853 30 0 0 15 0 0 0 0 0
855 15 10 7 0 0 0 15 0 0
856 94 1 0 25 0 0 25 0 0
857 25 0 0 0 0 0 25 0 0
858 25 0 0 0 0 0 0 0 0
859 60 10 7 15 0 0 15 0 0
861 33 9 6 11 0 0 11 0 0
863 22 0 0 0 0 0 11 0 0
867 14 0 0 0 0 0 14 0 0
868 12 1 1 0 0 0 4 0 0
883 50 2 2 0 0 0 0 0 0
901 61 11 9 25 0 0 0 0 0
915 133 20 16 36 0 0 25 0 0
916 25 2 2 25 0 0 0 0 0
922 25 0 0 0 0 0 0 0 0
932 450 20 16 25 0 0 75 0 0
933 109 0 0 0 0 0 0 0 0
936 103 0 0 39 0 0 0 0 0
939 173 11 8 42 0 0 0 0 0
942 220 10 8 21 0 0 89 1 0
944 21 0 0 0 0 0 0 0 0
946 126 0 0 63 0 0 0 0 0
948 63 0 0 21 0 0 21 0 0
954 4 0 0 0 0 0 4 0 0
955 8 1 1 4 0 0 0 0 0
956 12 1 1 4 0 0 4 0 0
960 75 0 0 0 0 0 25 0 0
961 100 0 0 0 0 0 50 0 0
962 258 11 8 111 0 0 0 0 0
963 333 21 15 50 0 0 0 0 0
965 61 0 0 0 0 0 0 0 0
966 183 11 8 0 0 0 122 0 0
967 61 0 0 0 0 0 0 0 0
969 244 0 0 0 0 0 0 0 0
978 75 0 0 50 0 0 0 0 0
979 125 11 8 0 0 0 75 0 0
981 200 0 0 50 0 0 0 0 0
982 5 4 3 0 0 0 0 0 0
983 40 6 5 20 0 0 0 0 0
986 14 4 3 5 0 0 0 0 0
990 4 0 0 0 0 0 0 0 0
991 4 0 0 1 0 0 0 0 0
1003 33 0 0 11 0 0 0 0 0
1007 11 0 0 0 0 0 0 0 0
1008 78 14 10 24 0 0 0 0 0
1010 2 0 0 0 0 0 2 0 0
1011 2 0 0 0 0 0 0 0 0
1013 22 0 0 11 0 0 0 0 0
1017 22 7 5 0 0 0 11 0 0
1028 22 0 0 11 0 0 0 0 0
1097 75 0 0 0 0 0 0 0 0
1104 28 6 5 0 0 0 0 0 0
1107 75 14 9 25 0 0 0 0 0
1120 75 10 7 25 0 0 0 0 0
1122 80 30 26 30 0 0 0 0 0
1141 40 0 0 0 0 0 10 0 0
1142 40 0 0 0 0 0 0 0 0
1145 2 0 0 0 0 0 0 0 0
1146 23 0 0 0 0 0 0 0 0
1147 2 0 0 0 0 0 0 0 0
1151 27 9 8 0 0 0 9 0 0
1155 6 0 0 0 0 0 0 0 0
1156 6 1 1 0 0 0 1 0 0
1157 1 0 0 0 0 0 0 0 0
1159 3 0 0 0 0 0 1 0 0
1160 30 0 0 0 0 0 10 0 0
1166 175 9 6 75 0 0 0 0 0
1168 175 10 7 25 0 0 25 0 0
1170 200 11 8 50 0 0 0 0 0
1171 112 4 3 23 0 0 11 0 0
1173 44 3 2 22 0 0 0 0 0
1175 75 7 6 0 0 0 0 0 0
1177 50 11 9 0 0 0 0 0 0
1180 125 10 7 50 0 0 0 0 0
1188 75 10 7 25 0 0 0 0 0
1195 75 0 0 50 0 0 0 0 0
1200 100 10 7 25 0 0 50 0 0
1202 100 0 0 50 0 0 0 0 0
1203 50 0 0 0 0 0 0 0 0
1207 100 11 8 25 0 0 25 0 0
1209 75 0 0 25 0 0 0 0 0
1220 400 11 8 25 0 0 25 0 0
1227 792 11 8 75 0 0 75 0 0
1228 492 10 7 164 0 0 0 0 0
1229 100 0 0 25 0 0 25 0 0
1230 278 0 0 0 0 0 0 0 0
1233 278 0 0 0 0 0 139 0 0
1237 150 11 8 125 0 0 0 0 0
1254 2521 21 17 492 0 0 328 0 0
1257 75 11 8 25 0 0 0 0 0
1268 75 0 0 50 0 0 0 0 0
1272 300 11 8 225 0 0 0 0 0
fn=hack_digit
170 480 11 9 0 0 0 240 7 0
173 574 0 0 203 0 0 12 0 0
175 357 0 0 119 0 0 0 0 0
177 378 1 1 308 0 0 0 0 0
178 350 10 9 0 0 0 140 0 0
183 98 10 8 0 0 0 0 0 0
187 392 10 8 98 0 0 49 0 0
189 196 0 0 147 0 0 49 0 0
190 49 0 0 49 0 0 0 0 0
192 98 0 0 49 0 0 49 0 0
193 300 9 7 98 0 0 0 0 0
194 12 0 0 0 0 0 6 0 0
199 6 2 2 0 0 0 6 0 0
200 92 0 0 0 0 0 0 0 0
204 129 0 0 0 0 0 43 0 0
205 86 0 0 0 0 0 0 0 0
206 165 0 0 66 0 0 66 0 0
209 70 0 0 0 0 0 0 0 0
210 600 0 0 360 0 0 0 0 0
fl=./stdio-common/./stdio-common/snprintf.c
fn=snprintf
26 590 18 4 59 11 0 236 4 0
30 354 11 2 0 0 0 236 0 0
31 177 0 0 0 0 0 59 0 0
35 295 0 0 177 0 0 0 0 0
fl=./stdio-common/./stdio-common/sprintf.c
fn=sprintf
25 2460 19 2 205 0 0 1025 1 0
29 1230 0 0 0 0 0 820 3 0
30 1025 6 1 0 0 0 205 3 0
34 1025 0 0 615 0 0 0 0 0
fl=./stdio-common/./stdio-common/sscanf.c
fn=sscanf
30 15440 20 4 965 0 0 7720 0 0
36 5790 10 2 0 0 0 3860 0 0
37 4825 0 0 0 0 0 965 0 0
41 7720 0 0 5790 0 0 0 0 0
fl=./stdio-common/./stdio-common/vfprintf-internal.c
fn=__vfprintf_internal
127 51316 79 27 89 0 0 0 0 0
192 2033 6 5 0 0 0 0 0 0
196 279 13 11 0 0 0 144 0 0
200 93 0 0 17 0 0 0 0 0
239 29715 229 56 9594 64 14 4245 0 0
351 75 0 0 0 0 0 0 0 0
352 75 0 0 0 0 0 0 0 0
354 50 11 9 0 0 0 25 0 0
1180 13248 80 22 0 0 0 9936 142 39
1210 5520 0 0 3312 40 12 2208 18 5
1214 897 0 0 0 0 0 897 0 0
1218 5520 84 22 1104 0 0 0 0 0
1222 5520 0 0 2208 0 0 0 0 0
1233 2208 0 0 0 0 0 0 0 0
1240 897 0 0 0 0 0 897 0 0
1244 6624 44 11 3312 0 0 3312 68 15
1248 897 0 0 0 0 0 897 0 0
1259 4416 0 0 0 0 0 2208 47 14
1263 4416 0 0 2208 0 0 0 0 0
1267 3312 39 11 2208 0 0 0 0 0
1271 7176 39 11 2691 96 21 897 0 0
1291 1606 0 0 0 0 0 1606 0 0
1292 1606 0 0 0 0 0 1606 0 0
1293 1606 0 0 0 0 0 1606 0 0
1294 1606 0 0 0 0 0 1606 0 0
1295 1606 0 0 0 0 0 1606 0 0
1298 1606 0 0 0 0 0 0 0 0
1299 1606 0 0 0 0 0 0 0 0
1300 1606 0 0 0 0 0 0 0 0
1301 1606 0 0 0 0 0 0 0 0
1302 1606 0 0 0 0 0 1606 0 0
1303 1606 0 0 0 0 0 0 0 0
1306 1606 47 11 0 0 0 1606 0 0
1307 3212 36 11 0 0 0 1606 0 0
1313 24090 50 10 4818 94 28 0 0 0
1329 92 8 6 23 7 6 0 0 0
1339 138 0 0 46 0 0 23 0 0
1340 230 8 6 46 0 0 0 0 0
1352 4818 0 0 3212 79 16 1606 0 0
1388 2 1 0 1 0 0 0 0 0
1392 940 42 14 940 0 0 0 0 0
1408 114 13 11 57 0 0 0 0 0
1415 138 12 8 0 0 0 0 0 0
1418 998 23 19 136 18 16 0 0 0
1421 35 11 9 0 0 0 0 0 0
1422 105 0 0 35 0 0 0 0 0
1448 105 0 0 0 0 0 0 0 0
1463 577 26 12 70 11 9 0 0 0
1468 69 13 11 0 0 0 0 0 0
1473 23 8 7 0 0 0 0 0 0
1474 51 0 0 17 5 3 0 0 0
1478 9 3 1 0 0 0 0 0 0
1479 144 0 0 27 3 2 0 0 0
1484 23 3 2 0 0 0 0 0 0
1485 7 0 0 0 0 0 0 0 0
1486 77 0 0 14 0 0 0 0 0
1491 10 0 0 0 0 0 0 0 0
1496 10 4 2 0 0 0 0 0 0
1499 70 11 8 0 0 0 0 0 0
1500 10 0 0 0 0 0 0 0 0
1501 3322 4 2 20 0 0 0 0 0
1516 41539 626 239 8635 0 0 4393 0 0
1517 31845 158 31 5674 2 0 2240 0 0
1532 3638 0 0 922 0 0 897 0 0
1535 850 22 18 200 0 0 150 1 1
1555 3913 64 28 100 0 0 947 0 0
1556 50 11 9 0 0 0 25 0 0
1559 50 0 0 0 0 0 0 0 0
1564 1115 45 11 0 0 0 0 0 0
1574 37 4 4 0 0 0 0 0 0
1583 1605 0 0 1605 0 0 0 0 0
1589 1605 37 11 0 0 0 0 0 0
1593 6420 0 0 0 0 0 0 0 0
1595 4116 1 0 1605 0 0 0 0 0
1602 20 1 0 8 0 0 8 0 0
1608 2208 48 11 1104 0 0 0 0 0
1609 2208 0 0 1104 0 0 0 0 0
1612 13248 0 0 9936 0 0 0 0 0
fn=printf_positional
127 112 3 3 8 0 0 8 0 0
238 12 1 1 4 0 0 0 0 0
239 52 0 0 16 0 0 8 0 0
1621 23 2 2 5 0 0 15 1 0
1625 1 0 0 1 0 0 0 0 0
1626 2 0 0 0 0 0 1 0 0
1635 1 0 0 0 0 0 0 0 0
1640 1 0 0 0 0 0 0 0 0
1645 1 0 0 0 0 0 1 0 0
1650 2 0 0 0 0 0 0 0 0
1656 5 1 1 4 0 0 1 0 0
1659 2 0 0 1 0 0 1 0 0
1660 5 0 0 1 0 0 0 0 0
1661 2 1 1 0 0 0 1 0 0
1664 14 1 1 9 0 0 0 0 0
1665 8 0 0 4 0 0 0 0 0
1667 6 0 0 3 0 0 0 0 0
1675 3 0 0 0 0 0 0 0 0
1682 36 1 1 0 0 0 8 0 0
1687 5 1 1 1 0 0 0 0 0
1697 2 0 0 0 0 0 0 0 0
1702 2 0 0 1 0 0 1 0 0
1706 3 0 0 0 0 0 0 0 0
1707 3 1 1 0 0 0 1 0 0
1708 8 0 0 1 0 0 2 0 0
1717 28 1 1 1 0 0 2 0 0
1720 12 1 1 4 0 0 0 0 0
1724 12 0 0 4 0 0 0 0 0
1727 20 1 1 4 0 0 0 0 0
1733 12 0 0 8 0 0 4 0 0
1734 12 0 0 8 0 0 4 0 0
1750 23 1 1 2 0 0 0 0 0
1751 43 1 1 10 1 1 0 0 0
1775 2 0 0 1 0 0 0 0 0
1781 3 0 0 1 0 0 0 0 0
1793 36 1 1 12 0 0 8 0 0
1812 24 0 0 13 0 0 1 0 0
1826 28 3 3 8 0 0 8 0 0
1827 20 1 1 0 0 0 4 0 0
1828 20 0 0 0 0 0 4 0 0
1829 24 1 1 4 0 0 8 0 0
1830 12 0 0 0 0 0 4 0 0
1832 12 0 0 0 0 0 4 0 0
1833 16 0 0 0 0 0 0 0 0
1834 20 0 0 4 0 0 0 0 0
1835 16 0 0 0 0 0 0 0 0
1836 8 0 0 4 0 0 4 0 0
1837 4 0 0 4 0 0 0 0 0
1838 12 0 0 0 0 0 4 0 0
1839 8 0 0 4 0 0 4 0 0
1840 8 0 0 4 0 0 4 0 0
1842 3 0 0 1 0 0 1 0 0
1845 12 0 0 4 0 0 0 0 0
1861 12 1 1 4 0 0 0 0 0
1881 8 1 1 0 0 0 0 0 0
1882 4 0 0 4 0 0 0 0 0
1913 59 1 1 9 2 1 5 0 0
1926 8 0 0 2 0 0 3 0 0
1927 84 3 3 16 0 0 4 0 0
1945 3 0 0 1 0 0 1 0 0
1950 4 1 1 1 0 0 1 0 0
1989 8 1 1 0 0 0 0 0 0
1995 20 1 1 8 0 0 0 0 0
1999 5 1 1 0 0 0 0 0 0
2003 12 0 0 10 0 0 0 0 0
fl=./stdio-common/./stdio-common/vfscanf-internal.c
fn=__vfscanf_internal
206 340 1 1 340 0 0 0 0 0
214 332 0 0 8 0 0 0 0 0
222 1095 13 4 219 0 0 219 5 0
223 438 0 0 438 0 0 0 0 0
231 40 1 1 40 0 0 0 0 0
260 1902 25 8 1010 0 0 0 0 0
263 1623 4 1 0 0 0 1082 2 0
278 16328 27 8 0 0 0 10048 17 0
282 1256 0 0 0 0 0 1256 0 0
283 1256 0 0 0 0 0 0 0 0
284 1256 0 0 0 0 0 0 0 0
288 6280 0 0 3768 9 0 2512 9 0
289 2512 0 0 1256 9 0 1256 8 0
293 1256 0 0 0 0 0 1256 0 0
313 1256 0 0 0 0 0 1256 0 0
325 1256 0 0 0 0 0 1256 0 0
326 1256 14 4 0 0 0 1256 0 0
327 1256 0 0 0 0 0 1256 0 0
328 2512 0 0 0 0 0 2512 0 0
332 1256 0 0 0 0 0 0 0 0
339 6280 0 0 2512 0 0 3768 7 0
345 6278 27 8 1256 0 0 2 0 0
348 5024 12 4 2512 0 0 0 0 0
352 2512 0 0 2512 0 0 0 0 0
359 2512 15 4 1256 0 0 1256 1 0
365 1256 0 0 1256 15 2 0 0 0
367 5024 0 0 1256 17 3 1256 0 0
372 12604 16 4 2536 0 0 5028 10 0
377 1256 0 0 0 0 0 1256 0 0
381 8444 15 4 4222 25 22 0 0 0
418 3850 0 0 0 0 0 0 0 0
442 5048 14 4 1925 0 0 1198 0 0
443 3850 0 0 0 0 0 0 0 0
446 8530 0 0 5118 30 3 0 0 0
448 160 0 0 0 0 0 80 0 0
453 14628 8 2 4876 0 0 1626 0 0
457 12 0 0 2 0 0 2 0 0
461 4872 0 0 1624 0 0 0 0 0
463 272 8 2 132 1 0 0 0 0
464 273 8 2 117 0 0 39 0 0
469 4872 0 0 0 0 0 0 0 0
471 5325 9 2 0 0 0 1065 0 0
479 9 1 1 0 0 0 9 0 0
482 210 12 4 0 0 0 210 0 0
488 1095 0 0 219 0 0 0 0 0
491 18 0 0 0 0 0 0 0 0
497 9 0 0 0 0 0 9 0 0
504 840 0 0 0 0 0 210 0 0
525 840 0 0 0 0 0 0 0 0
528 36 0 0 9 0 0 0 0 0
529 210 13 4 0 0 0 210 0 0
532 2246 15 6 256 19 7 219 0 0
536 57 2 1 31 0 0 0 0 0
538 6 0 0 0 0 0 0 0 0
539 12 0 0 6 0 0 0 0 0
542 7 0 0 7 0 0 0 0 0
545 45 4 2 15 0 0 0 0 0
548 6 0 0 0 0 0 0 0 0
549 3 0 0 3 0 0 0 0 0
553 12 0 0 12 0 0 0 0 0
570 3768 14 4 0 0 0 1256 0 0
603 18 6 0 18 0 0 0 0 0
612 447 10 6 9 0 0 0 0 0
616 438 0 0 0 0 0 219 0 0
617 657 0 0 219 0 0 0 0 0
618 1026 28 7 123 0 0 123 13 0
621 609 0 0 406 4 0 203 0 0
622 1624 0 0 406 0 0 609 0 0
628 2702 18 5 898 0 0 300 0 0
631 1800 0 0 600 15 4 0 0 0
632 1421 31 8 609 0 0 406 0 0
633 1421 0 0 0 0 0 406 0 0
637 2227 24 11 467 25 9 243 0 0
653 44 1 1 12 0 0 4 0 0
658 8 0 0 0 0 0 0 0 0
660 8 1 1 4 0 0 0 0 0
662 12 1 1 0 0 0 4 0 0
663 52 1 1 16 0 0 8 0 0
699 20 2 1 4 0 0 4 0 0
702 20 0 0 4 0 0 4 0 0
737 80 4 2 20 0 0 8 0 0
740 32 5 3 9 0 0 4 0 0
741 2 0 0 0 0 0 0 0 0
742 18 2 1 3 0 0 3 0 0
799 4 0 0 1 0 0 0 0 0
803 6 1 1 2 0 0 1 0 0
837 2 0 0 0 0 0 1 0 0
839 5 0 0 1 0 0 0 0 0
851 1 0 0 0 0 0 1 0 0
853 2 1 1 0 0 0 1 0 0
854 2 1 1 1 0 0 1 0 0
1017 185 0 0 37 0 0 37 0 0
1019 703 6 6 185 0 0 74 0 0
1021 703 4 4 222 0 0 111 0 0
1031 617 2 2 327 2 2 0 0 0
1033 111 2 2 0 0 0 37 0 0
1034 37 0 0 0 0 0 0 0 0
1099 216 2 2 0 0 0 0 0 0
1101 432 2 2 0 0 0 108 0 0
1102 398 0 0 145 0 0 0 0 0
1144 1043 0 0 324 0 0 108 0 0
1377 26 1 0 0 0 0 26 0 0
1389 82 0 0 0 0 0 82 0 0
1390 82 6 2 82 0 0 0 0 0
1391 82 0 0 0 0 0 0 0 0
1394 36 0 0 0 0 0 18 0 0
1395 18 6 1 18 0 0 0 0 0
1398 1516 25 5 632 0 0 158 0 0
1403 474 0 0 0 0 0 0 0 0
1407 12 0 0 2 0 0 2 0 0
1408 16 0 0 8 0 0 2 0 0
1412 1264 13 3 158 0 0 0 0 0
1415 305 0 0 0 0 0 61 0 0
1418 467 6 3 191 0 0 69 0 0
1420 488 1 0 244 9 5 0 0 0
1428 80 0 0 0 0 0 0 0 0
1431 183 4 1 61 0 0 0 0 0
1435 423 14 3 97 0 0 132 0 0
1438 570 10 3 272 0 0 0 0 0
1669 474 14 3 158 0 0 0 0 0
1733 974 14 3 48 0 0 0 0 0
1735 762 14 3 381 0 0 0 0 0
1737 810 12 3 266 1 0 110 0 0
1740 1674 0 0 229 0 0 0 0 0
1742 950 26 6 350 0 0 150 0 0
1797 280 0 0 0 0 0 0 0 0
1799 1120 0 0 0 0 0 0 0 0
1801 2840 10 4 880 0 0 360 0 0
1804 316 3 0 0 0 0 0 0 0
1811 316 0 0 0 0 0 0 0 0
1812 316 0 0 0 0 0 0 0 0
1813 196 12 6 98 0 0 0 0 0
1814 196 0 0 0 0 0 0 0 0
1840 756 12 3 0 0 0 110 0 0
1844 316 0 0 158 0 0 0 0 0
1861 474 0 0 0 0 0 0 0 0
1862 516 0 0 158 0 0 100 0 0
1865 174 6 3 0 0 0 58 0 0
1868 474 15 3 316 0 0 0 0 0
1871 790 0 0 158 0 0 158 0 0
1873 316 0 0 0 0 0 0 0 0
1877 358 0 0 0 0 0 0 0 0
1878 72 7 1 24 0 0 0 0 0
1879 152 3 2 76 0 0 0 0 0
1881 152 3 2 76 0 0 0 0 0
1882 228 0 0 76 0 0 0 0 0
1890 116 4 3 0 0 0 0 0 0
1891 228 0 0 76 0 0 50 0 0
1892 114 6 3 57 0 0 0 0 0
1893 77 2 2 28 0 0 7 0 0
1894 14 0 0 0 0 0 7 0 0
1895 100 4 0 50 0 0 0 0 0
1896 1332 7 4 404 0 0 240 9 8
1898 78 2 2 24 0 0 12 0 0
1900 316 6 2 158 0 0 0 0 0
1912 72 0 0 24 0 0 8 0 0
1914 48 0 0 8 0 0 8 0 0
1918 32 0 0 0 0 0 8 0 0
1921 24 1 1 0 0 0 0 0 0
1933 56 2 2 24 0 0 8 0 0
1954 16 0 0 0 0 0 0 0 0
2017 8 1 1 0 0 0 8 0 0
2018 40 1 1 8 0 0 0 0 0
2044 80 1 1 0 0 0 0 0 0
2048 185 2 2 0 0 0 37 0 0
2050 120 1 1 0 0 0 0 0 0
2053 24 0 0 0 0 0 0 0 0
2055 112 2 2 40 0 0 8 0 0
2063 32 1 1 0 0 0 0 0 0
2064 96 1 1 64 2 0 0 0 0
2066 56 0 0 16 0 0 24 0 0
2088 48 1 1 0 0 0 0 0 0
2090 32 0 0 16 0 0 0 0 0
2092 80 1 1 40 1 1 8 0 0
2093 24 1 1 8 0 0 0 0 0
2103 16 0 0 0 0 0 0 0 0
2106 128 3 3 48 0 0 0 0 0
2108 24 0 0 0 0 0 0 0 0
2110 8 0 0 0 0 0 8 0 0
2121 40 0 0 0 0 0 24 0 0
2140 24 1 1 8 0 0 0 0 0
2152 88 4 4 16 0 0 16 0 0
2159 304 1 1 128 0 0 32 0 0
2163 128 0 0 0 0 0 0 0 0
2166 16 0 0 0 0 0 0 0 0
2174 16 0 0 8 0 0 0 0 0
2180 7536 0 0 0 0 0 1256 0 0
2412 40 1 1 16 0 0 0 0 0
2421 16 0 0 8 0 0 0 0 0
2428 16 0 0 0 0 0 0 0 0
2429 6280 0 0 0 0 0 1256 0 0
2431 24 1 1 8 0 0 0 0 0
2433 16 0 0 0 0 0 0 0 0
2446 16 0 0 8 0 0 0 0 0
2448 16 1 1 0 0 0 8 0 0
2450 40 1 1 16 0 0 0 0 0
2451 104 0 0 32 0 0 16 0 0
2461 16 1 1 0 0 0 0 0 0
2465 24 0 0 8 0 0 8 0 0
2469 32 1 1 0 0 0 8 0 0
2472 144 3 3 48 0 0 16 0 0
2474 16 1 1 8 0 0 0 0 0
2480 8 0 0 0 0 0 8 0 0
2502 16 1 1 0 0 0 0 0 0
2508 336 0 0 8 0 0 264 4 0
2510 16 0 0 16 0 0 0 0 0
2511 32 1 1 0 0 0 0 0 0
2520 96 1 1 16 0 0 0 0 0
2521 16 0 0 0 0 0 0 0 0
2530 16 0 0 8 0 0 8 0 0
2536 32 1 1 8 0 0 8 0 0
2767 80 1 1 32 0 0 8 0 0
2887 40 1 1 24 0 0 0 0 0
2894 16 1 1 0 0 0 0 0 0
2896 32 1 1 0 0 0 8 0 0
2897 104 1 1 32 0 0 8 0 0
2936 160 1 1 40 0 0 32 0 0
2939 16 0 0 8 0 0 0 0 0
2943 90 2 2 0 0 0 0 0 0
2983 180 0 0 45 0 0 90 0 0
2985 90 0 0 45 0 0 0 0 0
2991 90 2 1 0 0 0 45 0 0
2993 90 2 2 45 0 0 45 0 0
3015 1002 0 0 234 0 0 0 0 0
3018 552 2 2 168 0 0 48 0 0
3019 216 0 0 96 0 0 0 0 0
3020 48 0 0 0 0 0 0 0 0
3025 5060 28 8 2528 0 0 1264 0 0
3029 2512 0 0 1256 0 0 0 0 0
3046 2512 0 0 1256 0 0 0 0 0
3052 15072 16 4 12560 0 0 0 0 0
fl=./stdio-common/./stdio-common/vfscanf.c
fn=vfscanf
27 4 2 1 0 0 0 0 0 0
28 8 0 0 0 0 0 0 0 0
fl=./stdlib/../include/rounding-mode.h
fn=round_and_return
46 59 4 4 0 0 0 0 0 0
52 30 1 1 0 0 0 0 0 0
fl=./stdlib/../stdlib/gmp.h
fn=round_and_return
447 8 0 0 0 0 0 0 0 0
448 8 0 0 0 0 0 8 0 0
fl=./stdlib/../stdlib/strtol.c
fn=__strtol_internal
97 100 11 1 0 0 0 0 0 0
98 300 0 0 200 0 0 0 0 0
fn=__strtoul_internal
97 58 6 1 0 0 0 0 0 0
98 174 0 0 116 0 0 0 0 0
fn=strtol
105 61 9 2 0 0 0 0 0 0
106 244 0 0 122 6 1 0 0 0
fn=strtoul
105 85 10 2 0 0 0 0 0 0
106 340 0 0 170 6 0 0 0 0
fl=./stdlib/../stdlib/strtol_l.c
fn=____strtol_l_internal
225 1771 20 3 0 0 0 1127 7 0
239 161 0 0 161 4 1 0 0 0
244 161 0 0 0 0 0 0 0 0
245 268 13 3 0 0 0 0 0 0
251 322 0 0 0 0 0 0 0 0
279 161 0 0 0 0 0 0 0 0
282 644 0 0 0 0 0 0 0 0
291 1016 20 3 503 14 3 0 0 0
292 10 0 0 0 0 0 0 0 0
293 322 0 0 0 0 0 0 0 0
297 158 0 0 0 0 0 158 0 0
298 322 20 3 0 0 0 0 0 0
300 3 0 0 0 0 0 3 0 0
301 6 0 0 0 0 0 0 0 0
303 316 0 0 0 0 0 0 0 0
307 325 2 1 3 0 0 0 0 0
309 275 16 1 165 18 2 0 0 0
314 4 0 0 0 0 0 0 0 0
315 2 0 0 0 0 0 0 0 0
317 214 0 0 0 0 0 0 0 0
324 318 28 6 0 0 0 0 0 0
327 688 10 3 0 0 0 159 0 0
369 2 0 0 0 0 0 0 0 0
372 2 1 1 0 0 0 0 0 0
373 2 0 0 0 0 0 2 0 0
377 163 0 0 0 0 0 0 0 0
431 630 0 0 315 0 0 0 0 0
433 1688 0 0 0 0 0 0 0 0
435 996 0 0 0 0 0 0 0 0
442 34 0 0 0 0 0 0 0 0
449 322 1 0 0 0 0 161 0 0
459 678 1 0 178 1 0 0 0 0
460 12 0 0 6 2 0 0 0 0
463 963 21 3 0 0 0 0 0 0
466 945 0 0 0 0 0 0 0 0
471 637 22 3 0 0 0 0 0 0
472 945 0 0 0 0 0 0 0 0
477 322 0 0 0 0 0 0 0 0
482 465 20 3 155 0 0 0 0 0
483 105 0 0 0 0 0 105 0 0
488 310 0 0 0 0 0 0 0 0
489 310 0 0 0 0 0 0 0 0
491 465 32 6 155 0 0 0 0 0
506 775 0 0 155 0 0 0 0 0
513 12 2 1 6 0 0 0 0 0
515 24 0 0 0 0 0 0 0 0
520 12 1 0 6 0 0 6 0 0
523 12 0 0 0 0 0 0 0 0
524 1288 0 0 1127 0 0 0 0 0
fn=____strtoul_l_internal
225 1573 29 6 0 0 0 1001 4 0
239 143 0 0 143 7 0 0 0 0
244 143 0 0 0 0 0 0 0 0
245 143 0 0 0 0 0 0 0 0
251 286 0 0 0 0 0 0 0 0
279 143 0 0 0 0 0 0 0 0
282 572 0 0 0 0 0 0 0 0
291 868 15 3 433 14 2 0 0 0
292 2 0 0 0 0 0 0 0 0
293 286 0 0 0 0 0 0 0 0
297 143 0 0 0 0 0 143 0 0
298 286 0 0 0 0 0 0 0 0
303 286 16 3 0 0 0 0 0 0
307 286 0 0 0 0 0 0 0 0
309 476 26 2 283 13 3 0 0 0
311 1 0 0 0 0 0 0 0 0
312 1 0 0 0 0 0 0 0 0
314 92 0 0 0 0 0 0 0 0
315 1 0 0 0 0 0 0 0 0
317 140 0 0 0 0 0 0 0 0
324 282 5 3 0 0 0 0 0 0
327 272 12 2 0 0 0 0 0 0
369 78 0 0 0 0 0 0 0 0
372 435 0 0 143 18 4 0 0 0
373 402 7 4 143 15 3 143 0 0
377 217 4 1 1 0 0 0 0 0
431 842 0 0 421 0 0 0 0 0
433 1968 0 0 0 0 0 0 0 0
435 1422 0 0 0 0 0 0 0 0
442 142 0 0 0 0 0 0 0 0
449 286 2 0 0 0 0 143 0 0
459 714 2 2 214 8 1 0 0 0
460 50 0 0 25 6 2 0 0 0
463 1284 13 1 0 0 0 0 0 0
466 1263 0 0 0 0 0 0 0 0
471 707 15 3 0 0 0 0 0 0
472 1263 0 0 0 0 0 0 0 0
477 286 0 0 0 0 0 0 0 0
482 411 15 1 137 0 0 0 0 0
483 135 0 0 0 0 0 135 0 0
495 274 0 0 0 0 0 0 0 0
506 822 0 0 137 0 0 0 0 0
513 12 3 2 6 0 0 0 0 0
515 24 0 0 0 0 0 0 0 0
520 18 2 2 6 0 0 6 0 0
523 6 0 0 0 0 0 0 0 0
524 1287 12 2 1001 0 0 0 0 0
fl=./stdlib/../sysdeps/generic/get-rounding-mode.h
fn=round_and_return
94 10 0 0 0 0 0 10 0 0
95 80 3 3 10 0 0 0 0 0
fl=./stdlib/../sysdeps/ieee754/dbl-64/dbl2mpn.c
fn=__mpn_extract_double
33 75 11 9 0 0 0 0 0 0
35 25 0 0 0 0 0 0 0 0
37 75 0 0 0 0 0 25 0 0
38 125 0 0 0 0 0 25 0 0
47 75 0 0 0 0 0 25 0 0
56 75 11 9 0 0 0 0 0 0
103 50 0 0 0 0 0 25 0 0
107 50 0 0 25 0 0 0 0 0
fl=./stdlib/../sysdeps/ieee754/dbl-64/mpn2dbl.c
fn=__mpn_construct_double
29 10 3 3 0 0 0 0 0 0
33 10 0 0 0 0 0 0 0 0
39 10 0 0 10 0 0 0 0 0
40 100 0 0 0 0 0 0 0 0
46 20 0 0 0 0 0 0 0 0
47 10 0 0 10 0 0 0 0 0
fl=./stdlib/../sysdeps/pthread/allocalim.h
fn=__add_to_environ
27 50 1 1 0 0 0 25 0 0
29 100 0 0 0 0 0 0 0 0
fl=./stdlib/../sysdeps/unix/sysv/linux/getrandom.c
fn=getrandom
28 1 1 1 0 0 0 0 0 0
29 7 1 1 1 0 0 0 0 0
30 1 0 0 1 0 0 0 0 0
fl=./stdlib/../sysdeps/x86_64/lshift.S
fn=__mpn_lshift
28 54 14 11 0 0 0 0 0 0
29 54 0 0 0 0 0 0 0 0
30 54 0 0 0 0 0 0 0 0
32 54 0 0 0 0 0 0 0 0
33 54 0 0 0 0 0 0 0 0
34 54 0 0 0 0 0 0 0 0
46 54 12 10 0 0 0 0 0 0
47 54 0 0 0 0 0 0 0 0
48 53 0 0 53 0 0 0 0 0
49 53 0 0 0 0 0 0 0 0
50 53 0 0 0 0 0 0 0 0
51 53 0 0 0 0 0 0 0 0
52 53 0 0 0 0 0 0 0 0
58 53 0 0 0 0 0 0 0 0
59 53 0 0 0 0 0 53 0 0
60 53 0 0 53 0 0 0 0 0
63 1 0 0 0 0 0 0 0 0
64 1 0 0 1 0 0 0 0 0
65 1 0 0 1 0 0 0 0 0
66 1 0 0 0 0 0 0 0 0
67 1 0 0 0 0 0 0 0 0
68 1 1 1 0 0 0 0 0 0
69 1 0 0 0 0 0 0 0 0
74 1 0 0 0 0 0 0 0 0
75 1 0 0 0 0 0 1 0 0
76 1 0 0 0 0 0 0 0 0
77 1 0 0 0 0 0 1 0 0
78 1 0 0 1 0 0 0 0 0
fl=./stdlib/../sysdeps/x86_64/mul_1.S
fn=__mpn_mul_1
31 131 11 9 0 0 0 0 0 0
32 131 0 0 0 0 0 131 0 0
35 131 0 0 0 0 0 0 0 0
36 131 0 0 131 0 0 0 0 0
37 131 0 0 0 0 0 0 0 0
38 131 0 0 0 0 0 0 0 0
39 131 0 0 0 0 0 0 0 0
41 131 0 0 0 0 0 0 0 0
42 131 0 0 0 0 0 0 0 0
44 131 0 0 0 0 0 0 0 0
45 131 0 0 0 0 0 0 0 0
46 131 11 9 0 0 0 0 0 0
47 131 0 0 0 0 0 0 0 0
48 105 0 0 0 0 0 0 0 0
50 105 0 0 0 0 0 0 0 0
51 105 0 0 0 0 0 0 0 0
52 105 0 0 0 0 0 105 0 0
53 105 0 0 0 0 0 0 0 0
79 26 11 9 0 0 0 0 0 0
80 26 0 0 0 0 0 0 0 0
81 26 0 0 0 0 0 0 0 0
82 26 0 0 0 0 0 0 0 0
83 26 0 0 0 0 0 0 0 0
84 26 0 0 0 0 0 0 0 0
85 26 0 0 26 0 0 0 0 0
86 26 0 0 0 0 0 0 0 0
87 26 0 0 0 0 0 0 0 0
113 26 3 3 0 0 0 0 0 0
114 26 0 0 0 0 0 0 0 0
115 26 0 0 0 0 0 0 0 0
117 26 0 0 0 0 0 26 0 0
118 26 0 0 0 0 0 0 0 0
119 26 0 0 0 0 0 0 0 0
120 26 0 0 0 0 0 26 0 0
121 26 0 0 0 0 0 0 0 0
122 131 8 6 0 0 0 0 0 0
124 131 0 0 131 0 0 0 0 0
127 131 0 0 131 0 0 0 0 0
fl=./stdlib/../sysdeps/x86_64/rshift.S
fn=__mpn_rshift
28 36 10 8 0 0 0 0 0 0
29 36 0 0 0 0 0 0 0 0
30 36 0 0 0 0 0 0 0 0
31 36 0 0 0 0 0 0 0 0
44 36 11 9 0 0 0 0 0 0
45 36 0 0 0 0 0 0 0 0
61 36 11 9 0 0 0 0 0 0
62 36 0 0 36 0 0 0 0 0
63 36 0 0 36 0 0 0 0 0
64 36 0 0 0 0 0 0 0 0
65 36 0 0 0 0 0 0 0 0
66 36 0 0 0 0 0 0 0 0
67 36 0 0 0 0 0 0 0 0
72 36 0 0 0 0 0 0 0 0
73 36 0 0 0 0 0 36 0 0
74 36 0 0 0 0 0 0 0 0
75 36 0 0 0 0 0 36 0 0
76 36 0 0 36 0 0 0 0 0
fl=./stdlib/../wcsmbs/wcsmbsload.h
fn=mbtowc
69 3 1 1 1 1 1 0 0 0
71 3 0 0 0 0 0 0 0 0
72 1 0 0 0 0 0 0 0 0
fl=./stdlib/./stdlib/cmp.c
fn=__mpn_cmp
31 16 10 8 0 0 0 0 0 0
35 32 0 0 0 0 0 0 0 0
37 16 0 0 16 0 0 0 0 0
38 16 0 0 16 0 0 0 0 0
39 32 10 8 0 0 0 0 0 0
47 80 0 0 16 0 0 0 0 0
fl=./stdlib/./stdlib/cxa_atexit.c
fn=__cxa_atexit
41 10 0 0 0 0 0 0 0 0
43 30 0 0 5 3 1 0 0 0
44 10 2 2 0 0 0 5 0 0
46 10 0 0 0 0 0 0 0 0
53 15 0 0 5 0 0 0 0 0
55 5 0 0 0 0 0 5 0 0
56 10 0 0 5 0 0 5 2 1
58 5 0 0 0 0 0 5 0 0
59 20 2 2 10 0 0 0 0 0
60 5 0 0 0 0 0 0 0 0
69 45 2 2 0 0 0 20 0 0
71 30 0 0 20 0 0 0 0 0
fn=__new_exitfn
82 25 2 2 0 0 0 10 0 0
83 10 0 0 0 0 0 0 0 0
88 10 0 0 5 0 0 0 0 0
93 24 0 0 6 3 1 0 0 0
95 20 2 2 5 3 1 0 0 0
96 20 0 0 4 0 0 0 0 0
103 1 0 0 0 0 0 1 0 0
106 8 1 1 0 0 0 0 0 0
124 1 0 0 0 0 0 0 0 0
125 2 1 1 0 0 0 1 0 0
131 12 0 0 0 0 0 0 0 0
132 8 0 0 0 0 0 4 0 0
138 5 1 1 0 0 0 5 1 1
139 5 0 0 5 0 0 0 0 0
143 25 0 0 15 0 0 0 0 0
fl=./stdlib/./stdlib/cxa_finalize.c
fn=__cxa_finalize
30 351 3 2 0 0 0 234 0 0
33 234 3 2 39 4 0 0 0 0
36 234 3 2 78 5 0 0 0 0
40 436 0 0 39 4 1 0 0 0
41 84 3 2 42 1 1 0 0 0
43 1 0 0 1 0 0 0 0 0
45 1 0 0 1 0 0 0 0 0
76 1 0 0 0 0 0 1 0 0
79 3 1 1 2 0 0 0 0 0
82 4 0 0 2 0 0 0 0 0
83 3 0 0 0 0 0 1 0 0
84 4 0 0 1 0 0 0 0 0
88 2 0 0 1 0 0 0 0 0
94 273 3 2 78 5 2 0 0 0
98 234 0 0 39 6 2 0 0 0
105 78 0 0 0 0 0 0 0 0
106 78 0 0 0 0 0 39 0 0
107 156 0 0 78 0 0 0 0 0
108 312 3 2 273 0 0 0 0 0
fl=./stdlib/./stdlib/cxa_thread_atexit_impl.c
fn=__call_tls_dtors
149 4 1 1 0 0 0 2 0 0
150 4 0 0 2 2 0 0 0 0
168 4 1 1 3 0 0 0 0 0
fl=./stdlib/./stdlib/divrem.c
fn=__mpn_divrem
46 637 10 8 0 0 0 392 8 6
47 49 0 0 0 0 0 49 1 1
49 98 0 0 0 0 0 0 0 0
62 49 10 8 49 0 0 0 0 0
63 49 0 0 49 0 0 0 0 0
65 98 0 0 0 0 0 0 0 0
67 2 0 0 0 0 0 0 0 0
68 4 2 2 0 0 0 2 0 0
72 451 9 7 38 0 0 0 0 0
73 114 0 0 38 0 0 38 0 0
76 98 1 1 0 0 0 0 0 0
79 49 10 8 0 0 0 49 0 0
234 441 0 0 392 0 0 0 0 0
fl=./stdlib/./stdlib/exit.c
fn=__run_exit_handlers
40 11 1 1 0 0 0 7 0 0
45 2 0 0 0 0 0 0 0 0
46 2 0 0 0 0 0 1 0 0
48 5 1 1 1 1 1 0 0 0
56 1 0 0 1 1 1 0 0 0
58 3 0 0 0 0 0 0 0 0
62 1 0 0 0 0 0 1 0 0
66 17 1 0 5 1 1 0 0 0
68 10 0 0 0 0 0 5 0 0
71 37 2 1 5 2 2 0 0 0
98 1 0 0 0 0 0 0 0 0
105 8 1 1 0 0 0 4 0 0
106 4 0 0 4 0 0 0 0 0
107 4 0 0 4 0 0 0 0 0
109 8 1 1 4 0 0 0 0 0
112 16 0 0 8 0 0 0 0 0
113 12 0 0 0 0 0 4 0 0
114 16 1 0 4 0 0 0 0 0
124 2 1 1 1 0 0 1 0 0
125 2 0 0 0 0 0 0 0 0
131 4 0 0 2 0 0 0 0 0
133 2 0 0 1 1 0 0 0 0
134 9 1 1 1 1 1 1 0 0
136 2 0 0 0 0 0 1 0 0
fn=exit
142 4 1 1 1 0 0 1 0 0
143 4 1 1 0 0 0 1 0 0
fl=./stdlib/./stdlib/getenv.c
fn=getenv
34 9384 62 10 0 0 0 7038 5 1
38 9384 0 0 3519 380 93 0 0 0
41 2346 0 0 1173 6 6 0 0 0
65 2346 58 11 0 0 0 1173 3 1
67 1173 0 0 1173 0 0 0 0 0
72 1173 0 0 0 0 0 0 0 0
73 1173 0 0 0 0 0 0 0 0
75 650311 0 0 162871 1225 83 0 0 0
84 519214 0 0 161780 5502 376 32609 0 0
85 170 0 0 85 0 0 0 0 0
86 164 18 3 0 0 0 0 0 0
91 10557 0 0 8211 0 0 0 0 0
fl=./stdlib/./stdlib/mbtowc.c
fn=mbtowc
35 2 1 1 0 0 0 1 0 0
42 2 0 0 0 0 0 0 0 0
47 3 1 1 3 1 1 0 0 0
51 1 0 0 0 0 0 1 1 1
53 2 0 0 2 2 2 0 0 0
72 2 0 0 2 0 0 0 0 0
fl=./stdlib/./stdlib/msort.c
fn=msort_with_tmp.part.0
39 3982 12 4 0 0 0 3258 20 0
44 2798 4 1 214 0 0 354 11 0
47 724 0 0 0 0 0 0 0 0
48 724 0 0 0 0 0 0 0 0
49 2570 4 2 406 0 0 1281 0 0
50 1086 0 0 362 0 0 0 0 0
55 724 12 4 510 0 0 0 0 0
56 724 0 0 362 0 0 362 0 0
57 724 0 0 362 0 0 362 1 0
58 362 0 0 362 0 0 0 0 0
59 1695 3 1 362 0 0 0 0 0
80 835 0 0 0 0 0 0 0 0
82 2408 3 1 344 0 0 344 2 0
84 218 3 2 218 0 0 0 0 0
85 218 0 0 0 0 0 0 0 0
86 218 0 0 0 0 0 218 3 0
90 126 0 0 126 0 0 0 0 0
91 126 0 0 0 0 0 0 0 0
92 126 0 0 0 0 0 126 2 0
94 344 0 0 0 0 0 0 0 0
98 5236 2 1 1122 0 0 0 0 0
103 963 0 0 0 0 0 0 0 0
104 8667 0 0 2889 0 0 963 2 0
107 946 0 0 0 0 0 0 0 0
108 946 1 0 473 0 0 0 0 0
113 490 0 0 0 0 0 0 0 0
114 980 0 0 0 0 0 0 0 0
116 14445 1 1 0 0 0 0 0 0
117 5778 1 0 1926 0 0 1926 38 27
121 1540 2 1 122 0 0 7 0 0
123 3598 0 0 1542 0 0 514 1 0
125 269 2 1 269 0 0 0 0 0
126 269 0 0 0 0 0 0 0 0
127 269 0 0 0 0 0 269 7 7
131 245 0 0 245 0 0 0 0 0
132 245 0 0 0 0 0 0 0 0
133 245 0 0 0 0 0 245 3 3
135 514 0 0 0 0 0 0 0 0
139 42 1 1 0 0 0 0 0 0
141 84 1 1 24 0 0 12 0 0
143 60 1 1 0 0 0 12 0 0
144 12 0 0 0 0 0 0 0 0
145 24 0 0 0 0 0 0 0 0
157 1640 0 0 0 0 0 0 0 0
158 620 1 0 124 0 0 124 0 0
159 2839 9 4 1810 0 0 0 0 0
160 2534 0 0 2172 0 0 0 0 0
fn=qsort
306 11 5 0 0 0 0 0 0 0
307 22 0 0 0 0 0 0 0 0
fn=qsort_r
44 54 8 3 16 0 0 8 1 0
165 187 7 3 11 1 0 99 0 0
166 16 6 2 0 0 0 0 0 0
167 9 0 0 0 0 0 9 0 0
171 22 0 0 0 0 0 0 0 0
172 6 0 0 0 0 0 0 0 0
174 22 1 1 0 0 0 0 0 0
176 156 7 4 9 0 0 9 0 0
184 6 1 0 2 2 1 0 0 0
186 2 1 1 0 0 0 1 0 0
188 3 0 0 0 0 0 0 0 0
197 5 1 1 0 0 0 1 0 0
202 5 0 0 0 0 0 2 0 0
213 12 0 0 2 0 0 0 0 0
220 6 0 0 4 2 0 2 0 0
221 6 0 0 0 0 0 4 0 0
222 4 2 1 2 0 0 2 0 0
223 6 0 0 0 0 0 2 0 0
233 11 0 0 0 0 0 11 0 0
234 11 0 0 0 0 0 11 0 0
235 11 0 0 0 0 0 11 0 0
236 33 5 2 11 0 0 11 0 0
238 22 7 3 0 0 0 0 0 0
242 12 0 0 6 0 0 0 0 0
244 6 0 0 0 0 0 3 0 0
246 374 5 2 9 0 0 3 0 0
248 56 0 0 0 0 0 56 12 12
251 6 0 0 3 2 1 3 0 0
253 3 0 0 3 0 0 0 0 0
259 555 0 0 333 0 0 0 0 0
260 444 2 1 222 0 0 0 0 0
264 112 0 0 8 0 0 4 0 0
268 528 0 0 88 0 0 0 0 0
269 88 0 0 0 0 0 88 0 0
270 264 1 1 0 0 0 88 0 0
273 264 0 0 88 0 0 0 0 0
275 176 0 0 0 0 0 0 0 0
277 4 0 0 0 0 0 4 0 0
278 16 0 0 4 0 0 4 0 0
283 16 5 2 8 0 0 0 0 0
284 16 0 0 0 0 0 0 0 0
286 16 5 3 0 0 0 0 0 0
288 16 0 0 0 0 0 0 0 0
289 6 0 0 3 0 0 0 0 0
290 6 0 0 0 0 0 3 0 0
292 10 0 0 0 0 0 0 0 0
294 2 0 0 0 0 0 1 0 0
298 22 2 1 11 0 0 11 0 0
299 121 6 2 99 0 0 0 0 0
fl=./stdlib/./stdlib/mul.c
fn=__mpn_mul
48 238 22 18 14 0 0 126 4 4
54 28 0 0 0 0 0 0 0 0
66 28 0 0 0 0 0 0 0 0
71 14 0 0 14 2 2 0 0 0
72 28 11 9 0 0 0 0 0 0
81 14 10 8 0 0 0 14 0 0
83 42 0 0 14 0 0 14 0 0
84 14 10 8 0 0 0 0 0 0
88 28 0 0 0 0 0 0 0 0
142 154 0 0 126 0 0 0 0 0
fl=./stdlib/./stdlib/setenv.c
fn=__add_to_environ
118 425 2 2 25 0 0 250 0 0
128 50 0 0 0 0 0 25 0 0
130 50 0 0 0 0 0 0 0 0
131 125 1 1 25 0 0 50 0 0
133 100 1 1 25 1 0 0 0 0
137 50 0 0 50 0 0 0 0 0
139 50 0 0 0 0 0 0 0 0
140 50 0 0 0 0 0 0 0 0
142 14775 0 0 3700 0 0 0 0 0
143 22050 1 1 0 0 0 3675 0 0
146 7325 0 0 0 0 0 0 0 0
155 50 0 0 25 1 1 25 0 0
156 100 0 0 0 0 0 25 0 0
158 75 1 1 25 0 0 0 0 0
164 100 0 0 50 0 0 0 0 0
165 29 0 0 0 0 0 1 0 0
168 75 0 0 0 0 0 25 0 0
172 75 1 1 25 0 0 50 0 0
179 50 0 0 25 0 0 0 0 0
183 50 0 0 25 0 0 0 0 0
188 425 2 2 25 0 0 0 0 0
199 225 1 1 50 0 0 75 0 0
207 225 0 0 0 0 0 50 0 0
217 75 1 1 0 0 0 50 0 0
218 75 0 0 0 0 0 0 0 0
225 75 0 0 0 0 0 25 0 0
233 125 0 0 50 0 0 25 0 0
244 50 0 0 25 0 0 25 0 0
247 100 0 0 50 0 0 0 0 0
249 25 0 0 0 0 0 0 0 0
250 300 1 1 225 0 0 0 0 0
fn=setenv
254 100 1 1 0 0 0 75 0 0
255 275 0 0 25 2 2 25 0 0
261 125 1 1 0 0 0 0 0 0
262 75 0 0 75 0 0 0 0 0
fl=./stdlib/./stdlib/strtod.c
fn=__strtod_internal
68 8 1 1 0 0 0 0 0 0
69 24 0 0 16 0 0 0 0 0
fn=strtod
81 2 2 2 0 0 0 0 0 0
82 8 0 0 4 0 0 0 0 0
fl=./stdlib/./stdlib/strtod_l.c
fn=____strtod_l_internal
508 110 6 6 0 0 0 70 3 0
514 10 0 0 0 0 0 0 0 0
553 10 0 0 0 0 0 0 0 0
561 30 0 0 20 1 0 10 0 0
563 20 0 0 0 0 0 0 0 0
587 10 0 0 0 0 0 0 0 0
595 30 0 0 10 0 0 20 0 0
596 40 3 3 0 0 0 30 2 0
597 50 0 0 30 0 0 0 0 0
601 10 0 0 0 0 0 10 2 1
602 10 0 0 0 0 0 10 0 0
607 20 0 0 0 0 0 0 0 0
610 44 3 3 11 0 0 0 0 0
611 32 0 0 21 2 0 0 0 0
614 20 0 0 0 0 0 0 0 0
619 20 0 0 0 0 0 0 0 0
632 60 0 0 10 0 0 0 0 0
633 20 3 3 10 0 0 0 0 0
641 30 0 0 0 0 0 0 0 0
689 30 3 3 10 0 0 0 0 0
708 20 0 0 0 0 0 0 0 0
732 20 3 3 10 2 2 0 0 0
733 50 3 3 0 0 0 10 0 0
734 10 0 0 0 0 0 0 0 0
765 20 3 3 0 0 0 0 0 0
775 74 3 3 0 0 0 0 0 0
776 20 3 3 0 0 0 0 0 0
779 22 3 3 0 0 0 0 0 0
788 20 0 0 0 0 0 0 0 0
801 22 0 0 11 0 0 0 0 0
804 20 0 0 0 0 0 0 0 0
846 20 0 0 0 0 0 0 0 0
855 80 0 0 10 0 0 0 0 0
856 20 3 3 10 0 0 0 0 0
862 20 3 3 10 0 0 0 0 0
863 10 0 0 10 0 0 0 0 0
864 49 3 3 0 0 0 0 0 0
865 117 6 6 0 0 0 0 0 0
868 38 0 0 0 0 0 0 0 0
871 57 0 0 19 0 0 0 0 0
874 20 0 0 0 0 0 0 0 0
880 20 0 0 20 3 1 0 0 0
882 50 0 0 0 0 0 0 0 0
895 10 0 0 0 0 0 0 0 0
1013 20 0 0 0 0 0 0 0 0
1015 60 0 0 20 0 0 0 0 0
1017 20 3 3 0 0 0 0 0 0
1018 20 0 0 0 0 0 0 0 0
1020 30 0 0 0 0 0 0 0 0
1023 43 0 0 1 0 0 0 0 0
1042 20 3 3 10 0 0 0 0 0
1043 18 2 2 9 0 0 9 0 0
1045 18 0 0 0 0 0 0 0 0
1048 20 0 0 0 0 0 0 0 0
1081 20 3 3 0 0 0 0 0 0
1173 10 0 0 10 0 0 0 0 0
1175 100 3 3 0 0 0 0 0 0
1176 10 0 0 0 0 0 0 0 0
1177 20 0 0 0 0 0 10 0 0
1180 40 0 0 0 0 0 0 0 0
1192 20 3 3 0 0 0 0 0 0
1195 20 0 0 0 0 0 0 0 0
1198 150 6 6 10 0 0 50 0 0
1204 60 3 3 40 0 0 0 0 0
1224 10 0 0 10 0 0 0 0 0
1248 30 3 3 10 0 0 0 0 0
1249 40 3 3 0 0 0 0 0 0
1253 20 0 0 0 0 0 0 0 0
1259 20 0 0 0 0 0 0 0 0
1291 20 0 0 0 0 0 0 0 0
1294 7 1 1 0 0 0 0 0 0
1296 2 0 0 0 0 0 0 0 0
1298 4 0 0 0 0 0 0 0 0
1306 5 1 1 0 0 0 1 0 0
1310 2 0 0 1 0 0 0 0 0
1325 8 1 1 1 0 0 1 0 0
1330 72 2 2 0 0 0 36 0 0
1353 27 0 0 0 0 0 9 0 0
1355 9 0 0 0 0 0 0 0 0
1357 63 0 0 18 0 0 0 0 0
1366 27 0 0 9 0 0 0 0 0
1369 18 2 2 0 0 0 0 0 0
1370 27 0 0 0 0 0 0 0 0
1399 27 2 2 0 0 0 0 0 0
1402 81 0 0 0 0 0 9 0 0
1410 45 2 2 0 0 0 9 0 0
1413 9 0 0 0 0 0 0 0 0
1414 9 0 0 0 0 0 0 0 0
1417 18 2 2 0 0 0 0 0 0
1420 9 0 0 0 0 0 0 0 0
1422 18 0 0 0 0 0 0 0 0
1424 18 0 0 9 2 2 0 0 0
1425 54 0 0 9 0 0 9 0 0
1430 90 2 2 0 0 0 36 0 0
1440 9 0 0 0 0 0 0 0 0
1441 9 0 0 0 0 0 0 0 0
1443 18 0 0 0 0 0 0 0 0
1445 72 4 4 36 0 0 0 0 0
1449 81 0 0 36 0 0 18 0 0
1466 45 2 2 9 0 0 9 0 0
1468 36 0 0 18 0 0 0 0 0
1472 45 2 2 9 0 0 9 0 0
1473 45 0 0 9 0 0 9 0 0
1474 18 0 0 0 0 0 0 0 0
1475 9 0 0 9 0 0 0 0 0
1485 45 0 0 9 0 0 18 0 0
1487 18 0 0 0 0 0 0 0 0
1494 9 2 2 9 0 0 0 0 0
1495 9 0 0 9 0 0 0 0 0
1496 63 2 2 9 0 0 0 0 0
1500 45 0 0 0 0 0 0 0 0
1538 261 8 8 27 0 0 18 0 0
1540 9 0 0 0 0 0 0 0 0
1542 90 0 0 27 0 0 9 0 0
1543 18 0 0 0 0 0 0 0 0
1544 18 2 2 0 0 0 0 0 0
1770 110 3 3 90 0 0 0 0 0
fn=round_and_return
215 160 6 6 10 0 0 70 0 0
218 20 0 0 0 0 0 0 0 0
226 10 0 0 0 0 0 0 0 0
233 10 0 0 10 0 0 0 0 0
269 40 0 0 0 0 0 0 0 0
272 20 0 0 0 0 0 0 0 0
313 20 3 3 0 0 0 0 0 0
319 27 1 1 0 0 0 0 0 0
320 20 0 0 0 0 0 0 0 0
328 16 0 0 0 0 0 0 0 0
338 16 1 1 0 0 0 0 0 0
350 40 0 0 0 0 0 0 0 0
352 18 2 2 18 3 3 0 0 0
353 9 0 0 0 0 0 0 0 0
355 70 6 6 20 0 0 0 0 0
356 70 0 0 60 0 0 0 0 0
fn=str_to_mpn.constprop.0
365 171 3 3 19 0 0 133 2 0
374 19 0 0 0 0 0 0 0 0
375 19 0 0 0 0 0 0 0 0
378 19 0 0 0 0 0 19 0 0
379 114 3 3 0 0 0 0 0 0
382 2 0 0 0 0 0 0 0 0
392 19 0 0 0 0 0 0 0 0
413 80 0 0 20 0 0 0 0 0
416 18 0 0 0 0 0 0 0 0
423 9 0 0 0 0 0 0 0 0
426 69 3 3 9 0 0 0 0 0
427 20 0 0 0 0 0 0 0 0
429 40 0 0 0 0 0 0 0 0
431 76 6 6 38 0 0 0 0 0
438 57 0 0 19 3 3 0 0 0
440 57 0 0 19 0 0 0 0 0
442 19 0 0 0 0 0 19 0 0
443 19 0 0 0 0 0 19 0 0
458 171 3 3 133 0 0 0 0 0
fl=./string/../include/rtld-malloc.h
fn=strdup
56 116 0 0 58 20 1 58 0 0
fl=./string/../string/strstr.c
fn=__GI_strstr
77 264 17 4 24 0 0 168 0 0
82 72 0 0 24 17 3 0 0 0
84 120 16 4 0 0 0 24 3 0
85 48 0 0 0 0 0 0 0 0
129 24 20 4 0 0 0 0 0 0
161 288 0 0 216 0 0 0 0 0
fl=./string/../sysdeps/x86/cacheinfo.c
fn=__x86_cacheinfo
86 3 1 1 1 0 0 0 0 0
fl=./string/../sysdeps/x86/cacheinfo.h
fn=__x86_cacheinfo
61 1 0 0 1 1 0 0 0 0
64 3 0 0 1 1 0 0 0 0
66 3 0 0 0 0 0 1 0 0
67 1 1 1 0 0 0 1 1 1
73 3 0 0 1 0 0 0 0 0
75 3 0 0 0 0 0 1 0 0
76 1 0 0 0 0 0 1 0 0
80 2 1 1 1 0 0 1 1 1
82 2 0 0 1 0 0 1 1 1
83 2 0 0 1 1 0 1 0 0
84 2 0 0 1 0 0 1 0 0
86 2 0 0 1 0 0 0 0 0
fl=./string/../sysdeps/x86_64/memcmp.S
fn=bcmp
22 13 1 1 0 0 0 0 0 0
27 13 0 0 0 0 0 0 0 0
28 13 0 0 0 0 0 0 0 0
29 13 0 0 0 0 0 0 0 0
30 13 0 0 0 0 0 0 0 0
31 13 0 0 0 0 0 0 0 0
32 13 0 0 0 0 0 0 0 0
33 13 0 0 0 0 0 0 0 0
34 13 0 0 0 0 0 0 0 0
37 6 0 0 0 0 0 0 0 0
38 6 0 0 0 0 0 0 0 0
39 1 1 1 1 0 0 0 0 0
40 1 0 0 1 0 0 0 0 0
41 1 0 0 0 0 0 0 0 0
42 1 0 0 0 0 0 0 0 0
43 1 0 0 0 0 0 0 0 0
44 1 0 0 0 0 0 0 0 0
45 1 0 0 0 0 0 0 0 0
47 6 0 0 0 0 0 0 0 0
48 6 0 0 0 0 0 0 0 0
49 5 0 0 5 0 0 0 0 0
50 5 0 0 5 0 0 0 0 0
51 5 0 0 0 0 0 0 0 0
55 5 0 0 0 0 0 0 0 0
57 5 0 0 0 0 0 0 0 0
58 5 0 0 0 0 0 0 0 0
62 5 0 0 0 0 0 0 0 0
65 6 1 1 0 0 0 0 0 0
66 6 0 0 0 0 0 0 0 0
67 1 0 0 1 0 0 0 0 0
68 1 0 0 1 0 0 0 0 0
69 1 0 0 0 0 0 0 0 0
73 1 0 0 0 0 0 0 0 0
75 1 0 0 0 0 0 0 0 0
76 1 0 0 0 0 0 0 0 0
80 1 0 0 0 0 0 0 0 0
83 6 0 0 0 0 0 0 0 0
84 6 0 0 0 0 0 0 0 0
85 2 0 0 2 0 0 0 0 0
86 2 0 0 2 0 0 0 0 0
87 2 0 0 0 0 0 0 0 0
91 2 0 0 0 0 0 0 0 0
93 2 0 0 0 0 0 0 0 0
94 2 0 0 0 0 0 0 0 0
98 2 0 0 0 0 0 0 0 0
101 5 0 0 5 0 0 0 0 0
102 5 0 0 5 0 0 0 0 0
103 5 0 0 0 0 0 0 0 0
109 5 0 0 0 0 0 0 0 0
110 5 0 0 0 0 0 0 0 0
111 5 0 0 0 0 0 0 0 0
112 5 0 0 0 0 0 0 0 0
113 4 0 0 0 0 0 0 0 0
114 4 0 0 0 0 0 0 0 0
115 4 0 0 4 0 0 0 0 0
116 4 0 0 4 0 0 0 0 0
117 4 0 0 0 0 0 0 0 0
124 11 0 0 0 0 0 0 0 0
126 11 0 0 11 0 0 0 0 0
138 1 1 1 0 0 0 0 0 0
139 1 0 0 0 0 0 0 0 0
140 1 0 0 0 0 0 0 0 0
141 1 0 0 0 0 0 0 0 0
142 1 0 0 0 0 0 0 0 0
143 1 0 0 0 0 0 0 0 0
144 1 1 1 0 0 0 0 0 0
145 1 0 0 0 0 0 0 0 0
146 1 0 0 0 0 0 0 0 0
147 1 0 0 0 0 0 0 0 0
148 1 0 0 0 0 0 0 0 0
149 1 0 0 0 0 0 0 0 0
150 1 0 0 1 0 0 0 0 0
154 1 0 0 0 0 0 0 0 0
155 1 0 0 1 0 0 0 0 0
173 11 0 0 0 0 0 0 0 0
174 11 0 0 0 0 0 0 0 0
175 11 0 0 0 0 0 0 0 0
177 11 0 0 0 0 0 0 0 0
178 11 0 0 0 0 0 0 0 0
190 11 1 1 0 0 0 0 0 0
191 11 0 0 0 0 0 0 0 0
261 5 1 1 0 0 0 0 0 0
262 5 0 0 0 0 0 0 0 0
263 5 0 0 0 0 0 0 0 0
264 5 0 0 0 0 0 0 0 0
267 5 0 0 5 0 0 0 0 0
268 5 0 0 5 0 0 0 0 0
269 5 0 0 0 0 0 0 0 0
270 5 0 0 0 0 0 0 0 0
271 5 0 0 0 0 0 0 0 0
272 5 0 0 0 0 0 0 0 0
274 5 0 0 5 0 0 0 0 0
275 5 0 0 5 0 0 0 0 0
276 5 0 0 0 0 0 0 0 0
277 5 0 0 0 0 0 0 0 0
278 5 0 0 0 0 0 0 0 0
284 4 0 0 0 0 0 0 0 0
285 4 0 0 0 0 0 0 0 0
286 4 0 0 0 0 0 0 0 0
287 4 0 0 0 0 0 0 0 0
295 7 0 0 0 0 0 0 0 0
296 7 0 0 7 0 0 0 0 0
297 7 0 0 0 0 0 0 0 0
298 7 0 0 7 0 0 0 0 0
299 7 0 0 0 0 0 0 0 0
304 11 1 1 0 0 0 0 0 0
305 11 0 0 0 0 0 0 0 0
306 11 0 0 0 0 0 0 0 0
307 11 0 0 0 0 0 0 0 0
308 11 1 1 0 0 0 0 0 0
309 11 0 0 0 0 0 0 0 0
311 4 0 0 4 0 0 0 0 0
312 4 0 0 4 0 0 0 0 0
313 4 0 0 0 0 0 0 0 0
314 4 0 0 0 0 0 0 0 0
315 4 0 0 0 0 0 0 0 0
316 4 0 0 0 0 0 0 0 0
317 4 0 0 0 0 0 0 0 0
318 4 0 0 0 0 0 0 0 0
321 7 0 0 0 0 0 0 0 0
322 7 0 0 0 0 0 0 0 0
323 7 0 0 0 0 0 0 0 0
324 7 0 0 0 0 0 0 0 0
326 2 0 0 2 0 0 0 0 0
327 2 0 0 2 0 0 0 0 0
328 2 0 0 0 0 0 0 0 0
329 2 0 0 0 0 0 0 0 0
330 2 0 0 0 0 0 0 0 0
331 2 0 0 0 0 0 0 0 0
333 2 0 0 2 0 0 0 0 0
334 2 0 0 2 0 0 0 0 0
335 2 0 0 0 0 0 0 0 0
336 2 0 0 0 0 0 0 0 0
337 2 0 0 0 0 0 0 0 0
341 5 1 1 0 0 0 0 0 0
342 5 0 0 0 0 0 0 0 0
fl=./string/../sysdeps/x86_64/multiarch/../strchr.S
fn=index
23 437 16 3 0 0 0 0 0 0
24 437 0 0 0 0 0 0 0 0
25 437 0 0 0 0 0 0 0 0
26 437 0 0 0 0 0 0 0 0
27 437 0 0 0 0 0 0 0 0
28 437 0 0 0 0 0 0 0 0
29 437 0 0 0 0 0 0 0 0
30 437 0 0 0 0 0 0 0 0
31 437 0 0 0 0 0 0 0 0
32 434 0 0 434 127 69 0 0 0
33 434 0 0 0 0 0 0 0 0
34 434 17 2 0 0 0 0 0 0
35 434 0 0 0 0 0 0 0 0
36 434 0 0 0 0 0 0 0 0
37 434 0 0 0 0 0 0 0 0
38 434 0 0 0 0 0 0 0 0
39 434 0 0 0 0 0 0 0 0
40 434 0 0 0 0 0 0 0 0
41 311 0 0 0 0 0 0 0 0
45 311 0 0 0 0 0 0 0 0
46 311 0 0 0 0 0 0 0 0
47 311 0 0 311 0 0 0 0 0
48 311 0 0 0 0 0 0 0 0
50 311 0 0 311 0 0 0 0 0
54 123 0 0 123 12 3 0 0 0
55 123 0 0 0 0 0 0 0 0
56 123 0 0 0 0 0 0 0 0
57 123 20 3 0 0 0 0 0 0
58 123 0 0 0 0 0 0 0 0
59 123 0 0 0 0 0 0 0 0
60 123 0 0 123 3 3 0 0 0
61 123 0 0 0 0 0 0 0 0
62 123 0 0 0 0 0 0 0 0
63 123 0 0 0 0 0 0 0 0
64 123 0 0 0 0 0 0 0 0
65 123 0 0 0 0 0 0 0 0
66 123 0 0 0 0 0 0 0 0
67 123 0 0 123 7 4 0 0 0
68 123 0 0 0 0 0 0 0 0
69 123 0 0 0 0 0 0 0 0
70 123 0 0 0 0 0 0 0 0
71 123 0 0 0 0 0 0 0 0
72 123 0 0 0 0 0 0 0 0
73 123 20 2 0 0 0 0 0 0
74 123 0 0 0 0 0 0 0 0
75 123 0 0 0 0 0 0 0 0
76 123 0 0 0 0 0 0 0 0
77 165 0 0 0 0 0 0 0 0
82 21 0 0 0 0 0 0 0 0
83 21 0 0 0 0 0 0 0 0
86 21 0 0 0 0 0 0 0 0
87 21 0 0 21 0 0 0 0 0
88 21 0 0 21 0 0 0 0 0
89 21 0 0 21 0 0 0 0 0
90 21 0 0 0 0 0 0 0 0
91 21 11 3 21 0 0 0 0 0
92 21 0 0 0 0 0 0 0 0
93 21 0 0 0 0 0 0 0 0
94 21 0 0 21 0 0 0 0 0
95 21 0 0 0 0 0 0 0 0
96 21 0 0 21 0 0 0 0 0
97 21 0 0 21 0 0 0 0 0
98 21 0 0 0 0 0 0 0 0
99 21 0 0 21 0 0 0 0 0
100 21 0 0 0 0 0 0 0 0
101 21 0 0 0 0 0 0 0 0
102 21 0 0 0 0 0 0 0 0
103 21 0 0 0 0 0 0 0 0
105 21 0 0 0 0 0 0 0 0
106 21 0 0 0 0 0 0 0 0
108 21 0 0 21 0 0 0 0 0
109 21 11 3 0 0 0 0 0 0
110 21 0 0 0 0 0 0 0 0
111 21 0 0 0 0 0 0 0 0
112 21 0 0 0 0 0 0 0 0
113 21 0 0 0 0 0 0 0 0
114 21 0 0 0 0 0 0 0 0
115 21 0 0 0 0 0 0 0 0
117 21 0 0 0 0 0 0 0 0
118 21 0 0 0 0 0 0 0 0
119 21 0 0 0 0 0 0 0 0
120 21 0 0 0 0 0 0 0 0
121 21 0 0 0 0 0 0 0 0
122 21 0 0 0 0 0 0 0 0
123 21 0 0 0 0 0 0 0 0
124 21 0 0 0 0 0 0 0 0
125 21 0 0 0 0 0 0 0 0
126 21 0 0 0 0 0 0 0 0
129 126 24 2 0 0 0 0 0 0
133 126 0 0 0 0 0 0 0 0
134 126 0 0 0 0 0 0 0 0
135 126 0 0 126 0 0 0 0 0
136 126 0 0 0 0 0 0 0 0
138 126 0 0 126 0 0 0 0 0
142 3 0 0 0 0 0 0 0 0
143 3 0 0 0 0 0 0 0 0
144 3 0 0 0 0 0 0 0 0
145 3 0 0 0 0 0 0 0 0
146 3 0 0 3 0 0 0 0 0
147 3 0 0 0 0 0 0 0 0
148 3 0 0 0 0 0 0 0 0
149 3 0 0 0 0 0 0 0 0
150 3 2 2 0 0 0 0 0 0
151 3 0 0 0 0 0 0 0 0
152 3 0 0 3 0 0 0 0 0
153 3 0 0 0 0 0 0 0 0
154 3 0 0 0 0 0 0 0 0
155 3 0 0 0 0 0 0 0 0
156 3 0 0 0 0 0 0 0 0
157 3 0 0 0 0 0 0 0 0
158 3 0 0 3 0 0 0 0 0
159 3 0 0 0 0 0 0 0 0
160 3 0 0 0 0 0 0 0 0
161 3 0 0 0 0 0 0 0 0
162 3 0 0 0 0 0 0 0 0
163 3 0 0 0 0 0 0 0 0
164 3 0 0 0 0 0 0 0 0
165 3 2 2 3 0 0 0 0 0
166 3 0 0 0 0 0 0 0 0
167 3 0 0 0 0 0 0 0 0
168 3 0 0 0 0 0 0 0 0
169 3 0 0 0 0 0 0 0 0
170 3 0 0 0 0 0 0 0 0
171 3 0 0 0 0 0 0 0 0
172 3 0 0 0 0 0 0 0 0
173 3 0 0 0 0 0 0 0 0
174 3 0 0 0 0 0 0 0 0
175 3 0 0 0 0 0 0 0 0
176 3 0 0 0 0 0 0 0 0
177 3 0 0 0 0 0 0 0 0
178 3 0 0 0 0 0 0 0 0
179 3 0 0 0 0 0 0 0 0
180 1 0 0 0 0 0 0 0 0
fl=./string/../sysdeps/x86_64/multiarch/ifunc-avx2.h
fn=memrchr
32 2 0 0 0 0 0 0 0 0
33 5 1 1 2 0 0 0 0 0
34 3 0 0 1 0 0 0 0 0
36 2 0 0 0 0 0 0 0 0
37 2 0 0 0 0 0 0 0 0
40 3 0 0 0 0 0 0 0 0
43 4 0 0 0 0 0 0 0 0
fn=rindex
32 34 12 3 0 0 0 0 0 0
33 85 0 0 34 15 1 0 0 0
34 51 0 0 17 2 0 0 0 0
36 34 0 0 0 0 0 0 0 0
37 34 0 0 0 0 0 0 0 0
40 51 0 0 0 0 0 0 0 0
43 68 0 0 0 0 0 0 0 0
fn=strchrnul
32 2 0 0 0 0 0 0 0 0
33 5 0 0 2 0 0 0 0 0
34 3 1 1 1 0 0 0 0 0
36 2 0 0 0 0 0 0 0 0
37 2 1 1 0 0 0 0 0 0
40 3 0 0 0 0 0 0 0 0
43 4 0 0 0 0 0 0 0 0
fn=strlen
32 54 14 3 0 0 0 0 0 0
33 135 0 0 54 18 1 0 0 0
34 81 0 0 27 5 0 0 0 0
36 54 0 0 0 0 0 0 0 0
37 54 0 0 0 0 0 0 0 0
40 81 0 0 0 0 0 0 0 0
43 108 0 0 0 0 0 0 0 0
fn=strnlen
32 24 10 2 0 0 0 0 0 0
33 60 0 0 24 2 0 0 0 0
34 36 0 0 12 0 0 0 0 0
36 24 0 0 0 0 0 0 0 0
37 24 0 0 0 0 0 0 0 0
40 36 0 0 0 0 0 0 0 0
43 48 0 0 0 0 0 0 0 0
fl=./string/../sysdeps/x86_64/multiarch/ifunc-evex.h
fn=memchr
34 10 0 0 0 0 0 0 0 0
35 25 2 2 10 2 0 0 0 0
36 15 0 0 5 0 0 0 0 0
38 10 0 0 0 0 0 0 0 0
39 10 2 2 0 0 0 0 0 0
41 10 0 0 0 0 0 0 0 0
47 15 0 0 0 0 0 0 0 0
50 20 0 0 0 0 0 0 0 0
fn=rawmemchr
34 2 0 0 0 0 0 0 0 0
35 5 0 0 2 0 0 0 0 0
36 3 0 0 1 0 0 0 0 0
38 2 0 0 0 0 0 0 0 0
39 2 0 0 0 0 0 0 0 0
41 2 1 1 0 0 0 0 0 0
47 3 0 0 0 0 0 0 0 0
50 4 0 0 0 0 0 0 0 0
fl=./string/../sysdeps/x86_64/multiarch/ifunc-memcmp.h
fn=bcmp
34 108 0 0 54 10 0 0 0 0
35 81 0 0 27 17 0 0 0 0
36 54 12 3 0 0 0 0 0 0
37 81 0 0 27 3 0 0 0 0
39 54 0 0 0 0 0 0 0 0
40 54 0 0 0 0 0 0 0 0
43 81 0 0 0 0 0 0 0 0
46 81 0 0 0 0 0 0 0 0
fl=./string/../sysdeps/x86_64/multiarch/ifunc-memmove.h
fn=memcpy@@GLIBC_2.14
52 66 0 0 0 0 0 0 0 0
53 99 0 0 66 23 0 0 0 0
56 99 0 0 33 6 0 0 0 0
57 66 12 3 0 0 0 0 0 0
70 66 0 0 0 0 0 0 0 0
72 66 13 2 0 0 0 0 0 0
80 66 0 0 0 0 0 0 0 0
88 66 0 0 0 0 0 0 0 0
90 165 13 2 33 0 0 0 0 0
fn=memmove
52 38 0 0 0 0 0 0 0 0
53 57 0 0 38 16 0 0 0 0
56 57 11 3 19 12 0 0 0 0
57 38 11 3 0 0 0 0 0 0
70 38 0 0 0 0 0 0 0 0
72 38 0 0 0 0 0 0 0 0
80 38 0 0 0 0 0 0 0 0
88 38 0 0 0 0 0 0 0 0
90 95 12 3 19 0 0 0 0 0
fn=mempcpy
52 2 0 0 0 0 0 0 0 0
53 3 0 0 2 0 0 0 0 0
56 3 0 0 1 0 0 0 0 0
57 2 1 1 0 0 0 0 0 0
70 2 0 0 0 0 0 0 0 0
72 2 1 1 0 0 0 0 0 0
80 2 0 0 0 0 0 0 0 0
88 2 0 0 0 0 0 0 0 0
90 5 1 1 1 0 0 0 0 0
fl=./string/../sysdeps/x86_64/multiarch/ifunc-memset.h
fn=memset
50 175 0 0 70 19 0 0 0 0
53 105 0 0 35 11 0 0 0 0
54 70 13 3 0 0 0 0 0 0
60 70 13 3 0 0 0 0 0 0
69 70 0 0 0 0 0 0 0 0
71 70 0 0 0 0 0 0 0 0
81 70 0 0 0 0 0 0 0 0
89 70 0 0 0 0 0 0 0 0
91 175 0 0 35 0 0 0 0 0
fl=./string/../sysdeps/x86_64/multiarch/ifunc-sse4_2.h
fn=strcspn
30 35 4 3 14 6 0 0 0 0
fn=strpbrk
30 25 3 3 10 2 0 0 0 0
fn=strspn
30 35 0 0 14 8 0 0 0 0
fl=./string/../sysdeps/x86_64/multiarch/ifunc-strcasecmp.h
fn=strcasecmp
32 90 11 2 36 32 0 0 0 0
fn=strcasecmp_l
32 5 0 0 2 0 0 0 0 0
fn=strncasecmp
32 65 0 0 26 15 0 0 0 0
fn=strncasecmp_l
32 5 0 0 2 0 0 0 0 0
fl=./string/../sysdeps/x86_64/multiarch/ifunc-strcpy.h
fn=stpcpy
36 8 0 0 4 1 0 0 0 0
37 6 0 0 2 0 0 0 0 0
39 4 2 2 0 0 0 0 0 0
40 4 0 0 0 0 0 0 0 0
43 6 0 0 0 0 0 0 0 0
46 6 0 0 0 0 0 0 0 0
fn=stpncpy
36 4 0 0 2 0 0 0 0 0
37 3 1 1 1 0 0 0 0 0
39 2 0 0 0 0 0 0 0 0
40 2 0 0 0 0 0 0 0 0
43 3 0 0 0 0 0 0 0 0
46 3 0 0 0 0 0 0 0 0
fn=strcat
36 24 0 0 12 5 0 0 0 0
37 18 0 0 6 0 0 0 0 0
39 12 3 3 0 0 0 0 0 0
40 12 0 0 0 0 0 0 0 0
43 18 0 0 0 0 0 0 0 0
46 18 0 0 0 0 0 0 0 0
fn=strcpy
36 36 0 0 18 4 0 0 0 0
37 27 0 0 9 0 0 0 0 0
39 18 6 3 0 0 0 0 0 0
40 18 0 0 0 0 0 0 0 0
43 27 0 0 0 0 0 0 0 0
46 27 0 0 0 0 0 0 0 0
fn=strncat
36 32 0 0 16 1 0 0 0 0
37 24 5 3 8 0 0 0 0 0
39 16 0 0 0 0 0 0 0 0
40 16 0 0 0 0 0 0 0 0
43 24 0 0 0 0 0 0 0 0
46 24 0 0 0 0 0 0 0 0
fn=strncpy
36 84 0 0 42 23 0 0 0 0
37 63 0 0 21 12 0 0 0 0
39 42 11 3 0 0 0 0 0 0
40 42 0 0 0 0 0 0 0 0
43 63 0 0 0 0 0 0 0 0
46 63 0 0 0 0 0 0 0 0
fl=./string/../sysdeps/x86_64/multiarch/memchr-avx2.S
fn=__memchr_avx2
60 201998 18 4 0 0 0 0 0 0
67 201998 0 0 0 0 0 0 0 0
69 201998 0 0 0 0 0 0 0 0
72 201998 0 0 0 0 0 0 0 0
73 201998 0 0 0 0 0 0 0 0
75 201998 0 0 0 0 0 0 0 0
76 201998 0 0 0 0 0 0 0 0
77 201998 0 0 0 0 0 0 0 0
78 201998 0 0 0 0 0 0 0 0
81 201997 0 0 201997 198 49 0 0 0
82 201997 0 0 0 0 0 0 0 0
85 201997 0 0 0 0 0 0 0 0
86 201997 0 0 0 0 0 0 0 0
88 195962 0 0 0 0 0 0 0 0
89 195962 0 0 0 0 0 0 0 0
90 24397 0 0 0 0 0 0 0 0
91 24397 0 0 0 0 0 0 0 0
92 48794 13 3 24397 0 0 0 0 0
98 6035 4 1 0 0 0 0 0 0
103 6035 0 0 0 0 0 0 0 0
104 6035 0 0 0 0 0 0 0 0
105 6035 0 0 0 0 0 0 0 0
106 6035 0 0 0 0 0 0 0 0
107 12070 0 0 6035 0 0 0 0 0
118 1 0 0 0 0 0 0 0 0
121 1 0 0 0 0 0 0 0 0
122 1 0 0 1 0 0 0 0 0
123 1 0 0 0 0 0 0 0 0
127 1 0 0 0 0 0 0 0 0
128 1 0 0 0 0 0 0 0 0
135 1 0 0 0 0 0 0 0 0
138 1 0 0 0 0 0 0 0 0
139 1 0 0 0 0 0 0 0 0
141 1 0 0 0 0 0 0 0 0
142 1 0 0 0 0 0 0 0 0
150 90950 7 4 0 0 0 0 0 0
151 90950 0 0 0 0 0 0 0 0
152 90950 0 0 0 0 0 0 0 0
153 181900 0 0 90950 0 0 0 0 0
157 58045 0 0 0 0 0 0 0 0
158 58045 0 0 0 0 0 0 0 0
159 58045 0 0 0 0 0 0 0 0
160 116090 0 0 58045 0 0 0 0 0
164 665 0 0 0 0 0 0 0 0
165 665 0 0 0 0 0 0 0 0
166 665 0 0 0 0 0 0 0 0
167 1330 0 0 665 0 0 0 0 0
172 28 0 0 0 0 0 0 0 0
173 28 0 0 0 0 0 0 0 0
174 28 0 0 0 0 0 0 0 0
175 56 0 0 28 0 0 0 0 0
185 171566 6 4 0 0 0 0 0 0
186 171566 0 0 0 0 0 0 0 0
187 171566 0 0 0 0 0 0 0 0
189 171566 0 0 0 0 0 0 0 0
199 171566 6 4 171566 3 1 0 0 0
200 171566 0 0 0 0 0 0 0 0
203 171566 0 0 0 0 0 0 0 0
204 171566 0 0 0 0 0 0 0 0
206 149737 0 0 0 0 0 0 0 0
207 149737 0 0 0 0 0 0 0 0
209 58787 0 0 58787 9 1 0 0 0
210 58787 0 0 0 0 0 0 0 0
211 58787 0 0 0 0 0 0 0 0
212 58787 0 0 0 0 0 0 0 0
214 742 0 0 742 1 0 0 0 0
215 742 0 0 0 0 0 0 0 0
216 742 0 0 0 0 0 0 0 0
217 742 0 0 0 0 0 0 0 0
219 77 0 0 77 3 0 0 0 0
220 77 0 0 0 0 0 0 0 0
221 77 0 0 0 0 0 0 0 0
222 77 0 0 0 0 0 0 0 0
226 49 5 3 0 0 0 0 0 0
227 49 0 0 0 0 0 0 0 0
230 10 0 0 0 0 0 0 0 0
231 10 0 0 0 0 0 0 0 0
232 10 0 0 0 0 0 0 0 0
233 10 0 0 0 0 0 0 0 0
238 20 0 0 0 0 0 0 0 0
248 21 0 0 21 2 0 0 0 0
249 21 0 0 21 0 0 0 0 0
250 21 0 0 21 2 0 0 0 0
251 21 0 0 21 0 0 0 0 0
252 21 0 0 0 0 0 0 0 0
253 21 0 0 0 0 0 0 0 0
254 21 0 0 0 0 0 0 0 0
256 21 1 0 0 0 0 0 0 0
262 21 0 0 0 0 0 0 0 0
263 21 0 0 0 0 0 0 0 0
265 21 0 0 0 0 0 0 0 0
267 21 0 0 0 0 0 0 0 0
268 21 0 0 0 0 0 0 0 0
272 10 0 0 10 1 0 0 0 0
273 20 0 0 0 0 0 0 0 0
281 21839 6 4 0 0 0 0 0 0
282 21839 0 0 0 0 0 0 0 0
285 8717 0 0 0 0 0 0 0 0
286 8717 0 0 0 0 0 0 0 0
290 4350 0 0 0 0 0 0 0 0
291 4350 0 0 0 0 0 0 0 0
294 2154 0 0 2154 0 0 0 0 0
295 2154 0 0 0 0 0 0 0 0
296 2154 0 0 0 0 0 0 0 0
297 2154 3 3 0 0 0 0 0 0
298 2154 0 0 0 0 0 0 0 0
299 2118 0 0 0 0 0 0 0 0
300 2118 0 0 0 0 0 0 0 0
302 8628 4 1 4314 0 0 0 0 0
334 13122 3 2 0 0 0 0 0 0
336 13122 0 0 0 0 0 0 0 0
338 13122 0 0 0 0 0 0 0 0
339 13122 0 0 0 0 0 0 0 0
340 13122 0 0 0 0 0 0 0 0
341 13122 0 0 0 0 0 0 0 0
342 26244 0 0 13122 0 0 0 0 0
345 36 3 1 0 0 0 0 0 0
346 72 0 0 36 0 0 0 0 0
362 4311 0 0 0 0 0 0 0 0
366 4311 0 0 0 0 0 0 0 0
368 4311 0 0 0 0 0 0 0 0
369 8622 0 0 4311 0 0 0 0 0
374 39 2 2 39 1 0 0 0 0
375 39 0 0 0 0 0 0 0 0
380 39 0 0 0 0 0 0 0 0
382 39 0 0 0 0 0 0 0 0
383 39 0 0 0 0 0 0 0 0
386 39 0 0 0 0 0 0 0 0
387 69 0 0 0 0 0 0 0 0
390 4406 2 0 4406 3 0 0 0 0
391 4406 0 0 0 0 0 0 0 0
392 4406 0 0 0 0 0 0 0 0
393 4406 0 0 0 0 0 0 0 0
395 95 4 2 95 5 0 0 0 0
396 95 0 0 0 0 0 0 0 0
399 95 0 0 0 0 0 0 0 0
400 95 0 0 0 0 0 0 0 0
403 95 0 0 0 0 0 0 0 0
404 95 0 0 0 0 0 0 0 0
408 46 0 0 0 0 0 0 0 0
409 46 0 0 0 0 0 0 0 0
411 40 0 0 40 2 0 0 0 0
412 40 0 0 0 0 0 0 0 0
414 40 0 0 0 0 0 0 0 0
415 40 0 0 0 0 0 0 0 0
416 40 0 0 0 0 0 0 0 0
417 4 0 0 0 0 0 0 0 0
418 4 0 0 0 0 0 0 0 0
419 4 0 0 0 0 0 0 0 0
421 92 0 0 46 0 0 0 0 0
425 49 2 0 0 0 0 0 0 0
426 49 0 0 0 0 0 0 0 0
427 49 0 0 0 0 0 0 0 0
428 98 0 0 49 0 0 0 0 0
fn=__rawmemchr_avx2
60 1252 17 4 0 0 0 0 0 0
72 1252 0 0 0 0 0 0 0 0
73 1252 0 0 0 0 0 0 0 0
75 1252 0 0 0 0 0 0 0 0
76 1252 0 0 0 0 0 0 0 0
77 1252 0 0 0 0 0 0 0 0
78 1252 0 0 0 0 0 0 0 0
81 1249 0 0 1249 7 2 0 0 0
82 1249 0 0 0 0 0 0 0 0
88 1249 0 0 0 0 0 0 0 0
89 1249 0 0 0 0 0 0 0 0
90 1078 0 0 0 0 0 0 0 0
91 1078 17 4 0 0 0 0 0 0
92 2156 0 0 1078 0 0 0 0 0
118 3 0 0 0 0 0 0 0 0
121 3 0 0 0 0 0 0 0 0
122 3 0 0 3 0 0 0 0 0
123 3 0 0 0 0 0 0 0 0
135 3 0 0 0 0 0 0 0 0
141 3 0 0 0 0 0 0 0 0
142 3 0 0 0 0 0 0 0 0
143 3 0 0 0 0 0 0 0 0
144 3 0 0 0 0 0 0 0 0
146 6 0 0 3 0 0 0 0 0
150 67 3 3 0 0 0 0 0 0
151 67 0 0 0 0 0 0 0 0
152 67 0 0 0 0 0 0 0 0
153 134 0 0 67 0 0 0 0 0
157 16 0 0 0 0 0 0 0 0
158 16 0 0 0 0 0 0 0 0
159 16 0 0 0 0 0 0 0 0
160 32 0 0 16 0 0 0 0 0
164 32 0 0 0 0 0 0 0 0
165 32 0 0 0 0 0 0 0 0
166 32 0 0 0 0 0 0 0 0
167 64 0 0 32 0 0 0 0 0
172 16 0 0 0 0 0 0 0 0
173 16 0 0 0 0 0 0 0 0
174 16 0 0 0 0 0 0 0 0
175 32 0 0 16 0 0 0 0 0
195 171 3 3 0 0 0 0 0 0
199 171 0 0 171 0 0 0 0 0
200 171 0 0 0 0 0 0 0 0
206 171 0 0 0 0 0 0 0 0
207 171 0 0 0 0 0 0 0 0
209 104 0 0 104 0 0 0 0 0
210 104 0 0 0 0 0 0 0 0
211 104 0 0 0 0 0 0 0 0
212 104 0 0 0 0 0 0 0 0
214 88 0 0 88 0 0 0 0 0
215 88 0 0 0 0 0 0 0 0
216 88 0 0 0 0 0 0 0 0
217 88 0 0 0 0 0 0 0 0
219 56 0 0 56 0 0 0 0 0
220 56 0 0 0 0 0 0 0 0
221 56 0 0 0 0 0 0 0 0
222 56 0 0 0 0 0 0 0 0
241 40 0 0 0 0 0 0 0 0
242 80 0 0 0 0 0 0 0 0
248 80 2 2 80 0 0 0 0 0
249 80 0 0 80 0 0 0 0 0
250 80 0 0 80 0 0 0 0 0
251 80 0 0 80 0 0 0 0 0
252 80 0 0 0 0 0 0 0 0
253 80 0 0 0 0 0 0 0 0
254 80 0 0 0 0 0 0 0 0
256 80 0 0 0 0 0 0 0 0
258 80 0 0 0 0 0 0 0 0
259 80 0 0 0 0 0 0 0 0
260 80 0 0 0 0 0 0 0 0
310 40 0 0 0 0 0 0 0 0
311 40 0 0 0 0 0 0 0 0
312 40 0 0 0 0 0 0 0 0
351 40 2 2 0 0 0 0 0 0
353 40 0 0 0 0 0 0 0 0
357 40 0 0 0 0 0 0 0 0
358 80 0 0 40 0 0 0 0 0
fl=./string/../sysdeps/x86_64/multiarch/memchr.c
fn=memchr
29 10 2 2 5 0 0 0 0 0
fl=./string/../sysdeps/x86_64/multiarch/memcmp-avx2-movbe.S
fn=__memcmp_avx2_movbe
71 1163 11 4 0 0 0 0 0 0
78 1163 0 0 0 0 0 0 0 0
79 1163 0 0 0 0 0 0 0 0
82 203 0 0 203 0 0 0 0 0
83 203 0 0 203 0 0 0 0 0
84 203 0 0 0 0 0 0 0 0
88 203 0 0 0 0 0 0 0 0
89 203 0 0 0 0 0 0 0 0
91 203 0 0 0 0 0 0 0 0
92 203 0 0 0 0 0 0 0 0
154 39 8 2 0 0 0 0 0 0
164 39 0 0 39 0 0 0 0 0
165 39 0 0 39 0 0 0 0 0
166 39 0 0 0 0 0 0 0 0
169 78 0 0 39 0 0 0 0 0
335 203 2 1 203 0 0 0 0 0
336 203 0 0 203 0 0 0 0 0
337 203 0 0 0 0 0 0 0 0
338 203 0 0 0 0 0 0 0 0
339 203 0 0 0 0 0 0 0 0
340 406 0 0 203 0 0 0 0 0
399 960 10 4 0 0 0 0 0 0
400 960 0 0 0 0 0 0 0 0
405 960 0 0 0 0 0 0 0 0
406 960 0 0 0 0 0 0 0 0
407 960 0 0 0 0 0 0 0 0
408 960 0 0 0 0 0 0 0 0
409 960 0 0 0 0 0 0 0 0
412 945 0 0 945 3 3 0 0 0
413 945 0 0 945 2 0 0 0 0
414 945 10 3 0 0 0 0 0 0
415 945 0 0 0 0 0 0 0 0
418 945 0 0 0 0 0 0 0 0
419 945 0 0 0 0 0 0 0 0
420 909 0 0 0 0 0 0 0 0
421 1818 0 0 909 0 0 0 0 0
427 15 1 0 0 0 0 0 0 0
428 15 0 0 0 0 0 0 0 0
430 7 0 0 0 0 0 0 0 0
431 7 0 0 0 0 0 0 0 0
432 1 0 0 0 0 0 0 0 0
433 1 0 0 0 0 0 0 0 0
464 6 3 2 6 0 0 0 0 0
465 6 0 0 6 0 0 0 0 0
466 6 0 0 0 0 0 0 0 0
467 6 0 0 0 0 0 0 0 0
468 6 2 2 0 0 0 0 0 0
469 6 0 0 0 0 0 0 0 0
471 6 0 0 0 0 0 0 0 0
472 6 0 0 0 0 0 0 0 0
473 6 0 0 6 0 0 0 0 0
474 6 0 0 6 0 0 0 0 0
475 6 0 0 0 0 0 0 0 0
476 6 0 0 0 0 0 0 0 0
477 6 0 0 0 0 0 0 0 0
478 6 0 0 0 0 0 0 0 0
480 6 0 0 6 0 0 0 0 0
490 8 4 2 8 0 0 0 0 0
491 8 0 0 8 0 0 0 0 0
492 8 0 0 0 0 0 0 0 0
493 8 0 0 0 0 0 0 0 0
494 8 0 0 0 0 0 0 0 0
498 5 0 0 5 0 0 0 0 0
499 5 0 0 0 0 0 0 0 0
500 5 0 0 0 0 0 0 0 0
501 5 0 0 5 0 0 0 0 0
502 5 0 0 0 0 0 0 0 0
503 5 2 1 0 0 0 0 0 0
504 5 0 0 0 0 0 0 0 0
506 5 0 0 5 0 0 0 0 0
526 1 1 1 1 0 0 0 0 0
527 1 0 0 1 0 0 0 0 0
528 1 0 0 0 0 0 0 0 0
529 1 0 0 0 0 0 0 0 0
530 1 0 0 1 0 0 0 0 0
531 1 0 0 1 0 0 0 0 0
532 1 0 0 0 0 0 0 0 0
533 1 0 0 0 0 0 0 0 0
534 1 0 0 0 0 0 0 0 0
535 1 0 0 0 0 0 0 0 0
536 1 0 0 0 0 0 0 0 0
537 1 0 0 0 0 0 0 0 0
540 1 0 0 1 0 0 0 0 0
fl=./string/../sysdeps/x86_64/multiarch/memcmp.c
fn=bcmp
29 81 24 6 27 0 0 0 0 0
fl=./string/../sysdeps/x86_64/multiarch/memcpy.c
fn=memcpy@@GLIBC_2.14
29 33 13 2 0 0 0 0 0 0
fl=./string/../sysdeps/x86_64/multiarch/memmove-vec-unaligned-erms.S
fn=???
303 8 0 0 0 0 0 0 0 0
fn=__memcpy_avx_unaligned_erms
307 204133 30 9 0 0 0 0 0 0
308 204133 0 0 0 0 0 0 0 0
314 204873 7 2 0 0 0 0 0 0
315 204873 0 0 0 0 0 0 0 0
317 176382 0 0 176382 5 1 0 0 0
318 176382 0 0 0 0 0 0 0 0
319 176382 0 0 0 0 0 0 0 0
322 171211 0 0 171211 7 4 0 0 0
323 171211 0 0 0 0 0 171211 22 9
324 171211 0 0 0 0 0 171211 17 11
327 342422 0 0 171211 0 0 0 0 0
357 28491 0 0 0 0 0 0 0 0
358 28491 0 0 0 0 0 0 0 0
360 7166 0 0 0 0 0 0 0 0
361 7166 0 0 0 0 0 0 0 0
363 3310 0 0 0 0 0 0 0 0
367 3310 0 0 0 0 0 0 0 0
368 1374 2 1 0 0 0 0 0 0
369 1374 0 0 0 0 0 0 0 0
370 1374 0 0 1374 0 0 0 0 0
371 1374 0 0 0 0 0 0 0 0
372 785 0 0 785 0 0 0 0 0
373 785 0 0 0 0 0 785 0 0
375 1374 0 0 0 0 0 1374 0 0
377 1374 0 0 1374 0 0 0 0 0
383 1936 10 1 1936 0 0 0 0 0
384 1936 0 0 1936 0 0 0 0 0
385 1936 0 0 0 0 0 1936 9 6
386 1936 0 0 0 0 0 1936 0 0
387 1936 0 0 1936 0 0 0 0 0
394 21325 29 9 21325 13 8 0 0 0
395 21325 0 0 21325 0 0 0 0 0
396 21325 0 0 0 0 0 21325 2 1
397 21325 0 0 0 0 0 21325 6 1
399 21325 0 0 21325 0 0 0 0 0
416 3856 19 3 3856 5 4 0 0 0
417 3856 0 0 3856 0 0 0 0 0
418 3856 0 0 0 0 0 3856 2 0
419 3856 0 0 0 0 0 3856 0 0
420 3856 0 0 3856 0 0 0 0 0
427 4946 8 2 4946 0 0 0 0 0
428 4946 0 0 4946 0 0 0 0 0
429 4946 0 0 0 0 0 4946 36 29
430 4946 0 0 0 0 0 4946 54 44
431 4946 0 0 0 0 0 4946 62 39
432 4946 0 0 0 0 0 4946 0 0
433 9892 0 0 4946 0 0 0 0 0
438 5171 27 4 5171 1 0 0 0 0
439 5171 0 0 0 0 0 0 0 0
444 5171 0 0 0 0 0 0 0 0
445 5171 0 0 0 0 0 0 0 0
447 5073 0 0 5073 0 0 0 0 0
448 5073 0 0 0 0 0 0 0 0
449 5073 0 0 0 0 0 0 0 0
451 127 0 0 127 0 0 0 0 0
452 127 0 0 127 0 0 0 0 0
453 127 0 0 127 0 0 0 0 0
454 127 0 0 127 0 0 0 0 0
455 127 0 0 127 0 0 0 0 0
456 127 14 2 127 0 0 0 0 0
457 127 0 0 0 0 0 127 7 6
458 127 0 0 0 0 0 127 6 4
459 127 0 0 0 0 0 127 10 7
460 127 0 0 0 0 0 127 2 0
461 127 0 0 0 0 0 127 2 0
462 127 0 0 0 0 0 127 0 0
463 127 0 0 0 0 0 127 0 0
464 127 0 0 0 0 0 127 0 0
465 254 0 0 127 0 0 0 0 0
469 98 10 1 0 0 0 0 0 0
470 98 0 0 0 0 0 0 0 0
474 98 0 0 0 0 0 0 0 0
476 98 21 3 0 0 0 0 0 0
480 98 0 0 98 26 2 0 0 0
481 98 0 0 0 0 0 0 0 0
492 98 0 0 0 0 0 0 0 0
495 98 0 0 0 0 0 0 0 0
497 98 0 0 0 0 0 0 0 0
499 98 0 0 0 0 0 0 0 0
503 98 0 0 0 0 0 0 0 0
504 98 0 0 0 0 0 0 0 0
513 93 0 0 93 13 1 0 0 0
514 93 0 0 93 1 0 0 0 0
516 93 0 0 0 0 0 0 0 0
518 93 0 0 0 0 0 0 0 0
519 93 21 3 93 12 1 0 0 0
520 93 0 0 93 2 0 0 0 0
523 93 0 0 0 0 0 0 0 0
525 93 0 0 0 0 0 0 0 0
527 93 0 0 0 0 0 0 0 0
529 186 0 0 0 0 0 0 0 0
535 713 0 0 713 133 0 0 0 0
536 713 0 0 713 81 30 0 0 0
537 713 0 0 713 130 0 0 0 0
538 713 0 0 713 78 29 0 0 0
539 713 0 0 0 0 0 0 0 0
540 713 0 0 0 0 0 713 240 49
541 713 0 0 0 0 0 713 337 213
542 713 21 3 0 0 0 713 215 44
543 713 0 0 0 0 0 713 339 213
544 713 0 0 0 0 0 0 0 0
545 713 0 0 0 0 0 0 0 0
546 713 0 0 0 0 0 0 0 0
548 93 0 0 0 0 0 93 31 13
549 93 0 0 0 0 0 93 6 4
550 93 0 0 0 0 0 93 1 0
551 93 0 0 0 0 0 93 0 0
553 93 0 0 0 0 0 93 0 0
557 186 0 0 93 0 0 0 0 0
570 5 0 0 5 0 0 0 0 0
571 5 0 0 5 0 0 0 0 0
573 5 2 1 0 0 0 0 0 0
574 5 0 0 5 0 0 0 0 0
575 5 0 0 5 1 0 0 0 0
577 5 0 0 0 0 0 0 0 0
579 5 0 0 0 0 0 0 0 0
581 10 0 0 0 0 0 0 0 0
587 40 0 0 40 4 0 0 0 0
588 40 0 0 40 0 0 0 0 0
589 40 0 0 40 3 0 0 0 0
590 40 0 0 40 0 0 0 0 0
591 40 0 0 0 0 0 0 0 0
592 40 0 0 0 0 0 40 5 1
593 40 2 1 0 0 0 40 40 18
594 40 0 0 0 0 0 40 0 0
595 40 0 0 0 0 0 40 40 17
596 40 0 0 0 0 0 0 0 0
597 40 0 0 0 0 0 0 0 0
598 40 0 0 0 0 0 0 0 0
600 5 0 0 0 0 0 5 1 0
601 5 0 0 0 0 0 5 0 0
602 5 0 0 0 0 0 5 0 0
603 5 0 0 0 0 0 5 0 0
605 5 0 0 0 0 0 5 0 0
606 10 0 0 5 0 0 0 0 0
fn=__memcpy_chk_avx_unaligned_erms
301 2 0 0 0 0 0 0 0 0
302 2 0 0 0 0 0 0 0 0
303 2 0 0 0 0 0 0 0 0
fn=__mempcpy_avx_unaligned_erms
294 740 43 11 0 0 0 0 0 0
295 740 0 0 0 0 0 0 0 0
296 740 0 0 0 0 0 0 0 0
297 740 0 0 0 0 0 0 0 0
fn=memcpy
212 272 15 2 0 0 0 0 0 0
213 272 0 0 0 0 0 0 0 0
219 2254 0 0 0 0 0 0 0 0
220 2254 0 0 0 0 0 0 0 0
222 963 0 0 963 213 28 0 0 0
223 963 20 1 0 0 0 0 0 0
224 963 0 0 0 0 0 0 0 0
226 328 0 0 328 23 2 0 0 0
227 328 0 0 0 0 0 328 17 13
228 328 0 0 0 0 0 328 9 6
230 328 0 0 328 0 0 0 0 0
360 1291 4 1 0 0 0 0 0 0
361 1291 0 0 0 0 0 0 0 0
363 589 0 0 0 0 0 0 0 0
367 589 0 0 0 0 0 0 0 0
368 531 0 0 0 0 0 0 0 0
369 531 0 0 0 0 0 0 0 0
370 5 0 0 5 2 2 0 0 0
371 5 0 0 0 0 0 0 0 0
372 3 0 0 3 0 0 0 0 0
373 3 0 0 0 0 0 3 1 1
375 5 0 0 0 0 0 5 1 1
377 531 0 0 531 0 0 0 0 0
383 58 1 0 58 2 0 0 0 0
384 58 0 0 58 0 0 0 0 0
385 58 0 0 0 0 0 58 0 0
386 58 0 0 0 0 0 58 0 0
387 58 0 0 58 0 0 0 0 0
416 702 5 1 702 5 3 0 0 0
417 702 0 0 702 0 0 0 0 0
418 702 0 0 0 0 0 702 12 11
419 702 0 0 0 0 0 702 2 2
420 702 0 0 702 0 0 0 0 0
427 586 17 1 586 81 10 0 0 0
428 586 0 0 586 0 0 0 0 0
429 586 0 0 0 0 0 586 41 32
430 586 0 0 0 0 0 586 15 7
431 586 0 0 0 0 0 586 32 23
432 586 0 0 0 0 0 586 0 0
433 586 0 0 586 0 0 0 0 0
444 635 23 2 0 0 0 0 0 0
445 635 0 0 0 0 0 0 0 0
447 634 0 0 634 20 2 0 0 0
448 634 0 0 0 0 0 0 0 0
449 634 0 0 0 0 0 0 0 0
451 48 0 0 48 0 0 0 0 0
452 48 0 0 48 0 0 0 0 0
453 48 0 0 48 0 0 0 0 0
454 48 0 0 48 0 0 0 0 0
455 48 0 0 48 0 0 0 0 0
456 48 0 0 48 0 0 0 0 0
457 48 0 0 0 0 0 48 0 0
458 48 0 0 0 0 0 48 7 2
459 48 0 0 0 0 0 48 6 0
460 48 0 0 0 0 0 48 3 1
461 48 13 2 0 0 0 48 1 0
462 48 0 0 0 0 0 48 0 0
463 48 0 0 0 0 0 48 0 0
464 48 0 0 0 0 0 48 0 0
465 48 0 0 48 0 0 0 0 0
469 1 1 1 0 0 0 0 0 0
470 1 0 0 0 0 0 0 0 0
474 1 0 0 0 0 0 0 0 0
476 1 0 0 0 0 0 0 0 0
492 1 0 0 0 0 0 0 0 0
495 1 0 0 0 0 0 0 0 0
497 1 0 0 0 0 0 0 0 0
499 1 0 0 0 0 0 0 0 0
503 1 0 0 0 0 0 0 0 0
504 1 0 0 0 0 0 0 0 0
513 1 0 0 1 0 0 0 0 0
514 1 1 1 1 0 0 0 0 0
516 1 0 0 0 0 0 0 0 0
518 1 0 0 0 0 0 0 0 0
519 1 0 0 1 0 0 0 0 0
520 1 0 0 1 0 0 0 0 0
523 1 0 0 0 0 0 0 0 0
525 1 0 0 0 0 0 0 0 0
527 1 0 0 0 0 0 0 0 0
529 1 0 0 0 0 0 0 0 0
535 9 0 0 9 0 0 0 0 0
536 9 0 0 9 0 0 0 0 0
537 9 0 0 9 0 0 0 0 0
538 9 0 0 9 0 0 0 0 0
539 9 0 0 0 0 0 0 0 0
540 9 0 0 0 0 0 9 0 0
541 9 0 0 0 0 0 9 2 2
542 9 0 0 0 0 0 9 0 0
543 9 1 1 0 0 0 9 0 0
544 9 0 0 0 0 0 0 0 0
545 9 0 0 0 0 0 0 0 0
546 9 0 0 0 0 0 0 0 0
548 1 0 0 0 0 0 1 0 0
549 1 0 0 0 0 0 1 0 0
550 1 0 0 0 0 0 1 0 0
551 1 0 0 0 0 0 1 0 0
553 1 0 0 0 0 0 1 0 0
557 1 0 0 1 0 0 0 0 0
fn=mempcpy
199 1982 8 0 0 0 0 0 0 0
200 1982 0 0 0 0 0 0 0 0
201 1982 0 0 0 0 0 0 0 0
202 1982 0 0 0 0 0 0 0 0
fl=./string/../sysdeps/x86_64/multiarch/memmove.c
fn=memmove
29 19 11 3 0 0 0 0 0 0
fl=./string/../sysdeps/x86_64/multiarch/mempcpy.c
fn=mempcpy
33 1 1 1 0 0 0 0 0 0
fl=./string/../sysdeps/x86_64/multiarch/memrchr.c
fn=memrchr
29 3 2 2 1 0 0 0 0 0
fl=./string/../sysdeps/x86_64/multiarch/memset-vec-unaligned-erms.S
fn=__memset_avx2_unaligned_erms
181 2512 37 11 0 0 0 0 0 0
182 7536 0 0 0 0 0 0 0 0
187 2512 0 0 0 0 0 0 0 0
188 2512 0 0 0 0 0 0 0 0
189 2468 0 0 0 0 0 0 0 0
190 2468 0 0 0 0 0 0 0 0
193 1 0 0 0 0 0 1 0 0
194 1 0 0 0 0 0 1 0 0
195 2 0 0 1 0 0 0 0 0
204 129 0 0 0 0 0 129 0 0
205 129 0 0 0 0 0 129 0 0
207 258 0 0 129 0 0 0 0 0
259 2467 49 11 2467 958 4 0 0 0
260 2467 0 0 0 0 0 0 0 0
283 2430 0 0 0 0 0 2430 405 44
284 2430 0 0 0 0 0 2430 933 62
289 2430 0 0 0 0 0 0 0 0
292 2430 0 0 0 0 0 0 0 0
293 2430 0 0 0 0 0 0 0 0
296 2301 0 0 0 0 0 2301 236 67
297 2301 0 0 0 0 0 2301 940 58
310 2301 0 0 0 0 0 0 0 0
311 2301 0 0 0 0 0 0 0 0
313 2301 0 0 0 0 0 0 0 0
316 2125 0 0 0 0 0 0 0 0
319 2125 0 0 0 0 0 0 0 0
322 2827 533 12 0 0 0 2827 435 299
323 2827 0 0 0 0 0 2827 0 0
324 2827 0 0 0 0 0 2827 1054 346
325 2827 0 0 0 0 0 2827 0 0
326 2827 0 0 0 0 0 0 0 0
327 2827 0 0 0 0 0 0 0 0
328 4952 0 0 0 0 0 0 0 0
331 2301 12 0 0 0 0 2301 470 29
332 2301 0 0 0 0 0 2301 130 14
333 2301 0 0 0 0 0 2301 508 28
334 2301 0 0 0 0 0 2301 4 0
337 4602 0 0 2301 0 0 0 0 0
348 37 21 3 0 0 0 0 0 0
349 37 0 0 0 0 0 0 0 0
350 37 0 0 0 0 0 0 0 0
351 17490301 0 0 0 0 0 17490264 272653 269245
352 37 0 0 0 0 0 0 0 0
353 74 0 0 37 3 1 0 0 0
365 44 5 0 0 0 0 0 0 0
366 44 0 0 0 0 0 0 0 0
368 35 0 0 0 0 0 0 0 0
369 35 0 0 0 0 0 0 0 0
370 35 0 0 0 0 0 0 0 0
371 5 0 0 0 0 0 0 0 0
372 5 0 0 0 0 0 0 0 0
394 9 7 0 0 0 0 9 1 0
395 9 0 0 0 0 0 9 0 0
396 18 0 0 9 0 0 0 0 0
402 30 1 1 0 0 0 30 0 0
403 30 0 0 0 0 0 30 0 0
404 60 0 0 30 0 0 0 0 0
409 5 2 1 0 0 0 5 0 0
410 5 0 0 0 0 0 5 0 0
411 10 0 0 5 0 0 0 0 0
fn=memset
125 57 19 2 0 0 0 0 0 0
126 285 0 0 0 0 0 0 0 0
132 57 0 0 0 0 0 0 0 0
133 57 18 2 0 0 0 0 0 0
134 49 0 0 0 0 0 0 0 0
135 49 0 0 0 0 0 0 0 0
137 4 0 0 0 0 0 4 3 3
138 4 0 0 0 0 0 4 0 0
139 4 0 0 4 0 0 0 0 0
204 5 0 0 0 0 0 5 0 0
205 5 0 0 0 0 0 5 0 0
207 5 0 0 5 0 0 0 0 0
283 45 0 0 0 0 0 45 40 40
284 45 0 0 0 0 0 45 7 7
289 45 0 0 0 0 0 0 0 0
292 45 0 0 0 0 0 0 0 0
293 45 0 0 0 0 0 0 0 0
296 40 0 0 0 0 0 40 5 5
297 40 0 0 0 0 0 40 20 20
310 40 0 0 0 0 0 0 0 0
311 40 0 0 0 0 0 0 0 0
313 40 0 0 0 0 0 0 0 0
316 38 16 2 0 0 0 0 0 0
319 76 0 0 0 0 0 0 0 0
322 746 0 0 0 0 0 746 452 452
323 746 0 0 0 0 0 746 0 0
324 746 0 0 0 0 0 746 271 271
325 746 0 0 0 0 0 746 0 0
326 746 0 0 0 0 0 0 0 0
327 746 0 0 0 0 0 0 0 0
328 746 0 0 0 0 0 0 0 0
331 40 2 0 0 0 0 40 17 17
332 40 0 0 0 0 0 40 3 3
333 40 0 0 0 0 0 40 5 5
334 40 0 0 0 0 0 40 2 2
339 41 1 0 41 0 0 0 0 0
368 8 3 2 0 0 0 0 0 0
369 8 0 0 0 0 0 0 0 0
370 8 0 0 0 0 0 0 0 0
371 2 0 0 0 0 0 0 0 0
372 2 0 0 0 0 0 0 0 0
373 1 0 0 0 0 0 0 0 0
374 1 0 0 0 0 0 0 0 0
375 1 0 0 0 0 0 0 0 0
402 6 0 0 0 0 0 6 5 5
403 6 0 0 0 0 0 6 0 0
404 6 0 0 6 0 0 0 0 0
409 1 0 0 0 0 0 1 1 1
410 1 0 0 0 0 0 1 0 0
411 1 0 0 1 0 0 0 0 0
fl=./string/../sysdeps/x86_64/multiarch/memset.c
fn=memset
29 35 14 3 0 0 0 0 0 0
fl=./string/../sysdeps/x86_64/multiarch/rawmemchr.c
fn=rawmemchr
31 2 1 1 1 0 0 0 0 0
fl=./string/../sysdeps/x86_64/multiarch/stpcpy.c
fn=stpcpy
33 6 3 3 2 0 0 0 0 0
fl=./string/../sysdeps/x86_64/multiarch/stpncpy.c
fn=stpncpy
31 3 2 2 1 0 0 0 0 0
fl=./string/../sysdeps/x86_64/multiarch/strcasecmp.c
fn=strcasecmp
31 36 10 1 18 0 0 0 0 0
fl=./string/../sysdeps/x86_64/multiarch/strcasecmp_l.c
fn=strcasecmp_l
31 2 1 1 1 0 0 0 0 0
fl=./string/../sysdeps/x86_64/multiarch/strcat-avx2.S
fn=__strncat_avx2
37 30 1 1 0 0 0 0 0 0
38 30 0 0 0 0 0 0 0 0
40 30 0 0 0 0 0 0 0 0
43 30 0 0 0 0 0 0 0 0
44 30 0 0 0 0 0 0 0 0
45 30 0 0 0 0 0 0 0 0
46 30 0 0 0 0 0 0 0 0
47 30 0 0 0 0 0 0 0 0
48 30 0 0 0 0 0 0 0 0
49 24 0 0 24 0 0 0 0 0
50 24 0 0 0 0 0 0 0 0
51 24 0 0 0 0 0 0 0 0
52 24 0 0 0 0 0 0 0 0
53 12 0 0 0 0 0 0 0 0
54 12 0 0 0 0 0 0 0 0
55 12 0 0 0 0 0 0 0 0
57 6 1 1 0 0 0 0 0 0
58 6 0 0 0 0 0 0 0 0
59 6 0 0 6 0 0 0 0 0
60 6 0 0 0 0 0 0 0 0
61 6 0 0 0 0 0 0 0 0
62 6 0 0 0 0 0 0 0 0
63 6 0 0 0 0 0 0 0 0
64 6 0 0 0 0 0 0 0 0
65 6 0 0 0 0 0 0 0 0
68 15 0 0 15 0 0 0 0 0
69 15 0 0 0 0 0 0 0 0
70 15 1 1 0 0 0 0 0 0
71 15 0 0 0 0 0 0 0 0
73 9 0 0 9 0 0 0 0 0
74 9 0 0 0 0 0 0 0 0
75 9 0 0 0 0 0 0 0 0
76 9 0 0 0 0 0 0 0 0
78 5 0 0 5 0 0 0 0 0
79 5 0 0 0 0 0 0 0 0
80 5 0 0 0 0 0 0 0 0
81 5 0 0 0 0 0 0 0 0
83 4 0 0 4 0 0 0 0 0
84 4 0 0 0 0 0 0 0 0
85 4 0 0 0 0 0 0 0 0
86 4 0 0 0 0 0 0 0 0
88 3 1 1 3 0 0 0 0 0
89 3 0 0 0 0 0 0 0 0
90 3 0 0 0 0 0 0 0 0
91 3 0 0 0 0 0 0 0 0
92 3 0 0 0 0 0 0 0 0
94 2 0 0 2 0 0 0 0 0
95 2 0 0 0 0 0 0 0 0
96 2 0 0 0 0 0 0 0 0
97 2 0 0 0 0 0 0 0 0
99 1 0 0 1 0 0 0 0 0
100 1 0 0 0 0 0 0 0 0
101 1 0 0 0 0 0 0 0 0
102 1 0 0 0 0 0 0 0 0
104 1 1 1 1 0 0 0 0 0
105 1 0 0 0 0 0 0 0 0
106 1 0 0 0 0 0 0 0 0
107 1 0 0 0 0 0 0 0 0
228 3 1 1 0 0 0 0 0 0
230 15 1 0 0 0 0 0 0 0
231 15 0 0 0 0 0 0 0 0
232 15 0 0 0 0 0 0 0 0
236 7 1 1 0 0 0 0 0 0
237 7 0 0 0 0 0 0 0 0
238 7 0 0 0 0 0 0 0 0
239 7 0 0 0 0 0 0 0 0
240 7 0 0 0 0 0 0 0 0
244 5 1 0 0 0 0 0 0 0
245 5 0 0 0 0 0 0 0 0
246 5 0 0 0 0 0 0 0 0
247 5 0 0 0 0 0 0 0 0
248 5 0 0 0 0 0 0 0 0
252 1 0 0 0 0 0 0 0 0
253 1 0 0 0 0 0 0 0 0
254 1 0 0 0 0 0 0 0 0
255 1 0 0 0 0 0 0 0 0
256 1 0 0 0 0 0 0 0 0
260 2 0 0 0 0 0 0 0 0
261 2 0 0 0 0 0 0 0 0
262 2 0 0 0 0 0 0 0 0
263 2 0 0 0 0 0 0 0 0
267 30 2 1 0 0 0 0 0 0
268 30 0 0 0 0 0 0 0 0
269 30 0 0 0 0 0 0 0 0
272 30 0 0 0 0 0 0 0 0
273 30 0 0 0 0 0 0 0 0
fl=./string/../sysdeps/x86_64/multiarch/strcat.c
fn=strcat
29 18 3 3 6 0 0 0 0 0
fl=./string/../sysdeps/x86_64/multiarch/strchr-avx2.S
fn=__strchr_avx2
51 632 27 4 0 0 0 0 0 0
53 632 0 0 0 0 0 0 0 0
54 632 0 0 0 0 0 0 0 0
55 632 0 0 0 0 0 0 0 0
56 632 0 0 0 0 0 0 0 0
57 632 0 0 0 0 0 0 0 0
60 632 0 0 0 0 0 0 0 0
61 632 0 0 0 0 0 0 0 0
65 624 0 0 624 60 36 0 0 0
66 624 0 0 0 0 0 0 0 0
67 624 0 0 0 0 0 0 0 0
68 624 0 0 0 0 0 0 0 0
69 624 0 0 0 0 0 0 0 0
70 624 0 0 0 0 0 0 0 0
71 624 26 4 0 0 0 0 0 0
72 618 0 0 0 0 0 0 0 0
75 618 0 0 618 0 0 0 0 0
76 618 0 0 0 0 0 0 0 0
78 553 0 0 0 0 0 0 0 0
79 1106 0 0 553 0 0 0 0 0
99 65 0 0 0 0 0 0 0 0
100 130 0 0 65 0 0 0 0 0
106 8 3 2 0 0 0 0 0 0
107 8 0 0 0 0 0 0 0 0
110 8 0 0 8 0 0 0 0 0
111 8 0 0 0 0 0 0 0 0
113 8 0 0 0 0 0 0 0 0
114 16 0 0 8 0 0 0 0 0
145 6 3 2 0 0 0 0 0 0
149 8 0 0 8 1 1 0 0 0
150 8 0 0 0 0 0 0 0 0
151 8 0 0 0 0 0 0 0 0
152 8 0 0 0 0 0 0 0 0
153 8 0 0 0 0 0 0 0 0
154 8 0 0 0 0 0 0 0 0
155 8 0 0 0 0 0 0 0 0
276 8 3 2 0 0 0 0 0 0
278 8 0 0 0 0 0 0 0 0
279 8 0 0 8 0 0 0 0 0
280 8 3 2 0 0 0 0 0 0
281 8 0 0 0 0 0 0 0 0
282 8 0 0 0 0 0 0 0 0
283 8 0 0 0 0 0 0 0 0
286 8 0 0 0 0 0 0 0 0
287 8 0 0 0 0 0 0 0 0
288 8 0 0 0 0 0 0 0 0
289 6 0 0 0 0 0 0 0 0
291 6 0 0 0 0 0 0 0 0
293 6 0 0 6 0 0 0 0 0
294 6 0 0 0 0 0 0 0 0
295 6 0 0 0 0 0 0 0 0
300 12 0 0 6 0 0 0 0 0
fn=__strchrnul_avx2
51 2713 38 11 0 0 0 0 0 0
53 2713 0 0 0 0 0 0 0 0
54 2713 0 0 0 0 0 0 0 0
55 2713 0 0 0 0 0 0 0 0
56 2713 0 0 0 0 0 0 0 0
57 2713 0 0 0 0 0 0 0 0
60 2713 0 0 0 0 0 0 0 0
61 2713 0 0 0 0 0 0 0 0
65 2712 0 0 2712 225 156 0 0 0
66 2712 0 0 0 0 0 0 0 0
67 2712 0 0 0 0 0 0 0 0
68 2712 0 0 0 0 0 0 0 0
69 2712 0 0 0 0 0 0 0 0
70 2712 0 0 0 0 0 0 0 0
71 2712 0 0 0 0 0 0 0 0
72 2532 39 11 0 0 0 0 0 0
78 2532 0 0 0 0 0 0 0 0
79 5064 0 0 2532 0 0 0 0 0
87 16 0 0 0 0 0 0 0 0
88 16 0 0 0 0 0 0 0 0
94 16 0 0 0 0 0 0 0 0
95 32 0 0 16 0 0 0 0 0
106 33 0 0 0 0 0 0 0 0
107 33 0 0 0 0 0 0 0 0
113 33 0 0 0 0 0 0 0 0
114 66 0 0 33 0 0 0 0 0
118 63 0 0 0 0 0 0 0 0
119 63 0 0 0 0 0 0 0 0
125 63 0 0 0 0 0 0 0 0
126 126 0 0 63 0 0 0 0 0
130 24 0 0 0 0 0 0 0 0
131 24 0 0 0 0 0 0 0 0
137 24 0 0 0 0 0 0 0 0
138 48 0 0 24 0 0 0 0 0
145 180 14 3 0 0 0 0 0 0
149 180 0 0 180 16 16 0 0 0
150 180 0 0 0 0 0 0 0 0
151 180 0 0 0 0 0 0 0 0
152 180 0 0 0 0 0 0 0 0
153 180 0 0 0 0 0 0 0 0
154 180 0 0 0 0 0 0 0 0
155 180 0 0 0 0 0 0 0 0
157 147 14 3 147 54 54 0 0 0
158 147 0 0 0 0 0 0 0 0
159 147 0 0 0 0 0 0 0 0
160 147 0 0 0 0 0 0 0 0
161 147 0 0 0 0 0 0 0 0
162 147 0 0 0 0 0 0 0 0
163 147 0 0 0 0 0 0 0 0
165 84 0 0 84 44 44 0 0 0
166 84 0 0 0 0 0 0 0 0
167 84 0 0 0 0 0 0 0 0
168 84 0 0 0 0 0 0 0 0
169 84 0 0 0 0 0 0 0 0
170 84 0 0 0 0 0 0 0 0
171 84 0 0 0 0 0 0 0 0
173 60 0 0 60 22 22 0 0 0
174 60 0 0 0 0 0 0 0 0
175 60 13 1 0 0 0 0 0 0
176 60 0 0 0 0 0 0 0 0
177 60 0 0 0 0 0 0 0 0
178 60 0 0 0 0 0 0 0 0
179 60 0 0 0 0 0 0 0 0
181 44 0 0 0 0 0 0 0 0
182 88 0 0 0 0 0 0 0 0
186 78 0 0 78 45 45 0 0 0
187 78 0 0 78 0 0 0 0 0
188 78 0 0 78 61 61 0 0 0
189 78 0 0 78 0 0 0 0 0
192 78 0 0 0 0 0 0 0 0
193 78 0 0 0 0 0 0 0 0
194 78 0 0 0 0 0 0 0 0
195 78 12 1 0 0 0 0 0 0
197 78 0 0 0 0 0 0 0 0
198 78 0 0 0 0 0 0 0 0
199 78 0 0 0 0 0 0 0 0
200 78 0 0 0 0 0 0 0 0
202 78 0 0 0 0 0 0 0 0
203 78 0 0 0 0 0 0 0 0
205 78 0 0 0 0 0 0 0 0
207 78 0 0 0 0 0 0 0 0
208 78 0 0 0 0 0 0 0 0
209 78 0 0 0 0 0 0 0 0
210 78 0 0 0 0 0 0 0 0
211 78 0 0 0 0 0 0 0 0
214 44 0 0 0 0 0 0 0 0
215 44 0 0 0 0 0 0 0 0
216 44 0 0 0 0 0 0 0 0
217 44 0 0 0 0 0 0 0 0
220 34 0 0 0 0 0 0 0 0
221 34 9 0 0 0 0 0 0 0
222 34 0 0 0 0 0 0 0 0
223 34 0 0 0 0 0 0 0 0
225 21 0 0 0 0 0 0 0 0
226 21 0 0 0 0 0 0 0 0
229 21 0 0 0 0 0 0 0 0
230 21 0 0 0 0 0 0 0 0
231 21 0 0 0 0 0 0 0 0
232 21 0 0 0 0 0 0 0 0
238 21 0 0 0 0 0 0 0 0
239 42 0 0 21 0 0 0 0 0
244 10 3 1 0 0 0 0 0 0
245 10 0 0 0 0 0 0 0 0
251 10 0 0 0 0 0 0 0 0
252 20 0 0 10 0 0 0 0 0
262 13 6 1 0 0 0 0 0 0
263 13 0 0 0 0 0 0 0 0
269 13 0 0 0 0 0 0 0 0
270 26 0 0 13 0 0 0 0 0
276 1 1 1 0 0 0 0 0 0
278 1 0 0 0 0 0 0 0 0
279 1 0 0 1 0 0 0 0 0
280 1 0 0 0 0 0 0 0 0
281 1 0 0 0 0 0 0 0 0
282 1 0 0 0 0 0 0 0 0
283 1 0 0 0 0 0 0 0 0
286 1 0 0 0 0 0 0 0 0
287 1 0 0 0 0 0 0 0 0
288 1 0 0 0 0 0 0 0 0
289 1 0 0 0 0 0 0 0 0
297 1 1 0 0 0 0 0 0 0
300 2 0 0 1 0 0 0 0 0
fl=./string/../sysdeps/x86_64/multiarch/strchr.c
fn=index
40 30 8 2 0 0 0 0 0 0
41 60 0 0 30 3 0 0 0 0
42 45 0 0 15 0 0 0 0 0
44 30 0 0 0 0 0 0 0 0
45 30 0 0 0 0 0 0 0 0
48 45 0 0 0 0 0 0 0 0
51 45 0 0 0 0 0 0 0 0
61 45 14 3 15 0 0 0 0 0
fl=./string/../sysdeps/x86_64/multiarch/strchrnul.c
fn=strchrnul
31 3 1 1 1 0 0 0 0 0
fl=./string/../sysdeps/x86_64/multiarch/strcmp-avx2.S
fn=__strcmp_avx2
83 44631 28 4 0 0 0 0 0 0
106 44631 0 0 0 0 0 0 0 0
107 44631 0 0 0 0 0 0 0 0
109 44631 0 0 0 0 0 0 0 0
110 44631 0 0 0 0 0 0 0 0
111 44631 0 0 0 0 0 0 0 0
112 44631 0 0 0 0 0 0 0 0
113 44631 0 0 0 0 0 0 0 0
115 36421 0 0 36421 371 40 0 0 0
116 36421 0 0 36421 305 21 0 0 0
117 36421 0 0 0 0 0 0 0 0
118 36421 0 0 0 0 0 0 0 0
119 36421 0 0 0 0 0 0 0 0
120 36421 0 0 0 0 0 0 0 0
121 36421 0 0 0 0 0 0 0 0
122 36421 0 0 0 0 0 0 0 0
140 36421 0 0 36421 0 0 0 0 0
141 36421 30 4 36421 0 0 0 0 0
142 36421 0 0 0 0 0 0 0 0
145 72842 0 0 36421 0 0 0 0 0
656 1866 12 3 0 0 0 0 0 0
658 1866 0 0 0 0 0 0 0 0
659 463 0 0 0 0 0 0 0 0
660 463 0 0 0 0 0 0 0 0
661 463 0 0 0 0 0 0 0 0
670 463 0 0 463 3 0 0 0 0
671 463 0 0 463 0 0 0 0 0
674 463 0 0 0 0 0 0 0 0
675 463 0 0 0 0 0 0 0 0
678 14 0 0 0 0 0 0 0 0
682 2834 0 0 1417 0 0 0 0 0
718 6780 0 0 0 0 0 0 0 0
719 6780 0 0 0 0 0 0 0 0
723 6780 0 0 0 0 0 0 0 0
734 6780 0 0 6780 0 0 0 0 0
735 6780 0 0 6780 0 0 0 0 0
736 6780 0 0 0 0 0 0 0 0
738 13560 0 0 6780 0 0 0 0 0
748 8210 20 4 0 0 0 0 0 0
749 8210 0 0 0 0 0 0 0 0
751 4009 0 0 4009 46 1 0 0 0
752 4009 6 2 4009 36 1 0 0 0
753 4009 0 0 0 0 0 0 0 0
754 4009 0 0 0 0 0 0 0 0
755 4009 0 0 0 0 0 0 0 0
756 4009 0 0 0 0 0 0 0 0
757 4009 0 0 0 0 0 0 0 0
772 4201 12 2 0 0 0 0 0 0
773 4201 0 0 0 0 0 0 0 0
774 1493 0 0 1493 13 1 0 0 0
775 1493 0 0 1493 3 1 0 0 0
776 1493 0 0 0 0 0 0 0 0
777 1493 0 0 0 0 0 0 0 0
778 1493 0 0 0 0 0 0 0 0
779 1493 0 0 0 0 0 0 0 0
780 1493 0 0 0 0 0 0 0 0
782 3 0 0 0 0 0 0 0 0
784 3 0 0 0 0 0 0 0 0
797 2711 18 3 0 0 0 0 0 0
798 2711 0 0 0 0 0 0 0 0
799 591 0 0 591 19 0 0 0 0
800 591 0 0 591 2 2 0 0 0
801 591 0 0 0 0 0 0 0 0
802 591 0 0 0 0 0 0 0 0
803 591 0 0 0 0 0 0 0 0
804 591 0 0 0 0 0 0 0 0
806 591 0 0 0 0 0 0 0 0
807 591 0 0 0 0 0 0 0 0
808 591 0 0 0 0 0 0 0 0
810 12 0 0 0 0 0 0 0 0
811 12 0 0 0 0 0 0 0 0
821 2132 0 0 0 0 0 0 0 0
822 2132 17 3 0 0 0 0 0 0
823 743 0 0 743 17 2 0 0 0
824 743 0 0 743 4 0 0 0 0
825 743 0 0 0 0 0 0 0 0
826 743 0 0 0 0 0 0 0 0
827 743 0 0 0 0 0 0 0 0
828 743 0 0 0 0 0 0 0 0
830 743 0 0 0 0 0 0 0 0
831 743 0 0 0 0 0 0 0 0
832 743 0 0 0 0 0 0 0 0
834 41 0 0 0 0 0 0 0 0
853 1430 0 0 1430 14 1 0 0 0
854 1430 0 0 1430 0 0 0 0 0
856 1430 0 0 0 0 0 0 0 0
857 1430 0 0 0 0 0 0 0 0
858 13 0 0 0 0 0 0 0 0
859 26 0 0 13 0 0 0 0 0
fn=__strncmp_avx2
83 38444 30 4 0 0 0 0 0 0
86 38444 0 0 0 0 0 0 0 0
87 38444 0 0 0 0 0 0 0 0
88 38444 0 0 0 0 0 0 0 0
104 38444 0 0 0 0 0 0 0 0
106 38444 0 0 0 0 0 0 0 0
107 38444 0 0 0 0 0 0 0 0
109 38444 0 0 0 0 0 0 0 0
110 38444 0 0 0 0 0 0 0 0
111 38444 0 0 0 0 0 0 0 0
112 38444 0 0 0 0 0 0 0 0
113 38444 0 0 0 0 0 0 0 0
115 25764 0 0 25764 1152 501 0 0 0
116 25764 0 0 25764 27 14 0 0 0
117 25764 0 0 0 0 0 0 0 0
118 25764 29 4 0 0 0 0 0 0
119 25764 0 0 0 0 0 0 0 0
120 25764 0 0 0 0 0 0 0 0
121 25764 0 0 0 0 0 0 0 0
122 25764 0 0 0 0 0 0 0 0
126 25764 0 0 0 0 0 0 0 0
127 25764 0 0 0 0 0 0 0 0
140 25536 0 0 25536 0 0 0 0 0
141 25536 0 0 25536 0 0 0 0 0
142 25536 0 0 0 0 0 0 0 0
145 51072 0 0 25536 0 0 0 0 0
656 16455 11 3 0 0 0 0 0 0
658 16455 0 0 0 0 0 0 0 0
659 12429 0 0 0 0 0 0 0 0
660 12429 0 0 0 0 0 0 0 0
661 12429 0 0 0 0 0 0 0 0
663 12429 0 0 0 0 0 0 0 0
664 12429 0 0 0 0 0 0 0 0
670 12405 0 0 12405 60 0 0 0 0
671 12405 0 0 12405 0 0 0 0 0
674 12405 0 0 0 0 0 0 0 0
675 12405 0 0 0 0 0 0 0 0
682 8052 0 0 4026 0 0 0 0 0
698 270 13 0 0 0 0 0 0 0
699 540 0 0 270 0 0 0 0 0
718 8630 0 0 0 0 0 0 0 0
719 8630 0 0 0 0 0 0 0 0
721 8630 0 0 0 0 0 0 0 0
723 8630 0 0 0 0 0 0 0 0
725 8630 0 0 0 0 0 0 0 0
726 8630 0 0 0 0 0 0 0 0
734 8612 0 0 8612 0 0 0 0 0
735 8612 0 0 8612 0 0 0 0 0
736 8612 0 0 0 0 0 0 0 0
738 17224 0 0 8612 0 0 0 0 0
748 12680 34 4 0 0 0 0 0 0
749 12680 0 0 0 0 0 0 0 0
751 5278 0 0 5278 55 1 0 0 0
752 5278 19 2 5278 5 3 0 0 0
753 5278 0 0 0 0 0 0 0 0
754 5278 0 0 0 0 0 0 0 0
755 5278 0 0 0 0 0 0 0 0
756 5278 0 0 0 0 0 0 0 0
757 5278 0 0 0 0 0 0 0 0
772 7402 15 2 0 0 0 0 0 0
773 7402 0 0 0 0 0 0 0 0
774 1987 0 0 1987 0 0 0 0 0
775 1987 0 0 1987 0 0 0 0 0
776 1987 0 0 0 0 0 0 0 0
777 1987 0 0 0 0 0 0 0 0
778 1987 0 0 0 0 0 0 0 0
779 1987 7 0 0 0 0 0 0 0
780 1987 0 0 0 0 0 0 0 0
782 3 0 0 0 0 0 0 0 0
784 3 0 0 0 0 0 0 0 0
789 3 0 0 0 0 0 0 0 0
790 3 0 0 0 0 0 0 0 0
797 5418 18 3 0 0 0 0 0 0
798 5418 0 0 0 0 0 0 0 0
799 1114 0 0 1114 0 0 0 0 0
800 1114 0 0 1114 0 0 0 0 0
801 1114 0 0 0 0 0 0 0 0
802 1114 0 0 0 0 0 0 0 0
803 1114 0 0 0 0 0 0 0 0
804 1114 0 0 0 0 0 0 0 0
806 1114 0 0 0 0 0 0 0 0
807 1114 0 0 0 0 0 0 0 0
808 1114 19 0 0 0 0 0 0 0
810 22 0 0 0 0 0 0 0 0
811 22 0 0 0 0 0 0 0 0
815 22 0 0 0 0 0 0 0 0
816 22 0 0 0 0 0 0 0 0
821 4326 8 3 0 0 0 0 0 0
822 4326 0 0 0 0 0 0 0 0
823 905 0 0 905 88 63 0 0 0
824 905 0 0 905 0 0 0 0 0
825 905 0 0 0 0 0 0 0 0
826 905 0 0 0 0 0 0 0 0
827 905 0 0 0 0 0 0 0 0
828 905 0 0 0 0 0 0 0 0
830 905 0 0 0 0 0 0 0 0
831 905 0 0 0 0 0 0 0 0
832 905 0 0 0 0 0 0 0 0
834 629 0 0 0 0 0 0 0 0
838 629 3 3 0 0 0 0 0 0
839 629 0 0 0 0 0 0 0 0
846 4050 12 0 0 0 0 0 0 0
847 4050 0 0 0 0 0 0 0 0
853 4050 0 0 4050 0 0 0 0 0
854 4050 0 0 4050 0 0 0 0 0
856 4050 0 0 0 0 0 0 0 0
857 4050 0 0 0 0 0 0 0 0
fl=./string/../sysdeps/x86_64/multiarch/strcmp-sse42.S
fn=__strcasecmp_avx
87 295 20 2 0 0 0 0 0 0
88 295 0 0 295 5 1 0 0 0
89 590 21 2 295 6 1 0 0 0
fn=__strcasecmp_l_avx
128 295 0 0 0 0 0 0 0 0
140 295 0 0 295 9 1 0 0 0
142 295 0 0 295 19 1 0 0 0
143 295 0 0 0 0 0 0 0 0
164 295 0 0 0 0 0 0 0 0
165 295 0 0 0 0 0 0 0 0
167 295 0 0 0 0 0 0 0 0
168 295 0 0 0 0 0 0 0 0
187 295 0 0 295 19 2 0 0 0
189 295 0 0 295 19 2 0 0 0
191 295 0 0 295 0 0 0 0 0
194 295 23 2 0 0 0 0 0 0
195 295 0 0 0 0 0 0 0 0
196 295 0 0 0 0 0 0 0 0
197 295 0 0 0 0 0 0 0 0
198 204 0 0 204 39 11 0 0 0
199 204 0 0 204 28 11 0 0 0
230 2040 0 0 0 0 0 0 0 0
234 204 0 0 0 0 0 0 0 0
235 204 10 1 0 0 0 0 0 0
236 204 0 0 0 0 0 0 0 0
237 204 0 0 0 0 0 0 0 0
238 204 0 0 0 0 0 0 0 0
239 204 0 0 0 0 0 0 0 0
240 204 0 0 0 0 0 0 0 0
255 91 12 1 0 0 0 0 0 0
256 91 0 0 0 0 0 0 0 0
257 91 0 0 0 0 0 0 0 0
258 91 0 0 0 0 0 0 0 0
259 91 15 2 0 0 0 0 0 0
260 91 0 0 0 0 0 0 0 0
261 91 0 0 0 0 0 0 0 0
262 91 0 0 0 0 0 0 0 0
263 91 0 0 0 0 0 0 0 0
264 82 0 0 0 0 0 0 0 0
265 30 0 0 0 0 0 0 0 0
266 30 0 0 0 0 0 0 0 0
267 30 0 0 0 0 0 0 0 0
269 82 0 0 82 9 5 0 0 0
270 82 0 0 82 19 11 0 0 0
271 82 0 0 0 0 0 0 0 0
272 82 0 0 0 0 0 0 0 0
273 82 0 0 0 0 0 0 0 0
274 82 0 0 82 22 3 0 0 0
275 82 0 0 0 0 0 0 0 0
276 82 0 0 0 0 0 0 0 0
277 82 0 0 0 0 0 0 0 0
287 9 3 1 9 1 1 0 0 0
288 9 0 0 0 0 0 0 0 0
292 9 0 0 9 0 0 0 0 0
293 90 0 0 0 0 0 0 0 0
294 9 0 0 0 0 0 0 0 0
296 9 0 0 0 0 0 0 0 0
297 9 4 1 0 0 0 0 0 0
298 9 0 0 0 0 0 0 0 0
299 9 0 0 0 0 0 0 0 0
300 9 0 0 0 0 0 0 0 0
305 9 0 0 0 0 0 0 0 0
307 1 0 0 0 0 0 0 0 0
308 1 0 0 0 0 0 0 0 0
314 1 0 0 0 0 0 0 0 0
317 1 0 0 1 0 0 0 0 0
321 1 0 0 1 0 0 0 0 0
322 10 1 1 0 0 0 0 0 0
323 1 0 0 0 0 0 0 0 0
325 1 0 0 0 0 0 0 0 0
326 1 0 0 0 0 0 0 0 0
351 1 1 1 0 0 0 0 0 0
376 1 1 1 0 0 0 0 0 0
377 10 0 0 0 0 0 0 0 0
378 1 1 1 0 0 0 0 0 0
379 1 0 0 0 0 0 0 0 0
380 1 0 0 0 0 0 0 0 0
381 1 0 0 0 0 0 0 0 0
382 1 0 0 0 0 0 0 0 0
383 1 0 0 0 0 0 0 0 0
384 1 0 0 0 0 0 0 0 0
464 2 2 1 0 0 0 0 0 0
465 20 2 1 0 0 0 0 0 0
466 2 0 0 0 0 0 0 0 0
467 2 0 0 0 0 0 0 0 0
468 2 0 0 0 0 0 0 0 0
469 2 0 0 0 0 0 0 0 0
470 2 0 0 0 0 0 0 0 0
471 2 0 0 0 0 0 0 0 0
472 2 0 0 0 0 0 0 0 0
473 1 0 0 1 0 0 0 0 0
476 1 0 0 0 0 0 0 0 0
477 1 0 0 0 0 0 0 0 0
483 1 0 0 0 0 0 0 0 0
484 1 1 1 0 0 0 0 0 0
485 1 0 0 0 0 0 0 0 0
486 2 0 0 0 0 0 0 0 0
490 1 0 0 0 0 0 0 0 0
491 1 0 0 0 0 0 0 0 0
494 1 0 0 1 0 0 0 0 0
495 1 0 0 1 0 0 0 0 0
499 1 0 0 1 0 0 0 0 0
500 10 1 1 0 0 0 0 0 0
501 1 0 0 0 0 0 0 0 0
503 1 0 0 0 0 0 0 0 0
552 4 4 2 0 0 0 0 0 0
553 40 4 2 0 0 0 0 0 0
554 4 0 0 0 0 0 0 0 0
555 4 0 0 0 0 0 0 0 0
556 4 0 0 0 0 0 0 0 0
557 4 0 0 0 0 0 0 0 0
558 4 0 0 0 0 0 0 0 0
559 4 0 0 0 0 0 0 0 0
560 4 0 0 0 0 0 0 0 0
561 1 0 0 1 0 0 0 0 0
565 1 1 1 0 0 0 0 0 0
566 1 0 0 0 0 0 0 0 0
572 1 0 0 0 0 0 0 0 0
573 1 0 0 0 0 0 0 0 0
574 1 0 0 0 0 0 0 0 0
575 1 0 0 0 0 0 0 0 0
578 1 0 0 0 0 0 0 0 0
579 1 0 0 0 0 0 0 0 0
582 1 0 0 1 0 0 0 0 0
583 1 0 0 1 0 0 0 0 0
587 1 0 0 1 0 0 0 0 0
588 10 1 1 0 0 0 0 0 0
589 1 0 0 0 0 0 0 0 0
591 1 0 0 0 0 0 0 0 0
640 1 1 1 0 0 0 0 0 0
641 10 0 0 0 0 0 0 0 0
642 1 0 0 0 0 0 0 0 0
643 1 0 0 0 0 0 0 0 0
644 1 0 0 0 0 0 0 0 0
645 1 0 0 0 0 0 0 0 0
646 1 0 0 0 0 0 0 0 0
647 1 1 1 0 0 0 0 0 0
648 1 0 0 0 0 0 0 0 0
729 1 1 1 0 0 0 0 0 0
730 10 0 0 0 0 0 0 0 0
731 1 1 1 0 0 0 0 0 0
732 1 0 0 0 0 0 0 0 0
733 1 0 0 0 0 0 0 0 0
734 1 0 0 0 0 0 0 0 0
735 1 0 0 0 0 0 0 0 0
736 1 0 0 0 0 0 0 0 0
737 1 0 0 0 0 0 0 0 0
819 5 3 1 0 0 0 0 0 0
820 50 3 1 0 0 0 0 0 0
821 5 0 0 0 0 0 0 0 0
822 5 0 0 0 0 0 0 0 0
823 5 0 0 0 0 0 0 0 0
824 5 0 0 0 0 0 0 0 0
825 5 0 0 0 0 0 0 0 0
826 5 0 0 0 0 0 0 0 0
827 5 0 0 0 0 0 0 0 0
828 1 0 0 1 0 0 0 0 0
832 1 0 0 0 0 0 0 0 0
833 1 0 0 0 0 0 0 0 0
839 1 0 0 0 0 0 0 0 0
840 1 1 1 0 0 0 0 0 0
841 1 0 0 0 0 0 0 0 0
842 2 0 0 0 0 0 0 0 0
846 1 0 0 0 0 0 0 0 0
847 1 0 0 0 0 0 0 0 0
850 1 0 0 1 0 0 0 0 0
851 1 0 0 1 0 0 0 0 0
855 1 0 0 1 0 0 0 0 0
856 10 1 1 0 0 0 0 0 0
857 1 0 0 0 0 0 0 0 0
859 1 0 0 0 0 0 0 0 0
908 2 2 1 0 0 0 0 0 0
909 20 2 1 0 0 0 0 0 0
910 2 0 0 0 0 0 0 0 0
911 2 0 0 0 0 0 0 0 0
912 2 0 0 0 0 0 0 0 0
913 2 0 0 0 0 0 0 0 0
914 2 0 0 0 0 0 0 0 0
915 2 0 0 0 0 0 0 0 0
916 2 0 0 0 0 0 0 0 0
997 6 1 1 0 0 0 0 0 0
998 60 0 0 0 0 0 0 0 0
999 6 0 0 0 0 0 0 0 0
1000 6 0 0 0 0 0 0 0 0
1001 6 0 0 0 0 0 0 0 0
1002 6 0 0 0 0 0 0 0 0
1003 6 0 0 0 0 0 0 0 0
1004 6 1 1 0 0 0 0 0 0
1005 6 0 0 0 0 0 0 0 0
1006 1 0 0 1 0 0 0 0 0
1010 1 0 0 0 0 0 0 0 0
1011 1 0 0 0 0 0 0 0 0
1017 1 0 0 0 0 0 0 0 0
1018 1 0 0 0 0 0 0 0 0
1019 1 0 0 0 0 0 0 0 0
1020 2 0 0 0 0 0 0 0 0
1024 1 0 0 0 0 0 0 0 0
1025 1 0 0 0 0 0 0 0 0
1028 1 0 0 1 0 0 0 0 0
1029 1 1 1 1 0 0 0 0 0
1033 1 0 0 1 0 0 0 0 0
1034 10 0 0 0 0 0 0 0 0
1035 1 0 0 0 0 0 0 0 0
1037 1 1 1 0 0 0 0 0 0
1086 6 4 1 0 0 0 0 0 0
1087 60 0 0 0 0 0 0 0 0
1088 6 4 1 0 0 0 0 0 0
1089 6 0 0 0 0 0 0 0 0
1090 6 0 0 0 0 0 0 0 0
1091 6 0 0 0 0 0 0 0 0
1092 6 0 0 0 0 0 0 0 0
1093 6 0 0 0 0 0 0 0 0
1094 6 0 0 0 0 0 0 0 0
1095 1 0 0 1 0 0 0 0 0
1099 1 0 0 0 0 0 0 0 0
1100 1 0 0 0 0 0 0 0 0
1106 1 0 0 0 0 0 0 0 0
1107 1 0 0 0 0 0 0 0 0
1108 1 0 0 0 0 0 0 0 0
1109 2 0 0 0 0 0 0 0 0
1113 1 1 1 0 0 0 0 0 0
1114 1 0 0 0 0 0 0 0 0
1117 1 0 0 1 1 1 0 0 0
1119 1 0 0 1 0 0 0 0 0
1123 1 0 0 1 0 0 0 0 0
1124 10 1 1 0 0 0 0 0 0
1125 1 0 0 0 0 0 0 0 0
1127 1 0 0 0 0 0 0 0 0
1176 9 5 1 0 0 0 0 0 0
1177 90 5 1 0 0 0 0 0 0
1178 9 0 0 0 0 0 0 0 0
1179 9 0 0 0 0 0 0 0 0
1180 9 0 0 0 0 0 0 0 0
1181 9 0 0 0 0 0 0 0 0
1182 9 0 0 0 0 0 0 0 0
1183 9 0 0 0 0 0 0 0 0
1184 9 0 0 0 0 0 0 0 0
1185 2 0 0 2 0 0 0 0 0
1189 2 0 0 0 0 0 0 0 0
1190 2 0 0 0 0 0 0 0 0
1196 2 0 0 0 0 0 0 0 0
1197 2 2 1 0 0 0 0 0 0
1198 2 0 0 0 0 0 0 0 0
1199 4 0 0 0 0 0 0 0 0
1203 2 0 0 0 0 0 0 0 0
1204 2 0 0 0 0 0 0 0 0
1207 2 0 0 2 2 1 0 0 0
1208 2 0 0 2 0 0 0 0 0
1212 2 0 0 2 0 0 0 0 0
1213 20 2 1 0 0 0 0 0 0
1214 2 0 0 0 0 0 0 0 0
1216 2 0 0 0 0 0 0 0 0
1265 6 5 1 0 0 0 0 0 0
1266 60 5 1 0 0 0 0 0 0
1267 6 0 0 0 0 0 0 0 0
1268 6 0 0 0 0 0 0 0 0
1269 6 0 0 0 0 0 0 0 0
1270 6 0 0 0 0 0 0 0 0
1271 6 0 0 0 0 0 0 0 0
1272 6 0 0 0 0 0 0 0 0
1273 6 0 0 0 0 0 0 0 0
1354 5 4 1 0 0 0 0 0 0
1355 50 0 0 0 0 0 0 0 0
1356 5 0 0 0 0 0 0 0 0
1357 5 0 0 0 0 0 0 0 0
1358 5 0 0 0 0 0 0 0 0
1359 5 0 0 0 0 0 0 0 0
1360 5 0 0 0 0 0 0 0 0
1361 5 4 1 0 0 0 0 0 0
1362 5 0 0 0 0 0 0 0 0
1443 11 3 1 0 0 0 0 0 0
1444 110 0 0 0 0 0 0 0 0
1445 11 3 1 0 0 0 0 0 0
1446 11 0 0 0 0 0 0 0 0
1447 11 0 0 0 0 0 0 0 0
1448 11 0 0 0 0 0 0 0 0
1449 11 0 0 0 0 0 0 0 0
1450 11 0 0 0 0 0 0 0 0
1451 11 0 0 0 0 0 0 0 0
1533 6 3 1 0 0 0 0 0 0
1534 60 2 1 0 0 0 0 0 0
1535 6 0 0 0 0 0 0 0 0
1536 6 0 0 0 0 0 0 0 0
1537 6 0 0 0 0 0 0 0 0
1538 6 0 0 0 0 0 0 0 0
1539 6 0 0 0 0 0 0 0 0
1540 6 0 0 0 0 0 0 0 0
1541 6 0 0 0 0 0 0 0 0
1623 17 5 1 0 0 0 0 0 0
1624 170 5 1 0 0 0 0 0 0
1625 17 0 0 0 0 0 0 0 0
1626 17 0 0 0 0 0 0 0 0
1627 17 0 0 0 0 0 0 0 0
1628 17 0 0 0 0 0 0 0 0
1629 17 0 0 0 0 0 0 0 0
1630 17 0 0 0 0 0 0 0 0
1631 17 0 0 0 0 0 0 0 0
1716 7 4 1 0 0 0 0 0 0
1739 83 10 1 0 0 0 0 0 0
1740 83 0 0 0 0 0 0 0 0
1741 83 0 0 0 0 0 0 0 0
1742 83 0 0 0 0 0 0 0 0
1743 50 0 0 0 0 0 0 0 0
1748 287 9 1 0 0 0 0 0 0
1754 287 0 0 287 0 0 0 0 0
1755 287 0 0 287 0 0 0 0 0
1758 287 13 2 0 0 0 0 0 0
1759 287 0 0 287 37 5 0 0 0
1760 287 0 0 287 12 1 0 0 0
1763 287 0 0 0 0 0 0 0 0
1764 287 0 0 287 0 0 0 0 0
1767 8 2 0 0 0 0 0 0 0
1768 8 0 0 8 0 0 0 0 0
fn=__strncasecmp_avx
98 97 7 0 0 0 0 0 0 0
99 97 0 0 97 4 0 0 0 0
100 194 13 1 97 1 0 0 0 0
fn=__strncasecmp_l_avx
128 97 0 0 0 0 0 0 0 0
151 97 0 0 97 3 0 0 0 0
153 97 0 0 97 7 0 0 0 0
154 97 0 0 0 0 0 0 0 0
158 97 0 0 0 0 0 0 0 0
159 97 0 0 0 0 0 0 0 0
160 97 0 0 0 0 0 0 0 0
161 97 0 0 0 0 0 0 0 0
162 58 0 0 0 0 0 0 0 0
164 58 0 0 0 0 0 0 0 0
165 58 0 0 0 0 0 0 0 0
167 58 0 0 0 0 0 0 0 0
168 58 0 0 0 0 0 0 0 0
187 58 10 1 58 8 0 0 0 0
189 58 0 0 58 7 0 0 0 0
191 58 0 0 58 0 0 0 0 0
194 58 0 0 0 0 0 0 0 0
195 58 0 0 0 0 0 0 0 0
196 58 0 0 0 0 0 0 0 0
197 58 0 0 0 0 0 0 0 0
198 45 0 0 45 0 0 0 0 0
199 45 0 0 45 6 0 0 0 0
230 450 9 1 0 0 0 0 0 0
234 45 0 0 0 0 0 0 0 0
235 45 0 0 0 0 0 0 0 0
236 45 0 0 0 0 0 0 0 0
237 45 0 0 0 0 0 0 0 0
238 45 0 0 0 0 0 0 0 0
239 45 0 0 0 0 0 0 0 0
240 45 0 0 0 0 0 0 0 0
255 13 9 1 0 0 0 0 0 0
256 13 0 0 0 0 0 0 0 0
257 13 0 0 0 0 0 0 0 0
258 13 0 0 0 0 0 0 0 0
259 13 0 0 0 0 0 0 0 0
260 13 0 0 0 0 0 0 0 0
261 13 0 0 0 0 0 0 0 0
262 13 0 0 0 0 0 0 0 0
263 13 0 0 0 0 0 0 0 0
264 13 0 0 0 0 0 0 0 0
265 5 0 0 0 0 0 0 0 0
266 5 0 0 0 0 0 0 0 0
267 5 0 0 0 0 0 0 0 0
269 13 0 0 13 7 2 0 0 0
270 13 0 0 13 5 1 0 0 0
271 13 9 1 0 0 0 0 0 0
272 13 0 0 0 0 0 0 0 0
273 13 0 0 0 0 0 0 0 0
274 13 0 0 13 9 1 0 0 0
275 13 0 0 0 0 0 0 0 0
276 13 0 0 0 0 0 0 0 0
277 13 0 0 0 0 0 0 0 0
1176 2 2 1 0 0 0 0 0 0
1177 20 2 1 0 0 0 0 0 0
1178 2 0 0 0 0 0 0 0 0
1179 2 0 0 0 0 0 0 0 0
1180 2 0 0 0 0 0 0 0 0
1181 2 0 0 0 0 0 0 0 0
1182 2 0 0 0 0 0 0 0 0
1183 2 0 0 0 0 0 0 0 0
1184 2 0 0 0 0 0 0 0 0
1265 2 2 1 0 0 0 0 0 0
1266 20 2 1 0 0 0 0 0 0
1267 2 0 0 0 0 0 0 0 0
1268 2 0 0 0 0 0 0 0 0
1269 2 0 0 0 0 0 0 0 0
1270 2 0 0 0 0 0 0 0 0
1271 2 0 0 0 0 0 0 0 0
1272 2 0 0 0 0 0 0 0 0
1273 2 0 0 0 0 0 0 0 0
1354 3 3 1 0 0 0 0 0 0
1355 30 3 1 0 0 0 0 0 0
1356 3 0 0 0 0 0 0 0 0
1357 3 0 0 0 0 0 0 0 0
1358 3 0 0 0 0 0 0 0 0
1359 3 0 0 0 0 0 0 0 0
1360 3 0 0 0 0 0 0 0 0
1361 3 0 0 0 0 0 0 0 0
1362 3 0 0 0 0 0 0 0 0
1443 3 3 1 0 0 0 0 0 0
1444 30 3 1 0 0 0 0 0 0
1445 3 0 0 0 0 0 0 0 0
1446 3 0 0 0 0 0 0 0 0
1447 3 0 0 0 0 0 0 0 0
1448 3 0 0 0 0 0 0 0 0
1449 3 0 0 0 0 0 0 0 0
1450 3 0 0 0 0 0 0 0 0
1451 3 0 0 0 0 0 0 0 0
1623 3 1 1 0 0 0 0 0 0
1624 30 1 1 0 0 0 0 0 0
1625 3 0 0 0 0 0 0 0 0
1626 3 0 0 0 0 0 0 0 0
1627 3 0 0 0 0 0 0 0 0
1628 3 0 0 0 0 0 0 0 0
1629 3 0 0 0 0 0 0 0 0
1630 3 0 0 0 0 0 0 0 0
1631 3 0 0 0 0 0 0 0 0
1739 13 8 1 0 0 0 0 0 0
1740 13 0 0 0 0 0 0 0 0
1741 13 0 0 0 0 0 0 0 0
1742 13 0 0 0 0 0 0 0 0
1743 10 0 0 0 0 0 0 0 0
1748 58 2 0 0 0 0 0 0 0
1751 58 0 0 0 0 0 0 0 0
1752 58 0 0 0 0 0 0 0 0
1754 45 0 0 45 0 0 0 0 0
1755 45 0 0 45 0 0 0 0 0
1758 45 0 0 0 0 0 0 0 0
1759 45 0 0 45 9 0 0 0 0
1760 45 0 0 45 7 0 0 0 0
1763 45 0 0 0 0 0 0 0 0
1764 45 9 0 45 0 0 0 0 0
1767 13 1 0 0 0 0 0 0 0
1768 13 0 0 13 0 0 0 0 0
1773 39 3 1 39 0 0 0 0 0
1774 39 0 0 39 0 0 0 0 0
1777 39 0 0 0 0 0 0 0 0
1778 39 0 0 39 0 0 0 0 0
1779 39 0 0 39 0 0 0 0 0
1782 39 0 0 0 0 0 0 0 0
1783 39 0 0 39 0 0 0 0 0
fl=./string/../sysdeps/x86_64/multiarch/strcmp.c
fn=strcmp
41 96 0 0 48 9 0 0 0 0
42 72 12 3 24 2 0 0 0 0
44 48 0 0 0 0 0 0 0 0
49 72 0 0 0 0 0 0 0 0
52 72 12 3 0 0 0 0 0 0
65 48 8 1 24 0 0 0 0 0
fl=./string/../sysdeps/x86_64/multiarch/strcpy-avx2.S
fn=__stpcpy_avx2
53 11 10 1 0 0 0 0 0 0
59 11 0 0 0 0 0 0 0 0
66 11 0 0 0 0 0 0 0 0
68 11 0 0 0 0 0 0 0 0
69 11 0 0 0 0 0 0 0 0
70 11 0 0 0 0 0 0 0 0
72 1 0 0 0 0 0 0 0 0
73 1 0 0 0 0 0 0 0 0
75 1 1 1 1 0 0 0 0 0
76 1 0 0 0 0 0 0 0 0
77 1 0 0 0 0 0 0 0 0
91 1 0 0 0 0 0 0 0 0
92 1 0 0 0 0 0 0 0 0
94 1 0 0 1 0 0 0 0 0
95 1 0 0 0 0 0 0 0 0
102 1 0 0 0 0 0 0 0 0
103 1 0 0 0 0 0 0 0 0
105 1 0 0 1 0 0 0 0 0
106 2 0 0 0 0 0 1 0 0
111 1 0 0 0 0 0 0 0 0
117 1 0 0 0 0 0 0 0 0
118 1 0 0 1 0 0 0 0 0
119 1 1 1 0 0 0 1 0 0
120 1 0 0 1 0 0 0 0 0
121 1 0 0 0 0 0 0 0 0
122 1 0 0 0 0 0 0 0 0
123 1 0 0 0 0 0 0 0 0
128 1 0 0 0 0 0 0 0 0
132 1 0 0 0 0 0 0 0 0
304 10 2 2 10 0 0 0 0 0
305 10 0 0 10 2 2 0 0 0
306 10 0 0 0 0 0 0 0 0
307 10 0 0 0 0 0 0 0 0
317 10 0 0 0 0 0 0 0 0
318 10 0 0 0 0 0 0 0 0
346 1 1 0 0 0 0 0 0 0
349 1 0 0 0 0 0 0 0 0
351 11 2 2 0 0 0 0 0 0
353 11 0 0 0 0 0 0 0 0
354 11 0 0 0 0 0 0 0 0
355 11 0 0 0 0 0 0 0 0
356 11 0 0 0 0 0 0 0 0
357 10 0 0 0 0 0 0 0 0
358 10 0 0 0 0 0 0 0 0
609 10 2 2 10 0 0 0 0 0
610 10 0 0 10 0 0 0 0 0
611 10 0 0 0 0 0 10 0 0
612 10 0 0 0 0 0 10 0 0
614 10 2 2 0 0 0 0 0 0
622 20 0 0 10 0 0 0 0 0
626 1 1 0 1 0 0 0 0 0
627 1 0 0 1 0 0 0 0 0
628 1 0 0 0 0 0 1 1 1
629 1 0 0 0 0 0 1 0 0
631 1 0 0 0 0 0 0 0 0
639 2 0 0 1 0 0 0 0 0
fn=__strcpy_avx2
53 240 12 2 0 0 0 0 0 0
59 240 0 0 0 0 0 0 0 0
61 240 0 0 0 0 0 0 0 0
66 240 0 0 0 0 0 0 0 0
68 240 12 2 0 0 0 0 0 0
69 240 0 0 0 0 0 0 0 0
70 240 0 0 0 0 0 0 0 0
72 14 0 0 0 0 0 0 0 0
73 14 0 0 0 0 0 0 0 0
75 14 0 0 14 5 4 0 0 0
76 14 0 0 0 0 0 0 0 0
77 14 0 0 0 0 0 0 0 0
91 14 0 0 0 0 0 0 0 0
92 14 0 0 0 0 0 0 0 0
94 3 0 0 3 0 0 0 0 0
95 3 0 0 0 0 0 0 0 0
102 3 0 0 0 0 0 0 0 0
103 3 0 0 0 0 0 0 0 0
304 226 11 2 226 20 8 0 0 0
305 226 0 0 226 21 6 0 0 0
306 226 0 0 0 0 0 0 0 0
307 226 0 0 0 0 0 0 0 0
317 226 0 0 0 0 0 0 0 0
318 226 0 0 0 0 0 0 0 0
320 1 0 0 0 0 0 1 1 1
321 1 0 0 0 0 0 0 0 0
322 1 0 0 0 0 0 0 0 0
332 1 0 0 0 0 0 0 0 0
333 1 0 0 0 0 0 0 0 0
349 11 2 0 0 0 0 0 0 0
351 237 10 2 0 0 0 0 0 0
353 240 0 0 0 0 0 0 0 0
354 240 0 0 0 0 0 0 0 0
355 240 0 0 0 0 0 0 0 0
356 240 0 0 0 0 0 0 0 0
357 212 0 0 0 0 0 0 0 0
358 212 15 2 0 0 0 0 0 0
359 171 0 0 0 0 0 0 0 0
360 171 0 0 0 0 0 0 0 0
361 134 0 0 0 0 0 0 0 0
362 134 0 0 0 0 0 0 0 0
363 130 0 0 0 0 0 0 0 0
364 130 0 0 0 0 0 0 0 0
365 130 0 0 0 0 0 0 0 0
366 127 0 0 0 0 0 127 126 126
376 254 0 0 127 0 0 0 0 0
380 1 0 0 0 0 0 0 0 0
381 1 0 0 0 0 0 0 0 0
385 1 0 0 0 0 0 0 0 0
389 3 2 1 0 0 0 0 0 0
390 3 0 0 0 0 0 0 0 0
391 3 0 0 0 0 0 0 0 0
392 3 0 0 0 0 0 0 0 0
393 3 0 0 0 0 0 0 0 0
549 3 2 1 3 0 0 0 0 0
550 3 0 0 0 0 0 3 2 2
559 6 0 0 3 0 0 0 0 0
578 4 3 1 4 0 0 0 0 0
579 4 0 0 0 0 0 4 4 3
588 8 0 0 4 0 0 0 0 0
592 37 2 1 37 0 0 0 0 0
593 37 0 0 0 0 0 37 11 11
594 37 0 0 37 0 0 0 0 0
595 37 0 0 0 0 0 37 0 0
605 74 0 0 37 0 0 0 0 0
609 41 9 0 41 0 0 0 0 0
610 41 0 0 41 0 0 0 0 0
611 41 0 0 0 0 0 41 8 8
612 41 0 0 0 0 0 41 0 0
622 82 0 0 41 0 0 0 0 0
626 28 11 1 28 0 0 0 0 0
627 28 0 0 28 0 0 0 0 0
628 28 0 0 0 0 0 28 2 2
629 28 0 0 0 0 0 28 0 0
639 56 0 0 28 0 0 0 0 0
fn=__strncat_avx2
66 30 0 0 0 0 0 0 0 0
68 30 0 0 0 0 0 0 0 0
69 30 0 0 0 0 0 0 0 0
70 30 0 0 0 0 0 0 0 0
72 24 0 0 0 0 0 0 0 0
73 24 0 0 0 0 0 0 0 0
75 24 0 0 24 0 0 0 0 0
76 24 0 0 0 0 0 0 0 0
77 24 0 0 0 0 0 0 0 0
81 24 0 0 0 0 0 0 0 0
82 24 0 0 0 0 0 0 0 0
83 24 1 1 0 0 0 0 0 0
89 24 0 0 0 0 0 0 0 0
91 9 0 0 0 0 0 0 0 0
92 9 0 0 0 0 0 0 0 0
94 9 0 0 9 0 0 0 0 0
95 9 0 0 0 0 0 0 0 0
98 9 0 0 0 0 0 0 0 0
99 9 0 0 0 0 0 0 0 0
100 9 0 0 0 0 0 0 0 0
102 2 0 0 0 0 0 0 0 0
103 2 0 0 0 0 0 0 0 0
105 2 0 0 2 0 0 0 0 0
106 4 0 0 0 0 0 2 0 0
111 7 1 1 0 0 0 0 0 0
113 7 0 0 0 0 0 0 0 0
114 7 0 0 0 0 0 0 0 0
115 7 0 0 0 0 0 0 0 0
117 7 0 0 0 0 0 0 0 0
118 7 0 0 7 0 0 0 0 0
119 7 0 0 0 0 0 7 0 0
120 7 0 0 7 0 0 0 0 0
121 7 0 0 0 0 0 0 0 0
122 7 0 0 0 0 0 0 0 0
123 7 0 0 0 0 0 0 0 0
125 7 0 0 0 0 0 0 0 0
126 7 0 0 0 0 0 0 0 0
128 5 0 0 0 0 0 0 0 0
132 5 1 1 0 0 0 0 0 0
135 5 0 0 0 0 0 5 0 0
136 5 0 0 5 0 0 0 0 0
137 5 0 0 0 0 0 0 0 0
138 5 0 0 0 0 0 0 0 0
139 5 0 0 0 0 0 0 0 0
141 5 0 0 0 0 0 0 0 0
142 5 0 0 0 0 0 0 0 0
144 4 0 0 0 0 0 0 0 0
148 4 0 0 0 0 0 0 0 0
151 4 0 0 0 0 0 4 0 0
152 4 0 0 4 0 0 0 0 0
153 4 0 0 0 0 0 0 0 0
154 4 0 0 0 0 0 0 0 0
155 4 1 1 0 0 0 0 0 0
157 4 0 0 0 0 0 0 0 0
158 4 0 0 0 0 0 0 0 0
160 3 0 0 0 0 0 0 0 0
164 3 0 0 0 0 0 0 0 0
167 3 0 0 0 0 0 3 0 0
168 3 0 0 3 0 0 0 0 0
169 3 0 0 0 0 0 0 0 0
170 3 0 0 0 0 0 0 0 0
171 3 0 0 0 0 0 0 0 0
173 3 0 0 0 0 0 0 0 0
174 3 0 0 0 0 0 0 0 0
176 1 0 0 0 0 0 0 0 0
180 1 0 0 0 0 0 0 0 0
183 1 1 1 0 0 0 1 0 0
184 1 0 0 1 0 0 0 0 0
185 1 0 0 0 0 0 0 0 0
186 1 0 0 0 0 0 0 0 0
187 1 0 0 0 0 0 0 0 0
189 1 0 0 0 0 0 0 0 0
190 1 0 0 0 0 0 0 0 0
192 1 0 0 0 0 0 0 0 0
196 1 0 0 0 0 0 0 0 0
199 1 0 0 1 0 0 0 0 0
200 1 0 0 0 0 0 1 0 0
201 1 0 0 0 0 0 0 0 0
202 1 0 0 0 0 0 0 0 0
203 1 0 0 0 0 0 0 0 0
205 1 0 0 0 0 0 0 0 0
206 1 1 1 0 0 0 0 0 0
208 1 0 0 0 0 0 0 0 0
212 1 0 0 0 0 0 0 0 0
215 1 0 0 0 0 0 1 0 0
216 1 0 0 0 0 0 0 0 0
217 1 0 0 0 0 0 0 0 0
218 1 0 0 0 0 0 0 0 0
219 1 0 0 0 0 0 0 0 0
220 1 0 0 0 0 0 0 0 0
222 1 0 0 0 0 0 0 0 0
225 1 0 0 1 0 0 0 0 0
226 1 0 0 1 0 0 0 0 0
227 1 0 0 1 0 0 0 0 0
228 1 0 0 1 0 0 0 0 0
229 1 1 1 0 0 0 0 0 0
230 1 0 0 0 0 0 0 0 0
231 1 0 0 0 0 0 0 0 0
232 1 0 0 0 0 0 0 0 0
233 1 0 0 0 0 0 0 0 0
235 1 0 0 0 0 0 0 0 0
236 1 0 0 0 0 0 0 0 0
304 6 1 1 6 0 0 0 0 0
305 6 0 0 6 0 0 0 0 0
306 6 0 0 0 0 0 0 0 0
307 6 0 0 0 0 0 0 0 0
311 6 0 0 0 0 0 0 0 0
315 6 0 0 0 0 0 0 0 0
317 6 0 0 0 0 0 0 0 0
318 6 0 0 0 0 0 0 0 0
320 6 0 0 0 0 0 6 0 0
321 6 0 0 0 0 0 0 0 0
322 6 0 0 0 0 0 0 0 0
326 6 0 0 0 0 0 0 0 0
330 6 0 0 0 0 0 0 0 0
332 5 0 0 0 0 0 0 0 0
333 5 0 0 0 0 0 0 0 0
335 5 0 0 0 0 0 0 0 0
336 5 0 0 0 0 0 0 0 0
337 5 0 0 0 0 0 0 0 0
353 30 1 1 0 0 0 0 0 0
354 30 0 0 0 0 0 0 0 0
355 27 0 0 0 0 0 0 0 0
356 27 0 0 0 0 0 0 0 0
357 20 0 0 0 0 0 0 0 0
358 20 1 1 0 0 0 0 0 0
359 17 0 0 0 0 0 0 0 0
360 17 0 0 0 0 0 0 0 0
361 15 0 0 0 0 0 0 0 0
362 15 0 0 0 0 0 0 0 0
363 11 0 0 0 0 0 0 0 0
364 11 0 0 0 0 0 0 0 0
365 9 0 0 0 0 0 0 0 0
366 2 0 0 0 0 0 2 0 0
376 4 0 0 2 0 0 0 0 0
477 6 1 1 0 0 0 0 0 0
478 6 0 0 0 0 0 0 0 0
479 6 0 0 0 0 0 0 0 0
480 6 0 0 0 0 0 0 0 0
481 6 0 0 0 0 0 0 0 0
482 6 0 0 0 0 0 0 0 0
487 7 1 1 0 0 0 0 0 0
488 7 0 0 0 0 0 0 0 0
489 7 0 0 0 0 0 0 0 0
490 7 0 0 0 0 0 0 0 0
491 7 0 0 0 0 0 0 0 0
492 7 0 0 0 0 0 0 0 0
496 15 0 0 0 0 0 0 0 0
497 15 0 0 0 0 0 0 0 0
498 15 0 0 0 0 0 0 0 0
499 15 0 0 0 0 0 0 0 0
503 1 0 0 0 0 0 0 0 0
504 1 0 0 0 0 0 0 0 0
505 1 0 0 0 0 0 0 0 0
512 6 0 0 0 0 0 0 0 0
513 6 0 0 0 0 0 0 0 0
522 7 1 1 0 0 0 0 0 0
523 7 0 0 0 0 0 0 0 0
529 15 0 0 0 0 0 0 0 0
530 15 0 0 0 0 0 0 0 0
536 1 0 0 0 0 0 0 0 0
537 1 0 0 0 0 0 0 0 0
538 1 0 0 0 0 0 0 0 0
540 1 0 0 0 0 0 0 0 0
541 1 0 0 0 0 0 0 0 0
549 7 1 1 7 0 0 0 0 0
550 7 0 0 0 0 0 7 0 0
559 14 0 0 7 0 0 0 0 0
563 2 0 0 2 0 0 0 0 0
564 2 0 0 0 0 0 2 0 0
565 2 0 0 0 0 0 2 0 0
574 4 0 0 2 0 0 0 0 0
578 4 1 1 4 0 0 0 0 0
579 4 0 0 0 0 0 4 0 0
588 8 0 0 4 0 0 0 0 0
592 2 0 0 2 0 0 0 0 0
593 2 0 0 0 0 0 2 0 0
594 2 0 0 2 0 0 0 0 0
595 2 0 0 0 0 0 2 0 0
605 4 0 0 2 0 0 0 0 0
609 3 0 0 3 0 0 0 0 0
610 3 0 0 3 0 0 0 0 0
611 3 0 0 0 0 0 3 0 0
612 3 0 0 0 0 0 3 0 0
622 6 0 0 3 0 0 0 0 0
626 7 1 1 7 0 0 0 0 0
627 7 0 0 7 0 0 0 0 0
628 7 0 0 0 0 0 7 0 0
629 7 0 0 0 0 0 7 0 0
639 14 0 0 7 0 0 0 0 0
643 3 0 0 3 0 0 0 0 0
644 3 0 0 3 0 0 0 0 0
645 3 0 0 0 0 0 3 0 0
646 3 0 0 0 0 0 3 0 0
656 6 0 0 3 0 0 0 0 0
890 1 1 1 0 0 0 0 0 0
891 1 0 0 0 0 0 0 0 0
917 1 1 1 0 0 0 0 0 0
918 1 0 0 0 0 0 0 0 0
919 1 0 0 0 0 0 0 0 0
920 1 0 0 0 0 0 0 0 0
921 1 0 0 0 0 0 0 0 0
922 1 0 0 0 0 0 0 0 0
926 1 0 0 0 0 0 0 0 0
928 1 0 0 0 0 0 0 0 0
929 1 0 0 0 0 0 0 0 0
930 1 0 0 0 0 0 1 0 0
931 1 0 0 0 0 0 0 0 0
932 1 0 0 0 0 0 0 0 0
933 1 0 0 0 0 0 0 0 0
934 1 0 0 0 0 0 0 0 0
938 1 0 0 0 0 0 0 0 0
941 1 1 1 0 0 0 0 0 0
942 1 0 0 0 0 0 0 0 0
943 1 0 0 0 0 0 1 0 0
944 1 0 0 0 0 0 0 0 0
945 1 0 0 0 0 0 0 0 0
946 1 0 0 0 0 0 0 0 0
947 1 0 0 0 0 0 0 0 0
951 1 0 0 0 0 0 0 0 0
954 1 0 0 0 0 0 0 0 0
955 1 0 0 0 0 0 0 0 0
956 1 0 0 0 0 0 1 0 0
957 1 0 0 0 0 0 0 0 0
958 1 0 0 0 0 0 0 0 0
959 1 0 0 0 0 0 0 0 0
960 1 0 0 0 0 0 0 0 0
961 1 1 1 0 0 0 0 0 0
fn=__strncpy_avx2
53 132 12 1 0 0 0 0 0 0
55 132 0 0 0 0 0 0 0 0
56 132 0 0 0 0 0 0 0 0
57 132 0 0 0 0 0 0 0 0
59 129 0 0 0 0 0 0 0 0
61 129 0 0 0 0 0 0 0 0
66 129 0 0 0 0 0 0 0 0
68 129 0 0 0 0 0 0 0 0
69 129 0 0 0 0 0 0 0 0
70 129 0 0 0 0 0 0 0 0
72 61 0 0 0 0 0 0 0 0
73 61 0 0 0 0 0 0 0 0
75 61 0 0 61 4 2 0 0 0
76 61 0 0 0 0 0 0 0 0
77 61 0 0 0 0 0 0 0 0
85 61 0 0 0 0 0 0 0 0
86 61 10 2 0 0 0 0 0 0
87 61 0 0 0 0 0 0 0 0
89 61 0 0 0 0 0 0 0 0
91 51 0 0 0 0 0 0 0 0
92 51 0 0 0 0 0 0 0 0
94 27 0 0 27 5 1 0 0 0
95 27 0 0 0 0 0 0 0 0
98 27 0 0 0 0 0 0 0 0
99 27 0 0 0 0 0 0 0 0
100 27 0 0 0 0 0 0 0 0
102 19 0 0 0 0 0 0 0 0
103 19 0 0 0 0 0 0 0 0
304 68 11 1 68 2 2 0 0 0
305 68 0 0 68 6 3 0 0 0
306 68 0 0 0 0 0 0 0 0
307 68 0 0 0 0 0 0 0 0
313 68 0 0 0 0 0 0 0 0
315 68 0 0 0 0 0 0 0 0
317 45 0 0 0 0 0 0 0 0
318 45 0 0 0 0 0 0 0 0
349 24 2 1 0 0 0 0 0 0
351 69 7 0 0 0 0 0 0 0
353 127 2 0 0 0 0 0 0 0
354 127 0 0 0 0 0 0 0 0
355 127 0 0 0 0 0 0 0 0
356 127 0 0 0 0 0 0 0 0
357 112 0 0 0 0 0 0 0 0
358 112 12 1 0 0 0 0 0 0
359 68 0 0 0 0 0 0 0 0
360 68 0 0 0 0 0 0 0 0
361 1 0 0 0 0 0 0 0 0
362 1 0 0 0 0 0 0 0 0
363 1 0 0 0 0 0 0 0 0
364 1 0 0 0 0 0 0 0 0
365 1 0 0 0 0 0 0 0 0
366 1 0 0 0 0 0 1 0 0
371 1 0 0 0 0 0 0 0 0
372 1 0 0 0 0 0 0 0 0
373 1 0 0 0 0 0 0 0 0
389 19 8 1 0 0 0 0 0 0
390 19 0 0 0 0 0 0 0 0
391 19 0 0 0 0 0 0 0 0
392 19 0 0 0 0 0 0 0 0
393 19 0 0 0 0 0 0 0 0
487 7 7 1 0 0 0 0 0 0
488 7 0 0 0 0 0 0 0 0
489 7 0 0 0 0 0 0 0 0
490 7 0 0 0 0 0 0 0 0
491 7 0 0 0 0 0 0 0 0
492 7 2 0 0 0 0 0 0 0
493 1 0 0 0 0 0 0 0 0
496 10 3 1 0 0 0 0 0 0
497 10 0 0 0 0 0 0 0 0
498 10 0 0 0 0 0 0 0 0
499 10 0 0 0 0 0 0 0 0
503 23 5 0 0 0 0 0 0 0
504 23 0 0 0 0 0 0 0 0
505 23 0 0 0 0 0 0 0 0
522 8 3 1 0 0 0 0 0 0
523 8 0 0 0 0 0 0 0 0
524 1 0 0 0 0 0 0 0 0
525 1 0 0 0 0 0 0 0 0
529 10 3 1 0 0 0 0 0 0
530 10 0 0 0 0 0 0 0 0
540 23 5 0 0 0 0 0 0 0
541 23 6 1 0 0 0 0 0 0
592 67 10 1 67 0 0 0 0 0
593 67 0 0 0 0 0 67 1 0
594 67 0 0 67 0 0 0 0 0
595 67 0 0 0 0 0 67 0 0
600 67 0 0 0 0 0 0 0 0
601 67 9 0 0 0 0 0 0 0
602 67 0 0 0 0 0 0 0 0
603 67 0 0 0 0 0 0 0 0
609 44 4 1 44 0 0 0 0 0
610 44 0 0 44 0 0 0 0 0
611 44 0 0 0 0 0 44 0 0
612 44 0 0 0 0 0 44 0 0
617 44 0 0 0 0 0 0 0 0
618 44 0 0 0 0 0 0 0 0
619 44 0 0 0 0 0 0 0 0
620 44 11 1 0 0 0 0 0 0
622 2 0 0 1 0 0 0 0 0
626 15 1 0 15 0 0 0 0 0
627 15 0 0 15 0 0 0 0 0
628 15 0 0 0 0 0 15 0 0
629 15 0 0 0 0 0 15 0 0
634 15 0 0 0 0 0 0 0 0
635 15 0 0 0 0 0 0 0 0
636 15 0 0 0 0 0 0 0 0
637 15 0 0 0 0 0 0 0 0
639 2 0 0 1 0 0 0 0 0
714 1 1 1 1 0 0 0 0 0
715 1 0 0 1 0 0 0 0 0
716 1 0 0 0 0 0 1 0 0
717 1 0 0 0 0 0 1 0 0
724 2 0 0 1 0 0 0 0 0
743 1 1 1 1 0 0 0 0 0
744 1 0 0 1 0 0 0 0 0
745 1 0 0 0 0 0 1 1 1
746 1 0 0 0 0 0 1 0 0
753 2 0 0 1 0 0 0 0 0
786 8 6 1 0 0 0 8 0 0
787 8 0 0 0 0 0 8 0 0
788 16 0 0 8 0 0 0 0 0
792 16 0 0 0 0 0 16 0 0
793 16 0 0 0 0 0 16 0 0
794 32 0 0 16 0 0 0 0 0
798 34 4 0 0 0 0 34 0 0
799 34 0 0 0 0 0 34 0 0
800 68 0 0 34 0 0 0 0 0
804 67 4 1 0 0 0 67 0 0
805 67 0 0 0 0 0 67 0 0
806 134 0 0 67 0 0 0 0 0
825 125 8 1 0 0 0 0 0 0
826 125 0 0 0 0 0 0 0 0
827 125 0 0 0 0 0 0 0 0
829 85 0 0 0 0 0 85 1 0
830 85 0 0 0 0 0 0 0 0
832 85 0 0 0 0 0 0 0 0
833 85 0 0 0 0 0 0 0 0
834 85 0 0 0 0 0 0 0 0
835 85 0 0 0 0 0 0 0 0
836 85 11 1 0 0 0 0 0 0
837 85 0 0 0 0 0 0 0 0
840 45 0 0 0 0 0 45 0 0
841 45 0 0 0 0 0 45 1 1
842 45 0 0 0 0 0 45 0 0
843 45 0 0 0 0 0 45 1 1
844 45 0 0 0 0 0 0 0 0
845 45 0 0 0 0 0 0 0 0
846 45 0 0 0 0 0 0 0 0
849 85 0 0 0 0 0 0 0 0
850 85 0 0 0 0 0 0 0 0
851 59 0 0 0 0 0 59 0 0
852 59 0 0 0 0 0 59 1 1
853 59 0 0 0 0 0 0 0 0
854 59 0 0 0 0 0 0 0 0
855 59 6 1 0 0 0 0 0 0
856 1 0 0 0 0 0 1 0 0
857 1 0 0 0 0 0 0 0 0
858 1 0 0 0 0 0 0 0 0
862 26 3 0 0 0 0 0 0 0
863 26 0 0 0 0 0 0 0 0
864 26 0 0 0 0 0 26 0 0
865 26 0 0 0 0 0 0 0 0
866 26 0 0 0 0 0 0 0 0
870 98 0 0 0 0 0 0 0 0
872 125 0 0 0 0 0 0 0 0
873 125 0 0 0 0 0 0 0 0
874 58 0 0 0 0 0 0 0 0
875 58 0 0 0 0 0 0 0 0
876 24 0 0 0 0 0 0 0 0
877 24 6 1 0 0 0 0 0 0
878 8 0 0 0 0 0 0 0 0
879 8 0 0 0 0 0 0 0 0
963 2 2 2 0 0 0 0 0 0
964 2 0 0 0 0 0 0 0 0
965 2 2 2 0 0 0 0 0 0
966 2 0 0 0 0 0 0 0 0
967 1 0 0 0 0 0 0 0 0
968 1 0 0 0 0 0 0 0 0
969 1 0 0 0 0 0 0 0 0
970 1 0 0 0 0 0 0 0 0
989 3 1 1 0 0 0 0 0 0
991 6 0 0 3 0 0 0 0 0
fl=./string/../sysdeps/x86_64/multiarch/strcpy.c
fn=strcpy
29 27 10 3 9 0 0 0 0 0
fl=./string/../sysdeps/x86_64/multiarch/strcspn-c.c
fn=__strcspn_sse42
82 22 12 1 0 0 0 0 0 0
83 44 0 0 22 1 1 0 0 0
89 66 0 0 0 0 0 0 0 0
92 44 11 1 0 0 0 0 0 0
95 22 0 0 0 0 0 0 0 0
99 88 0 0 0 0 0 0 0 0
104 1 0 0 0 0 0 0 0 0
107 2 0 0 0 0 0 0 0 0
110 2 0 0 0 0 0 0 0 0
136 66 12 1 0 0 0 0 0 0
139 29 0 0 0 0 0 0 0 0
142 7 0 0 0 0 0 0 0 0
147 7 0 0 0 0 0 0 0 0
151 20 0 0 0 0 0 0 0 0
152 10 1 1 5 0 0 0 0 0
153 5 0 0 0 0 0 0 0 0
164 42 0 0 0 0 0 0 0 0
166 34 0 0 0 0 0 0 0 0
167 51 0 0 0 0 0 0 0 0
170 4 0 0 0 0 0 0 0 0
172 17 0 0 17 0 0 0 0 0
fl=./string/../sysdeps/x86_64/multiarch/strcspn.c
fn=strcspn
29 14 2 2 7 0 0 0 0 0
fl=./string/../sysdeps/x86_64/multiarch/strlen-avx2.S
fn=__strlen_avx2
50 10864 42 9 0 0 0 0 0 0
63 10864 0 0 0 0 0 0 0 0
64 10864 0 0 0 0 0 0 0 0
65 10864 0 0 0 0 0 0 0 0
68 10864 0 0 0 0 0 0 0 0
70 10864 0 0 0 0 0 0 0 0
71 10864 0 0 0 0 0 0 0 0
74 10777 39 11 10777 1834 1464 0 0 0
75 10777 0 0 0 0 0 0 0 0
83 10777 0 0 0 0 0 0 0 0
84 10777 0 0 0 0 0 0 0 0
85 7321 0 0 0 0 0 0 0 0
90 14642 0 0 7321 0 0 0 0 0
116 2234 0 0 0 0 0 0 0 0
129 2234 0 0 0 0 0 0 0 0
130 2234 0 0 0 0 0 0 0 0
131 2234 0 0 0 0 0 0 0 0
137 4468 0 0 2234 0 0 0 0 0
141 899 0 0 0 0 0 0 0 0
154 899 0 0 0 0 0 0 0 0
155 899 0 0 0 0 0 0 0 0
156 899 0 0 0 0 0 0 0 0
162 1798 0 0 899 0 0 0 0 0
166 175 0 0 0 0 0 0 0 0
179 175 0 0 0 0 0 0 0 0
180 175 0 0 0 0 0 0 0 0
181 175 0 0 0 0 0 0 0 0
187 350 0 0 175 0 0 0 0 0
191 63 0 0 0 0 0 0 0 0
204 63 0 0 0 0 0 0 0 0
205 63 0 0 0 0 0 0 0 0
206 63 0 0 0 0 0 0 0 0
212 126 0 0 63 0 0 0 0 0
219 3456 36 11 0 0 0 0 0 0
234 3523 1 0 3523 47 44 0 0 0
240 3523 0 0 0 0 0 0 0 0
241 3523 0 0 0 0 0 0 0 0
242 3523 0 0 0 0 0 0 0 0
244 1289 0 0 1289 347 346 0 0 0
245 1289 0 0 0 0 0 0 0 0
246 1289 0 0 0 0 0 0 0 0
247 1289 0 0 0 0 0 0 0 0
249 390 11 2 390 144 144 0 0 0
250 390 0 0 0 0 0 0 0 0
251 390 0 0 0 0 0 0 0 0
252 390 0 0 0 0 0 0 0 0
254 215 0 0 215 80 79 0 0 0
255 215 0 0 0 0 0 0 0 0
256 215 0 0 0 0 0 0 0 0
257 215 0 0 0 0 0 0 0 0
275 152 0 0 0 0 0 0 0 0
276 304 0 0 0 0 0 0 0 0
290 293 0 0 293 151 151 0 0 0
291 293 0 0 293 0 0 0 0 0
292 293 0 0 293 175 172 0 0 0
293 293 0 0 293 0 0 0 0 0
295 293 0 0 0 0 0 0 0 0
296 293 0 0 0 0 0 0 0 0
297 293 0 0 0 0 0 0 0 0
299 293 9 1 0 0 0 0 0 0
300 293 0 0 0 0 0 0 0 0
301 293 0 0 0 0 0 0 0 0
304 152 0 0 0 0 0 0 0 0
305 152 0 0 0 0 0 0 0 0
306 152 0 0 0 0 0 0 0 0
307 152 0 0 0 0 0 0 0 0
308 152 0 0 0 0 0 0 0 0
310 111 0 0 0 0 0 0 0 0
311 111 0 0 0 0 0 0 0 0
312 111 0 0 0 0 0 0 0 0
313 111 0 0 0 0 0 0 0 0
316 71 0 0 0 0 0 0 0 0
317 71 0 0 0 0 0 0 0 0
320 71 0 0 0 0 0 0 0 0
321 71 0 0 0 0 0 0 0 0
322 71 0 0 0 0 0 0 0 0
323 71 0 0 0 0 0 0 0 0
324 71 0 0 0 0 0 0 0 0
329 142 2 0 71 0 0 0 0 0
379 41 2 0 0 0 0 0 0 0
380 41 0 0 0 0 0 0 0 0
381 41 0 0 0 0 0 0 0 0
386 82 0 0 41 0 0 0 0 0
390 40 1 0 0 0 0 0 0 0
391 40 0 0 0 0 0 0 0 0
392 40 0 0 0 0 0 0 0 0
397 80 0 0 40 0 0 0 0 0
509 87 8 2 0 0 0 0 0 0
510 87 0 0 87 7 6 0 0 0
511 87 0 0 0 0 0 0 0 0
514 87 15 2 0 0 0 0 0 0
529 87 0 0 0 0 0 0 0 0
530 87 0 0 0 0 0 0 0 0
531 20 0 0 0 0 0 0 0 0
538 40 0 0 20 0 0 0 0 0
fn=__strnlen_avx2
50 45 4 1 0 0 0 0 0 0
57 45 0 0 0 0 0 0 0 0
59 45 0 0 0 0 0 0 0 0
61 45 0 0 0 0 0 0 0 0
63 45 0 0 0 0 0 0 0 0
64 45 0 0 0 0 0 0 0 0
65 45 0 0 0 0 0 0 0 0
68 45 0 0 0 0 0 0 0 0
70 45 0 0 0 0 0 0 0 0
71 45 6 2 0 0 0 0 0 0
74 45 0 0 45 2 2 0 0 0
75 45 0 0 0 0 0 0 0 0
78 45 0 0 0 0 0 0 0 0
79 45 0 0 0 0 0 0 0 0
83 39 0 0 0 0 0 0 0 0
84 39 0 0 0 0 0 0 0 0
85 5 0 0 0 0 0 0 0 0
90 10 0 0 5 0 0 0 0 0
105 6 0 0 12 0 0 6 0 0
106 6 0 0 0 0 0 0 0 0
111 12 0 0 6 0 0 0 0 0
116 34 1 1 0 0 0 0 0 0
125 34 0 0 0 0 0 0 0 0
126 34 0 0 0 0 0 0 0 0
137 68 0 0 34 0 0 0 0 0
219 34 1 1 0 0 0 0 0 0
226 34 0 0 0 0 0 0 0 0
227 34 0 0 0 0 0 0 0 0
234 34 0 0 34 0 0 0 0 0
237 34 0 0 0 0 0 0 0 0
238 34 0 0 0 0 0 0 0 0
240 34 0 0 0 0 0 0 0 0
241 34 0 0 0 0 0 0 0 0
242 34 0 0 0 0 0 0 0 0
fl=./string/../sysdeps/x86_64/multiarch/strlen-vec.S
fn=strlen
41 425 28 2 0 0 0 0 0 0
85 425 0 0 0 0 0 0 0 0
86 425 0 0 0 0 0 0 0 0
87 425 0 0 0 0 0 0 0 0
88 425 0 0 0 0 0 0 0 0
89 425 0 0 0 0 0 0 0 0
90 425 0 0 0 0 0 0 0 0
91 425 0 0 0 0 0 0 0 0
93 425 0 0 0 0 0 0 0 0
95 425 0 0 0 0 0 0 0 0
126 422 0 0 422 21 12 0 0 0
127 422 0 0 0 0 0 0 0 0
128 422 0 0 0 0 0 0 0 0
129 422 0 0 0 0 0 0 0 0
130 422 0 0 0 0 0 0 0 0
131 203 0 0 0 0 0 0 0 0
133 203 0 0 203 0 0 0 0 0
137 219 20 3 0 0 0 0 0 0
138 219 0 0 219 0 0 0 0 0
139 219 0 0 219 7 4 0 0 0
140 219 0 0 219 18 13 0 0 0
141 219 0 0 0 0 0 0 0 0
142 219 0 0 0 0 0 0 0 0
143 219 0 0 0 0 0 0 0 0
144 219 0 0 0 0 0 0 0 0
145 219 0 0 0 0 0 0 0 0
146 219 0 0 0 0 0 0 0 0
147 219 0 0 0 0 0 0 0 0
148 219 0 0 0 0 0 0 0 0
153 1690 30 2 188 0 0 0 0 0
157 3 0 0 0 0 0 0 0 0
158 42 2 2 12 0 0 0 0 0
159 18 0 0 0 0 0 0 0 0
174 3 0 0 0 0 0 0 0 0
175 3 0 0 0 0 0 0 0 0
176 6 0 0 0 0 0 0 0 0
227 38 12 3 38 5 5 0 0 0
228 38 0 0 38 0 0 0 0 0
229 38 0 0 38 0 0 0 0 0
230 38 0 0 38 0 0 0 0 0
231 38 0 0 0 0 0 0 0 0
232 38 0 0 0 0 0 0 0 0
233 38 0 0 0 0 0 0 0 0
234 38 0 0 0 0 0 0 0 0
236 5 0 0 0 0 0 0 0 0
238 5 0 0 5 4 4 0 0 0
239 5 0 0 5 0 0 0 0 0
240 5 0 0 5 0 0 0 0 0
241 5 0 0 5 0 0 0 0 0
242 5 0 0 0 0 0 0 0 0
243 5 0 0 0 0 0 0 0 0
244 5 1 1 0 0 0 0 0 0
245 5 0 0 0 0 0 0 0 0
246 4 0 0 0 0 0 0 0 0
250 33 11 2 0 0 0 0 0 0
252 34 0 0 0 0 0 0 0 0
253 476 11 3 136 0 0 0 0 0
255 34 0 0 0 0 0 0 0 0
256 34 0 0 0 0 0 0 0 0
257 34 0 0 0 0 0 0 0 0
259 34 0 0 34 0 0 0 0 0
fl=./string/../sysdeps/x86_64/multiarch/strlen.c
fn=strlen
29 81 27 5 27 0 0 0 0 0
fl=./string/../sysdeps/x86_64/multiarch/strncase.c
fn=strncasecmp
31 26 15 3 13 0 0 0 0 0
fl=./string/../sysdeps/x86_64/multiarch/strncase_l.c
fn=strncasecmp_l
31 2 2 2 1 0 0 0 0 0
fl=./string/../sysdeps/x86_64/multiarch/strncat.c
fn=strncat
29 24 3 2 8 0 0 0 0 0
fl=./string/../sysdeps/x86_64/multiarch/strncmp.c
fn=strncmp
41 72 12 2 36 5 0 0 0 0
42 54 0 0 18 2 0 0 0 0
44 36 0 0 0 0 0 0 0 0
49 54 0 0 0 0 0 0 0 0
52 54 0 0 0 0 0 0 0 0
66 36 23 4 18 0 0 0 0 0
fl=./string/../sysdeps/x86_64/multiarch/strncpy.c
fn=strncpy
29 63 21 3 21 0 0 0 0 0
fl=./string/../sysdeps/x86_64/multiarch/strnlen.c
fn=strnlen
31 36 9 2 12 0 0 0 0 0
fl=./string/../sysdeps/x86_64/multiarch/strpbrk.c
fn=strpbrk
29 10 1 1 5 0 0 0 0 0
fl=./string/../sysdeps/x86_64/multiarch/strrchr-avx2.S
fn=__strrchr_avx2
46 81 8 3 0 0 0 0 0 0
47 81 0 0 0 0 0 0 0 0
48 81 0 0 0 0 0 0 0 0
50 81 0 0 0 0 0 0 0 0
51 81 0 0 0 0 0 0 0 0
54 81 0 0 0 0 0 0 0 0
55 81 0 0 0 0 0 0 0 0
56 81 0 0 0 0 0 0 0 0
58 74 0 0 74 1 1 0 0 0
59 74 0 0 0 0 0 0 0 0
60 74 0 0 0 0 0 0 0 0
61 74 0 0 0 0 0 0 0 0
62 74 0 0 0 0 0 0 0 0
63 74 6 3 0 0 0 0 0 0
65 74 0 0 0 0 0 0 0 0
66 74 0 0 0 0 0 0 0 0
68 9 0 0 0 0 0 0 0 0
69 9 0 0 0 0 0 0 0 0
71 8 0 0 0 0 0 0 0 0
72 8 0 0 0 0 0 0 0 0
73 8 0 0 0 0 0 0 0 0
78 65 0 0 0 0 0 0 0 0
79 65 0 0 0 0 0 0 0 0
82 8 0 0 0 0 0 0 0 0
83 8 0 0 0 0 0 0 0 0
84 8 0 0 0 0 0 0 0 0
85 8 0 0 0 0 0 0 0 0
89 7 4 3 0 0 0 0 0 0
90 7 0 0 0 0 0 0 0 0
91 7 0 0 7 2 0 0 0 0
92 7 0 0 0 0 0 0 0 0
93 7 0 0 0 0 0 0 0 0
94 7 0 0 0 0 0 0 0 0
95 7 0 0 0 0 0 0 0 0
96 7 0 0 0 0 0 0 0 0
97 7 0 0 0 0 0 0 0 0
98 7 0 0 0 0 0 0 0 0
101 7 0 0 0 0 0 0 0 0
102 7 0 0 0 0 0 0 0 0
111 7 3 1 0 0 0 0 0 0
112 7 0 0 0 0 0 0 0 0
115 4 0 0 0 0 0 0 0 0
116 8 0 0 0 0 0 0 0 0
120 31 4 2 31 0 0 0 0 0
121 31 0 0 0 0 0 0 0 0
122 31 0 0 0 0 0 0 0 0
123 31 0 0 0 0 0 0 0 0
124 31 0 0 0 0 0 0 0 0
125 31 0 0 0 0 0 0 0 0
126 31 0 0 0 0 0 0 0 0
127 31 0 0 0 0 0 0 0 0
129 2 0 0 2 0 0 0 0 0
130 2 0 0 0 0 0 0 0 0
131 2 0 0 0 0 0 0 0 0
132 2 0 0 0 0 0 0 0 0
133 2 0 0 0 0 0 0 0 0
134 2 1 1 0 0 0 0 0 0
135 2 0 0 0 0 0 0 0 0
136 2 0 0 0 0 0 0 0 0
138 2 0 0 2 0 0 0 0 0
139 2 0 0 0 0 0 0 0 0
140 2 0 0 0 0 0 0 0 0
141 2 0 0 0 0 0 0 0 0
142 2 0 0 0 0 0 0 0 0
143 2 0 0 0 0 0 0 0 0
144 2 0 0 0 0 0 0 0 0
145 2 0 0 0 0 0 0 0 0
147 2 0 0 2 0 0 0 0 0
148 2 0 0 0 0 0 0 0 0
149 2 0 0 0 0 0 0 0 0
150 2 0 0 0 0 0 0 0 0
151 2 0 0 0 0 0 0 0 0
152 2 0 0 0 0 0 0 0 0
153 2 0 0 0 0 0 0 0 0
154 2 0 0 0 0 0 0 0 0
159 29 6 3 0 0 0 0 0 0
160 29 0 0 0 0 0 0 0 0
162 13 0 0 0 0 0 0 0 0
163 13 0 0 0 0 0 0 0 0
164 13 0 0 0 0 0 0 0 0
165 13 0 0 0 0 0 0 0 0
171 13 0 0 0 0 0 0 0 0
172 13 0 0 0 0 0 0 0 0
174 26 0 0 13 0 0 0 0 0
179 16 0 0 0 0 0 0 0 0
180 16 0 0 0 0 0 0 0 0
181 16 0 0 0 0 0 0 0 0
184 9 0 0 0 0 0 0 0 0
185 9 0 0 0 0 0 0 0 0
186 9 0 0 0 0 0 0 0 0
196 7 4 2 0 0 0 0 0 0
197 7 0 0 0 0 0 0 0 0
198 7 0 0 0 0 0 0 0 0
199 7 0 0 0 0 0 0 0 0
200 7 0 0 0 0 0 0 0 0
202 7 0 0 0 0 0 0 0 0
203 7 0 0 0 0 0 0 0 0
204 7 0 0 0 0 0 0 0 0
205 14 0 0 7 0 0 0 0 0
210 3 1 1 0 0 0 0 0 0
211 3 0 0 0 0 0 0 0 0
219 60 2 0 0 0 0 0 0 0
220 60 0 0 0 0 0 0 0 0
221 60 0 0 0 0 0 0 0 0
222 60 0 0 0 0 0 0 0 0
223 60 0 0 0 0 0 0 0 0
225 60 0 0 0 0 0 0 0 0
226 60 0 0 0 0 0 0 0 0
227 60 0 0 0 0 0 0 0 0
228 120 1 1 60 0 0 0 0 0
232 1 0 0 0 0 0 0 0 0
233 2 0 0 1 0 0 0 0 0
fl=./string/../sysdeps/x86_64/multiarch/strrchr.c
fn=rindex
28 51 16 5 17 0 0 0 0 0
fl=./string/../sysdeps/x86_64/multiarch/strspn-c.c
fn=__strspn_sse42
60 17 10 1 0 0 0 0 0 0
61 34 0 0 17 5 2 0 0 0
67 51 9 1 0 0 0 0 0 0
70 34 9 1 0 0 0 0 0 0
73 17 0 0 0 0 0 0 0 0
77 68 9 1 0 0 0 0 0 0
82 1 0 0 0 0 0 0 0 0
85 2 0 0 0 0 0 0 0 0
88 2 0 0 0 0 0 0 0 0
114 51 0 0 0 0 0 0 0 0
117 10 0 0 0 0 0 0 0 0
120 5 0 0 0 0 0 0 0 0
124 20 0 0 0 0 0 0 0 0
133 12 8 1 0 0 0 0 0 0
140 12 0 0 0 0 0 0 0 0
141 48 0 0 12 0 0 0 0 0
144 5 0 0 5 0 0 0 0 0
fl=./string/../sysdeps/x86_64/multiarch/strspn.c
fn=strspn
29 14 4 3 7 0 0 0 0 0
fl=./string/../sysdeps/x86_64/multiarch/strstr-sse2-unaligned.S
fn=__strstr_sse2_unaligned
21 386429 9 3 0 0 0 0 0 0
22 386429 0 0 386429 13 8 0 0 0
23 386429 0 0 0 0 0 0 0 0
24 386429 0 0 0 0 0 0 0 0
25 386429 0 0 386429 0 0 0 0 0
26 386429 0 0 0 0 0 0 0 0
27 386429 0 0 0 0 0 0 0 0
28 386429 0 0 0 0 0 0 0 0
29 386429 0 0 0 0 0 0 0 0
30 386429 0 0 0 0 0 0 0 0
31 386429 0 0 0 0 0 0 0 0
32 386429 0 0 0 0 0 0 0 0
33 386429 0 0 0 0 0 0 0 0
34 386429 0 0 0 0 0 0 0 0
35 386429 0 0 0 0 0 0 0 0
36 386429 9 3 0 0 0 0 0 0
37 386429 0 0 0 0 0 0 0 0
38 386429 0 0 0 0 0 0 0 0
39 386429 0 0 0 0 0 0 0 0
40 386393 0 0 386393 745 745 0 0 0
41 386393 0 0 0 0 0 0 0 0
42 386393 0 0 386393 0 0 0 0 0
43 386393 0 0 0 0 0 0 0 0
44 386393 0 0 0 0 0 0 0 0
45 386393 0 0 0 0 0 0 0 0
46 386393 0 0 386393 0 0 0 0 0
47 386393 0 0 0 0 0 0 0 0
48 386393 0 0 0 0 0 0 0 0
49 386393 0 0 0 0 0 0 0 0
50 386393 0 0 386393 1 0 0 0 0
51 386393 10 3 0 0 0 0 0 0
52 386393 0 0 0 0 0 0 0 0
53 386393 0 0 0 0 0 0 0 0
54 386393 0 0 0 0 0 0 0 0
55 386393 0 0 0 0 0 0 0 0
56 386393 0 0 0 0 0 0 0 0
57 386393 0 0 0 0 0 0 0 0
58 386393 0 0 0 0 0 0 0 0
59 386393 0 0 0 0 0 0 0 0
60 386393 0 0 0 0 0 0 0 0
61 386393 0 0 0 0 0 0 0 0
63 33229 0 0 0 0 0 0 0 0
64 33229 0 0 0 0 0 0 0 0
65 33229 0 0 33229 0 0 0 0 0
66 33229 0 0 0 0 0 0 0 0
67 4599 0 0 4599 0 0 0 0 0
68 4599 0 0 0 0 0 0 0 0
69 4599 0 0 0 0 0 0 0 0
70 4599 1 1 4599 0 0 0 0 0
71 4599 0 0 0 0 0 0 0 0
72 3137 0 0 0 0 0 0 0 0
73 3137 0 0 0 0 0 0 0 0
82 8449 0 0 0 0 0 0 0 0
83 8449 0 0 8449 0 0 0 0 0
84 8449 0 0 0 0 0 0 0 0
86 9191 0 0 9191 1 1 0 0 0
87 9191 0 0 0 0 0 0 0 0
88 9191 0 0 0 0 0 0 0 0
90 742 0 0 742 0 0 0 0 0
92 28630 6 2 0 0 0 0 0 0
93 28630 0 0 28630 0 0 0 0 0
97 3857 1 1 0 0 0 0 0 0
98 3857 0 0 0 0 0 0 0 0
99 7602 0 0 0 0 0 0 0 0
103 357021 5 2 357021 0 0 0 0 0
104 357021 0 0 0 0 0 0 0 0
105 357021 0 0 357021 0 0 0 0 0
106 357021 0 0 0 0 0 0 0 0
107 357021 0 0 0 0 0 0 0 0
108 357021 0 0 0 0 0 0 0 0
109 357021 0 0 357021 0 0 0 0 0
110 357021 0 0 0 0 0 0 0 0
111 357021 0 0 0 0 0 0 0 0
112 357021 0 0 0 0 0 0 0 0
113 357021 0 0 357021 368 367 0 0 0
114 357021 5 3 0 0 0 0 0 0
115 357021 0 0 0 0 0 0 0 0
116 357021 0 0 0 0 0 0 0 0
117 357021 0 0 0 0 0 0 0 0
118 357021 0 0 0 0 0 0 0 0
119 357021 0 0 0 0 0 0 0 0
120 357021 0 0 0 0 0 0 0 0
121 357021 0 0 0 0 0 0 0 0
122 357021 0 0 0 0 0 0 0 0
123 357021 0 0 0 0 0 0 0 0
124 357021 0 0 0 0 0 0 0 0
125 357021 0 0 0 0 0 0 0 0
127 349630 0 0 0 0 0 0 0 0
128 349630 0 0 0 0 0 0 0 0
129 349630 0 0 349630 0 0 0 0 0
130 349630 0 0 0 0 0 0 0 0
131 4371 0 0 4371 0 0 0 0 0
132 4371 0 0 0 0 0 0 0 0
133 4371 0 0 0 0 0 0 0 0
134 4371 0 0 4371 0 0 0 0 0
135 4371 0 0 0 0 0 0 0 0
136 3063 0 0 0 0 0 0 0 0
137 3063 0 0 0 0 0 0 0 0
141 4337 0 0 0 0 0 0 0 0
142 4337 0 0 4337 0 0 0 0 0
143 4337 0 0 0 0 0 0 0 0
145 4496 0 0 4496 0 0 0 0 0
146 4496 0 0 0 0 0 0 0 0
147 4496 0 0 0 0 0 0 0 0
149 159 0 0 159 0 0 0 0 0
151 345259 6 3 0 0 0 0 0 0
152 345259 0 0 345259 0 0 0 0 0
159 4212 0 0 0 0 0 0 0 0
160 4212 0 0 0 0 0 0 0 0
161 4212 0 0 0 0 0 0 0 0
163 11611 0 0 0 0 0 0 0 0
164 11611 3 3 0 0 0 0 0 0
166 11611 0 0 0 0 0 0 0 0
167 23222 0 0 0 0 0 0 0 0
171 12235 0 0 12235 349 349 0 0 0
172 12235 0 0 12235 0 0 0 0 0
173 12235 0 0 0 0 0 0 0 0
174 12235 0 0 0 0 0 0 0 0
175 12235 0 0 0 0 0 0 0 0
176 12235 0 0 12235 0 0 0 0 0
177 12235 0 0 0 0 0 0 0 0
178 12235 0 0 0 0 0 0 0 0
179 12235 0 0 12235 0 0 0 0 0
180 12235 0 0 0 0 0 0 0 0
181 12235 3 3 0 0 0 0 0 0
182 12235 0 0 12235 0 0 0 0 0
183 12235 0 0 0 0 0 0 0 0
184 12235 0 0 0 0 0 0 0 0
185 12235 0 0 0 0 0 0 0 0
186 12235 0 0 12235 0 0 0 0 0
187 12235 0 0 0 0 0 0 0 0
188 12235 0 0 0 0 0 0 0 0
189 12235 0 0 12235 0 0 0 0 0
190 12235 0 0 0 0 0 0 0 0
191 12235 0 0 0 0 0 0 0 0
192 12235 0 0 0 0 0 0 0 0
193 12235 0 0 0 0 0 0 0 0
194 12235 3 3 0 0 0 0 0 0
195 12235 0 0 12235 0 0 0 0 0
196 12235 0 0 0 0 0 0 0 0
197 12235 0 0 0 0 0 0 0 0
198 12235 0 0 0 0 0 0 0 0
199 12235 0 0 0 0 0 0 0 0
200 12235 0 0 0 0 0 0 0 0
201 12235 0 0 0 0 0 0 0 0
202 12235 0 0 0 0 0 0 0 0
203 12235 0 0 0 0 0 0 0 0
204 11613 0 0 11613 0 0 0 0 0
205 11613 0 0 11613 0 0 0 0 0
206 11613 0 0 11613 0 0 0 0 0
207 11613 0 0 0 0 0 0 0 0
208 11613 0 0 0 0 0 0 0 0
209 11613 3 3 0 0 0 0 0 0
210 11613 0 0 11613 0 0 0 0 0
211 11613 0 0 0 0 0 0 0 0
212 11613 0 0 11613 0 0 0 0 0
213 11613 0 0 0 0 0 0 0 0
214 11613 0 0 0 0 0 0 0 0
215 11613 0 0 0 0 0 0 0 0
216 11613 0 0 0 0 0 0 0 0
217 11613 0 0 0 0 0 0 0 0
218 11613 0 0 0 0 0 0 0 0
219 11613 0 0 0 0 0 0 0 0
220 11613 0 0 0 0 0 0 0 0
221 11613 0 0 0 0 0 0 0 0
222 11613 0 0 0 0 0 0 0 0
223 11613 0 0 0 0 0 0 0 0
224 11613 3 3 0 0 0 0 0 0
225 11613 0 0 0 0 0 0 0 0
226 11613 0 0 0 0 0 0 0 0
227 11613 0 0 0 0 0 0 0 0
228 11613 0 0 0 0 0 0 0 0
230 12355 0 0 0 0 0 0 0 0
231 12355 0 0 0 0 0 0 0 0
232 12355 0 0 12355 0 0 0 0 0
233 12355 0 0 0 0 0 0 0 0
234 949 0 0 0 0 0 0 0 0
235 949 0 0 949 0 0 0 0 0
236 949 0 0 0 0 0 0 0 0
237 949 0 0 0 0 0 0 0 0
238 949 0 0 949 1 1 0 0 0
239 949 0 0 0 0 0 0 0 0
240 849 0 0 0 0 0 0 0 0
244 2097 0 0 0 0 0 0 0 0
245 2097 0 0 2097 6 6 0 0 0
246 2097 0 0 0 0 0 0 0 0
248 2302 1 1 2302 0 0 0 0 0
249 2302 0 0 0 0 0 0 0 0
250 2302 0 0 0 0 0 0 0 0
252 205 0 0 0 0 0 0 0 0
253 205 0 0 205 0 0 0 0 0
257 744 1 1 0 0 0 0 0 0
258 744 0 0 0 0 0 0 0 0
259 744 0 0 0 0 0 0 0 0
260 744 0 0 0 0 0 0 0 0
261 744 0 0 0 0 0 0 0 0
262 744 0 0 0 0 0 0 0 0
263 744 0 0 0 0 0 0 0 0
264 744 0 0 0 0 0 0 0 0
265 2 0 0 0 0 0 0 0 0
275 36 1 1 0 0 0 0 0 0
276 36 0 0 0 0 0 0 0 0
277 36 0 0 0 0 0 0 0 0
278 36 0 0 36 18 18 0 0 0
279 36 0 0 36 17 16 0 0 0
280 36 0 0 0 0 0 0 0 0
281 36 0 0 36 0 0 0 0 0
282 36 0 0 0 0 0 0 0 0
283 36 0 0 0 0 0 0 0 0
284 36 0 0 0 0 0 0 0 0
285 36 0 0 0 0 0 0 0 0
286 36 1 1 0 0 0 0 0 0
287 36 0 0 36 0 0 0 0 0
288 36 0 0 0 0 0 0 0 0
289 36 0 0 0 0 0 0 0 0
290 36 0 0 0 0 0 0 0 0
291 36 0 0 36 0 0 0 0 0
292 36 0 0 0 0 0 0 0 0
293 36 0 0 0 0 0 0 0 0
294 36 0 0 0 0 0 0 0 0
295 36 0 0 0 0 0 0 0 0
296 36 0 0 0 0 0 0 0 0
297 36 0 0 36 0 0 0 0 0
298 36 0 0 0 0 0 0 0 0
299 36 0 0 0 0 0 0 0 0
300 36 0 0 0 0 0 0 0 0
301 36 1 1 36 0 0 0 0 0
302 36 0 0 0 0 0 0 0 0
303 36 0 0 0 0 0 0 0 0
304 36 0 0 0 0 0 0 0 0
305 36 0 0 0 0 0 0 0 0
306 36 0 0 0 0 0 0 0 0
307 36 0 0 36 0 0 0 0 0
308 36 0 0 0 0 0 0 0 0
309 36 0 0 0 0 0 0 0 0
310 36 0 0 0 0 0 0 0 0
311 36 0 0 0 0 0 0 0 0
312 36 0 0 0 0 0 0 0 0
313 36 0 0 0 0 0 0 0 0
314 36 0 0 0 0 0 0 0 0
315 36 0 0 0 0 0 0 0 0
316 36 1 1 0 0 0 0 0 0
317 36 0 0 0 0 0 0 0 0
318 36 0 0 0 0 0 0 0 0
319 36 0 0 0 0 0 0 0 0
320 36 0 0 0 0 0 0 0 0
321 36 0 0 0 0 0 0 0 0
322 36 0 0 0 0 0 0 0 0
323 36 0 0 0 0 0 0 0 0
324 36 0 0 0 0 0 0 0 0
325 36 0 0 0 0 0 0 0 0
327 28 0 0 0 0 0 0 0 0
328 28 0 0 0 0 0 0 0 0
329 28 0 0 28 0 0 0 0 0
330 28 0 0 0 0 0 0 0 0
332 25 0 0 0 0 0 0 0 0
333 25 0 0 0 0 0 0 0 0
335 25 0 0 25 0 0 0 0 0
336 25 0 0 0 0 0 0 0 0
337 25 0 0 0 0 0 0 0 0
338 25 0 0 25 0 0 0 0 0
339 25 0 0 0 0 0 0 0 0
340 25 1 1 0 0 0 0 0 0
341 25 0 0 0 0 0 0 0 0
345 198 0 0 0 0 0 0 0 0
346 198 0 0 198 0 0 0 0 0
347 198 0 0 0 0 0 0 0 0
349 223 0 0 223 0 0 0 0 0
350 223 0 0 0 0 0 0 0 0
351 223 0 0 0 0 0 0 0 0
353 25 0 0 0 0 0 0 0 0
354 25 0 0 25 0 0 0 0 0
370 11409 3 3 0 0 0 0 0 0
371 11409 0 0 11409 0 0 0 0 0
fl=./string/../sysdeps/x86_64/multiarch/strstr.c
fn=strstr
44 140 12 2 60 16 0 0 0 0
fl=./string/../sysdeps/x86_64/strcmp.S
fn=strcmp
108 24607 30 5 0 0 0 0 0 0
141 24607 0 0 0 0 0 0 0 0
142 24607 0 0 0 0 0 0 0 0
144 24607 0 0 0 0 0 0 0 0
145 24607 0 0 0 0 0 0 0 0
166 24607 0 0 0 0 0 0 0 0
167 24607 0 0 0 0 0 0 0 0
168 20141 0 0 0 0 0 0 0 0
169 20141 0 0 0 0 0 0 0 0
170 15753 0 0 15753 3049 641 0 0 0
171 15753 37 6 15753 2055 79 0 0 0
172 15753 0 0 15753 0 0 0 0 0
173 15753 0 0 15753 0 0 0 0 0
194 15753 0 0 0 0 0 0 0 0
195 15753 0 0 0 0 0 0 0 0
196 15753 0 0 0 0 0 0 0 0
197 15753 0 0 0 0 0 0 0 0
198 15753 0 0 0 0 0 0 0 0
199 15753 0 0 0 0 0 0 0 0
200 15753 0 0 0 0 0 0 0 0
205 1595 0 0 0 0 0 0 0 0
206 4785 0 0 0 0 0 0 0 0
215 10449 31 8 0 0 0 0 0 0
216 10449 0 0 0 0 0 0 0 0
217 10449 0 0 0 0 0 0 0 0
218 10449 0 0 0 0 0 0 0 0
219 10449 0 0 0 0 0 0 0 0
220 10449 0 0 0 0 0 0 0 0
221 10449 0 0 0 0 0 0 0 0
222 10449 0 0 0 0 0 0 0 0
223 9581 0 0 0 0 0 0 0 0
224 5106 0 0 0 0 0 0 0 0
225 5106 0 0 0 0 0 0 0 0
226 5106 0 0 0 0 0 0 0 0
228 9581 0 0 0 0 0 0 0 0
229 9581 0 0 0 0 0 0 0 0
230 9581 0 0 0 0 0 0 0 0
231 9581 0 0 9581 299 13 0 0 0
232 9581 0 0 0 0 0 0 0 0
233 9581 0 0 0 0 0 0 0 0
243 868 23 5 868 114 8 0 0 0
244 868 0 0 0 0 0 0 0 0
245 868 0 0 0 0 0 0 0 0
247 868 0 0 868 138 38 0 0 0
253 868 0 0 0 0 0 0 0 0
254 868 0 0 0 0 0 0 0 0
255 868 0 0 0 0 0 0 0 0
256 868 0 0 0 0 0 0 0 0
257 868 0 0 0 0 0 0 0 0
262 868 0 0 0 0 0 0 0 0
264 439 0 0 0 0 0 0 0 0
265 439 0 0 0 0 0 0 0 0
266 878 0 0 0 0 0 0 0 0
274 441 23 4 441 22 2 0 0 0
275 441 0 0 441 59 18 0 0 0
278 441 0 0 0 0 0 0 0 0
279 441 0 0 0 0 0 0 0 0
280 441 0 0 0 0 0 0 0 0
281 441 0 0 0 0 0 0 0 0
282 441 0 0 0 0 0 0 0 0
283 441 0 0 0 0 0 0 0 0
289 68 0 0 0 0 0 0 0 0
290 68 0 0 68 4 0 0 0 0
291 68 0 0 68 2 1 0 0 0
294 68 0 0 0 0 0 0 0 0
295 68 0 0 0 0 0 0 0 0
296 68 0 0 0 0 0 0 0 0
297 68 2 1 0 0 0 0 0 0
298 68 0 0 0 0 0 0 0 0
299 68 0 0 0 0 0 0 0 0
304 2 0 0 0 0 0 0 0 0
305 2 0 0 0 0 0 0 0 0
314 58 21 2 0 0 0 0 0 0
315 58 0 0 58 9 1 0 0 0
316 58 0 0 58 28 1 0 0 0
317 58 0 0 0 0 0 0 0 0
318 58 0 0 0 0 0 0 0 0
320 58 0 0 0 0 0 0 0 0
321 58 0 0 0 0 0 0 0 0
322 58 22 3 0 0 0 0 0 0
323 58 0 0 0 0 0 0 0 0
324 58 0 0 0 0 0 0 0 0
325 58 0 0 0 0 0 0 0 0
326 58 0 0 0 0 0 0 0 0
327 37 0 0 37 0 0 0 0 0
330 37 0 0 0 0 0 0 0 0
331 37 0 0 0 0 0 0 0 0
332 37 0 0 0 0 0 0 0 0
338 37 0 0 0 0 0 0 0 0
339 37 0 0 0 0 0 0 0 0
340 74 0 0 0 0 0 0 0 0
344 37 13 3 0 0 0 0 0 0
345 37 0 0 0 0 0 0 0 0
348 37 0 0 37 9 0 0 0 0
349 37 0 0 37 9 2 0 0 0
350 37 0 0 0 0 0 0 0 0
353 37 0 0 0 0 0 0 0 0
354 37 0 0 0 0 0 0 0 0
355 37 0 0 0 0 0 0 0 0
361 37 0 0 0 0 0 0 0 0
362 37 0 0 0 0 0 0 0 0
363 37 0 0 0 0 0 0 0 0
364 37 0 0 0 0 0 0 0 0
365 37 0 0 0 0 0 0 0 0
366 37 14 3 0 0 0 0 0 0
372 4 0 0 0 0 0 0 0 0
373 4 0 0 0 0 0 0 0 0
375 4 0 0 0 0 0 0 0 0
376 4 0 0 0 0 0 0 0 0
378 2 0 0 2 0 0 0 0 0
379 2 0 0 2 0 0 0 0 0
380 2 0 0 0 0 0 0 0 0
383 2 0 0 0 0 0 0 0 0
384 2 0 0 0 0 0 0 0 0
385 2 0 0 0 0 0 0 0 0
391 2 0 0 0 0 0 0 0 0
392 2 0 0 0 0 0 0 0 0
393 2 0 0 0 0 0 0 0 0
394 2 0 0 0 0 0 0 0 0
395 2 2 2 0 0 0 0 0 0
396 2 0 0 0 0 0 0 0 0
412 2 1 1 0 0 0 0 0 0
413 2 0 0 0 0 0 0 0 0
414 2 0 0 0 0 0 0 0 0
415 2 0 0 0 0 0 0 0 0
432 2 0 0 2 0 0 0 0 0
433 2 0 0 0 0 0 0 0 0
434 2 0 0 0 0 0 0 0 0
435 2 0 0 0 0 0 0 0 0
444 131 13 2 0 0 0 0 0 0
445 131 0 0 131 22 4 0 0 0
446 131 0 0 131 13 0 0 0 0
447 131 0 0 0 0 0 0 0 0
448 131 0 0 0 0 0 0 0 0
450 131 0 0 0 0 0 0 0 0
451 131 0 0 0 0 0 0 0 0
452 131 11 3 0 0 0 0 0 0
453 131 0 0 0 0 0 0 0 0
454 131 0 0 0 0 0 0 0 0
455 131 0 0 0 0 0 0 0 0
456 131 0 0 0 0 0 0 0 0
457 50 0 0 50 0 0 0 0 0
460 50 0 0 0 0 0 0 0 0
461 50 0 0 0 0 0 0 0 0
462 50 0 0 0 0 0 0 0 0
468 50 0 0 0 0 0 0 0 0
469 50 0 0 0 0 0 0 0 0
470 100 0 0 0 0 0 0 0 0
474 52 13 2 0 0 0 0 0 0
475 52 0 0 0 0 0 0 0 0
478 52 0 0 52 10 1 0 0 0
479 52 0 0 52 7 1 0 0 0
480 52 0 0 0 0 0 0 0 0
483 52 0 0 0 0 0 0 0 0
484 52 0 0 0 0 0 0 0 0
485 52 0 0 0 0 0 0 0 0
491 52 0 0 0 0 0 0 0 0
492 52 0 0 0 0 0 0 0 0
493 52 0 0 0 0 0 0 0 0
494 52 0 0 0 0 0 0 0 0
495 52 0 0 0 0 0 0 0 0
496 52 13 2 0 0 0 0 0 0
503 9 0 0 0 0 0 0 0 0
504 9 0 0 0 0 0 0 0 0
506 9 0 0 0 0 0 0 0 0
507 9 0 0 0 0 0 0 0 0
509 9 0 0 9 1 1 0 0 0
510 9 0 0 9 3 3 0 0 0
511 9 0 0 0 0 0 0 0 0
514 9 0 0 0 0 0 0 0 0
515 9 0 0 0 0 0 0 0 0
516 9 0 0 0 0 0 0 0 0
522 9 0 0 0 0 0 0 0 0
523 9 0 0 0 0 0 0 0 0
524 9 0 0 0 0 0 0 0 0
525 9 0 0 0 0 0 0 0 0
526 9 6 2 0 0 0 0 0 0
527 9 0 0 0 0 0 0 0 0
534 2 0 0 0 0 0 0 0 0
535 2 0 0 0 0 0 0 0 0
536 2 0 0 0 0 0 0 0 0
568 175 17 3 0 0 0 0 0 0
569 175 0 0 175 24 4 0 0 0
570 175 0 0 175 47 6 0 0 0
571 175 0 0 0 0 0 0 0 0
572 175 0 0 0 0 0 0 0 0
574 175 0 0 0 0 0 0 0 0
575 175 0 0 0 0 0 0 0 0
576 175 26 3 0 0 0 0 0 0
577 175 0 0 0 0 0 0 0 0
578 175 0 0 0 0 0 0 0 0
579 175 0 0 0 0 0 0 0 0
580 175 0 0 0 0 0 0 0 0
581 98 0 0 98 0 0 0 0 0
585 98 0 0 0 0 0 0 0 0
586 98 0 0 0 0 0 0 0 0
587 98 0 0 0 0 0 0 0 0
593 98 0 0 0 0 0 0 0 0
594 98 0 0 0 0 0 0 0 0
595 196 0 0 0 0 0 0 0 0
599 98 24 3 0 0 0 0 0 0
600 98 0 0 0 0 0 0 0 0
603 98 0 0 98 26 4 0 0 0
604 98 0 0 98 23 8 0 0 0
605 98 0 0 0 0 0 0 0 0
608 98 0 0 0 0 0 0 0 0
609 98 0 0 0 0 0 0 0 0
610 98 0 0 0 0 0 0 0 0
616 98 0 0 0 0 0 0 0 0
617 98 0 0 0 0 0 0 0 0
618 98 0 0 0 0 0 0 0 0
619 98 0 0 0 0 0 0 0 0
620 98 0 0 0 0 0 0 0 0
621 98 22 3 0 0 0 0 0 0
628 9 0 0 0 0 0 0 0 0
629 9 0 0 0 0 0 0 0 0
631 9 0 0 0 0 0 0 0 0
632 9 0 0 0 0 0 0 0 0
634 9 0 0 9 0 0 0 0 0
635 9 0 0 9 1 1 0 0 0
636 9 0 0 0 0 0 0 0 0
639 9 0 0 0 0 0 0 0 0
640 9 0 0 0 0 0 0 0 0
641 9 0 0 0 0 0 0 0 0
647 9 0 0 0 0 0 0 0 0
648 9 0 0 0 0 0 0 0 0
649 9 0 0 0 0 0 0 0 0
650 9 0 0 0 0 0 0 0 0
651 9 5 3 0 0 0 0 0 0
652 9 0 0 0 0 0 0 0 0
693 295 21 2 0 0 0 0 0 0
694 295 0 0 295 89 9 0 0 0
695 295 0 0 295 38 6 0 0 0
696 295 0 0 0 0 0 0 0 0
697 295 0 0 0 0 0 0 0 0
699 295 0 0 0 0 0 0 0 0
700 295 0 0 0 0 0 0 0 0
701 295 21 2 0 0 0 0 0 0
702 295 0 0 0 0 0 0 0 0
703 295 0 0 0 0 0 0 0 0
704 295 0 0 0 0 0 0 0 0
705 295 0 0 0 0 0 0 0 0
706 193 0 0 193 0 0 0 0 0
710 193 0 0 0 0 0 0 0 0
711 193 0 0 0 0 0 0 0 0
712 193 0 0 0 0 0 0 0 0
718 193 0 0 0 0 0 0 0 0
719 193 0 0 0 0 0 0 0 0
720 386 0 0 0 0 0 0 0 0
724 194 16 2 0 0 0 0 0 0
725 194 0 0 0 0 0 0 0 0
728 193 0 0 193 36 3 0 0 0
729 193 0 0 193 36 12 0 0 0
730 193 0 0 0 0 0 0 0 0
733 193 0 0 0 0 0 0 0 0
734 193 0 0 0 0 0 0 0 0
735 193 0 0 0 0 0 0 0 0
741 193 0 0 0 0 0 0 0 0
742 193 0 0 0 0 0 0 0 0
743 193 0 0 0 0 0 0 0 0
744 193 0 0 0 0 0 0 0 0
745 193 0 0 0 0 0 0 0 0
746 193 19 2 0 0 0 0 0 0
753 21 0 0 0 0 0 0 0 0
754 21 0 0 0 0 0 0 0 0
756 21 0 0 0 0 0 0 0 0
757 21 0 0 0 0 0 0 0 0
759 21 0 0 21 0 0 0 0 0
760 21 0 0 21 3 1 0 0 0
761 21 0 0 0 0 0 0 0 0
764 21 0 0 0 0 0 0 0 0
765 21 0 0 0 0 0 0 0 0
766 21 0 0 0 0 0 0 0 0
772 21 0 0 0 0 0 0 0 0
773 21 0 0 0 0 0 0 0 0
774 21 0 0 0 0 0 0 0 0
775 21 0 0 0 0 0 0 0 0
776 21 7 4 0 0 0 0 0 0
777 21 0 0 0 0 0 0 0 0
784 1 0 0 0 0 0 0 0 0
785 1 0 0 0 0 0 0 0 0
786 1 0 0 0 0 0 0 0 0
790 1 0 0 0 0 0 0 0 0
791 1 0 0 0 0 0 0 0 0
792 1 0 0 0 0 0 0 0 0
793 1 0 0 0 0 0 0 0 0
806 1 0 0 1 0 0 0 0 0
807 1 0 0 0 0 0 0 0 0
808 1 0 0 0 0 0 0 0 0
809 1 0 0 0 0 0 0 0 0
818 245 15 5 0 0 0 0 0 0
819 245 0 0 245 40 7 0 0 0
820 245 0 0 245 51 17 0 0 0
821 245 0 0 0 0 0 0 0 0
822 245 0 0 0 0 0 0 0 0
824 245 0 0 0 0 0 0 0 0
825 245 0 0 0 0 0 0 0 0
826 245 15 5 0 0 0 0 0 0
827 245 0 0 0 0 0 0 0 0
828 245 0 0 0 0 0 0 0 0
829 245 0 0 0 0 0 0 0 0
830 245 0 0 0 0 0 0 0 0
831 173 0 0 173 0 0 0 0 0
835 173 0 0 0 0 0 0 0 0
836 173 0 0 0 0 0 0 0 0
837 173 0 0 0 0 0 0 0 0
843 173 0 0 0 0 0 0 0 0
844 173 0 0 0 0 0 0 0 0
845 346 0 0 0 0 0 0 0 0
849 173 16 5 0 0 0 0 0 0
850 173 0 0 0 0 0 0 0 0
853 172 0 0 172 49 16 0 0 0
854 172 0 0 172 62 20 0 0 0
855 172 0 0 0 0 0 0 0 0
858 172 0 0 0 0 0 0 0 0
859 172 0 0 0 0 0 0 0 0
860 172 0 0 0 0 0 0 0 0
866 172 0 0 0 0 0 0 0 0
867 172 0 0 0 0 0 0 0 0
868 172 0 0 0 0 0 0 0 0
869 172 0 0 0 0 0 0 0 0
870 172 0 0 0 0 0 0 0 0
871 172 15 4 0 0 0 0 0 0
878 32 0 0 0 0 0 0 0 0
879 32 0 0 0 0 0 0 0 0
881 32 0 0 0 0 0 0 0 0
882 32 0 0 0 0 0 0 0 0
884 32 0 0 32 2 1 0 0 0
885 32 0 0 32 5 1 0 0 0
886 32 0 0 0 0 0 0 0 0
889 32 0 0 0 0 0 0 0 0
890 32 0 0 0 0 0 0 0 0
891 32 0 0 0 0 0 0 0 0
897 32 0 0 0 0 0 0 0 0
898 32 0 0 0 0 0 0 0 0
899 32 0 0 0 0 0 0 0 0
900 32 0 0 0 0 0 0 0 0
901 32 10 4 0 0 0 0 0 0
902 32 0 0 0 0 0 0 0 0
915 1 0 0 0 0 0 0 0 0
916 1 0 0 0 0 0 0 0 0
917 1 0 0 0 0 0 0 0 0
918 1 0 0 0 0 0 0 0 0
931 1 0 0 1 1 1 0 0 0
932 1 0 0 0 0 0 0 0 0
933 1 0 0 0 0 0 0 0 0
934 1 0 0 0 0 0 0 0 0
943 298 22 3 0 0 0 0 0 0
944 298 0 0 298 54 11 0 0 0
945 298 0 0 298 81 12 0 0 0
946 298 0 0 0 0 0 0 0 0
947 298 0 0 0 0 0 0 0 0
949 298 0 0 0 0 0 0 0 0
950 298 0 0 0 0 0 0 0 0
951 298 27 3 0 0 0 0 0 0
952 298 0 0 0 0 0 0 0 0
953 298 0 0 0 0 0 0 0 0
954 298 0 0 0 0 0 0 0 0
955 298 0 0 0 0 0 0 0 0
956 185 0 0 185 0 0 0 0 0
960 185 0 0 0 0 0 0 0 0
961 185 0 0 0 0 0 0 0 0
962 185 0 0 0 0 0 0 0 0
968 185 0 0 0 0 0 0 0 0
969 185 0 0 0 0 0 0 0 0
970 370 0 0 0 0 0 0 0 0
974 186 20 3 0 0 0 0 0 0
975 186 0 0 0 0 0 0 0 0
978 186 0 0 186 54 13 0 0 0
979 186 0 0 186 42 13 0 0 0
980 186 0 0 0 0 0 0 0 0
983 186 0 0 0 0 0 0 0 0
984 186 0 0 0 0 0 0 0 0
985 186 0 0 0 0 0 0 0 0
991 186 0 0 0 0 0 0 0 0
992 186 0 0 0 0 0 0 0 0
993 186 0 0 0 0 0 0 0 0
994 186 0 0 0 0 0 0 0 0
995 186 0 0 0 0 0 0 0 0
996 186 21 3 0 0 0 0 0 0
1003 35 0 0 0 0 0 0 0 0
1004 35 0 0 0 0 0 0 0 0
1006 35 0 0 0 0 0 0 0 0
1007 35 0 0 0 0 0 0 0 0
1009 35 0 0 35 0 0 0 0 0
1010 35 0 0 35 7 5 0 0 0
1011 35 0 0 0 0 0 0 0 0
1014 35 0 0 0 0 0 0 0 0
1015 35 0 0 0 0 0 0 0 0
1016 35 0 0 0 0 0 0 0 0
1022 35 0 0 0 0 0 0 0 0
1023 35 0 0 0 0 0 0 0 0
1024 35 0 0 0 0 0 0 0 0
1025 35 0 0 0 0 0 0 0 0
1026 35 6 4 0 0 0 0 0 0
1027 35 0 0 0 0 0 0 0 0
1034 1 0 0 0 0 0 0 0 0
1035 1 0 0 0 0 0 0 0 0
1036 1 0 0 0 0 0 0 0 0
1040 1 0 0 0 0 0 0 0 0
1041 1 0 0 0 0 0 0 0 0
1042 1 0 0 0 0 0 0 0 0
1043 1 0 0 0 0 0 0 0 0
1050 1 0 0 0 0 0 0 0 0
1051 1 0 0 0 0 0 0 0 0
1052 1 0 0 0 0 0 0 0 0
1068 452 37 2 0 0 0 0 0 0
1069 452 0 0 452 69 10 0 0 0
1070 452 0 0 452 49 12 0 0 0
1071 452 0 0 0 0 0 0 0 0
1072 452 0 0 0 0 0 0 0 0
1074 452 0 0 0 0 0 0 0 0
1075 452 0 0 0 0 0 0 0 0
1076 452 33 2 0 0 0 0 0 0
1077 452 0 0 0 0 0 0 0 0
1078 452 0 0 0 0 0 0 0 0
1079 452 0 0 0 0 0 0 0 0
1080 452 0 0 0 0 0 0 0 0
1081 174 0 0 174 0 0 0 0 0
1085 174 0 0 0 0 0 0 0 0
1086 174 0 0 0 0 0 0 0 0
1087 174 0 0 0 0 0 0 0 0
1093 174 0 0 0 0 0 0 0 0
1094 174 0 0 0 0 0 0 0 0
1095 348 0 0 0 0 0 0 0 0
1099 174 24 2 0 0 0 0 0 0
1100 174 0 0 0 0 0 0 0 0
1103 174 0 0 174 42 10 0 0 0
1104 174 0 0 174 40 10 0 0 0
1105 174 0 0 0 0 0 0 0 0
1108 174 0 0 0 0 0 0 0 0
1109 174 0 0 0 0 0 0 0 0
1110 174 0 0 0 0 0 0 0 0
1116 174 0 0 0 0 0 0 0 0
1117 174 0 0 0 0 0 0 0 0
1118 174 0 0 0 0 0 0 0 0
1119 174 0 0 0 0 0 0 0 0
1120 174 0 0 0 0 0 0 0 0
1121 174 22 2 0 0 0 0 0 0
1128 23 0 0 0 0 0 0 0 0
1129 23 0 0 0 0 0 0 0 0
1131 23 0 0 0 0 0 0 0 0
1132 23 0 0 0 0 0 0 0 0
1134 23 0 0 23 0 0 0 0 0
1135 23 0 0 23 1 0 0 0 0
1136 23 0 0 0 0 0 0 0 0
1139 23 0 0 0 0 0 0 0 0
1140 23 0 0 0 0 0 0 0 0
1141 23 0 0 0 0 0 0 0 0
1147 23 0 0 0 0 0 0 0 0
1148 23 0 0 0 0 0 0 0 0
1149 23 0 0 0 0 0 0 0 0
1150 23 0 0 0 0 0 0 0 0
1151 23 6 3 0 0 0 0 0 0
1152 23 0 0 0 0 0 0 0 0
1165 2 0 0 0 0 0 0 0 0
1166 2 0 0 0 0 0 0 0 0
1167 2 0 0 0 0 0 0 0 0
1168 2 0 0 0 0 0 0 0 0
1175 2 0 0 0 0 0 0 0 0
1176 2 0 0 0 0 0 0 0 0
1177 2 0 0 0 0 0 0 0 0
1193 737 18 2 0 0 0 0 0 0
1194 737 0 0 737 77 11 0 0 0
1195 737 0 0 737 115 24 0 0 0
1196 737 0 0 0 0 0 0 0 0
1197 737 0 0 0 0 0 0 0 0
1199 737 0 0 0 0 0 0 0 0
1200 737 0 0 0 0 0 0 0 0
1201 737 16 3 0 0 0 0 0 0
1202 737 0 0 0 0 0 0 0 0
1203 737 0 0 0 0 0 0 0 0
1204 737 0 0 0 0 0 0 0 0
1205 737 0 0 0 0 0 0 0 0
1206 341 0 0 341 0 0 0 0 0
1210 341 0 0 0 0 0 0 0 0
1211 341 0 0 0 0 0 0 0 0
1212 341 0 0 0 0 0 0 0 0
1218 341 0 0 0 0 0 0 0 0
1219 341 0 0 0 0 0 0 0 0
1220 682 0 0 0 0 0 0 0 0
1224 382 15 3 0 0 0 0 0 0
1225 382 0 0 0 0 0 0 0 0
1228 380 0 0 380 109 16 0 0 0
1229 380 0 0 380 53 21 0 0 0
1230 380 0 0 0 0 0 0 0 0
1233 380 0 0 0 0 0 0 0 0
1234 380 0 0 0 0 0 0 0 0
1235 380 0 0 0 0 0 0 0 0
1241 380 0 0 0 0 0 0 0 0
1242 380 0 0 0 0 0 0 0 0
1243 380 0 0 0 0 0 0 0 0
1244 380 0 0 0 0 0 0 0 0
1245 380 0 0 0 0 0 0 0 0
1246 380 15 3 0 0 0 0 0 0
1253 89 0 0 0 0 0 0 0 0
1254 89 0 0 0 0 0 0 0 0
1256 89 0 0 0 0 0 0 0 0
1257 89 0 0 0 0 0 0 0 0
1259 89 0 0 89 10 0 0 0 0
1260 89 0 0 89 4 3 0 0 0
1261 89 0 0 0 0 0 0 0 0
1264 89 0 0 0 0 0 0 0 0
1265 89 0 0 0 0 0 0 0 0
1266 89 0 0 0 0 0 0 0 0
1272 89 0 0 0 0 0 0 0 0
1273 89 0 0 0 0 0 0 0 0
1274 89 0 0 0 0 0 0 0 0
1275 89 0 0 0 0 0 0 0 0
1276 89 13 3 0 0 0 0 0 0
1277 89 0 0 0 0 0 0 0 0
1284 41 0 0 0 0 0 0 0 0
1285 41 0 0 0 0 0 0 0 0
1286 41 0 0 0 0 0 0 0 0
1290 2 0 0 0 0 0 0 0 0
1291 2 0 0 0 0 0 0 0 0
1292 2 0 0 0 0 0 0 0 0
1293 2 0 0 0 0 0 0 0 0
1306 2 0 0 2 0 0 0 0 0
1307 2 0 0 0 0 0 0 0 0
1308 2 0 0 0 0 0 0 0 0
1309 2 0 0 0 0 0 0 0 0
1318 709 18 5 0 0 0 0 0 0
1319 709 0 0 709 125 23 0 0 0
1320 709 0 0 709 104 15 0 0 0
1321 709 0 0 0 0 0 0 0 0
1322 709 0 0 0 0 0 0 0 0
1324 709 0 0 0 0 0 0 0 0
1325 709 0 0 0 0 0 0 0 0
1326 709 20 5 0 0 0 0 0 0
1327 709 0 0 0 0 0 0 0 0
1328 709 0 0 0 0 0 0 0 0
1329 709 0 0 0 0 0 0 0 0
1330 709 0 0 0 0 0 0 0 0
1331 374 0 0 374 0 0 0 0 0
1335 374 0 0 0 0 0 0 0 0
1336 374 0 0 0 0 0 0 0 0
1337 374 0 0 0 0 0 0 0 0
1343 374 0 0 0 0 0 0 0 0
1344 374 0 0 0 0 0 0 0 0
1345 748 0 0 0 0 0 0 0 0
1349 374 17 4 0 0 0 0 0 0
1350 374 0 0 0 0 0 0 0 0
1353 374 0 0 374 72 10 0 0 0
1354 374 0 0 374 99 19 0 0 0
1355 374 0 0 0 0 0 0 0 0
1358 374 0 0 0 0 0 0 0 0
1359 374 0 0 0 0 0 0 0 0
1360 374 0 0 0 0 0 0 0 0
1366 374 0 0 0 0 0 0 0 0
1367 374 0 0 0 0 0 0 0 0
1368 374 0 0 0 0 0 0 0 0
1369 374 0 0 0 0 0 0 0 0
1370 374 0 0 0 0 0 0 0 0
1371 374 17 3 0 0 0 0 0 0
1378 42 0 0 0 0 0 0 0 0
1379 42 0 0 0 0 0 0 0 0
1381 42 0 0 0 0 0 0 0 0
1382 42 0 0 0 0 0 0 0 0
1384 42 0 0 42 0 0 0 0 0
1385 42 0 0 42 2 2 0 0 0
1386 42 0 0 0 0 0 0 0 0
1389 42 0 0 0 0 0 0 0 0
1390 42 0 0 0 0 0 0 0 0
1391 42 0 0 0 0 0 0 0 0
1397 42 0 0 0 0 0 0 0 0
1398 42 0 0 0 0 0 0 0 0
1399 42 0 0 0 0 0 0 0 0
1400 42 0 0 0 0 0 0 0 0
1401 42 9 4 0 0 0 0 0 0
1402 42 0 0 0 0 0 0 0 0
1415 3 1 0 0 0 0 0 0 0
1416 3 0 0 0 0 0 0 0 0
1417 3 0 0 0 0 0 0 0 0
1418 3 0 0 0 0 0 0 0 0
1425 3 0 0 0 0 0 0 0 0
1426 3 0 0 0 0 0 0 0 0
1427 3 0 0 0 0 0 0 0 0
1443 1014 21 6 0 0 0 0 0 0
1444 1014 0 0 1014 98 20 0 0 0
1445 1014 0 0 1014 91 20 0 0 0
1446 1014 0 0 0 0 0 0 0 0
1447 1014 0 0 0 0 0 0 0 0
1449 1014 0 0 0 0 0 0 0 0
1450 1014 0 0 0 0 0 0 0 0
1451 1014 21 6 0 0 0 0 0 0
1452 1014 0 0 0 0 0 0 0 0
1453 1014 0 0 0 0 0 0 0 0
1454 1014 0 0 0 0 0 0 0 0
1455 1014 0 0 0 0 0 0 0 0
1456 461 0 0 461 0 0 0 0 0
1460 461 0 0 0 0 0 0 0 0
1461 461 0 0 0 0 0 0 0 0
1462 461 0 0 0 0 0 0 0 0
1468 461 0 0 0 0 0 0 0 0
1469 461 0 0 0 0 0 0 0 0
1470 922 0 0 0 0 0 0 0 0
1474 461 19 4 0 0 0 0 0 0
1475 461 0 0 0 0 0 0 0 0
1478 461 0 0 461 67 22 0 0 0
1479 461 0 0 461 69 25 0 0 0
1480 461 0 0 0 0 0 0 0 0
1483 461 0 0 0 0 0 0 0 0
1484 461 0 0 0 0 0 0 0 0
1485 461 0 0 0 0 0 0 0 0
1491 461 0 0 0 0 0 0 0 0
1492 461 0 0 0 0 0 0 0 0
1493 461 0 0 0 0 0 0 0 0
1494 461 0 0 0 0 0 0 0 0
1495 461 0 0 0 0 0 0 0 0
1496 461 24 4 0 0 0 0 0 0
1503 41 0 0 0 0 0 0 0 0
1504 41 0 0 0 0 0 0 0 0
1506 41 0 0 0 0 0 0 0 0
1507 41 0 0 0 0 0 0 0 0
1509 41 0 0 41 4 1 0 0 0
1510 41 0 0 41 3 1 0 0 0
1511 41 0 0 0 0 0 0 0 0
1514 41 0 0 0 0 0 0 0 0
1515 41 0 0 0 0 0 0 0 0
1516 41 0 0 0 0 0 0 0 0
1522 41 0 0 0 0 0 0 0 0
1523 41 0 0 0 0 0 0 0 0
1524 41 0 0 0 0 0 0 0 0
1525 41 0 0 0 0 0 0 0 0
1526 41 7 3 0 0 0 0 0 0
1527 41 0 0 0 0 0 0 0 0
1540 2 1 0 0 0 0 0 0 0
1541 2 0 0 0 0 0 0 0 0
1542 2 0 0 0 0 0 0 0 0
1543 2 0 0 0 0 0 0 0 0
1550 2 0 0 0 0 0 0 0 0
1551 2 0 0 0 0 0 0 0 0
1552 2 0 0 0 0 0 0 0 0
1568 1091 32 3 0 0 0 0 0 0
1569 1091 0 0 1091 142 15 0 0 0
1570 1091 0 0 1091 113 15 0 0 0
1571 1091 0 0 0 0 0 0 0 0
1572 1091 0 0 0 0 0 0 0 0
1574 1091 0 0 0 0 0 0 0 0
1575 1091 0 0 0 0 0 0 0 0
1576 1091 28 4 0 0 0 0 0 0
1577 1091 0 0 0 0 0 0 0 0
1578 1091 0 0 0 0 0 0 0 0
1579 1091 0 0 0 0 0 0 0 0
1580 1091 0 0 0 0 0 0 0 0
1581 572 0 0 572 0 0 0 0 0
1585 572 0 0 0 0 0 0 0 0
1586 572 0 0 0 0 0 0 0 0
1587 572 0 0 0 0 0 0 0 0
1593 572 0 0 0 0 0 0 0 0
1594 572 0 0 0 0 0 0 0 0
1595 1144 0 0 0 0 0 0 0 0
1599 574 31 4 0 0 0 0 0 0
1600 574 0 0 0 0 0 0 0 0
1603 572 0 0 572 54 17 0 0 0
1604 572 0 0 572 90 24 0 0 0
1605 572 0 0 0 0 0 0 0 0
1608 572 0 0 0 0 0 0 0 0
1609 572 0 0 0 0 0 0 0 0
1610 572 0 0 0 0 0 0 0 0
1616 572 0 0 0 0 0 0 0 0
1617 572 0 0 0 0 0 0 0 0
1618 572 0 0 0 0 0 0 0 0
1619 572 0 0 0 0 0 0 0 0
1620 572 0 0 0 0 0 0 0 0
1621 572 30 4 0 0 0 0 0 0
1628 42 0 0 0 0 0 0 0 0
1629 42 0 0 0 0 0 0 0 0
1631 42 0 0 0 0 0 0 0 0
1632 42 0 0 0 0 0 0 0 0
1634 42 0 0 42 2 0 0 0 0
1635 42 0 0 42 5 1 0 0 0
1636 42 0 0 0 0 0 0 0 0
1639 42 0 0 0 0 0 0 0 0
1640 42 0 0 0 0 0 0 0 0
1641 42 0 0 0 0 0 0 0 0
1647 42 0 0 0 0 0 0 0 0
1648 42 0 0 0 0 0 0 0 0
1649 42 0 0 0 0 0 0 0 0
1650 42 0 0 0 0 0 0 0 0
1651 42 6 3 0 0 0 0 0 0
1652 42 0 0 0 0 0 0 0 0
1659 2 0 0 0 0 0 0 0 0
1660 2 0 0 0 0 0 0 0 0
1661 2 0 0 0 0 0 0 0 0
1665 5 2 0 0 0 0 0 0 0
1666 5 0 0 0 0 0 0 0 0
1667 5 0 0 0 0 0 0 0 0
1668 5 0 0 0 0 0 0 0 0
1675 3 0 0 0 0 0 0 0 0
1676 3 0 0 0 0 0 0 0 0
1677 3 0 0 0 0 0 0 0 0
1681 2 1 0 2 0 0 0 0 0
1682 2 0 0 0 0 0 0 0 0
1683 2 0 0 0 0 0 0 0 0
1684 2 0 0 0 0 0 0 0 0
1693 766 25 4 0 0 0 0 0 0
1694 766 0 0 766 123 19 0 0 0
1695 766 0 0 766 127 21 0 0 0
1696 766 0 0 0 0 0 0 0 0
1697 766 0 0 0 0 0 0 0 0
1699 766 0 0 0 0 0 0 0 0
1700 766 0 0 0 0 0 0 0 0
1701 766 21 4 0 0 0 0 0 0
1702 766 0 0 0 0 0 0 0 0
1703 766 0 0 0 0 0 0 0 0
1704 766 0 0 0 0 0 0 0 0
1705 766 0 0 0 0 0 0 0 0
1706 342 0 0 342 0 0 0 0 0
1710 342 0 0 0 0 0 0 0 0
1711 342 0 0 0 0 0 0 0 0
1712 342 0 0 0 0 0 0 0 0
1718 342 0 0 0 0 0 0 0 0
1719 342 0 0 0 0 0 0 0 0
1720 684 0 0 0 0 0 0 0 0
1724 346 22 4 0 0 0 0 0 0
1725 346 0 0 0 0 0 0 0 0
1728 346 0 0 346 72 16 0 0 0
1729 346 0 0 346 84 32 0 0 0
1730 346 0 0 0 0 0 0 0 0
1733 346 0 0 0 0 0 0 0 0
1734 346 0 0 0 0 0 0 0 0
1735 346 0 0 0 0 0 0 0 0
1741 346 0 0 0 0 0 0 0 0
1742 346 0 0 0 0 0 0 0 0
1743 346 0 0 0 0 0 0 0 0
1744 346 0 0 0 0 0 0 0 0
1745 346 0 0 0 0 0 0 0 0
1746 346 23 4 0 0 0 0 0 0
1753 46 0 0 0 0 0 0 0 0
1754 46 0 0 0 0 0 0 0 0
1756 46 0 0 0 0 0 0 0 0
1757 46 0 0 0 0 0 0 0 0
1759 46 0 0 46 2 0 0 0 0
1760 46 0 0 46 4 2 0 0 0
1761 46 0 0 0 0 0 0 0 0
1764 46 0 0 0 0 0 0 0 0
1765 46 0 0 0 0 0 0 0 0
1766 46 0 0 0 0 0 0 0 0
1772 46 0 0 0 0 0 0 0 0
1773 46 0 0 0 0 0 0 0 0
1774 46 0 0 0 0 0 0 0 0
1775 46 0 0 0 0 0 0 0 0
1776 46 6 4 0 0 0 0 0 0
1777 46 0 0 0 0 0 0 0 0
1784 4 0 0 0 0 0 0 0 0
1785 4 0 0 0 0 0 0 0 0
1786 4 0 0 0 0 0 0 0 0
1790 5 1 1 0 0 0 0 0 0
1791 5 0 0 0 0 0 0 0 0
1792 5 0 0 0 0 0 0 0 0
1793 5 0 0 0 0 0 0 0 0
1800 5 0 0 0 0 0 0 0 0
1801 5 0 0 0 0 0 0 0 0
1802 5 0 0 0 0 0 0 0 0
1818 1069 22 2 0 0 0 0 0 0
1819 1069 0 0 1069 133 27 0 0 0
1820 1069 0 0 1069 119 22 0 0 0
1821 1069 0 0 0 0 0 0 0 0
1822 1069 0 0 0 0 0 0 0 0
1824 1069 0 0 0 0 0 0 0 0
1825 1069 0 0 0 0 0 0 0 0
1826 1069 21 2 0 0 0 0 0 0
1827 1069 0 0 0 0 0 0 0 0
1828 1069 0 0 0 0 0 0 0 0
1829 1069 0 0 0 0 0 0 0 0
1830 1069 0 0 0 0 0 0 0 0
1831 377 0 0 377 0 0 0 0 0
1835 377 0 0 0 0 0 0 0 0
1836 377 0 0 0 0 0 0 0 0
1837 377 0 0 0 0 0 0 0 0
1843 377 0 0 0 0 0 0 0 0
1844 377 0 0 0 0 0 0 0 0
1845 754 0 0 0 0 0 0 0 0
1849 378 19 2 0 0 0 0 0 0
1850 378 0 0 0 0 0 0 0 0
1853 378 0 0 378 65 12 0 0 0
1854 378 0 0 378 76 21 0 0 0
1855 378 0 0 0 0 0 0 0 0
1858 378 0 0 0 0 0 0 0 0
1859 378 0 0 0 0 0 0 0 0
1860 378 0 0 0 0 0 0 0 0
1866 378 0 0 0 0 0 0 0 0
1867 378 0 0 0 0 0 0 0 0
1868 378 0 0 0 0 0 0 0 0
1869 378 0 0 0 0 0 0 0 0
1870 378 0 0 0 0 0 0 0 0
1871 378 21 2 0 0 0 0 0 0
1878 31 0 0 0 0 0 0 0 0
1879 31 0 0 0 0 0 0 0 0
1881 31 0 0 0 0 0 0 0 0
1882 31 0 0 0 0 0 0 0 0
1884 31 0 0 31 2 2 0 0 0
1885 31 0 0 31 2 2 0 0 0
1886 31 0 0 0 0 0 0 0 0
1889 31 0 0 0 0 0 0 0 0
1890 31 0 0 0 0 0 0 0 0
1891 31 0 0 0 0 0 0 0 0
1897 31 0 0 0 0 0 0 0 0
1898 31 0 0 0 0 0 0 0 0
1899 31 0 0 0 0 0 0 0 0
1900 31 0 0 0 0 0 0 0 0
1901 31 8 4 0 0 0 0 0 0
1902 31 0 0 0 0 0 0 0 0
1909 1 0 0 0 0 0 0 0 0
1910 1 0 0 0 0 0 0 0 0
1911 1 0 0 0 0 0 0 0 0
1915 1 0 0 0 0 0 0 0 0
1916 1 0 0 0 0 0 0 0 0
1917 1 0 0 0 0 0 0 0 0
1918 1 0 0 0 0 0 0 0 0
1925 1 0 0 0 0 0 0 0 0
1926 1 0 0 0 0 0 0 0 0
1927 1 0 0 0 0 0 0 0 0
1943 1280 28 8 0 0 0 0 0 0
1944 1280 0 0 1280 161 32 0 0 0
1945 1280 0 0 1280 161 23 0 0 0
1946 1280 0 0 0 0 0 0 0 0
1947 1280 0 0 0 0 0 0 0 0
1949 1280 0 0 0 0 0 0 0 0
1950 1280 0 0 0 0 0 0 0 0
1951 1280 28 8 0 0 0 0 0 0
1952 1280 0 0 0 0 0 0 0 0
1953 1280 0 0 0 0 0 0 0 0
1954 1280 0 0 0 0 0 0 0 0
1955 1280 0 0 0 0 0 0 0 0
1956 514 0 0 514 0 0 0 0 0
1960 514 0 0 0 0 0 0 0 0
1961 514 0 0 0 0 0 0 0 0
1962 514 0 0 0 0 0 0 0 0
1968 514 0 0 0 0 0 0 0 0
1969 514 0 0 0 0 0 0 0 0
1970 1028 0 0 0 0 0 0 0 0
1974 514 23 7 0 0 0 0 0 0
1975 514 0 0 0 0 0 0 0 0
1978 513 0 0 513 95 26 0 0 0
1979 513 0 0 513 82 29 0 0 0
1980 513 0 0 0 0 0 0 0 0
1983 513 0 0 0 0 0 0 0 0
1984 513 0 0 0 0 0 0 0 0
1985 513 0 0 0 0 0 0 0 0
1991 513 0 0 0 0 0 0 0 0
1992 513 0 0 0 0 0 0 0 0
1993 513 0 0 0 0 0 0 0 0
1994 513 0 0 0 0 0 0 0 0
1995 513 0 0 0 0 0 0 0 0
1996 513 27 7 0 0 0 0 0 0
2003 52 0 0 0 0 0 0 0 0
2004 52 0 0 0 0 0 0 0 0
2006 52 0 0 0 0 0 0 0 0
2007 52 0 0 0 0 0 0 0 0
2009 52 0 0 52 4 1 0 0 0
2010 52 0 0 52 4 0 0 0 0
2011 52 0 0 0 0 0 0 0 0
2014 52 0 0 0 0 0 0 0 0
2015 52 0 0 0 0 0 0 0 0
2016 52 0 0 0 0 0 0 0 0
2022 52 0 0 0 0 0 0 0 0
2023 52 0 0 0 0 0 0 0 0
2024 52 0 0 0 0 0 0 0 0
2025 52 0 0 0 0 0 0 0 0
2026 52 10 4 0 0 0 0 0 0
2027 52 0 0 0 0 0 0 0 0
2040 2 0 0 0 0 0 0 0 0
2041 2 0 0 0 0 0 0 0 0
2042 2 0 0 0 0 0 0 0 0
2043 2 0 0 0 0 0 0 0 0
2050 1 0 0 0 0 0 0 0 0
2051 1 0 0 0 0 0 0 0 0
2052 1 0 0 0 0 0 0 0 0
2056 1 0 0 1 0 0 0 0 0
2057 1 0 0 0 0 0 0 0 0
2058 1 0 0 0 0 0 0 0 0
2059 1 0 0 0 0 0 0 0 0
2068 1261 18 4 0 0 0 0 0 0
2069 1261 0 0 1261 145 24 0 0 0
2070 1261 0 0 1261 162 40 0 0 0
2071 1261 0 0 0 0 0 0 0 0
2072 1261 0 0 0 0 0 0 0 0
2074 1261 0 0 0 0 0 0 0 0
2075 1261 0 0 0 0 0 0 0 0
2076 1261 23 4 0 0 0 0 0 0
2077 1261 0 0 0 0 0 0 0 0
2078 1261 0 0 0 0 0 0 0 0
2079 1261 0 0 0 0 0 0 0 0
2080 1261 0 0 0 0 0 0 0 0
2082 386 0 0 386 0 0 0 0 0
2086 386 0 0 0 0 0 0 0 0
2087 386 0 0 0 0 0 0 0 0
2088 386 0 0 0 0 0 0 0 0
2094 386 0 0 0 0 0 0 0 0
2095 386 0 0 0 0 0 0 0 0
2097 772 0 0 0 0 0 0 0 0
2101 387 20 3 0 0 0 0 0 0
2102 387 0 0 0 0 0 0 0 0
2105 386 0 0 386 77 17 0 0 0
2106 386 0 0 386 66 11 0 0 0
2107 386 0 0 0 0 0 0 0 0
2110 386 0 0 0 0 0 0 0 0
2111 386 0 0 0 0 0 0 0 0
2112 386 0 0 0 0 0 0 0 0
2118 386 0 0 0 0 0 0 0 0
2119 386 0 0 0 0 0 0 0 0
2120 386 0 0 0 0 0 0 0 0
2121 386 0 0 0 0 0 0 0 0
2122 386 0 0 0 0 0 0 0 0
2123 386 19 3 0 0 0 0 0 0
2130 28 0 0 0 0 0 0 0 0
2131 28 0 0 0 0 0 0 0 0
2133 28 0 0 0 0 0 0 0 0
2134 28 0 0 0 0 0 0 0 0
2136 28 0 0 28 1 1 0 0 0
2137 28 0 0 28 4 0 0 0 0
2138 28 0 0 0 0 0 0 0 0
2141 28 0 0 0 0 0 0 0 0
2142 28 0 0 0 0 0 0 0 0
2143 28 0 0 0 0 0 0 0 0
2149 28 0 0 0 0 0 0 0 0
2150 28 0 0 0 0 0 0 0 0
2151 28 0 0 0 0 0 0 0 0
2152 28 0 0 0 0 0 0 0 0
2153 28 6 2 0 0 0 0 0 0
2154 28 0 0 0 0 0 0 0 0
2161 1 0 0 0 0 0 0 0 0
2162 1 0 0 0 0 0 0 0 0
2163 1 0 0 0 0 0 0 0 0
2167 4 2 1 0 0 0 0 0 0
2168 4 0 0 0 0 0 0 0 0
2169 4 0 0 0 0 0 0 0 0
2170 4 0 0 0 0 0 0 0 0
2177 3 0 0 0 0 0 0 0 0
2178 3 0 0 0 0 0 0 0 0
2179 3 0 0 0 0 0 0 0 0
2183 1 0 0 1 1 0 0 0 0
2184 1 0 0 0 0 0 0 0 0
2185 2 0 0 0 0 0 0 0 0
2190 10 0 0 0 0 0 0 0 0
2191 10 0 0 0 0 0 0 0 0
2192 10 0 0 0 0 0 0 0 0
2193 20 0 0 0 0 0 0 0 0
2197 4716 16 3 0 0 0 0 0 0
2199 10449 15 5 0 0 0 0 0 0
2200 10449 0 0 0 0 0 0 0 0
2201 10449 0 0 0 0 0 0 0 0
2202 10449 0 0 0 0 0 0 0 0
2203 10212 0 0 0 0 0 0 0 0
2208 24607 31 8 0 0 0 0 0 0
2214 24607 0 0 24607 0 0 0 0 0
2215 24607 0 0 24607 0 0 0 0 0
2223 24607 0 0 0 0 0 0 0 0
2224 24607 0 0 24607 0 0 0 0 0
fl=./string/../sysdeps/x86_64/strcspn.S
fn=strcspn
25 1 1 1 0 0 0 0 0 0
27 1 0 0 0 0 0 0 0 0
34 1 0 0 0 0 0 0 0 0
35 1 1 1 0 0 0 0 0 0
37 1 0 0 0 0 0 0 0 0
38 1 0 0 0 0 0 0 0 0
39 1 0 0 0 0 0 0 0 0
40 1 0 0 0 0 0 0 0 0
41 33 0 0 0 0 0 32 4 4
44 3 0 0 0 0 0 0 0 0
51 1 0 0 1 0 0 0 0 0
52 1 0 0 0 0 0 0 0 0
53 1 0 0 0 0 0 0 0 0
54 1 0 0 0 0 0 1 0 0
56 1 0 0 1 0 0 0 0 0
57 1 0 0 0 0 0 0 0 0
58 1 0 0 0 0 0 0 0 0
59 1 0 0 0 0 0 1 0 0
61 1 0 0 1 0 0 0 0 0
62 1 0 0 0 0 0 0 0 0
63 1 0 0 0 0 0 0 0 0
72 3 1 1 0 0 0 0 0 0
84 13 0 0 0 0 0 0 0 0
86 13 0 0 13 0 0 0 0 0
87 13 0 0 13 0 0 0 0 0
88 13 0 0 0 0 0 0 0 0
90 13 0 0 13 0 0 0 0 0
91 13 0 0 13 0 0 0 0 0
92 13 0 0 0 0 0 0 0 0
94 13 0 0 13 0 0 0 0 0
95 13 0 0 13 0 0 0 0 0
96 13 0 0 0 0 0 0 0 0
98 13 0 0 13 1 1 0 0 0
99 13 0 0 13 0 0 0 0 0
100 13 0 0 0 0 0 0 0 0
102 1 0 0 0 0 0 0 0 0
103 1 0 0 0 0 0 0 0 0
104 1 0 0 0 0 0 0 0 0
106 1 0 0 0 0 0 0 0 0
113 1 0 0 0 0 0 0 0 0
117 1 0 0 1 0 0 0 0 0
fl=./string/./string/_strerror.c
fn=strerror_r
26 7 1 1 0 0 0 3 0 0
27 1 0 0 0 0 0 1 0 0
28 2 0 0 0 0 0 0 0 0
34 3 1 1 0 0 0 0 0 0
35 4 0 0 3 0 0 0 0 0
fl=./string/./string/str-two-way.h
fn=critical_factorization
120 156 3 1 0 0 0 117 0 0
138 78 0 0 0 0 0 0 0 0
139 39 3 2 0 0 0 0 0 0
140 78 0 0 0 0 0 0 0 0
141 240 0 0 0 0 0 0 0 0
143 197 0 0 119 3 0 0 0 0
144 82 3 2 41 0 0 0 0 0
145 123 0 0 82 6 1 0 0 0
149 41 0 0 0 0 0 0 0 0
150 123 0 0 0 0 0 0 0 0
170 273 3 2 0 0 0 39 0 0
176 123 0 0 0 0 0 0 0 0
178 41 0 0 41 0 0 0 0 0
179 82 0 0 41 0 0 0 0 0
180 123 3 2 82 0 0 0 0 0
184 2 0 0 0 0 0 0 0 0
185 6 0 0 0 0 0 0 0 0
187 39 0 0 0 0 0 0 0 0
201 78 0 0 0 0 0 0 0 0
202 78 0 0 0 0 0 0 0 0
208 156 0 0 0 0 0 0 0 0
210 39 0 0 0 0 0 39 0 0
211 39 0 0 0 0 0 0 0 0
212 156 0 0 156 0 0 0 0 0
fn=strcasestr
236 234 3 2 0 0 0 78 0 0
240 429 3 2 117 0 0 117 0 0
287 156 3 2 156 0 0 0 0 0
291 234 0 0 0 0 0 39 0 0
292 78 0 0 0 0 0 0 0 0
293 274 1 1 0 0 0 49 0 0
298 98 0 0 0 0 0 0 0 0
311 49 0 0 0 0 0 0 0 0
312 6040 0 0 2416 6 3 0 0 0
314 2326 0 0 0 0 0 0 0 0
325 330 5 4 45 0 0 78 0 0
329 78 3 2 0 0 0 0 0 0
331 181 0 0 0 0 0 0 0 0
333 4 1 1 2 0 0 0 0 0
334 3 0 0 2 0 0 0 0 0
339 1 0 0 0 0 0 0 0 0
343 135 2 2 0 0 0 0 0 0
349 78 0 0 0 0 0 39 0 0
351 90 0 0 45 0 0 0 0 0
352 160 0 0 0 0 0 0 0 0
354 180 2 2 90 0 0 0 0 0
355 225 0 0 90 0 0 0 0 0
357 20 0 0 0 0 0 0 0 0
363 70 0 0 0 0 0 0 0 0
364 30 0 0 10 0 0 0 0 0
fl=./string/./string/strcasestr.c
fn=strcasestr
63 468 6 4 39 0 0 273 0 0
68 78 0 0 39 3 2 0 0 0
74 156 0 0 0 0 0 39 0 0
75 156 0 0 0 0 0 39 0 0
76 78 0 0 0 0 0 0 0 0
77 8 2 2 0 0 0 0 0 0
82 78 0 0 0 0 0 0 0 0
90 429 3 2 351 0 0 0 0 0
fl=./string/./string/strcoll.c
fn=strcoll
32 18 1 0 0 0 0 0 0 0
33 54 1 1 36 0 0 0 0 0
fl=./string/./string/strcoll_l.c
fn=strcoll_l
258 180 1 1 0 0 0 144 0 0
259 18 0 0 18 1 0 0 0 0
260 54 0 0 18 1 1 36 0 0
269 36 1 1 0 0 0 0 0 0
270 18 0 0 0 0 0 0 0 0
368 126 1 1 108 0 0 0 0 0
fl=./string/./string/strdup.c
fn=strdup
40 3455 45 4 0 0 0 1382 0 0
41 1382 20 2 0 0 0 691 0 0
42 1266 0 0 0 0 0 633 0 0
44 1382 0 0 0 0 0 0 0 0
47 2764 0 0 0 0 0 0 0 0
48 2073 0 0 1382 0 0 0 0 0
fl=./string/./string/strsep.c
fn=strsep
25 20 2 1 0 0 0 10 0 0
28 5 0 0 5 0 0 0 0 0
29 15 0 0 0 0 0 0 0 0
33 15 0 0 0 0 0 5 0 0
35 10 0 0 5 0 0 0 0 0
38 6 0 0 0 0 0 4 0 0
43 3 2 0 0 0 0 3 0 0
46 25 0 0 15 0 0 0 0 0
fl=./string/./string/strtok.c
fn=strtok
32 4 2 1 0 0 0 0 0 0
34 8 0 0 0 0 0 0 0 0
fl=./string/./string/strtok_r.c
fn=strtok_r
43 288 7 0 0 0 0 128 0 0
46 64 0 0 0 0 0 0 0 0
47 30 9 0 15 0 0 0 0 0
49 64 0 0 32 0 0 0 0 0
51 32 0 0 0 0 0 32 1 0
56 68 0 0 0 0 0 17 0 0
57 34 7 1 17 0 0 0 0 0
60 30 2 0 0 0 0 0 0 0
64 68 0 0 0 0 0 17 0 0
65 34 0 0 17 0 0 0 0 0
72 4 0 0 0 0 0 4 0 0
73 4 0 0 0 0 0 0 0 0
75 224 0 0 160 0 0 0 0 0
fl=./sysvipc/../sysdeps/unix/sysv/linux/shmat.c
fn=shmat
28 2 1 0 0 0 0 0 0 0
fl=./sysvipc/../sysdeps/unix/sysv/linux/shmctl.c
fn=shmctl@@GLIBC_2.2.5
77 12 0 0 0 0 0 0 0 0
87 3 1 1 0 0 0 0 0 0
94 26 1 1 0 0 0 0 0 0
158 3 0 0 3 0 0 0 0 0
fl=./sysvipc/../sysdeps/unix/sysv/linux/shmdt.c
fn=shmdt
27 1 1 0 0 0 0 0 0 0
fl=./sysvipc/../sysdeps/unix/sysv/linux/shmget.c
fn=shmget
28 1 1 1 0 0 0 0 0 0
30 5 0 0 0 0 0 0 0 0
34 1 0 0 1 0 0 0 0 0
fl=./time/../bits/byteswap.h
fn=__tzfile_read
52 34 2 2 17 0 0 0 0 0
73 14 0 0 7 0 0 0 0 0
fl=./time/../include/alloc_buffer.h
fn=__tzfile_read
126 2 0 0 0 0 0 0 0 0
127 6 0 0 2 0 0 0 0 0
fl=./time/../include/stdio.h
fn=__tzfile_read
284 66 0 0 33 0 0 11 0 0
fl=./time/../sysdeps/unix/sysv/linux/clock_gettime.c
fn=clock_gettime@@GLIBC_2.17
30 8 8 1 0 0 0 0 0 0
38 16 0 0 16 16 0 0 0 0
40 16 0 0 0 0 0 0 0 0
44 8 0 0 0 0 0 0 0 0
68 16 8 1 0 0 0 0 0 0
69 16 0 0 0 0 0 0 0 0
86 8 0 0 8 0 0 0 0 0
fl=./time/../sysdeps/unix/sysv/linux/clock_nanosleep.c
fn=clock_nanosleep@@GLIBC_2.17
63 11363 8 4 1033 0 0 7231 1 0
64 5165 0 0 0 0 0 0 0 0
66 2066 0 0 0 0 0 0 0 0
78 10330 4 2 1033 0 0 0 0 0
80 6198 0 0 0 0 0 0 0 0
113 1033 0 0 0 0 0 0 0 0
114 12396 4 2 9297 0 0 0 0 0
fl=./time/../sysdeps/unix/sysv/linux/dl-vdso.h
fn=gettimeofday
40 38 0 0 38 20 0 0 0 0
41 38 0 0 0 0 0 0 0 0
fn=time
40 16 0 0 16 7 2 0 0 0
41 16 0 0 0 0 0 0 0 0
fl=./time/../sysdeps/unix/sysv/linux/gettimeofday.c
fn=__gettimeofday_syscall
33 1039 13 8 0 0 0 0 0 0
34 2078 0 0 0 0 0 0 0 0
36 4156 0 0 0 0 0 0 0 0
37 1039 0 0 1039 0 0 0 0 0
fn=gettimeofday
42 57 22 6 19 0 0 0 0 0
fl=./time/../sysdeps/unix/sysv/linux/time.c
fn=time
38 24 12 6 8 0 0 0 0 0
fn=time_syscall
31 6 5 3 0 0 0 0 0 0
32 24 4 1 0 0 0 0 0 0
33 6 0 0 6 0 0 0 0 0
fl=./time/./time/asctime.c
fn=asctime
36 4 0 0 0 0 0 0 0 0
49 6 0 0 2 0 0 0 0 0
56 46 1 1 4 2 2 10 0 0
57 2 0 0 2 0 0 0 0 0
59 2 0 0 2 0 0 0 0 0
60 2 1 1 0 0 0 0 0 0
61 6 0 0 6 0 0 0 0 0
62 2 0 0 2 0 0 0 0 0
63 6 0 0 0 0 0 0 0 0
65 4 0 0 0 0 0 0 0 0
68 2 0 0 0 0 0 0 0 0
86 4 1 1 0 0 0 2 0 0
88 4 0 0 4 0 0 0 0 0
fl=./time/./time/ctime.c
fn=ctime
24 4 1 1 0 0 0 0 0 0
27 6 0 0 0 0 0 2 0 0
28 2 1 1 0 0 0 0 0 0
fl=./time/./time/localtime.c
fn=localtime
53 2 1 1 0 0 0 0 0 0
54 8 1 1 2 0 0 0 0 0
fl=./time/./time/offtime.c
fn=__offtime
30 36 2 2 0 0 0 24 0 0
34 32 0 0 0 0 0 0 0 0
35 8 0 0 0 0 0 0 0 0
37 8 0 0 0 0 0 0 0 0
42 12 1 1 0 0 0 0 0 0
47 36 1 1 0 0 0 4 1 1
48 8 0 0 0 0 0 0 0 0
50 52 0 0 0 0 0 4 0 0
52 60 2 2 0 0 0 4 0 0
55 4 0 0 0 0 0 0 0 0
60 68 4 3 0 0 0 0 0 0
63 60 1 1 0 0 0 0 0 0
66 24 0 0 0 0 0 0 0 0
67 156 3 3 0 0 0 0 0 0
68 156 1 1 0 0 0 0 0 0
69 4 0 0 0 0 0 0 0 0
71 8 0 0 0 0 0 4 0 0
72 16 0 0 0 0 0 0 0 0
78 4 0 0 0 0 0 4 0 0
79 12 1 1 0 0 0 0 0 0
80 176 2 2 36 1 1 0 0 0
82 4 0 0 0 0 0 0 0 0
84 20 0 0 0 0 0 4 0 0
85 4 0 0 0 0 0 0 0 0
86 28 0 0 28 0 0 0 0 0
fl=./time/./time/tzfile.c
fn=__tzfile_compute
582 24 2 2 0 0 0 16 0 0
585 4 0 0 0 0 0 0 0 0
587 6 0 0 2 0 0 2 0 0
590 12 1 1 6 0 0 0 0 0
620 6 0 0 2 0 0 0 0 0
622 6 1 1 2 0 0 0 0 0
624 2 0 0 0 0 0 0 0 0
625 2 0 0 2 0 0 0 0 0
630 4 0 0 0 0 0 2 0 0
634 12 1 1 2 0 0 2 0 0
638 8 0 0 2 0 0 2 0 0
643 16 1 1 6 0 0 0 0 0
754 10 1 1 2 0 0 2 0 0
755 4 0 0 0 0 0 2 0 0
758 2 0 0 0 0 0 0 0 0
760 4 1 1 0 0 0 0 0 0
779 16 0 0 14 0 0 0 0 0
fn=__tzfile_read
102 26 3 2 2 0 0 14 0 0
109 2 0 0 2 0 0 0 0 0
111 2 0 0 0 0 0 2 0 0
116 2 0 0 0 0 0 2 0 0
118 4 0 0 0 0 0 0 0 0
121 8 0 0 2 0 0 0 0 0
130 8 0 0 4 2 2 0 0 0
140 4 2 1 0 0 0 0 0 0
154 4 1 1 0 0 0 0 0 0
155 5 1 0 0 0 0 1 0 0
156 6 0 0 4 0 0 0 0 0
157 3 0 0 2 0 0 0 0 0
162 4 1 1 0 0 0 1 0 0
163 2 0 0 0 0 0 0 0 0
167 8 0 0 0 0 0 3 0 0
170 2 1 1 1 1 1 1 0 0
171 1 0 0 0 0 0 1 0 0
174 2 0 0 1 0 0 1 1 1
175 2 0 0 1 0 0 1 0 0
176 2 1 1 1 0 0 1 0 0
179 3 1 1 1 0 0 0 0 0
182 14 0 0 0 0 0 2 0 0
184 4 0 0 2 0 0 0 0 0
187 4 0 0 0 0 0 2 1 1
188 4 0 0 0 0 0 2 0 0
189 2 0 0 0 0 0 0 0 0
190 4 0 0 0 0 0 2 0 0
191 2 0 0 0 0 0 0 0 0
192 2 0 0 0 0 0 0 0 0
194 10 0 0 0 0 0 0 0 0
197 6 1 1 1 0 0 0 0 0
203 7 1 1 0 0 0 0 0 0
204 1 0 0 0 0 0 0 0 0
209 5 0 0 0 0 0 1 0 0
220 5 0 0 1 0 0 3 0 0
221 5 1 1 1 0 0 0 0 0
222 2 0 0 1 0 0 0 0 0
223 3 0 0 1 0 0 0 0 0
224 1 0 0 1 0 0 0 0 0
226 1 1 1 0 0 0 0 0 0
229 6 0 0 1 0 0 0 0 0
230 2 0 0 0 0 0 0 0 0
232 1 0 0 0 0 0 0 0 0
233 2 0 0 0 0 0 0 0 0
236 5 1 1 0 0 0 0 0 0
238 1 0 0 0 0 0 0 0 0
239 3 0 0 0 0 0 1 0 0
269 6 0 0 1 0 0 1 0 0
271 3 0 0 0 0 0 1 0 0
275 4 1 1 0 0 0 2 0 0
276 2 0 0 0 0 0 0 0 0
278 1 0 0 0 0 0 1 0 0
283 6 1 1 0 0 0 2 0 0
284 6 0 0 1 0 0 2 0 0
285 6 1 1 1 0 0 2 0 0
286 6 0 0 1 0 0 2 0 0
287 6 1 1 1 0 0 2 0 0
288 4 0 0 2 0 0 0 0 0
289 8 1 1 1 0 0 2 0 0
292 2 0 0 0 0 0 0 0 0
294 3 1 1 1 0 0 1 0 0
297 9 0 0 4 0 0 1 0 0
300 7 1 1 2 0 0 1 0 0
306 27 0 0 2 0 0 0 0 0
307 21 1 1 7 0 0 0 0 0
310 2 0 0 1 0 0 0 0 0
324 32 1 1 2 0 0 2 0 0
325 7 0 0 0 0 0 7 0 0
328 19 1 1 8 0 0 0 0 0
332 35 1 1 0 0 0 5 0 0
337 10 0 0 0 0 0 0 0 0
339 15 1 1 5 0 0 5 0 0
341 15 0 0 0 0 0 0 0 0
344 10 0 0 5 0 0 5 0 0
345 5 0 0 0 0 0 5 0 0
348 10 1 1 3 0 0 2 0 0
351 2 0 0 1 0 0 0 0 0
367 4 1 1 1 0 0 0 0 0
374 14 1 1 1 0 0 0 0 0
375 10 0 0 0 0 0 5 0 0
377 5 1 1 0 0 0 0 0 0
384 14 1 1 1 0 0 0 0 0
385 10 0 0 0 0 0 5 0 0
388 2 0 0 1 0 0 0 0 0
390 2 0 0 0 0 0 0 0 0
392 2 0 0 0 0 0 0 0 0
393 8 1 1 1 0 0 1 0 0
397 2 0 0 1 0 0 1 0 0
401 4 1 1 1 0 0 0 0 0
404 2 1 1 0 0 0 1 0 0
407 19 0 0 6 0 0 0 0 0
408 30 0 0 15 0 0 5 0 0
414 3 1 1 1 0 0 1 0 0
416 7 0 0 1 0 0 0 0 0
418 4 0 0 2 0 0 0 0 0
419 8 0 0 6 0 0 0 0 0
421 4 1 1 2 0 0 0 0 0
425 8 0 0 4 0 0 4 0 0
427 11 0 0 2 0 0 0 0 0
431 2 0 0 1 0 0 0 0 0
438 2 0 0 1 0 0 0 0 0
441 3 0 0 1 0 0 0 0 0
443 1 1 1 1 0 0 0 0 0
446 1 0 0 0 0 0 0 0 0
447 2 0 0 0 0 0 2 0 0
448 2 0 0 0 0 0 0 0 0
451 8 1 1 2 0 0 0 0 0
453 1 0 0 0 0 0 0 0 0
454 3 0 0 1 0 0 1 0 0
456 11 2 2 4 0 0 0 0 0
458 1 0 0 0 0 0 0 0 0
459 4 1 1 1 0 0 1 0 0
461 4 0 0 0 0 0 0 0 0
464 3 0 0 0 0 0 0 0 0
467 10 1 1 3 0 0 2 0 0
470 5 0 0 2 1 1 1 0 0
471 4 0 0 1 0 0 1 0 0
474 2 1 1 0 0 0 2 0 0
475 4 0 0 2 0 0 2 0 0
476 2 0 0 0 0 0 0 0 0
484 22 1 1 18 0 0 0 0 0
fl=./time/./time/tzset.c
fn=__tz_compute
434 16 1 1 4 0 0 0 0 0
439 8 0 0 0 0 0 0 0 0
440 12 0 0 0 0 0 0 0 0
441 4 1 1 0 0 0 0 0 0
443 12 0 0 0 0 0 0 0 0
445 16 1 1 0 0 0 0 0 0
447 12 0 0 0 0 0 0 0 0
451 28 1 1 4 0 0 0 0 0
466 12 2 2 4 0 0 0 0 0
467 2 0 0 0 0 0 0 0 0
510 20 2 2 8 0 0 4 0 0
511 4 0 0 0 0 0 4 0 0
519 18 1 1 0 0 0 12 0 0
520 4 0 0 2 0 0 0 0 0
523 4 0 0 0 0 0 0 0 0
530 2 0 0 2 0 0 0 0 0
531 2 0 0 2 0 0 0 0 0
533 8 0 0 0 0 0 0 0 0
536 14 1 1 0 0 0 0 0 0
537 2 0 0 0 0 0 2 0 0
538 6 0 0 4 0 0 2 0 0
539 10 0 0 2 0 0 2 0 0
541 14 0 0 14 0 0 0 0 0
fn=__tz_convert
568 26 1 1 2 0 0 12 0 0
572 6 1 1 2 1 1 0 0 0
577 16 0 0 0 0 0 2 0 0
579 6 0 0 2 0 0 0 0 0
580 14 1 1 0 0 0 2 0 0
592 8 0 0 4 0 0 0 0 0
594 4 0 0 0 0 0 0 0 0
596 4 0 0 0 0 0 0 0 0
603 14 1 1 4 0 0 2 0 0
604 4 0 0 4 0 0 0 0 0
610 22 0 0 16 0 0 0 0 0
fn=__tzset_parse_tz
129 4 0 0 2 0 0 2 0 0
130 8 0 0 2 0 0 2 0 0
131 4 0 0 2 0 0 2 0 0
132 2 0 0 0 0 0 2 0 0
322 8 0 0 0 0 0 4 0 0
324 32 1 1 0 0 0 22 0 0
325 6 0 0 0 0 0 4 0 0
328 22 2 2 0 0 0 4 0 0
331 6 0 0 4 0 0 0 0 0
357 4 0 0 2 0 0 2 0 0
358 10 0 0 2 0 0 2 0 0
363 6 0 0 4 0 0 0 0 0
fn=__tzstring
89 72 0 0 24 0 0 0 0 0
90 57 0 0 19 0 0 0 0 0
92 53 1 1 0 0 0 0 0 0
93 66 0 0 0 0 0 11 0 0
98 15 2 2 0 0 0 5 0 0
99 10 0 0 0 0 0 0 0 0
102 5 0 0 0 0 0 5 0 0
103 5 0 0 0 0 0 5 0 0
104 25 0 0 0 0 0 5 0 0
105 5 1 1 0 0 0 5 0 0
108 4 0 0 0 0 0 4 0 0
110 1 0 0 0 0 0 1 0 0
120 49 1 1 0 0 0 35 0 0
121 14 0 0 0 0 0 7 0 0
122 49 0 0 42 0 0 0 0 0
fn=parse_offset
145 26 0 0 0 0 0 0 0 0
190 20 1 1 2 0 0 10 0 0
191 2 0 0 2 0 0 0 0 0
192 4 0 0 0 0 0 0 0 0
193 12 0 0 2 0 0 0 0 0
194 2 1 1 0 0 0 0 0 0
198 10 0 0 0 0 0 0 0 0
201 2 0 0 0 0 0 2 0 0
204 4 0 0 0 0 0 2 0 0
205 4 0 0 0 0 0 2 0 0
206 2 0 0 0 0 0 2 0 0
207 30 1 1 4 0 0 6 0 0
209 16 2 2 6 0 0 2 0 0
221 6 0 0 2 0 0 2 0 0
222 2 0 0 0 0 0 0 0 0
223 20 1 1 14 0 0 0 0 0
fn=parse_tzname
89 24 1 1 8 0 0 0 0 0
90 24 0 0 8 0 0 0 0 0
92 28 1 1 0 0 0 0 0 0
93 48 0 0 0 0 0 8 0 0
153 18 1 1 0 0 0 16 0 0
154 2 0 0 2 0 0 0 0 0
156 2 0 0 2 0 0 0 0 0
157 44 1 1 6 0 0 0 0 0
158 6 0 0 0 0 0 0 0 0
159 4 0 0 0 0 0 0 0 0
160 4 0 0 0 0 0 0 0 0
179 10 2 2 2 0 0 2 0 0
181 4 0 0 2 0 0 2 0 0
182 2 0 0 0 0 0 0 0 0
183 16 0 0 14 0 0 0 0 0
fn=tzset_internal
368 14 2 1 0 0 0 6 0 0
372 10 2 1 2 1 1 2 0 0
374 2 0 0 0 0 0 2 0 0
377 6 0 0 0 0 0 2 0 0
378 4 0 0 0 0 0 0 0 0
397 2 0 0 0 0 0 2 1 1
398 2 2 1 0 0 0 2 0 0
401 4 2 1 2 0 0 2 0 0
402 8 0 0 0 0 0 4 0 0
405 8 0 0 0 0 0 2 0 0
406 6 0 0 2 0 0 0 0 0
424 10 1 1 8 0 0 0 0 0
fl=./wcsmbs/../sysdeps/x86_64/multiarch/ifunc-avx2.h
fn=wcschr
32 4 0 0 0 0 0 0 0 0
33 10 1 1 4 0 0 0 0 0
34 6 0 0 2 0 0 0 0 0
36 4 0 0 0 0 0 0 0 0
37 4 0 0 0 0 0 0 0 0
40 6 0 0 0 0 0 0 0 0
43 8 0 0 0 0 0 0 0 0
fn=wcscmp
32 2 0 0 0 0 0 0 0 0
33 5 1 1 2 0 0 0 0 0
34 3 0 0 1 0 0 0 0 0
36 2 0 0 0 0 0 0 0 0
37 2 0 0 0 0 0 0 0 0
40 3 0 0 0 0 0 0 0 0
43 4 0 0 0 0 0 0 0 0
fl=./wcsmbs/../sysdeps/x86_64/multiarch/ifunc-evex.h
fn=wmemchr
34 6 0 0 0 0 0 0 0 0
35 15 2 2 6 0 0 0 0 0
36 9 0 0 3 0 0 0 0 0
38 6 0 0 0 0 0 0 0 0
39 6 2 2 0 0 0 0 0 0
41 6 0 0 0 0 0 0 0 0
47 9 0 0 0 0 0 0 0 0
50 12 0 0 0 0 0 0 0 0
fl=./wcsmbs/../sysdeps/x86_64/multiarch/ifunc-memcmp.h
fn=wmemcmp
34 8 0 0 4 0 0 0 0 0
35 6 0 0 2 0 0 0 0 0
36 4 2 2 0 0 0 0 0 0
37 6 0 0 2 0 0 0 0 0
39 4 0 0 0 0 0 0 0 0
40 4 0 0 0 0 0 0 0 0
43 6 0 0 0 0 0 0 0 0
46 6 0 0 0 0 0 0 0 0
fl=./wcsmbs/../sysdeps/x86_64/multiarch/ifunc-wcslen.h
fn=wcslen
33 4 0 0 0 0 0 0 0 0
34 8 0 0 4 0 0 0 0 0
35 6 2 2 2 0 0 0 0 0
37 4 0 0 0 0 0 0 0 0
38 4 0 0 0 0 0 0 0 0
41 6 0 0 0 0 0 0 0 0
44 6 0 0 0 0 0 0 0 0
fn=wcsnlen
33 2 0 0 0 0 0 0 0 0
34 4 0 0 2 0 0 0 0 0
35 3 1 1 1 0 0 0 0 0
37 2 0 0 0 0 0 0 0 0
38 2 0 0 0 0 0 0 0 0
41 3 0 0 0 0 0 0 0 0
44 3 0 0 0 0 0 0 0 0
fl=./wcsmbs/../sysdeps/x86_64/multiarch/ifunc-wmemset.h
fn=wmemset
33 10 0 0 4 0 0 0 0 0
34 6 0 0 2 0 0 0 0 0
36 4 0 0 0 0 0 0 0 0
44 6 0 0 0 0 0 0 0 0
47 8 1 1 0 0 0 0 0 0
fl=./wcsmbs/../sysdeps/x86_64/multiarch/wcschr.c
fn=wcschr
31 6 2 2 2 0 0 0 0 0
fl=./wcsmbs/../sysdeps/x86_64/multiarch/wcscmp.c
fn=wcscmp
30 3 1 1 1 0 0 0 0 0
fl=./wcsmbs/../sysdeps/x86_64/multiarch/wcscpy.c
fn=wcscpy
37 5 1 1 2 0 0 0 0 0
43 2 0 0 1 0 0 0 0 0
fl=./wcsmbs/../sysdeps/x86_64/multiarch/wcslen.c
fn=wcslen
29 6 2 2 2 0 0 0 0 0
fl=./wcsmbs/../sysdeps/x86_64/multiarch/wcsnlen.c
fn=wcsnlen
29 3 2 2 1 0 0 0 0 0
fl=./wcsmbs/../sysdeps/x86_64/multiarch/wmemchr.c
fn=wmemchr
31 6 2 2 3 0 0 0 0 0
fl=./wcsmbs/../sysdeps/x86_64/multiarch/wmemcmp.c
fn=wmemcmp
29 6 4 4 2 0 0 0 0 0
fl=./wcsmbs/../sysdeps/x86_64/multiarch/wmemset.c
fn=wmemset
31 4 1 1 2 0 0 0 0 0
fl=./wcsmbs/./wcsmbs/wcrtomb.c
fn=wcrtomb
38 20 2 2 2 0 0 10 1 0
48 2 0 0 0 0 0 2 0 0
49 4 0 0 2 1 1 2 0 0
50 8 0 0 0 0 0 2 0 0
54 4 0 0 0 0 0 0 0 0
61 8 0 0 0 0 0 2 0 0
62 10 1 1 8 2 2 0 0 0
66 4 0 0 4 2 2 0 0 0
68 4 0 0 2 1 1 0 0 0
75 6 1 1 2 0 0 0 0 0
77 22 0 0 2 0 0 8 0 0
80 8 0 0 4 0 0 0 0 0
81 8 1 1 2 0 0 4 0 0
104 4 0 0 2 0 0 0 0 0
112 16 0 0 12 0 0 0 0 0
fl=./wcsmbs/./wcsmbsload.h
fn=wcrtomb
69 6 0 0 2 1 1 0 0 0
71 6 1 1 0 0 0 0 0 0
72 2 1 1 0 0 0 0 0 0
fl=/build/impi/_buildspace/release/../../modules/json-c/json_object.c
fn=json_object_new_object
314 12 1 1 0 0 0 3 0 0
315 6 0 0 0 0 0 0 0 0
318 3 0 0 0 0 0 3 0 0
320 6 0 0 0 0 0 3 0 0
322 9 0 0 0 0 0 6 0 0
514 3 1 1 0 0 0 3 0 0
518 3 0 0 0 0 0 3 0 0
519 9 0 0 0 0 0 3 0 0
520 6 1 1 0 0 0 0 0 0
527 9 0 0 6 0 0 0 0 0
fn=json_object_put
0 30 1 1 6 0 0 6 0 0
266 3 1 1 0 0 0 0 0 0
267 6 0 0 0 0 0 0 0 0
285 6 0 0 3 0 0 0 0 0
289 9 0 0 3 0 0 0 0 0
291 21 0 0 3 0 0 0 0 0
299 6 0 0 3 0 0 3 0 0
509 12 1 1 3 0 0 3 0 0
fl=/build/impi/_buildspace/release/../../modules/json-c/linkhash.c
fn=lh_kchar_table_new
0 18 0 0 0 0 0 0 0 0
505 9 0 0 0 0 0 3 0 0
506 18 0 0 0 0 0 0 0 0
510 3 0 0 0 0 0 3 0 0
511 24 0 0 0 0 0 6 0 0
512 6 1 1 0 0 0 0 0 0
517 3 0 0 0 0 0 3 0 0
518 3 0 0 0 0 0 3 0 0
519 6 0 0 0 0 0 3 0 0
520 24 0 0 0 0 0 0 0 0
521 48 2 2 0 0 0 48 0 0
526 21 1 1 0 0 0 15 1 0
527 21 2 2 21 1 0 0 0 0
fn=lh_table_free
567 12 1 1 0 0 0 9 0 0
569 9 1 1 3 0 0 0 0 0
571 9 0 0 3 0 0 0 0 0
574 6 1 1 3 0 0 3 0 0
575 15 0 0 6 0 0 0 0 0
fl=/build/impi/_buildspace/release/../../modules/json-c/printbuf.c
fn=printbuf_free
176 6 1 1 0 0 0 0 0 0
181 3 0 0 3 0 0 0 0 0
fl=/build/impi/_buildspace/release/../../src/binding/c/c_binding.c
fn=PMPI_Comm_free
26185 6 0 0 3 0 0 0 0 0
26187 15 0 0 6 1 1 0 0 0
26192 12 1 1 3 0 0 0 0 0
26194 6 0 0 0 0 0 0 0 0
26195 27 3 3 3 1 0 0 0 0
26201 30 1 1 6 1 1 0 0 0
26214 3 0 0 0 0 0 0 0 0
26216 12 1 1 3 0 0 0 0 0
26220 9 1 1 0 0 0 0 0 0
26241 3 1 1 0 0 0 3 0 0
26242 6 0 0 0 0 0 0 0 0
26245 6 1 1 0 0 0 3 0 0
26252 12 1 1 6 0 0 0 0 0
26270 24 1 1 0 0 0 21 0 0
26271 24 0 0 21 0 0 0 0 0
fn=PMPI_Comm_rank
26854 6 0 0 3 0 0 0 0 0
26859 12 2 1 3 1 0 0 0 0
26861 24 2 1 0 0 0 0 0 0
26867 30 2 1 6 4 2 0 0 0
26880 3 0 0 0 0 0 0 0 0
26882 12 0 0 3 1 0 0 0 0
26886 6 2 1 0 0 0 0 0 0
26902 9 0 0 0 0 0 3 0 0
26903 6 0 0 0 0 0 0 0 0
26928 21 2 1 0 0 0 15 0 0
26929 21 2 1 15 0 0 0 0 0
fn=PMPI_Comm_size
27367 74 0 0 37 8 5 0 0 0
27372 148 5 2 37 10 5 0 0 0
27374 296 5 2 0 0 0 0 0 0
27380 370 4 3 74 17 11 0 0 0
27393 37 3 2 0 0 0 0 0 0
27395 148 3 1 37 17 12 0 0 0
27399 74 5 2 0 0 0 0 0 0
27415 111 0 0 0 0 0 37 0 0
27416 74 0 0 0 0 0 0 0 0
27441 259 4 2 0 0 0 185 2 2
27442 259 4 2 185 0 0 0 0 0
fn=PMPI_Comm_split
0 6 0 0 0 0 0 0 0 0
27472 6 0 0 3 0 0 0 0 0
27474 15 0 0 6 0 0 0 0 0
27479 12 1 1 3 1 0 0 0 0
27481 24 1 1 0 0 0 0 0 0
27487 30 6 4 6 4 2 0 0 0
27500 3 0 0 0 0 0 0 0 0
27502 18 2 0 6 2 0 0 0 0
27506 6 1 1 0 0 0 0 0 0
27513 3 0 0 0 0 0 3 0 0
27514 3 0 0 0 0 0 3 2 1
27515 12 0 0 3 0 0 3 0 0
27516 6 4 1 0 0 0 0 0 0
27519 9 1 1 3 0 0 0 0 0
27520 15 0 0 6 2 0 3 3 0
27527 12 1 1 6 0 0 0 0 0
27546 33 3 1 0 0 0 21 0 0
27547 24 0 0 21 3 0 0 0 0
fn=PMPI_Finalize
43080 2 1 1 1 0 0 0 0 0
43084 1 0 0 0 0 0 1 0 0
43085 2 1 0 0 0 0 0 0 0
43109 2 1 1 0 0 0 1 0 0
43110 4 1 1 2 0 0 0 0 0
fn=PMPI_Init
43336 1 0 0 0 0 0 1 0 0
43337 2 1 1 0 0 0 0 0 0
43361 5 1 1 0 0 0 3 0 0
43362 5 1 1 4 0 0 0 0 0
fn=PMPI_Wtime
68201 10108 0 0 5054 3717 10 0 0 0
68205 5054 0 0 0 0 0 5054 400 0
68208 5054 0 0 5054 0 0 0 0 0
68215 5054 12 8 0 0 0 0 0 0
68216 10108 0 0 5054 0 0 0 0 0
fl=/build/impi/_buildspace/release/../../src/include/intel/mpiimpl.h
fn=???
49 1 0 0 0 0 0 1 0 0
50 1 0 0 0 0 0 1 0 0
51 1 0 0 0 0 0 1 0 0
52 1 1 1 0 0 0 1 0 0
66 9 0 0 4 0 0 4 0 0
93 1 0 0 1 0 0 0 0 0
fn=MPIDI_Coll_selection_get_codename_and_fabric
49 1 0 0 0 0 0 1 0 0
50 1 1 1 0 0 0 1 0 0
51 1 0 0 0 0 0 1 0 0
52 1 0 0 0 0 0 1 0 0
66 9 0 0 4 0 0 4 0 0
93 1 1 1 1 0 0 0 0 0
fn=MPIDI_OFI_mpi_init_hook
0 1 0 0 0 0 0 0 0 0
49 2 0 0 0 0 0 2 1 0
50 2 0 0 0 0 0 2 0 0
51 2 0 0 0 0 0 2 0 0
52 2 0 0 0 0 0 2 0 0
66 18 2 2 8 0 0 8 0 0
93 2 0 0 2 0 0 0 0 0
fn=MPID_Init
0 2 0 0 1 0 0 0 0 0
49 1 0 0 0 0 0 1 1 0
50 1 0 0 0 0 0 1 0 0
51 1 1 1 0 0 0 1 0 0
52 1 0 0 0 0 0 1 0 0
66 10 0 0 4 0 0 4 0 0
93 7 1 1 2 0 0 0 0 0
fl=/build/impi/_buildspace/release/../../src/include/intel/mpir_comm.h
fn=MPIDI_Comm_collective_selection_init
0 168 6 3 8 5 1 0 0 0
174 10 0 0 0 0 0 10 0 0
175 10 0 0 0 0 0 10 0 0
183 66 4 1 10 2 1 0 0 0
187 16 2 1 0 0 0 8 0 0
188 16 0 0 0 0 0 0 0 0
190 16 0 0 0 0 0 8 0 0
191 16 0 0 0 0 0 0 0 0
193 40 0 0 16 0 0 8 0 0
194 24 2 1 0 0 0 0 0 0
198 40 2 1 16 0 0 8 0 0
199 16 0 0 0 0 0 0 0 0
204 72 2 1 16 0 0 0 0 0
205 24 4 1 0 0 0 8 7 2
208 24 0 0 0 0 0 8 0 0
209 8 0 0 8 0 0 0 0 0
210 16 0 0 0 0 0 0 0 0
212 16 0 0 8 0 0 8 0 0
213 16 0 0 0 0 0 0 0 0
214 16 2 1 8 0 0 8 0 0
215 16 0 0 0 0 0 0 0 0
217 32 0 0 16 0 0 0 0 0
218 16 0 0 8 0 0 0 0 0
225 8 0 0 0 0 0 0 0 0
226 16 8 2 0 0 0 8 0 0
228 16 0 0 0 0 0 0 0 0
229 16 0 0 0 0 0 8 0 0
fn=MPID_Comm_commit_pre_hook
0 80 0 0 0 0 0 0 0 0
137 20 0 0 0 0 0 10 0 0
139 20 0 0 10 2 1 0 0 0
143 50 0 0 10 1 0 10 0 0
144 20 2 1 0 0 0 0 0 0
145 60 2 1 20 0 0 0 0 0
146 40 0 0 0 0 0 10 0 0
147 20 0 0 10 0 0 10 8 2
150 70 0 0 0 0 0 0 0 0
151 20 2 1 0 0 0 0 0 0
155 40 0 0 0 0 0 0 0 0
161 20 2 1 0 0 0 0 0 0
162 20 0 0 0 0 0 0 0 0
166 20 0 0 0 0 0 10 0 0
fn=MPIR_Comm_commit
0 60 4 2 5 5 1 0 0 0
79 15 0 0 5 0 0 0 0 0
80 5 0 0 5 0 0 0 0 0
83 15 2 1 0 0 0 5 0 0
84 10 0 0 0 0 0 0 0 0
88 5 2 1 0 0 0 5 1 0
89 5 0 0 0 0 0 5 0 0
90 20 0 0 5 0 0 10 0 0
91 10 0 0 0 0 0 0 0 0
95 10 0 0 5 0 0 5 0 0
97 5 0 0 5 4 0 0 0 0
98 15 0 0 5 0 0 0 0 0
99 15 3 1 5 0 0 0 0 0
101 10 0 0 0 0 0 5 0 0
102 20 0 0 0 0 0 10 0 0
103 10 2 1 0 0 0 0 0 0
107 30 0 0 10 0 0 0 0 0
108 35 0 0 20 0 0 5 0 0
109 10 0 0 10 0 0 0 0 0
112 5 4 1 0 0 0 5 0 0
113 5 0 0 0 0 0 5 1 0
fn=MPIR_Comm_delete_internal
47 10 2 1 10 10 10 0 0 0
49 20 0 0 0 0 0 0 0 0
52 10 0 0 5 5 5 0 0 0
53 5 0 0 0 0 0 5 0 0
56 15 0 0 5 0 0 0 0 0
57 5 0 0 0 0 0 5 1 0
58 5 0 0 0 0 0 5 0 0
61 15 0 0 5 0 0 0 0 0
62 5 0 0 0 0 0 5 0 0
63 5 1 1 0 0 0 5 0 0
65 15 0 0 5 0 0 0 0 0
69 10 0 0 0 0 0 5 0 0
70 5 0 0 0 0 0 5 0 0
fl=/build/impi/_buildspace/release/../../src/include/intel/mpir_datatype.h
fn=MPIR_Datatype_init_predefined
0 70 0 0 0 0 0 0 0 0
567 402 2 2 0 0 0 0 0 0
570 65 0 0 0 0 0 0 0 0
575 15 2 2 0 0 0 0 0 0
fl=/build/impi/_buildspace/release/../../src/include/intel/mpir_mem.h
fn=MPIR_Localcopy
154 2 1 1 0 0 0 0 0 0
172 2 0 0 0 0 0 0 0 0
173 1 0 0 1 0 0 0 0 0
174 1 0 0 1 0 0 0 0 0
175 1 0 0 0 0 0 1 0 0
176 2 1 1 0 0 0 1 0 0
fl=/build/impi/_buildspace/release/../../src/include/mpir_comm.h
fn=???
398 2 0 0 0 0 0 2 0 0
402 18 0 0 12 0 0 0 0 0
fn=MPIR_Comm_delete_internal
0 5 0 0 0 0 0 0 0 0
398 5 0 0 5 2 2 0 0 0
399 5 0 0 0 0 0 0 0 0
402 5 2 1 0 0 0 5 0 0
fn=MPIR_Comm_free_impl
0 3 0 0 0 0 0 0 0 0
398 3 0 0 3 0 0 0 0 0
399 3 0 0 0 0 0 0 0 0
402 3 0 0 0 0 0 3 0 0
fl=/build/impi/_buildspace/release/../../src/include/mpir_cvars.h
fn=???
30 314 1 1 314 7 0 0 0 0
31 314 0 0 314 3 0 0 0 0
32 314 0 0 0 0 0 0 0 0
fl=/build/impi/_buildspace/release/../../src/include/mpir_handlemem.h
fn=???
0 80 9 9 26 0 0 13 0 0
64 11 0 0 0 0 0 0 0 0
65 2 0 0 1 1 1 1 0 0
67 8 3 3 0 0 0 4 0 0
99 81 1 1 0 0 0 0 0 0
105 319 7 7 2 0 0 144 144 144
107 144 2 2 0 0 0 144 2 2
108 437 5 5 0 0 0 0 0 0
113 14 1 1 4 0 0 0 0 0
114 3 0 0 0 0 0 3 0 0
184 28 6 6 4 1 1 20 0 0
189 8 2 2 8 0 0 0 0 0
197 8 0 0 4 0 0 0 0 0
224 98 4 3 0 0 0 84 0 0
227 56 4 3 19 1 0 0 0 0
230 38 0 0 19 0 0 0 0 0
231 112 2 1 98 0 0 0 0 0
239 54 6 3 18 7 2 0 0 0
241 33 0 0 15 4 2 15 0 0
249 3 2 2 3 1 0 0 0 0
250 3 0 0 3 0 0 0 0 0
253 8 2 2 3 0 0 0 0 0
259 3 1 1 0 0 0 3 0 0
260 9 1 1 6 0 0 0 0 0
262 8 1 1 3 0 0 3 0 0
271 12 1 1 0 0 0 3 1 0
392 56 6 4 22 6 4 22 0 0
393 26 0 0 4 0 0 22 0 0
402 153 5 3 0 0 0 126 0 0
404 72 0 0 18 0 0 0 0 0
407 36 0 0 0 0 0 0 0 0
408 144 5 3 126 0 0 0 0 0
fn=MPIR_Dataloop_create_struct
441 10 0 0 5 1 1 0 0 0
443 5 0 0 5 0 0 0 0 0
fn=MPIR_Datatype_free
392 10 1 1 5 1 1 5 5 5
393 5 0 0 0 0 0 5 0 0
404 20 1 1 5 0 0 0 0 0
407 10 0 0 0 0 0 0 0 0
fn=MPIR_Group_create
0 17 1 1 3 1 0 4 0 0
99 8 2 2 0 0 0 0 0 0
105 27 3 3 0 0 0 8 6 6
107 8 0 0 0 0 0 8 0 0
108 26 1 1 0 0 0 0 0 0
113 6 0 0 3 0 0 0 0 0
114 1 0 0 0 0 0 1 0 0
135 2 0 0 1 0 0 0 0 0
137 4 1 1 0 0 0 2 1 0
138 2 0 0 0 0 0 0 0 0
141 1 0 0 0 0 0 1 0 0
152 4 1 1 0 0 0 1 0 0
153 2 0 0 0 0 0 0 0 0
157 8195 1 1 0 0 0 0 0 0
161 8199 2 2 0 0 0 4096 3072 0
163 8192 0 0 4096 0 0 4096 0 0
164 19457 1 1 0 0 0 0 0 0
170 1 0 0 0 0 0 1 0 0
174 3 0 0 1 0 0 1 1 0
175 2 0 0 0 0 0 1 0 0
227 29 0 0 9 0 0 0 0 0
230 18 0 0 9 1 0 0 0 0
239 27 6 2 9 3 1 0 0 0
241 14 0 0 7 3 0 7 0 0
249 2 1 1 2 0 0 0 0 0
250 2 0 0 2 0 0 0 0 0
253 4 0 0 2 0 0 0 0 0
259 1 1 1 0 0 0 1 0 0
260 3 0 0 2 1 1 0 0 0
262 3 1 1 1 0 0 1 0 0
271 3 0 0 0 0 0 1 0 0
280 2 0 0 1 1 0 1 0 0
283 4 1 1 2 2 0 0 0 0
fn=MPIR_Type_get_true_extent_impl
0 8 2 2 0 0 0 0 0 0
fl=/build/impi/_buildspace/release/../../src/include/mpir_request.h
fn=???
0 4 0 0 0 0 0 0 0 0
528 8 1 1 4 0 0 0 0 0
530 16 0 0 0 0 0 0 0 0
539 12 1 1 8 0 0 0 0 0
559 4 0 0 0 0 0 4 0 0
563 4 1 1 0 0 0 4 0 0
564 4 0 0 0 0 0 0 0 0
565 4 0 0 0 0 0 4 0 0
570 4 0 0 0 0 0 4 4 4
571 4 0 0 4 0 0 0 0 0
575 8 0 0 0 0 0 4 0 0
576 4 0 0 0 0 0 4 4 4
579 8 0 0 0 0 0 0 0 0
581 1 0 0 0 0 0 1 0 0
617 42 0 0 12 0 0 0 0 0
619 28 0 0 8 0 0 0 0 0
625 28 1 1 0 0 0 24 0 0
626 36 1 1 28 0 0 0 0 0
706 32 1 1 0 0 0 28 0 0
711 12 1 1 4 4 4 0 0 0
728 4 0 0 4 0 0 0 0 0
729 4 0 0 0 0 0 0 0 0
751 32 1 1 4 0 0 0 0 0
785 12 1 1 4 0 0 0 0 0
798 12 0 0 4 4 4 0 0 0
801 32 1 1 12 1 1 0 0 0
802 12 0 0 0 0 0 4 0 0
803 40 0 0 12 0 0 0 0 0
805 24 1 1 4 0 0 0 0 0
815 32 0 0 28 0 0 0 0 0
830 4 0 0 0 0 0 4 0 0
fl=/build/impi/_buildspace/release/../../src/include/mpit.h
fn=???
0 6850 4 2 327 34 2 0 0 0
44 2880 3 1 0 0 0 2520 0 0
47 73482 14 8 7279 2 0 720 0 0
49 360 0 0 360 0 0 0 0 0
50 5760 0 0 4320 3 0 0 0 0
fl=/build/impi/_buildspace/release/../../src/include/mpitimpl.h
fn=MPII_Finalize
1212 2 0 0 1 1 1 0 0 0
fl=/build/impi/_buildspace/release/../../src/intel/include/../ipl/src/ipl_basic.c
fn=I_MPI_Collect_cpuinfo
292 1 0 0 0 0 0 1 0 0
fn=linux_init_affinity
0 6 3 3 0 0 0 2 0 0
35 6 1 1 1 0 0 4 0 0
41 1 0 0 0 0 0 1 1 1
44 3 0 0 0 0 0 2 1 0
49 4 1 1 0 0 0 1 0 0
55 1 0 0 0 0 0 1 0 0
59 4 0 0 2 0 0 0 0 0
63 4 0 0 2 0 0 0 0 0
67 7 0 0 3 1 1 0 0 0
96 2 1 1 0 0 0 1 0 0
97 2 0 0 0 0 0 0 0 0
101 8 0 0 1 0 0 1 0 0
102 2 0 0 1 0 0 1 0 0
103 2 0 0 0 0 0 1 0 0
104 2 1 1 0 0 0 0 0 0
114 4 0 0 0 0 0 1 0 0
125 3 1 1 1 0 0 0 0 0
128 1 0 0 0 0 0 1 0 0
132 2 1 1 1 0 0 0 0 0
133 8 2 2 6 0 0 0 0 0
fl=/build/impi/_buildspace/release/../../src/intel/include/i_dbgprint.c
fn=I_MPI_debug_post_init
309 8 1 1 1 0 0 5 0 0
310 1 0 0 0 0 0 1 1 0
312 2 0 0 0 0 0 0 0 0
315 3 1 1 2 2 0 0 0 0
348 9 2 2 7 0 0 0 0 0
fn=I_MPI_debug_post_init_bufio
351 1 1 1 0 0 0 1 0 0
354 7 0 0 3 1 0 1 0 0
355 7 1 1 1 0 0 1 0 0
fn=I_MPI_debug_pre_init
0 3 2 2 0 0 0 0 0 0
67 1 0 0 0 0 0 1 0 0
68 3 0 0 2 0 0 0 0 0
69 1 0 0 0 0 0 1 0 0
70 5 1 1 0 0 0 1 0 0
72 5 0 0 0 0 0 1 0 0
79 9 2 2 1 0 0 7 0 0
81 1 0 0 0 0 0 1 1 0
84 2 0 0 0 0 0 2 1 1
85 1 0 0 0 0 0 1 0 0
87 6 0 0 0 0 0 1 0 0
89 1 1 1 0 0 0 1 0 0
95 4 0 0 0 0 0 2 1 1
96 4 0 0 0 0 0 2 0 0
97 5 1 1 3 1 1 1 0 0
98 2 0 0 1 0 0 1 0 0
99 3 0 0 2 1 0 1 0 0
101 2 0 0 0 0 0 1 0 0
102 2 1 1 0 0 0 0 0 0
219 3 0 0 0 0 0 1 0 0
220 2 0 0 0 0 0 0 0 0
221 3 1 1 0 0 0 1 0 0
223 2 0 0 0 0 0 0 0 0
234 3 1 1 0 0 0 1 0 0
235 2 1 1 1 0 0 0 0 0
239 4 1 1 0 0 0 1 0 0
244 2 0 0 1 0 0 0 0 0
248 2 1 1 1 0 0 0 0 0
284 2 1 1 0 0 0 0 0 0
287 11 1 1 9 0 0 0 0 0
fn=I_MPI_print_version
0 5 1 1 4 0 0 0 0 0
392 2 1 1 0 0 0 0 0 0
395 12 1 1 0 0 0 2 0 0
397 17 1 1 4 0 0 4 0 0
400 9 1 1 0 0 0 1 0 0
402 3 0 0 1 0 0 0 0 0
406 9 1 1 5 3 0 0 0 0
407 4 0 0 0 0 0 0 0 0
408 4 0 0 0 0 0 0 0 0
419 6 0 0 1 0 0 4 0 0
fl=/build/impi/_buildspace/release/../../src/intel/include/init_cpuinfo.c
fn=I_MPI_Get_cpu_info
0 90 9 9 8 0 0 8 0 0
25 7 0 0 0 0 0 6 0 0
26 4 0 0 0 0 0 2 0 0
27 2 1 1 0 0 0 0 0 0
30 5 1 1 1 0 0 2 1 1
31 4 0 0 1 0 0 2 0 0
32 4 0 0 1 0 0 2 0 0
33 4 0 0 1 0 0 2 0 0
34 4 0 0 1 0 0 2 0 0
35 4 0 0 1 0 0 2 0 0
36 4 0 0 1 0 0 2 0 0
37 4 0 0 1 0 0 2 0 0
38 4 0 0 1 0 0 2 0 0
39 4 0 0 1 0 0 2 0 0
40 4 0 0 1 0 0 2 0 0
42 4 0 0 1 0 0 2 1 1
43 4 0 0 1 0 0 2 0 0
44 4 0 0 1 0 0 2 1 1
47 2 0 0 1 0 0 1 0 0
48 4 0 0 1 0 0 1 0 0
49 4 1 1 1 0 0 1 0 0
51 2 0 0 1 0 0 1 0 0
52 6 1 1 2 0 0 1 0 0
53 4 1 1 1 0 0 1 0 0
55 2 0 0 1 0 0 1 0 0
56 6 1 1 2 0 0 1 0 0
57 3 1 1 0 0 0 1 0 0
58 1 0 0 1 0 0 0 0 0
60 2 0 0 1 0 0 1 0 0
61 6 1 1 2 0 0 1 0 0
62 3 1 1 0 0 0 1 0 0
63 1 0 0 1 0 0 0 0 0
65 2 0 0 1 0 0 1 0 0
66 6 1 1 2 0 0 1 0 0
67 3 1 1 0 0 0 1 0 0
68 1 0 0 1 0 0 0 0 0
70 2 0 0 1 0 0 1 0 0
71 6 1 1 2 0 0 1 0 0
72 3 1 1 0 0 0 1 0 0
73 1 0 0 1 0 0 0 0 0
76 4 1 1 1 0 0 2 0 0
77 2 0 0 0 0 0 0 0 0
80 2 1 1 1 0 0 1 0 0
81 4 0 0 0 0 0 1 0 0
82 3 0 0 0 0 0 1 0 0
83 1 0 0 1 0 0 0 0 0
85 2 0 0 1 0 0 1 0 0
86 6 1 1 2 0 0 1 0 0
87 3 0 0 0 0 0 1 0 0
88 1 0 0 1 0 0 0 0 0
91 5 1 1 1 0 0 1 0 0
92 5 1 1 1 0 0 1 0 0
93 5 1 1 1 0 0 1 0 0
96 9 0 0 7 0 0 0 0 0
100 28 0 0 0 0 0 15 0 0
102 30 0 0 0 0 0 0 0 0
103 75 13 13 0 0 0 15 0 0
105 15 1 1 15 0 0 0 0 0
113 32 0 0 0 0 0 0 0 0
116 36 0 0 0 0 0 0 0 0
117 334 20 20 0 0 0 54 0 0
118 162 6 6 0 0 0 54 0 0
119 162 12 12 0 0 0 0 0 0
127 4 0 0 0 0 0 3 1 1
129 6 0 0 0 0 0 0 0 0
131 6 0 0 0 0 0 3 0 0
fl=/build/impi/_buildspace/release/../../src/intel/include/init_pin_map.c
fn=I_MPI_Get_pin_map
0 10 3 3 1 0 0 0 0 0
22 7 1 1 0 0 0 7 0 0
28 1 0 0 0 0 0 1 1 0
29 3 0 0 0 0 0 1 0 0
30 2 0 0 0 0 0 0 0 0
31 4 1 1 0 0 0 1 0 0
32 2 0 0 0 0 0 0 0 0
34 1 0 0 0 0 0 0 0 0
43 10 1 1 0 0 0 1 0 0
48 1 0 0 0 0 0 1 0 0
49 3 0 0 0 0 0 1 0 0
50 2 1 1 0 0 0 0 0 0
53 5 0 0 0 0 0 2 0 0
54 2 0 0 0 0 0 0 0 0
58 7 0 0 2 0 0 0 0 0
59 3 0 0 0 0 0 1 0 0
60 2 0 0 0 0 0 0 0 0
62 11 0 0 1 0 0 1 0 0
64 2 0 0 0 0 0 0 0 0
69 2 0 0 0 0 0 1 0 0
70 9 1 1 7 0 0 0 0 0
fl=/build/impi/_buildspace/release/../../src/intel/include/init_pinning.c
fn=I_MPI_Build_node_map
0 8 1 1 3 2 0 1 0 0
1189 1 0 0 0 0 0 0 0 0
1191 2 0 0 1 0 0 0 0 0
1193 2 0 0 0 0 0 0 0 0
1207 8 0 0 3 0 0 0 0 0
1211 3 1 1 0 0 0 3 0 0
1215 2 0 0 1 0 0 0 0 0
1217 3 0 0 0 0 0 2 1 0
1218 2 0 0 0 0 0 0 0 0
1224 2 1 1 1 0 0 0 0 0
1227 5 0 0 1 0 0 0 0 0
1228 2 1 1 1 0 0 1 0 0
1229 3 0 0 2 1 0 0 0 0
1230 2 0 0 1 1 0 0 0 0
1244 4 1 1 3 0 0 0 0 0
fn=I_MPI_Collect_cpuinfo
0 1 0 0 0 0 0 1 1 1
57 1 1 1 0 0 0 1 0 0
59 2 0 0 0 0 0 0 0 0
64 6 1 1 0 0 0 2 0 0
71 3 1 1 1 1 0 0 0 0
77 6 0 0 2 0 0 0 0 0
84 2 0 0 2 0 0 0 0 0
fn=I_MPI_Print_startup_info
1104 11 1 1 1 0 0 7 0 0
1109 1 0 0 0 0 0 1 0 0
1115 5 1 1 2 0 0 0 0 0
1175 11 2 2 9 0 0 0 0 0
fn=MPII_init_progress_spin_count
1257 6 0 0 2 2 2 0 0 0
1262 40 2 2 0 0 0 0 0 0
1263 10 1 1 0 0 0 0 0 0
1264 39 1 1 0 0 0 0 0 0
1265 10 1 1 0 0 0 0 0 0
1266 18 0 0 0 0 0 0 0 0
1270 4 1 1 0 0 0 1 0 0
fl=/build/impi/_buildspace/release/../../src/mpi/coll/allgather/allgather_intra_recursive_doubling.c
fn=MPIR_Allgather_intra_recursive_doubling
0 30 2 2 3 0 0 3 0 0
34 27 3 1 0 0 0 21 0 0
40 3 0 0 0 0 0 3 0 0
50 18 3 1 0 0 0 0 0 0
53 3 0 0 3 0 0 0 0 0
54 6 0 0 3 0 0 0 0 0
62 18 0 0 0 0 0 0 0 0
64 3 3 1 0 0 0 0 0 0
81 6 0 0 3 0 0 0 0 0
231 12 2 2 6 0 0 0 0 0
238 24 0 0 21 0 0 0 0 0
fl=/build/impi/_buildspace/release/../../src/mpi/coll/allreduce/allreduce_intra_recursive_doubling.c
fn=MPIR_Allreduce_intra_recursive_doubling
0 60 9 5 12 0 0 30 0 0
29 33 2 2 0 0 0 21 2 0
38 3 0 0 3 0 0 0 0 0
39 3 0 0 3 3 0 0 0 0
41 6 0 0 0 0 0 3 2 0
44 6 0 0 0 0 0 3 0 0
45 18 0 0 0 0 0 0 0 0
47 30 2 2 3 0 0 3 0 0
51 6 0 0 3 0 0 0 0 0
54 6 0 0 0 0 0 0 0 0
60 3 0 0 3 3 0 0 0 0
62 3 0 0 0 0 0 0 0 0
70 21 1 1 9 0 0 3 0 0
110 6 3 1 0 0 0 0 0 0
121 12 3 1 3 0 0 0 0 0
165 3 0 0 0 0 0 0 0 0
183 9 0 0 0 0 0 3 0 0
184 27 0 0 21 0 0 0 0 0
fl=/build/impi/_buildspace/release/../../src/mpi/coll/bcast/bcast_intra_binomial.c
fn=MPIR_Bcast_intra_binomial
0 3 1 1 0 0 0 0 0 0
32 9 1 1 0 0 0 7 0 0
51 1 0 0 1 0 0 0 0 0
55 2 0 0 0 0 0 0 0 0
192 3 1 1 1 0 0 0 0 0
195 9 1 1 7 0 0 0 0 0
fl=/build/impi/_buildspace/release/../../src/mpi/coll/intel/allgather/allgather_allcomm_auto.c
fn=MPIR_Allgather_intra_auto
0 78 10 4 6 0 0 0 0 0
35 20 4 2 0 0 0 20 1 0
41 36 2 2 0 0 0 0 0 0
44 3 0 0 3 0 0 0 0 0
46 9 0 0 0 0 0 0 0 0
48 9 0 0 0 0 0 0 0 0
49 18 0 0 3 3 0 0 0 0
51 12 0 0 0 0 0 9 0 0
62 6 0 0 0 0 0 0 0 0
65 9 0 0 3 0 0 0 0 0
72 24 4 2 20 0 0 0 0 0
fl=/build/impi/_buildspace/release/../../src/mpi/coll/intel/allreduce/allreduce_allcomm_auto.c
fn=MPIR_Allreduce_intra_auto
0 9 3 1 3 0 0 0 0 0
34 12 3 1 0 0 0 9 2 0
41 12 0 0 0 0 0 0 0 0
42 15 1 1 3 0 0 0 0 0
44 6 0 0 0 0 0 0 0 0
48 12 0 0 3 0 0 0 0 0
51 6 1 1 0 0 0 6 0 0
53 6 0 0 0 0 0 0 0 0
78 18 3 1 12 0 0 0 0 0
fl=/build/impi/_buildspace/release/../../src/mpi/coll/intel/src/coll_impl.c
fn=MPII_Coll_finalize
124 1 1 1 0 0 0 1 0 0
128 2 0 0 1 1 1 1 0 0
130 3 0 0 1 1 1 1 0 0
132 3 0 0 2 0 0 0 0 0
fn=MPII_Coll_init
95 2 1 1 0 0 0 1 0 0
99 3 1 1 0 0 0 1 0 0
100 2 0 0 0 0 0 0 0 0
102 2 0 0 0 0 0 1 1 1
103 4 0 0 1 0 0 1 0 0
106 2 0 0 0 0 0 0 0 0
111 4 1 1 1 0 0 0 0 0
112 3 0 0 0 0 0 1 0 0
114 2 0 0 0 0 0 1 0 0
115 2 0 0 0 0 0 0 0 0
118 4 0 0 2 0 0 0 0 0
fn=MPIR_Allgather_impl
139 6 1 1 3 0 0 3 0 0
142 6 0 0 3 0 0 0 0 0
144 12 0 0 3 0 0 9 0 0
151 6 0 0 6 0 0 0 0 0
fn=MPIR_Allreduce_impl_safe
222 12 1 1 6 0 0 3 0 0
223 6 0 0 0 0 0 6 1 0
228 6 0 0 6 0 0 0 0 0
fn=MPIR_Allreduce_intra_auto_safe
0 36 9 5 9 0 0 6 0 0
235 30 1 1 0 0 0 24 0 0
243 15 0 0 0 0 0 3 0 0
244 18 0 0 6 0 0 0 0 0
245 9 0 0 0 0 0 3 0 0
247 6 0 0 0 0 0 0 0 0
251 24 3 1 3 0 0 3 0 0
253 12 0 0 6 0 0 0 0 0
272 3 0 0 0 0 0 0 0 0
279 9 0 0 3 1 0 0 0 0
281 21 3 1 9 0 0 6 0 0
283 6 0 0 0 0 0 0 0 0
287 9 0 0 3 0 0 0 0 0
310 6 1 1 0 0 0 0 0 0
312 27 0 0 21 0 0 0 0 0
fl=/build/impi/_buildspace/release/../../src/mpi/coll/intel/src/mpir_conbc.c
fn=MPII_Conbc_init
0 1 1 1 0 0 0 0 0 0
144 1 1 1 0 0 0 1 0 0
147 3 0 0 1 0 0 0 0 0
160 3 0 0 2 0 0 0 0 0
fl=/build/impi/_buildspace/release/../../src/mpi/coll/op/op_impl.c
fn=MPIR_Op_is_commutative
0 7 0 0 0 0 0 0 0 0
127 42 2 2 0 0 0 0 0 0
128 21 2 2 0 0 0 0 0 0
143 7 0 0 7 0 0 0 0 0
fl=/build/impi/_buildspace/release/../../src/mpi/coll/reduce/reduce_intra_binomial.c
fn=MPIR_Reduce_intra_binomial
0 19 4 4 5 0 0 3 0 0
29 9 1 1 0 0 0 8 0 0
37 2 1 1 0 0 0 1 0 0
39 2 0 0 0 0 0 0 0 0
42 1 0 0 1 1 1 0 0 0
43 1 0 0 1 1 1 0 0 0
47 2 0 0 0 0 0 1 0 0
48 7 1 1 0 0 0 1 0 0
50 1 0 0 0 0 0 1 0 0
52 9 1 1 1 0 0 2 0 0
55 1 0 0 0 0 0 0 0 0
59 2 0 0 1 0 0 0 0 0
66 1 0 0 0 0 0 0 0 0
67 7 2 2 2 0 0 1 0 0
68 2 0 0 0 0 0 0 0 0
105 4 0 0 1 0 0 0 0 0
109 5 0 0 0 0 0 1 0 0
111 3 0 0 0 0 0 1 0 0
160 2 0 0 0 0 0 0 0 0
179 10 2 2 1 0 0 1 0 0
180 2 0 0 0 0 0 0 0 0
182 4 0 0 2 0 0 0 0 0
187 9 0 0 7 0 0 0 0 0
fl=/build/impi/_buildspace/release/../../src/mpi/comm/builtin_comms.c
fn=???
112 16 1 1 0 0 0 14 0 0
118 8 1 1 2 1 0 0 0 0
124 6 0 0 2 2 0 0 0 0
134 4 2 2 0 0 0 2 1 0
136 2 0 0 2 2 2 0 0 0
137 4 0 0 0 0 0 0 0 0
fn=MPIR_finalize_builtin_comms
164 2 1 1 0 0 0 1 0 0
169 4 0 0 1 1 0 0 0 0
170 1 0 0 0 0 0 1 0 0
171 2 0 0 0 0 0 0 0 0
172 1 1 1 0 0 0 1 0 0
177 3 0 0 1 0 0 0 0 0
178 1 0 0 0 0 0 1 0 0
179 2 0 0 0 0 0 0 0 0
180 1 0 0 0 0 0 1 0 0
185 4 0 0 1 0 0 0 0 0
201 4 1 1 2 0 0 0 0 0
fn=MPIR_init_comm_self
48 2 0 0 0 0 0 1 0 0
53 3 1 1 1 1 0 1 0 0
54 1 0 0 0 0 0 1 0 0
55 2 0 0 1 0 0 1 0 0
56 2 0 0 1 0 0 1 0 0
58 1 0 0 0 0 0 1 0 0
62 1 0 0 0 0 0 1 0 0
69 4 1 1 0 0 0 1 0 0
70 2 0 0 1 0 0 1 0 0
73 3 0 0 2 0 0 0 0 0
fn=MPIR_init_comm_world
15 1 1 1 0 0 0 1 0 0
20 3 0 0 0 0 0 1 0 0
21 1 0 0 0 0 0 1 0 0
23 2 0 0 2 1 1 0 0 0
24 1 0 0 0 0 0 1 0 0
25 1 0 0 0 0 0 1 0 0
27 1 0 0 0 0 0 1 0 0
29 1 0 0 0 0 0 1 0 0
30 2 0 0 1 0 0 1 0 0
31 1 1 1 0 0 0 1 0 0
38 4 0 0 0 0 0 1 0 0
39 2 0 0 1 0 0 1 0 0
42 3 0 0 2 0 0 0 0 0
fl=/build/impi/_buildspace/release/../../src/mpi/comm/comm_impl.c
fn=???
0 18 0 0 0 0 0 0 0 0
78 72 2 1 0 0 0 54 0 0
81 9 0 0 9 1 0 0 0 0
83 18 0 0 0 0 0 9 0 0
84 18 0 0 0 0 0 0 0 0
87 27 4 1 18 2 1 9 0 0
89 18 0 0 9 0 0 9 0 0
91 18 0 0 9 2 0 0 0 0
92 36 0 0 0 0 0 0 0 0
98 36 0 0 0 0 0 9 0 0
99 36 2 1 27 0 0 9 0 0
100 18 0 0 0 0 0 0 0 0
105 9 0 0 0 0 0 9 0 0
106 18 0 0 9 1 0 9 0 0
107 9 0 0 0 0 0 9 0 0
109 18 0 0 0 0 0 9 0 0
116 72 0 0 63 1 0 0 0 0
fn=MPIR_Comm_free_impl
0 3 1 1 0 0 0 0 0 0
886 6 1 1 0 0 0 3 0 0
890 6 0 0 0 0 0 0 0 0
892 9 0 0 3 0 0 0 0 0
896 12 0 0 6 0 0 0 0 0
fn=MPIR_Comm_group_impl
0 27 2 1 0 0 0 0 0 0
931 48 4 1 0 0 0 48 0 0
936 48 0 0 16 3 0 0 0 0
937 9 0 0 0 0 0 9 0 0
938 18 0 0 0 0 0 0 0 0
940 25 0 0 9 0 0 16 1 0
946 80 0 0 48 0 0 0 0 0
fn=MPIR_Comm_rank_impl
36 6 2 1 3 2 0 3 1 1
37 6 0 0 3 0 0 0 0 0
fn=MPIR_Comm_size_impl
42 74 4 2 37 18 12 37 1 1
43 74 0 0 37 0 0 0 0 0
fl=/build/impi/_buildspace/release/../../src/mpi/comm/comm_split.c
fn=MPIR_Comm_split_impl
0 234 17 11 21 3 1 12 0 0
52 9 0 0 3 2 0 0 0 0
55 12 0 0 0 0 0 0 0 0
56 6 3 1 0 0 0 3 0 0
57 12 1 1 0 0 0 3 0 0
83 33 2 2 0 0 0 24 0 0
89 6 0 0 0 0 0 6 0 0
93 9 0 0 0 0 0 6 0 0
95 3 0 0 3 0 0 0 0 0
96 3 0 0 3 0 0 0 0 0
97 3 0 0 3 0 0 0 0 0
100 24 0 0 0 0 0 9 0 0
102 6 0 0 3 0 0 3 2 0
103 3 0 0 0 0 0 3 0 0
107 9 1 1 3 1 0 0 0 0
117 3 0 0 0 0 0 3 0 0
119 30 3 1 0 0 0 9 0 0
124 6 0 0 0 0 0 0 0 0
128 15 3 1 0 0 0 0 0 0
133 12 0 0 0 0 0 0 0 0
137 6 0 0 3 0 0 0 0 0
138 3 0 0 0 0 0 0 0 0
139 3 0 0 0 0 0 3 0 0
150 9 0 0 3 0 0 3 0 0
201 6 0 0 0 0 0 0 0 0
210 9 0 0 0 0 0 3 0 0
211 6 0 0 0 0 0 0 0 0
215 6 3 1 3 0 0 0 0 0
253 6 0 0 0 0 0 3 0 0
256 6 0 0 0 0 0 0 0 0
258 3 0 0 0 0 0 3 0 0
259 6 0 0 0 0 0 0 0 0
262 9 0 0 6 0 0 3 0 0
263 3 0 0 0 0 0 3 0 0
264 6 0 0 3 0 0 3 0 0
266 6 3 1 3 2 0 3 0 0
275 39 3 1 6 0 0 9 0 0
277 24 0 0 0 0 0 0 0 0
278 9 0 0 3 0 0 3 3 0
279 3 0 0 0 0 0 3 0 0
280 3 0 0 3 0 0 0 0 0
287 6 0 0 3 0 0 0 0 0
338 9 1 1 6 0 0 3 0 0
339 3 0 0 0 0 0 3 0 0
341 15 0 0 0 0 0 3 0 0
344 18 0 0 3 0 0 0 0 0
345 24 1 1 15 0 0 3 3 0
346 6 0 0 3 0 0 0 0 0
347 12 0 0 3 0 0 3 0 0
352 12 1 1 3 0 0 0 0 0
353 9 1 1 6 0 0 3 0 0
354 6 0 0 0 0 0 0 0 0
357 6 1 1 3 0 0 0 0 0
359 9 1 1 6 1 0 3 0 0
360 3 0 0 0 0 0 3 0 0
361 6 0 0 0 0 0 0 0 0
363 9 0 0 3 0 0 0 0 0
371 45 5 2 6 3 0 6 0 0
375 27 0 0 21 6 0 0 0 0
fl=/build/impi/_buildspace/release/../../src/mpi/comm/commutil.c
fn=MPII_Comm_copy_hints
0 35 0 0 0 0 0 0 0 0
314 45 7 2 5 0 0 35 0 0
317 440 0 0 5 0 0 0 0 0
319 525 4 1 85 0 0 0 0 0
325 60 2 1 30 2 2 0 0 0
348 60 4 2 45 0 0 0 0 0
fn=MPII_Comm_init
0 33 0 0 0 0 0 0 0 0
541 22 4 2 0 0 0 11 0 0
545 11 0 0 0 0 0 11 0 0
552 11 6 2 0 0 0 11 11 11
553 11 0 0 0 0 0 11 3 3
557 11 0 0 0 0 0 11 11 11
558 11 0 0 0 0 0 11 0 0
559 22 0 0 0 0 0 11 0 0
561 11 0 0 0 0 0 11 8 8
563 11 0 0 0 0 0 11 11 11
564 11 0 0 0 0 0 11 11 11
567 781 0 0 11 3 1 0 0 0
568 374 4 2 187 29 7 0 0 0
569 396 0 0 132 23 5 132 0 0
573 11 0 0 0 0 0 11 3 3
574 11 0 0 0 0 0 11 1 1
576 11 0 0 0 0 0 11 0 0
580 11 4 2 0 0 0 11 0 0
584 22 0 0 0 0 0 22 7 7
598 77 0 0 0 0 0 33 0 0
603 22 0 0 0 0 0 11 11 11
607 11 0 0 0 0 0 11 0 0
609 11 0 0 0 0 0 11 2 2
610 11 0 0 0 0 0 11 0 0
611 11 0 0 0 0 0 11 0 0
612 11 0 0 0 0 0 11 0 0
613 22 4 2 0 0 0 11 0 0
614 11 0 0 0 0 0 11 0 0
616 11 0 0 0 0 0 11 0 0
617 11 0 0 0 0 0 11 0 0
618 11 0 0 0 0 0 11 3 3
619 11 0 0 0 0 0 11 1 1
620 11 4 2 0 0 0 11 0 0
626 33 0 0 22 0 0 0 0 0
fn=MPIR_Comm_commit
0 35 2 1 0 0 0 0 0 0
799 21 0 0 5 0 0 0 0 0
800 3 0 0 3 0 0 0 0 0
801 12 1 1 6 0 0 0 0 0
802 6 0 0 3 0 0 3 0 0
803 6 0 0 0 0 0 3 0 0
806 5 2 1 0 0 0 5 0 0
882 5 0 0 0 0 0 5 0 0
883 10 0 0 0 0 0 0 0 0
886 10 0 0 5 0 0 5 2 2
1140 25 2 1 0 0 0 15 0 0
1155 20 0 0 10 0 0 0 0 0
1156 10 0 0 0 0 0 5 0 0
1157 10 1 0 0 0 0 0 0 0
1162 10 0 0 0 0 0 5 0 0
1163 10 3 1 0 0 0 0 0 0
1182 10 0 0 0 0 0 5 0 0
1183 10 0 0 0 0 0 0 0 0
1185 15 0 0 5 0 0 0 0 0
1193 15 4 1 5 0 0 0 0 0
1195 10 0 0 5 0 0 5 1 0
1197 5 0 0 0 0 0 5 0 0
1198 10 0 0 0 0 0 0 0 0
1201 30 3 1 15 5 1 0 0 0
1212 25 0 0 20 3 0 0 0 0
fn=MPIR_Comm_create
635 16 4 2 0 0 0 12 0 0
641 8 0 0 0 0 0 4 0 0
642 8 0 0 0 0 0 0 0 0
644 4 0 0 0 0 0 4 0 0
646 8 0 0 0 0 0 4 0 0
652 8 0 0 0 0 0 4 0 0
657 20 0 0 12 0 0 0 0 0
fn=MPIR_Comm_create_subcomms
0 80 0 0 0 0 0 5 0 0
641 10 0 0 0 0 0 5 0 0
642 10 0 0 0 0 0 0 0 0
644 5 0 0 0 0 0 5 1 1
646 10 0 0 0 0 0 5 0 0
652 10 0 0 0 0 0 5 0 0
799 25 0 0 5 0 0 0 0 0
800 5 0 0 5 0 0 0 0 0
801 20 0 0 10 0 0 0 0 0
803 10 2 1 0 0 0 5 0 0
806 5 2 1 0 0 0 5 0 0
815 10 0 0 5 0 0 5 0 0
816 15 2 1 0 0 0 5 0 0
817 5 0 0 0 0 0 5 0 0
818 15 0 0 0 0 0 5 0 0
882 10 0 0 0 0 0 5 0 0
883 10 0 0 0 0 0 0 0 0
886 10 4 1 5 0 0 5 0 0
905 10 0 0 5 0 0 5 0 0
906 10 0 0 5 0 0 5 0 0
907 10 0 0 5 0 0 5 0 0
912 15 0 0 5 0 0 0 0 0
915 15 4 1 5 0 0 0 0 0
916 10 0 0 5 1 0 5 0 0
920 35 2 1 0 0 0 25 0 0
922 10 0 0 0 0 0 10 0 0
923 10 0 0 0 0 0 10 0 0
924 10 4 1 0 0 0 10 0 0
931 10 0 0 0 0 0 5 0 0
932 5 0 0 0 0 0 0 0 0
934 10 0 0 0 0 0 0 0 0
948 15 2 1 0 0 0 5 0 0
949 5 2 1 0 0 0 0 0 0
951 10 0 0 0 0 0 0 0 0
974 20 2 1 10 0 0 0 0 0
987 10 0 0 0 0 0 0 0 0
1021 10 2 1 5 0 0 0 0 0
1025 20 4 1 10 0 0 5 0 0
1026 5 0 0 0 0 0 5 0 0
1027 10 2 1 5 0 0 5 0 0
1028 5 0 0 0 0 0 5 0 0
1029 5 0 0 0 0 0 5 0 0
1030 5 0 0 0 0 0 5 0 0
1033 10 0 0 5 0 0 5 0 0
1034 5 0 0 0 0 0 5 0 0
1039 5 0 0 5 0 0 0 0 0
1042 5 4 1 5 0 0 0 0 0
1044 30 4 1 10 0 0 5 0 0
1046 5 0 0 5 0 0 0 0 0
1049 10 0 0 5 0 0 5 0 0
1050 10 0 0 0 0 0 0 0 0
1056 5 0 0 0 0 0 5 0 0
1059 10 0 0 5 1 0 5 0 0
1060 10 0 0 5 0 0 5 0 0
1062 40 4 1 30 2 0 0 0 0
1897 10 0 0 0 0 0 0 0 0
fn=MPIR_Comm_delete_internal
0 40 2 1 0 0 0 10 0 0
1500 100 4 2 10 0 0 70 0 0
1504 10 0 0 10 0 0 0 0 0
1527 40 0 0 10 1 1 0 0 0
1532 30 2 1 10 7 7 0 0 0
1540 20 0 0 0 0 0 0 0 0
1552 10 0 0 10 2 1 0 0 0
1556 10 2 1 0 0 0 0 0 0
1591 20 0 0 10 0 0 0 0 0
1602 20 0 0 0 0 0 10 1 0
1603 20 0 0 0 0 0 0 0 0
1608 20 2 1 0 0 0 10 0 0
1609 20 0 0 0 0 0 0 0 0
1611 20 0 0 0 0 0 10 0 0
1612 20 0 0 0 0 0 0 0 0
1614 30 0 0 10 0 0 0 0 0
1619 20 0 0 10 0 0 0 0 0
1623 30 2 1 10 0 0 0 0 0
1624 9 0 0 0 0 0 9 0 0
1625 30 0 0 10 0 0 0 0 0
1629 30 0 0 10 9 9 0 0 0
1631 30 2 1 10 1 1 0 0 0
1634 30 0 0 10 0 0 0 0 0
1636 10 0 0 0 0 0 10 1 1
1637 30 2 1 10 0 0 0 0 0
1645 20 4 2 10 0 0 10 0 0
1646 20 0 0 10 0 0 10 0 0
1659 20 0 0 10 0 0 10 0 0
1663 40 0 0 0 0 0 10 0 0
1668 30 0 0 10 3 3 0 0 0
1680 20 2 1 0 0 0 10 0 0
1684 40 0 0 10 0 0 0 0 0
1685 24 2 1 0 0 0 8 0 0
1693 20 0 0 0 0 0 0 0 0
1702 120 1 1 90 0 0 0 0 0
fn=MPIR_Comm_free_inactive_requests
1866 12 1 1 0 0 0 10 0 0
1868 6 1 1 2 0 0 0 0 0
1870 6 1 1 2 2 2 0 0 0
1890 4 1 1 2 0 0 0 0 0
1892 14 1 1 12 0 0 0 0 0
fn=MPIR_Comm_hint_init
169 58 7 7 0 0 0 41 10 10
178 5 1 1 0 0 0 5 0 0
499 2 0 0 1 1 0 0 0 0
503 2 0 0 1 0 0 0 0 0
513 1 0 0 1 0 0 0 0 0
fn=MPIR_Comm_is_parent_comm
1222 12 1 1 6 2 0 0 0 0
fn=MPIR_Comm_map_irregular
0 8 0 0 0 0 0 8 0 0
722 104 4 1 0 0 0 56 0 0
729 32 0 0 0 0 0 8 0 0
732 8 2 1 0 0 0 8 3 0
733 8 0 0 0 0 0 8 0 0
734 8 0 0 0 0 0 8 0 0
735 8 0 0 0 0 0 8 0 0
737 16 0 0 0 0 0 0 0 0
738 10 0 0 0 0 0 5 0 0
741 39 4 1 0 0 0 6 0 0
749 64 2 1 8 0 0 24 0 0
751 16 0 0 0 0 0 0 0 0
752 3 0 0 0 0 0 3 0 0
757 80 1 1 56 0 0 0 0 0
fn=MPIR_Comm_set_session_ptr
1897 6 1 1 0 0 0 0 0 0
1902 3 0 0 3 0 0 0 0 0
fl=/build/impi/_buildspace/release/../../src/mpi/comm/contextid.c
fn=MPIR_Free_contextid
0 15 0 0 0 0 0 0 0 0
1282 70 2 1 0 0 0 70 0 0
1288 10 0 0 0 0 0 0 0 0
1301 20 2 1 0 0 0 0 0 0
1326 30 0 0 10 2 1 5 0 0
1337 35 2 1 10 0 0 0 0 0
1341 5 2 1 5 0 0 0 0 0
1342 20 2 1 0 0 0 0 0 0
1350 80 0 0 70 0 0 0 0 0
fn=MPIR_Get_contextid_sparse
285 24 3 1 0 0 0 9 0 0
288 3 0 0 0 0 0 3 0 0
289 30 0 0 12 0 0 3 0 0
290 3 0 0 3 0 0 0 0 0
fn=MPIR_Get_contextid_sparse_group
0 24 3 1 0 0 0 3 0 0
184 9 0 0 3 0 0 0 0 0
195 12 1 1 0 0 0 0 0 0
196 6 1 1 0 0 0 0 0 0
200 6 0 0 0 0 0 0 0 0
201 12 0 0 0 0 0 0 0 0
205 6 0 0 0 0 0 0 0 0
206 12 0 0 0 0 0 0 0 0
210 6 0 0 0 0 0 0 0 0
211 12 0 0 0 0 0 0 0 0
215 9 3 1 0 0 0 0 0 0
218 9 0 0 0 0 0 0 0 0
239 21 0 0 3 0 0 0 0 0
256 6 0 0 0 0 0 0 0 0
361 30 1 1 0 0 0 18 0 0
368 6 0 0 0 0 0 6 1 0
369 6 1 1 0 0 0 6 0 0
370 6 0 0 0 0 0 3 0 0
371 3 0 0 0 0 0 3 0 0
376 3 0 0 0 0 0 3 0 0
382 6 0 0 3 0 0 0 0 0
385 12 0 0 3 0 0 0 0 0
387 6 1 1 3 3 0 0 0 0
392 3 1 1 1 1 1 1 0 0
395 12 4 2 0 0 0 0 0 0
408 6 2 0 3 0 0 0 0 0
410 3 0 0 0 0 0 3 0 0
412 12 1 1 6 3 1 0 0 0
414 36 0 0 9 0 0 0 0 0
415 12 0 0 6 3 1 6 0 0
417 3 3 1 0 0 0 3 0 0
418 6 0 0 0 0 0 3 0 0
449 6 1 1 3 0 0 0 0 0
455 12 1 1 3 0 0 0 0 0
467 3 0 0 0 0 0 3 0 0
468 6 1 1 0 0 0 0 0 0
475 33 1 1 3 0 0 6 0 0
489 6 0 0 0 0 0 0 0 0
493 6 0 0 3 0 0 0 0 0
494 3 0 0 0 0 0 0 0 0
499 6 1 1 3 0 0 0 0 0
502 3 0 0 0 0 0 3 0 0
506 3 0 0 0 0 0 3 0 0
507 3 1 1 0 0 0 3 0 0
508 6 0 0 0 0 0 0 0 0
553 6 0 0 0 0 0 0 0 0
556 6 3 1 3 0 0 0 0 0
563 9 1 1 3 0 0 0 0 0
613 6 0 0 3 0 0 0 0 0
614 3 1 1 0 0 0 3 0 0
616 6 0 0 0 0 0 0 0 0
625 6 0 0 0 0 0 0 0 0
652 24 3 1 21 0 0 0 0 0
fn=MPIR_context_id_init
156 1 1 1 0 0 0 1 0 0
160 4 0 0 0 0 0 1 0 0
168 1 1 1 0 0 0 1 0 0
176 2 0 0 2 0 0 0 0 0
fl=/build/impi/_buildspace/release/../../src/mpi/datatype/datatype_impl.c
fn=MPIR_Type_commit_impl
0 5 0 0 0 0 0 0 0 0
183 5 1 1 0 0 0 5 0 0
189 50 0 0 15 2 2 0 0 0
191 10 1 1 5 5 5 0 0 0
192 5 0 0 0 0 0 5 0 0
194 10 0 0 5 0 0 5 0 0
199 10 0 0 0 0 0 5 0 0
202 15 0 0 10 0 0 0 0 0
fn=MPIR_Type_get_true_extent_impl
245 4 4 2 0 0 0 0 0 0
249 4 0 0 0 0 0 4 0 0
250 4 0 0 0 0 0 4 0 0
252 8 0 0 4 0 0 0 0 0
262 16 0 0 0 0 0 0 0 0
fl=/build/impi/_buildspace/release/../../src/mpi/datatype/type_create_pairtype.c
fn=MPIR_Type_create_pairtype
68 5 1 1 0 0 0 5 5 5
69 5 0 0 0 0 0 5 4 4
70 5 0 0 0 0 0 5 1 1
71 10 0 0 0 0 0 5 0 0
74 5 0 0 0 0 0 5 4 4
76 70 1 1 25 4 4 0 0 0
107 5 0 0 0 0 0 5 0 0
108 5 0 0 0 0 0 5 0 0
109 5 1 1 0 0 0 5 0 0
111 5 0 0 0 0 0 5 0 0
112 5 0 0 0 0 0 5 0 0
114 5 0 0 0 0 0 5 0 0
118 5 0 0 0 0 0 5 0 0
121 5 0 0 0 0 0 5 0 0
122 5 0 0 0 0 0 5 0 0
123 5 0 0 0 0 0 5 0 0
125 5 0 0 0 0 0 0 0 0
126 10 0 0 0 0 0 0 0 0
131 20 1 1 0 0 0 5 0 0
133 5 0 0 0 0 0 0 0 0
fl=/build/impi/_buildspace/release/../../src/mpi/datatype/typerep/dataloop/dataloop.c
fn=MPII_Dataloop_alloc
318 5 1 1 0 0 0 0 0 0
319 10 0 0 0 0 0 0 0 0
fn=MPII_Dataloop_alloc_and_copy
0 68 4 4 10 1 1 16 4 4
341 40 0 0 0 0 0 30 0 0
349 25 0 0 10 0 0 0 0 0
356 35 0 0 0 0 0 5 0 0
364 1 0 0 0 0 0 0 0 0
381 6 1 1 0 0 0 0 0 0
382 6 0 0 0 0 0 0 0 0
385 4 0 0 0 0 0 0 0 0
386 4 0 0 0 0 0 0 0 0
389 4 0 0 0 0 0 0 0 0
390 4 0 0 0 0 0 0 0 0
397 35 1 1 0 0 0 5 0 0
400 10 0 0 0 0 0 5 1 1
401 10 0 0 0 0 0 0 0 0
414 15 0 0 0 0 0 0 0 0
436 1 0 0 0 0 0 1 1 1
437 1 0 0 0 0 0 0 0 0
439 2 0 0 0 0 0 0 0 0
481 5 0 0 0 0 0 5 0 0
482 5 0 0 0 0 0 5 5 5
484 40 0 0 35 0 0 0 0 0
fn=MPIR_Dataloop_free
60 10 1 1 0 0 0 5 0 0
63 15 0 0 5 0 0 0 0 0
71 5 0 0 0 0 0 5 0 0
72 5 0 0 0 0 0 5 0 0
74 10 0 0 10 0 0 0 0 0
fn=MPIR_Dataloop_get_contig
643 10 1 1 5 0 0 5 0 0
644 10 0 0 5 0 0 5 0 0
645 5 0 0 5 0 0 0 0 0
fn=MPIR_Dataloop_update_contig
633 18 1 1 5 0 0 0 0 0
635 3 0 0 0 0 0 3 0 0
638 5 0 0 5 0 0 0 0 0
fl=/build/impi/_buildspace/release/../../src/mpi/datatype/typerep/dataloop/dataloop_create_contig.c
fn=MPIR_Dataloop_create_contiguous
0 12 1 1 0 0 0 0 0 0
26 36 1 1 0 0 0 20 0 0
35 8 0 0 0 0 0 0 0 0
37 12 0 0 0 0 0 0 0 0
56 12 0 0 0 0 0 4 0 0
58 12 0 0 4 0 0 0 0 0
61 4 0 0 4 0 0 0 0 0
64 4 1 1 0 0 0 4 0 0
66 4 0 0 0 0 0 4 0 0
67 4 0 0 0 0 0 4 0 0
68 4 0 0 0 0 0 4 0 0
69 4 0 0 0 0 0 4 0 0
70 16 0 0 0 0 0 4 0 0
72 8 0 0 0 0 0 4 0 0
115 4 1 1 0 0 0 4 0 0
116 8 0 0 0 0 0 4 0 0
119 28 0 0 24 0 0 0 0 0
fl=/build/impi/_buildspace/release/../../src/mpi/datatype/typerep/dataloop/dataloop_create_indexed.c
fn=MPIR_Dataloop_create_indexed
0 106 3 3 39 0 0 16 1 1
37 35 1 1 0 0 0 30 0 0
51 28 0 0 0 0 0 0 0 0
57 5 0 0 0 0 0 0 0 0
58 86 3 3 10 1 1 0 0 0
62 21 1 1 0 0 0 5 0 0
64 5 0 0 0 0 0 0 0 0
67 5 0 0 0 0 0 0 0 0
70 20 0 0 0 0 0 5 0 0
71 20 2 2 10 0 0 0 0 0
74 26 0 0 0 0 0 10 0 0
78 12 0 0 0 0 0 0 0 0
88 8 0 0 4 0 0 0 0 0
89 8 1 1 4 0 0 0 0 0
112 1 0 0 1 0 0 0 0 0
113 3 0 0 0 0 0 0 0 0
114 2 0 0 1 0 0 0 0 0
139 1 0 0 0 0 0 0 0 0
140 3 0 0 0 0 0 1 0 0
142 3 0 0 1 0 0 0 0 0
145 1 1 1 1 0 0 0 0 0
147 2 0 0 1 0 0 1 0 0
149 1 0 0 0 0 0 1 0 0
150 2 0 0 1 0 0 1 0 0
151 3 0 0 0 0 0 1 0 0
176 1 1 1 0 0 0 1 0 0
177 1 0 0 0 0 0 1 0 0
187 1 0 0 1 0 0 0 0 0
188 3 0 0 1 0 0 0 0 0
190 2 1 1 1 0 0 1 0 0
191 1 0 0 0 0 0 1 0 0
194 2 1 1 1 0 0 1 0 0
195 2 0 0 0 0 0 0 0 0
196 2 0 0 0 0 0 1 0 0
206 8 1 1 7 0 0 0 0 0
228 5 0 0 0 0 0 0 0 0
232 3 0 0 2 0 0 1 0 0
234 3 0 0 2 0 0 0 0 0
253 1 0 0 0 0 0 1 0 0
255 4 0 0 0 0 0 0 0 0
256 3 1 1 1 0 0 0 0 0
258 7 1 1 4 0 0 0 0 0
259 1 0 0 1 0 0 0 0 0
263 1 0 0 0 0 0 0 0 0
265 1 0 0 0 0 0 1 0 0
266 2 0 0 1 0 0 1 0 0
fl=/build/impi/_buildspace/release/../../src/mpi/datatype/typerep/dataloop/dataloop_create_struct.c
fn=MPIR_Dataloop_create_struct
0 255 3 3 5 0 0 35 1 1
51 35 1 1 0 0 0 30 1 1
57 10 1 1 0 0 0 0 0 0
63 40 1 1 5 0 0 0 0 0
65 20 0 0 10 0 0 0 0 0
70 40 0 0 10 0 0 0 0 0
72 20 1 1 0 0 0 0 0 0
73 50 0 0 0 0 0 0 0 0
79 10 0 0 0 0 0 0 0 0
99 45 2 2 0 0 0 0 0 0
114 20 0 0 5 0 0 0 0 0
134 25 0 0 5 0 0 5 0 0
145 5 0 0 0 0 0 0 0 0
155 45 1 1 35 0 0 0 0 0
225 20 1 1 0 0 0 5 0 0
228 10 0 0 0 0 0 0 0 0
233 10 0 0 0 0 0 5 0 0
236 10 0 0 0 0 0 0 0 0
242 35 0 0 10 0 0 0 0 0
243 30 1 1 10 0 0 0 0 0
246 85 0 0 30 0 0 0 0 0
247 40 0 0 0 0 0 10 0 0
248 20 0 0 10 0 0 10 1 0
249 10 0 0 0 0 0 0 0 0
252 25 2 2 0 0 0 0 0 0
fl=/build/impi/_buildspace/release/../../src/mpi/datatype/typerep/src/typerep_dataloop_commit.c
fn=MPIR_Typerep_commit
0 50 2 2 5 1 1 5 0 0
40 10 2 2 5 1 1 5 0 0
49 40 0 0 5 0 0 0 0 0
51 15 0 0 0 0 0 0 0 0
52 4 0 0 0 0 0 3 1 1
54 3 1 1 0 0 0 3 0 0
56 4 0 0 0 0 0 3 0 0
58 4 0 0 0 0 0 3 0 0
60 4 1 1 0 0 0 3 0 0
65 15 0 0 0 0 0 5 0 0
69 35 1 1 0 0 0 30 0 0
78 50 1 1 5 0 0 0 0 0
81 15 0 0 5 5 3 0 0 0
87 24 1 1 0 0 0 0 0 0
373 20 1 1 15 5 2 5 0 0
374 10 0 0 5 0 0 5 0 0
375 10 0 0 5 0 0 5 0 0
376 10 1 1 5 0 0 5 0 0
379 40 0 0 35 0 0 0 0 0
fn=MPIR_Typerep_free
383 10 1 1 0 0 0 0 0 0
fl=/build/impi/_buildspace/release/../../src/mpi/datatype/typerep/src/typerep_dataloop_create.c
fn=MPIR_Typerep_create_pairtype
673 30 1 1 5 2 2 0 0 0
697 5 0 0 0 0 0 5 0 0
699 10 0 0 5 0 0 0 0 0
fl=/build/impi/_buildspace/release/../../src/mpi/datatype/typerep/src/typerep_dataloop_init.c
fn=MPIR_Typerep_finalize
16 1 1 1 1 0 0 0 0 0
fn=MPIR_Typerep_init
11 1 1 1 1 0 0 0 0 0
fl=/build/impi/_buildspace/release/../../src/mpi/datatype/typeutil.c
fn=???
0 5 0 0 0 0 0 0 0 0
163 1 1 1 0 0 0 1 0 0
168 15 2 2 5 2 2 0 0 0
169 50 6 6 5 2 2 0 0 0
170 5 5 5 0 0 0 5 0 0
171 5 1 1 0 0 0 5 0 0
174 3 0 0 2 0 0 0 0 0
fn=MPII_Datatype_indexed_count_contig
0 56 1 1 30 0 0 0 0 0
494 5 1 1 0 0 0 0 0 0
498 50 0 0 0 0 0 0 0 0
500 5 0 0 0 0 0 0 0 0
501 60 1 1 5 0 0 0 0 0
504 35 0 0 0 0 0 25 1 1
509 5 0 0 5 0 0 0 0 0
510 10 0 0 0 0 0 0 0 0
528 25 1 1 0 0 0 0 0 0
529 15 1 1 5 0 0 0 0 0
531 30 0 0 5 0 0 0 0 0
533 4 0 0 0 0 0 0 0 0
537 1 0 0 0 0 0 0 0 0
543 5 0 0 5 0 0 0 0 0
fn=MPIR_Datatype_commit_pairtypes
357 1 1 1 0 0 0 1 0 0
360 10 0 0 5 2 2 0 0 0
363 10 1 1 0 0 0 5 0 0
366 10 1 1 0 0 0 0 0 0
376 3 1 1 2 0 0 0 0 0
fn=MPIR_Datatype_free
600 40 1 1 0 0 0 35 0 0
603 5 0 0 0 0 0 5 0 0
608 15 1 1 5 5 5 0 0 0
611 10 1 1 5 3 3 0 0 0
612 10 0 0 0 0 0 5 0 0
614 10 0 0 5 0 0 5 0 0
616 40 1 1 35 0 0 0 0 0
fn=MPIR_Datatype_init_predefined
0 137 0 0 0 0 0 1 0 0
140 30 0 0 0 0 0 0 0 0
141 27 1 1 1 0 0 21 6 6
144 268 0 0 0 0 0 0 0 0
145 65 0 0 65 0 0 0 0 0
146 268 1 1 0 0 0 0 0 0
148 130 0 0 0 0 0 65 0 0
154 5 1 1 5 0 0 0 0 0
155 18 1 1 0 0 0 0 0 0
157 10 0 0 0 0 0 5 0 0
180 10 1 1 0 0 0 7 0 0
186 130 0 0 0 0 0 0 0 0
188 65 0 0 65 18 0 0 0 0
193 268 0 0 0 0 0 0 0 0
196 524 2 2 65 1 1 0 0 0
198 260 2 2 0 0 0 0 0 0
208 65 0 0 0 0 0 65 64 64
209 65 0 0 0 0 0 65 64 64
211 65 0 0 0 0 0 65 7 7
212 65 0 0 0 0 0 65 7 7
213 65 0 0 0 0 0 65 8 8
214 65 0 0 0 0 0 65 19 19
215 65 0 0 0 0 0 65 10 10
216 260 1 1 65 0 0 65 0 0
232 10 0 0 5 2 0 0 0 0
242 10 0 0 0 0 0 5 0 0
249 15 0 0 5 0 0 5 0 0
250 10 1 1 0 0 0 0 0 0
251 25 4 4 5 0 0 5 0 0
254 4 0 0 0 0 0 1 0 0
262 9 0 0 7 0 0 0 0 0
637 1 0 0 0 0 0 0 0 0
638 1 0 0 0 0 0 1 1 0
641 4 0 0 1 1 0 0 0 0
646 6 1 1 2 2 0 0 0 0
648 2 1 1 0 0 0 0 0 0
654 4 0 0 1 0 0 0 0 0
659 5 1 1 3 0 0 0 0 0
fl=/build/impi/_buildspace/release/../../src/mpi/errhan/errutil.c
fn=MPIR_Err_init
138 1 0 0 0 0 0 1 1 1
139 1 0 0 0 0 0 1 1 1
140 1 0 0 0 0 0 1 0 0
141 1 0 0 0 0 0 1 0 0
145 1 1 1 0 0 0 1 0 0
149 1 0 0 0 0 0 1 0 0
150 2 0 0 2 0 0 0 0 0
1916 7 1 1 0 0 0 3 2 2
1919 3 0 0 1 1 1 0 0 0
fl=/build/impi/_buildspace/release/../../src/mpi/group/group_impl.c
fn=MPIR_Group_translate_ranks_impl
0 120 6 2 8 5 1 8 0 0
481 48 2 1 0 0 0 0 0 0
482 48 2 1 0 0 0 48 7 2
484 32 0 0 16 4 0 0 0 0
486 16 0 0 16 4 0 0 0 0
489 56 4 1 0 0 0 0 0 0
492 24 0 0 8 0 0 0 0 0
497 16 2 1 16 0 0 0 0 0
498 32 0 0 8 0 0 0 0 0
540 56 2 1 48 0 0 0 0 0
fl=/build/impi/_buildspace/release/../../src/mpi/group/grouputil.c
fn=MPIR_Group_create
70 81 4 1 0 0 0 54 0 0
73 9 4 1 0 0 0 9 1 0
75 18 0 0 0 0 0 0 0 0
83 18 0 0 9 0 0 9 1 0
84 36 0 0 0 0 0 9 1 0
86 18 0 0 0 0 0 0 0 0
93 9 0 0 0 0 0 9 0 0
96 9 0 0 0 0 0 9 0 0
100 18 1 0 0 0 0 9 1 0
105 90 2 1 63 0 0 0 0 0
fn=MPIR_Group_init
34 1 1 1 0 0 0 1 1 1
36 1 0 0 0 0 0 1 0 0
38 1 0 0 0 0 0 1 0 0
39 1 0 0 0 0 0 1 0 0
42 2 0 0 1 0 0 0 0 0
fn=MPIR_Group_release
0 9 0 0 9 0 0 0 0 0
51 25 0 0 0 0 0 0 0 0
52 43 0 0 0 0 0 9 0 0
54 18 0 0 9 1 1 9 0 0
55 27 0 0 9 2 1 0 0 0
59 18 0 0 0 0 0 9 0 0
61 50 0 0 25 0 0 0 0 0
fn=MPIR_Group_set_session_ptr
435 18 4 1 0 0 0 0 0 0
439 9 0 0 9 0 0 0 0 0
fl=/build/impi/_buildspace/release/../../src/mpi/info/infoutil.c
fn=MPIR_Info_free_impl
0 4 0 0 0 0 0 0 0 0
36 4 1 1 0 0 0 3 0 0
37 8 0 0 4 1 1 0 0 0
40 2 0 0 1 1 1 1 0 0
41 3 1 1 2 0 0 1 0 0
43 1 1 1 0 0 0 1 0 0
44 3 0 0 1 0 0 0 0 0
48 5 1 1 4 0 0 0 0 0
fn=MPIR_Info_setup_env
0 3 0 0 0 0 0 0 0 0
57 2 0 0 0 0 0 1 0 0
76 5 1 1 0 0 0 5 0 0
81 2 0 0 0 0 0 0 0 0
82 1 0 0 1 0 0 0 0 0
85 2 0 0 0 0 0 0 0 0
91 6 0 0 5 0 0 0 0 0
100 3 0 0 0 0 0 2 0 0
101 1 0 0 0 0 0 1 0 0
111 4 1 1 1 0 0 2 0 0
112 4 0 0 1 0 0 2 0 0
114 1 0 0 1 0 0 0 0 0
fl=/build/impi/_buildspace/release/../../src/mpi/init/../debugger/intel/dbgcomm.h
fn=MPII_CommL_forget
52 33 3 2 11 1 1 0 0 0
53 102 4 3 24 3 2 20 6 5
55 10 2 1 10 0 0 0 0 0
57 22 0 0 0 0 0 11 0 0
58 11 0 0 11 0 0 0 0 0
fn=MPII_CommL_remember
42 97 9 3 21 9 1 43 0 0
43 11 0 0 11 0 0 0 0 0
46 11 0 0 11 0 0 0 0 0
fl=/build/impi/_buildspace/release/../../src/mpi/init/init_dbg_logging.c
fn=MPII_init_dbg_logging
69 1 1 1 0 0 0 1 0 0
71 6 0 0 2 0 0 1 0 0
72 3 0 0 2 0 0 0 0 0
fn=MPII_pre_init_dbg_logging
64 2 1 1 0 0 0 0 0 0
fl=/build/impi/_buildspace/release/../../src/mpi/init/init_util.c
fn=MPII_Call_finalize_callbacks
0 169 5 3 2 2 1 0 0 0
57 16 2 1 0 0 0 14 0 0
60 6 0 0 2 2 1 0 0 0
62 149 2 1 0 0 0 0 0 0
63 209 0 0 9 0 0 0 0 0
64 347 1 1 135 6 3 0 0 0
65 14 1 1 7 0 0 7 0 0
66 11 0 0 0 0 0 7 0 0
70 16 2 1 14 0 0 0 0 0
fn=MPIR_Add_finalize
30 42 5 2 0 0 0 21 1 0
34 21 0 0 7 0 0 0 0 0
46 28 5 2 0 0 0 7 4 1
47 7 0 0 0 0 0 7 2 2
48 21 0 0 0 0 0 14 0 0
50 14 0 0 7 5 1 0 0 0
51 2 1 0 0 0 0 2 0 0
fl=/build/impi/_buildspace/release/../../src/mpi/init/init_windows.c
fn=MPII_init_windows
81 1 1 1 1 0 0 0 0 0
fl=/build/impi/_buildspace/release/../../src/mpi/init/intel/init_async.c
fn=MPII_finalize_async
159 2 1 1 1 1 1 0 0 0
163 2 0 0 1 0 0 0 0 0
fn=MPII_init_async
0 1 1 1 0 0 0 0 0 0
129 1 1 1 0 0 0 0 0 0
131 3 0 0 1 1 1 1 0 0
135 5 0 0 2 2 1 0 0 0
147 1 0 0 1 0 0 0 0 0
fl=/build/impi/_buildspace/release/../../src/mpi/init/intel/init_bindings.c
fn=MPII_init_binding_cxx
53 2 1 1 0 0 0 1 1 1
55 1 0 0 1 0 0 0 0 0
fn=MPII_init_binding_f08
76 4 0 0 3 3 0 1 1 1
77 4 0 0 3 1 0 1 1 1
78 1 0 0 1 0 0 0 0 0
fn=MPII_init_binding_fortran
30 3 1 1 2 1 1 0 0 0
fl=/build/impi/_buildspace/release/../../src/mpi/init/intel/init_intel.c
fn=???
463 4 1 1 0 0 0 3 0 0
467 336 0 0 0 0 0 0 0 0
468 2690 2 2 896 112 112 0 0 0
471 5 0 0 3 0 0 0 0 0
475 2 1 1 0 0 0 1 0 0
485 4 1 1 1 0 0 0 0 0
501 5 2 2 2 1 1 0 0 0
511 4 1 1 2 1 1 0 0 0
523 4 1 1 2 0 0 0 0 0
fn=MPII_init_pinning
227 2 0 0 0 0 0 1 0 0
228 9 0 0 0 0 0 1 0 0
240 2 1 1 0 0 0 1 0 0
241 1 0 0 0 0 0 1 0 0
242 1 0 0 0 0 0 1 0 0
244 2 0 0 0 0 0 1 0 0
245 2 0 0 0 0 0 0 0 0
246 13 1 1 4 0 0 1 0 0
252 3 1 1 1 1 0 0 0 0
255 3 1 1 2 0 0 0 0 0
fn=MPII_init_progress_spin_count
0 16 0 0 0 0 0 14 0 0
393 8 1 1 2 2 1 0 0 0
395 11 2 2 3 1 1 0 0 0
398 6 0 0 0 0 0 2 2 2
401 16 2 2 2 2 1 0 0 0
409 8 0 0 2 0 0 0 0 0
416 10 2 2 2 2 1 0 0 0
420 12 0 0 2 1 0 0 0 0
425 16 2 2 2 0 0 0 0 0
430 8 1 1 0 0 0 0 0 0
433 18 2 2 4 0 0 0 0 0
440 10 0 0 2 2 1 0 0 0
446 16 2 2 4 0 0 0 0 0
454 8 0 0 2 0 0 0 0 0
460 2 0 0 2 0 0 0 0 0
fn=MPII_post_init_impi
0 3 1 1 0 0 0 0 0 0
329 3 1 0 0 0 0 3 0 0
332 2 1 1 0 0 0 1 0 0
333 2 0 0 0 0 0 0 0 0
334 13 0 0 4 0 0 1 0 0
351 7 1 1 1 1 0 1 1 0
357 6 0 0 2 0 0 0 0 0
363 2 1 1 0 0 0 0 0 0
370 5 1 1 1 0 0 1 0 0
371 5 1 1 0 0 0 1 0 0
373 1 0 0 0 0 0 1 0 0
374 2 0 0 0 0 0 1 0 0
376 3 1 0 1 1 0 0 0 0
380 3 1 1 1 1 0 0 0 0
385 3 0 0 1 1 0 1 0 0
386 2 0 0 0 0 0 1 0 0
387 4 1 1 0 0 0 1 0 0
388 7 0 0 3 1 0 0 0 0
fn=MPII_pre_init_impi
258 3 1 1 0 0 0 3 0 0
260 2 1 1 0 0 0 1 1 1
261 12 0 0 3 2 0 0 0 0
282 1 1 1 0 0 0 1 0 0
283 6 1 1 2 1 0 0 0 0
fl=/build/impi/_buildspace/release/../../src/mpi/init/intel/initthread.h
fn=MPII_Init_thread
0 2 0 0 0 0 0 0 0 0
9 11 1 1 0 0 0 5 0 0
11 1 0 0 0 0 0 1 0 0
12 2 0 0 0 0 0 0 0 0
24 1 0 0 0 0 0 0 0 0
29 3 1 1 1 1 1 1 0 0
30 2 0 0 0 0 0 0 0 0
34 1 0 0 0 0 0 1 0 0
35 2 1 0 0 0 0 0 0 0
40 2 0 0 0 0 0 1 0 0
44 3 1 1 0 0 0 1 0 0
46 1 0 0 0 0 0 1 0 0
47 3 0 0 0 0 0 1 0 0
58 1 0 0 0 0 0 1 0 0
59 1 0 0 0 0 0 1 0 0
60 1 0 0 0 0 0 1 0 0
61 1 0 0 0 0 0 1 0 0
63 3 0 0 1 1 0 0 0 0
66 3 1 1 1 1 0 0 0 0
69 1 0 0 0 0 0 1 0 0
70 1 0 0 0 0 0 1 0 0
71 1 0 0 0 0 0 1 0 0
72 1 0 0 0 0 0 1 0 0
74 1 0 0 0 0 0 1 0 0
75 2 0 0 0 0 0 0 0 0
77 1 0 0 0 0 0 1 0 0
78 2 1 1 0 0 0 0 0 0
80 1 0 0 0 0 0 1 0 0
81 2 0 0 0 0 0 0 0 0
83 3 0 0 0 0 0 1 0 0
84 2 0 0 0 0 0 0 0 0
86 2 0 0 0 0 0 1 0 0
87 1 0 0 0 0 0 1 0 0
88 2 0 0 0 0 0 0 0 0
90 1 0 0 0 0 0 1 0 0
91 2 1 1 0 0 0 0 0 0
93 3 0 0 1 1 0 0 0 0
114 2 1 1 0 0 0 1 0 0
117 3 0 0 1 0 0 1 0 0
118 2 1 1 0 0 0 0 0 0
120 3 0 0 1 0 0 0 0 0
132 1 0 0 0 0 0 1 0 0
133 2 1 1 0 0 0 0 0 0
138 1 0 0 0 0 0 1 0 0
139 2 0 0 0 0 0 0 0 0
145 1 0 0 0 0 0 1 0 0
148 2 0 0 0 0 0 1 0 0
156 1 0 0 0 0 0 1 0 0
157 2 0 0 0 0 0 0 0 0
166 1 0 0 0 0 0 1 0 0
171 4 1 1 1 1 0 1 0 0
174 1 0 0 0 0 0 1 0 0
175 2 0 0 0 0 0 0 0 0
179 2 0 0 0 0 0 0 0 0
180 3 0 0 1 0 0 1 1 1
184 6 1 1 2 2 0 0 0 0
188 8 1 1 6 0 0 0 0 0
fl=/build/impi/_buildspace/release/../../src/mpi/init/local_proc_attrs.c
fn=MPII_finalize_builtin_infos
121 1 1 1 0 0 0 1 0 0
124 3 0 0 1 1 0 1 0 0
125 1 0 0 0 0 0 1 0 0
126 4 0 0 1 0 0 0 0 0
fn=MPII_init_builtin_infos
0 1 0 0 0 0 0 1 0 0
108 2 1 1 0 0 0 0 0 0
112 2 0 0 0 0 0 1 1 1
115 9 0 0 2 1 0 1 0 0
117 3 1 1 2 0 0 0 0 0
fn=MPII_init_local_proc_attrs
35 3 1 1 1 1 0 0 0 0
36 1 0 0 0 0 0 1 0 0
40 3 0 0 0 0 0 2 1 1
50 4 1 1 1 0 0 1 1 1
58 3 0 0 1 1 1 1 1 1
62 1 0 0 0 0 0 1 0 0
67 3 0 0 0 0 0 2 0 0
75 1 0 0 0 0 0 1 0 0
77 1 1 1 0 0 0 1 0 0
80 1 0 0 0 0 0 1 0 0
88 3 0 0 2 0 0 0 0 0
fl=/build/impi/_buildspace/release/../../src/mpi/init/mpir_init.c
fn=MPII_Finalize
377 5 1 1 0 0 0 3 0 0
380 2 0 0 0 0 0 0 0 0
384 1 0 0 0 0 0 0 0 0
406 4 1 1 1 1 1 1 0 0
407 2 0 0 0 0 0 0 0 0
411 1 0 0 0 0 0 1 0 0
412 2 0 0 0 0 0 0 0 0
418 2 1 1 0 0 0 1 0 0
422 3 0 0 0 0 0 1 0 0
428 3 0 0 1 1 1 0 0 0
434 1 0 0 0 0 0 1 0 0
435 2 0 0 0 0 0 0 0 0
440 1 0 0 0 0 0 1 0 0
441 2 1 1 0 0 0 0 0 0
453 3 0 0 0 0 0 1 0 0
455 1 0 0 0 0 0 1 0 0
456 1 0 0 0 0 0 1 0 0
458 1 0 0 0 0 0 1 0 0
459 2 0 0 0 0 0 0 0 0
463 1 0 0 0 0 0 0 0 0
464 1 0 0 0 0 0 1 0 0
483 3 1 1 1 1 0 1 0 0
484 1 0 0 0 0 0 1 0 0
489 1 0 0 0 0 0 1 0 0
490 1 0 0 0 0 0 1 0 0
494 1 0 0 0 0 0 0 0 0
498 6 0 0 4 1 0 0 0 0
fn=MPIR_Finalize_impl
505 2 1 1 0 0 0 0 0 0
fn=MPIR_Init_impl
0 3 1 1 0 0 0 0 0 0
122 7 1 1 0 0 0 4 0 0
127 4 1 1 0 0 0 1 0 0
143 5 0 0 0 0 0 1 0 0
145 6 1 1 5 1 1 0 0 0
fl=/build/impi/_buildspace/release/../../src/mpi/init/mutex.c
fn=MPII_thread_mutex_create
27 5 1 1 0 0 0 5 0 0
35 7 1 1 0 0 0 3 1 1
38 7 1 1 0 0 0 3 1 1
41 7 0 0 0 0 0 3 1 1
44 7 1 1 0 0 0 3 1 1
48 7 1 1 0 0 0 3 1 1
52 193 0 0 0 0 0 0 0 0
53 454 1 1 0 0 0 192 56 56
71 6 1 1 6 0 0 0 0 0
fn=MPII_thread_mutex_destroy
75 5 1 1 0 0 0 5 0 0
83 4 0 0 0 0 0 1 0 0
86 4 1 1 0 0 0 1 0 0
89 4 0 0 0 0 0 1 0 0
92 4 0 0 0 0 0 1 0 0
96 4 1 1 0 0 0 1 0 0
100 25 0 0 0 0 0 0 0 0
101 318 3 3 0 0 0 64 0 0
117 6 1 1 6 0 0 0 0 0
fl=/build/impi/_buildspace/release/../../src/mpi/misc/intel/utils.c
fn=MPIR_Localcopy
0 8 2 2 1 0 0 1 0 0
42 10 1 1 0 0 0 6 0 0
47 1 0 0 0 0 0 1 0 0
54 5 0 0 0 0 0 1 0 0
55 3 0 0 0 0 0 0 0 0
57 1 1 1 0 0 0 0 0 0
58 1 0 0 0 0 0 0 0 0
60 3 0 0 0 0 0 2 0 0
63 4 0 0 0 0 0 0 0 0
67 3 0 0 0 0 0 1 0 0
76 3 0 0 1 0 0 0 0 0
91 4 1 1 0 0 0 0 0 0
92 4 0 0 1 0 0 0 0 0
195 9 2 2 7 0 0 0 0 0
fl=/build/impi/_buildspace/release/../../src/mpi/misc/memory_alloc_kinds.c
fn=MPIR_get_supported_memory_kinds
0 9 2 2 2 0 0 0 0 0
25 9 1 1 0 0 0 7 1 1
35 14 1 1 3 1 0 0 0 0
36 4 1 1 2 2 2 2 0 0
41 2 0 0 0 0 0 0 0 0
65 4 0 0 0 0 0 2 1 0
67 11 1 1 0 0 0 0 0 0
68 4 0 0 2 0 0 2 0 0
71 9 1 1 7 0 0 0 0 0
125 6 0 0 1 1 1 0 0 0
fl=/build/impi/_buildspace/release/../../src/mpi/pt2pt/bsendutil.c
fn=MPIR_Comm_bsend_finalize
195 20 2 1 10 2 2 0 0 0
972 20 0 0 10 0 0 0 0 0
fn=MPIR_Process_bsend_finalize
195 3 2 2 1 1 1 0 0 0
947 2 0 0 1 0 0 0 0 0
fl=/build/impi/_buildspace/release/../../src/mpi/request/mpir_request.c
fn=MPII_init_request
38 2 1 1 0 0 0 0 0 0
41 128 0 0 0 0 0 0 0 0
42 516 3 3 0 0 0 480 64 64
77 1 0 0 1 0 0 0 0 0
fl=/build/impi/_buildspace/release/../../src/mpi_t/events_impl.c
fn=MPIR_T_events_finalize
164 1 1 1 1 0 0 0 0 0
fl=/build/impi/_buildspace/release/../../src/mpi_t/mpit.c
fn=???
0 280 8 2 31 8 2 0 0 0
75 136 3 1 0 0 0 119 0 0
81 374 4 2 151 2 1 26 0 0
82 68 0 0 51 0 0 0 0 0
83 17 0 0 0 0 0 17 0 0
84 17 0 0 0 0 0 17 0 0
85 136 0 0 17 0 0 51 0 0
86 119 0 0 17 0 0 51 0 0
87 119 0 0 17 0 0 51 0 0
88 119 3 1 17 0 0 51 0 0
91 51 0 0 34 0 0 0 0 0
92 51 0 0 0 0 0 17 0 0
95 17 0 0 0 0 0 17 17 17
96 17 3 1 0 0 0 17 0 0
97 2049 23 11 280 0 0 248 18 17
100 153 4 1 119 0 0 0 0 0
fn=MPIR_T_CVAR_REGISTER_impl
0 37100 5 5 4313 914 2 0 0 0
310 19812 3 3 5334 0 0 12954 0 0
316 175656 8 8 18478 4021 0 761 0 0
328 14614 3 3 6136 62 1 786 3 0
329 3048 0 0 2286 0 0 0 0 0
330 1524 1 1 762 0 0 762 0 0
331 762 0 0 0 0 0 762 0 0
332 762 1 1 0 0 0 762 0 0
334 1524 0 0 762 0 0 0 0 0
335 1206 0 0 402 0 0 402 0 0
337 1440 0 0 360 0 0 720 0 0
339 720 1 1 0 0 0 0 0 0
340 207 0 0 0 0 0 207 207 207
347 1524 0 0 762 0 0 762 0 0
348 1524 0 0 762 0 0 762 0 0
349 1524 0 0 762 0 0 762 0 0
350 1524 0 0 762 0 0 762 0 0
351 1524 0 0 762 3 0 762 0 0
352 762 1 1 0 0 0 762 0 0
353 762 0 0 0 0 0 762 0 0
354 762 0 0 0 0 0 762 0 0
358 2286 1 1 1524 0 0 0 0 0
359 2286 0 0 0 0 0 762 0 0
362 762 0 0 0 0 0 762 762 762
363 762 0 0 0 0 0 762 0 0
364 201624 20 14 20196 989 0 16334 775 762
368 6858 0 0 4572 2 0 0 0 0
fn=MPIR_T_PVAR_REGISTER_impl
0 31 4 4 5 1 1 0 0 0
396 54 3 2 14 0 0 36 2 0
400 2 0 0 0 0 0 0 0 0
403 12 1 1 2 1 0 2 0 0
415 55 3 3 21 2 1 5 1 0
416 8 0 0 6 0 0 0 0 0
417 4 0 0 2 0 0 2 0 0
418 4 0 0 2 0 0 2 0 0
419 2 0 0 0 0 0 2 0 0
420 4 0 0 2 0 0 2 0 0
422 4 0 0 2 0 0 2 0 0
423 4 1 1 2 0 0 2 0 0
424 4 0 0 2 0 0 2 0 0
425 4 0 0 2 0 0 2 0 0
426 4 0 0 2 0 0 2 0 0
427 4 0 0 2 0 0 2 0 0
428 4 0 0 2 0 0 2 0 0
429 2 0 0 0 0 0 2 0 0
430 2 0 0 0 0 0 2 0 0
434 6 0 0 4 0 0 0 0 0
435 6 1 1 0 0 0 2 0 0
438 2 0 0 0 0 0 2 2 2
439 2 0 0 0 0 0 2 0 0
440 244 6 6 36 0 0 38 2 2
444 24 2 2 18 0 0 0 0 0
fn=MPIR_T_cat_add_cvar
0 16673 1 1 1472 8 0 0 0 0
143 6096 1 1 0 0 0 6096 0 0
149 3048 0 0 762 32 3 0 0 0
152 88480 10 8 13753 288 0 1514 0 0
156 754 0 0 754 0 0 0 0 0
157 5278 1 1 3770 110 0 0 0 0
159 12066 3 3 4734 141 2 880 0 0
162 18 0 0 0 0 0 6 0 0
163 198 2 1 66 0 0 24 0 0
165 6 0 0 6 0 0 0 0 0
169 6858 0 0 5334 0 0 0 0 0
fn=MPIR_T_cat_add_desc
0 173 2 2 21 1 1 0 0 0
227 99 2 2 0 0 0 88 0 0
236 1015 7 7 126 0 0 10 0 0
247 33 1 1 0 0 0 11 0 0
248 11 0 0 0 0 0 11 0 0
251 11 0 0 11 0 0 0 0 0
254 99 1 1 77 0 0 0 0 0
fn=MPIR_T_cat_add_pvar
0 33 3 2 3 1 0 0 0 0
109 16 1 1 0 0 0 16 0 0
115 8 1 1 2 1 0 0 0 0
118 172 4 4 24 6 0 4 0 0
122 2 1 1 2 0 0 0 0 0
123 14 0 0 10 2 0 0 0 0
125 48 2 2 17 4 0 5 0 0
134 18 1 1 14 0 0 0 0 0
fl=/build/impi/_buildspace/release/../../src/mpi_t/mpit_finalize.c
fn=MPIR_T_env_finalize
0 1927 1 1 781 0 0 0 0 0
14 4 1 1 1 0 0 0 0 0
16 2 0 0 1 1 1 0 0 0
30 4 1 1 1 0 0 2 0 0
31 1 0 0 0 0 0 1 0 0
40 4 1 1 1 0 0 0 0 0
42 87 0 0 35 1 1 0 0 0
43 85 1 1 51 1 1 0 0 0
44 34 0 0 17 5 5 17 0 0
45 34 0 0 17 8 8 17 0 0
46 204 2 2 102 18 18 51 0 0
47 92 2 2 38 17 17 35 0 0
48 85 1 1 34 17 17 34 0 0
49 85 0 0 34 17 17 34 0 0
53 13 2 2 5 1 0 3 0 0
54 1 0 0 0 0 0 1 0 0
57 4 1 1 1 0 0 0 0 0
60 49 0 0 17 0 0 0 0 0
61 622 4 4 240 37 37 51 5 5
62 18 0 0 0 0 0 17 0 0
66 3 0 0 1 0 0 0 0 0
67 1 0 0 0 0 0 1 0 0
77 1 0 0 0 0 0 1 0 0
79 4 0 0 1 1 1 0 0 0
81 3812 0 0 1525 1 1 0 0 0
82 3048 1 1 2286 1 1 0 0 0
83 1524 0 0 762 191 191 762 0 0
84 1524 0 0 762 762 762 762 0 0
85 1524 0 0 762 95 95 0 0 0
86 720 1 1 360 0 0 360 0 0
90 13 1 1 5 0 0 3 0 0
91 1 0 0 0 0 0 1 0 0
94 4 1 1 1 1 0 0 0 0
97 2284 0 0 762 0 0 0 0 0
98 28966 4 4 10986 1360 1070 2574 615 518
99 763 0 0 0 0 0 762 0 0
103 3 0 0 1 0 0 0 0 0
104 1 1 1 0 0 0 1 0 0
113 4 0 0 1 1 1 0 0 0
115 12 0 0 5 1 1 0 0 0
116 10 0 0 6 1 1 0 0 0
117 4 2 2 2 1 1 2 0 0
118 4 0 0 2 2 2 2 0 0
122 13 4 4 5 0 0 3 0 0
123 1 0 0 0 0 0 1 0 0
126 30 0 0 0 0 0 0 0 0
127 40 0 0 10 1 0 0 0 0
130 2 0 0 2 0 0 0 0 0
131 26 3 3 10 4 4 6 0 0
132 4 0 0 0 0 0 2 0 0
136 6 0 0 2 0 0 0 0 0
137 2 0 0 0 0 0 2 0 0
145 7 1 1 0 0 0 7 0 0
150 1 0 0 0 0 0 1 0 0
151 2 1 1 0 0 0 1 0 0
152 8 0 0 7 1 0 0 0 0
fl=/build/impi/_buildspace/release/../../src/mpi_t/mpit_initthread.c
fn=MPIR_T_env_init
60 9 1 1 1 0 0 3 0 0
67 9 0 0 1 0 0 3 0 0
68 2 1 1 0 0 0 1 0 0
69 2 0 0 0 0 0 1 0 0
76 9 1 1 1 0 0 3 1 1
77 2 0 0 0 0 0 1 0 0
78 2 1 0 0 0 0 1 0 0
84 1 1 1 0 0 0 1 0 0
95 2 0 0 1 1 1 0 0 0
96 1 1 1 0 0 0 1 0 0
100 1 0 0 0 0 0 1 0 0
105 3 0 0 2 1 0 0 0 0
fl=/build/impi/_buildspace/release/../../src/mpi_t/pvar_impl.c
fn=MPIR_T_pvar_env_init
25 1 1 1 0 0 0 1 0 0
29 9 1 1 1 0 0 3 1 1
31 6 0 0 0 0 0 5 0 0
35 1 1 1 0 0 0 1 1 1
37 2 0 0 2 0 0 0 0 0
fl=/build/impi/_buildspace/release/../../src/mpid/ch4/generic/am/mpidig_am_comm_abort.c
fn=MPIDIG_am_comm_abort_init
16 4 1 1 0 0 0 0 0 0
fl=/build/impi/_buildspace/release/../../src/mpid/ch4/generic/am/mpidig_am_init.c
fn=MPIDIG_am_finalize
140 5 1 1 0 0 0 5 0 0
144 2 0 0 1 1 1 0 0 0
145 2 0 0 1 0 0 1 0 0
146 7 0 0 5 0 0 0 0 0
fn=MPIDIG_am_init
0 2 1 1 0 0 0 0 0 0
29 78 10 10 0 0 0 43 7 6
30 56 5 5 0 0 0 37 7 7
36 2 1 1 0 0 0 1 0 0
41 2 0 0 0 0 0 1 1 0
42 3 0 0 0 0 0 1 0 0
51 20 1 1 1 1 0 0 0 0
52 1 1 1 0 0 0 1 1 0
62 4 0 0 0 0 0 2 1 0
123 1 0 0 0 0 0 1 0 0
125 1 0 0 0 0 0 1 0 0
126 2 0 0 0 0 0 0 0 0
128 1 0 0 0 0 0 1 0 0
129 2 0 0 0 0 0 0 0 0
134 4 0 0 2 0 0 0 0 0
fn=MPIDIG_am_reg_cb
29 6 2 2 0 0 0 2 1 1
30 2 0 0 0 0 0 2 1 1
33 2 0 0 2 0 0 0 0 0
fl=/build/impi/_buildspace/release/../../src/mpid/ch4/include/../netmod/ofi/intel/ofi_capability_sets.h
fn=???
0 71 4 2 0 0 0 0 0 0
235 35 4 2 0 0 0 0 0 0
237 81 6 3 12 2 0 0 0 0
239 60 2 1 0 0 0 12 0 0
241 72 6 3 0 0 0 0 0 0
243 60 2 1 0 0 0 12 0 0
245 72 6 3 0 0 0 0 0 0
247 72 6 3 0 0 0 0 0 0
249 60 2 1 0 0 0 0 0 0
251 60 4 2 0 0 0 12 0 0
253 60 2 1 0 0 0 12 0 0
255 60 4 2 0 0 0 12 0 0
257 60 4 2 0 0 0 12 0 0
259 60 0 0 0 0 0 12 0 0
261 40 6 3 0 0 0 8 0 0
263 56 0 0 0 0 0 8 0 0
fn=MPIDI_OFI_mpi_init_hook
0 12 1 1 4 0 0 0 0 0
235 6 1 1 0 0 0 2 1 0
237 14 1 1 2 0 0 0 0 0
239 10 1 1 0 0 0 2 0 0
241 12 1 1 0 0 0 0 0 0
243 10 1 1 0 0 0 2 0 0
245 12 2 2 0 0 0 0 0 0
247 12 0 0 0 0 0 0 0 0
249 10 2 2 0 0 0 0 0 0
251 13 2 2 2 0 0 2 0 0
253 10 2 2 1 0 0 2 0 0
255 10 1 1 1 0 0 2 0 0
257 10 1 1 1 0 0 2 0 0
259 10 2 2 1 0 0 2 0 0
fl=/build/impi/_buildspace/release/../../src/mpid/ch4/include/mpidpost.h
fn=???
0 4 0 0 4 0 0 0 0 0
20 4 1 1 0 0 0 4 4 4
22 4 0 0 0 0 0 4 4 4
25 8 0 0 0 0 0 4 0 0
43 8 0 0 0 0 0 4 0 0
46 8 0 0 4 0 0 0 0 0
fl=/build/impi/_buildspace/release/../../src/mpid/ch4/intel/gpu/src/ch4_gpu_comm.c
fn=MPIDI_GPU_comm_release
0 11 2 1 11 0 0 0 0 0
312 77 2 1 11 1 1 11 0 0
324 11 0 0 11 0 0 0 0 0
fl=/build/impi/_buildspace/release/../../src/mpid/ch4/intel/gpu/src/ch4_gpu_device_initiated.c
fn=MPIDI_GPU_device_command_channel_finalize
834 5 1 1 0 0 0 5 0 0
835 1 0 0 0 0 0 1 0 0
836 3 0 0 1 1 1 0 0 0
866 7 1 1 5 0 0 0 0 0
fl=/build/impi/_buildspace/release/../../src/mpid/ch4/intel/gpu/src/ch4_gpu_intel.c
fn=MPIDI_GPU_finalize
638 5 1 1 0 0 0 5 0 0
642 2 0 0 0 0 0 1 0 0
645 2 0 0 1 1 1 0 0 0
650 2 0 0 0 0 0 1 0 0
652 3 1 1 1 1 1 0 0 0
661 2 1 1 1 0 0 0 0 0
672 3 1 1 1 0 0 0 0 0
675 3 0 0 1 0 0 0 0 0
679 3 0 0 1 1 1 0 0 0
683 2 0 0 0 0 0 1 0 0
684 2 0 0 0 0 0 1 0 0
686 7 0 0 5 0 0 0 0 0
857 3 1 1 1 0 0 0 0 0
866 3 1 1 1 0 0 0 0 0
875 3 1 1 1 0 0 0 0 0
884 3 1 1 1 1 1 0 0 0
893 3 1 1 1 0 0 0 0 0
902 3 1 1 1 0 0 0 0 0
fn=MPIDI_GPU_init
0 5 2 2 0 0 0 0 0 0
363 5 0 0 0 0 0 1 0 0
490 7 1 1 0 0 0 6 0 0
493 2 0 0 0 0 0 2 0 0
496 2 0 0 1 1 0 0 0 0
498 3 0 0 1 1 0 0 0 0
506 1 1 1 0 0 0 0 0 0
511 2 1 1 0 0 0 1 0 0
512 2 0 0 0 0 0 0 0 0
630 1 1 1 0 0 0 1 1 1
635 9 1 1 7 0 0 0 0 0
fl=/build/impi/_buildspace/release/../../src/mpid/ch4/intel/gpu/src/ch4_gpu_ipc.c
fn=MPIDI_GPU_ipc_finalize
331 1 1 1 0 0 0 1 0 0
336 3 0 0 1 0 0 0 0 0
343 3 1 1 2 0 0 0 0 0
fl=/build/impi/_buildspace/release/../../src/mpid/ch4/intel/gpu/src/ch4_gpu_request.c
fn=MPIDI_GPU_request_create_hook
21 4 1 1 0 0 0 4 0 0
22 4 0 0 4 0 0 0 0 0
fn=MPIDI_GPU_request_free
0 4 0 0 0 0 0 0 0 0
137 28 1 1 0 0 0 24 0 0
138 20 1 1 4 4 4 0 0 0
195 32 1 1 28 0 0 0 0 0
fl=/build/impi/_buildspace/release/../../src/mpid/ch4/intel/gpu/src/ch4_gpu_utils.c
fn=MPIDI_GPU_msg_size_info_free
227 4 1 1 0 0 0 1 0 0
228 3 0 0 1 1 1 0 0 0
232 3 0 0 1 0 0 0 0 0
237 2 0 0 2 0 0 0 0 0
fl=/build/impi/_buildspace/release/../../src/mpid/ch4/netmod/include/../ofi/intel/ofi_coll_select_init.h
fn=MPIDI_OFI_mpi_comm_collective_selection_init
17 40 0 0 10 0 0 0 0 0
23 20 0 0 10 0 0 0 0 0
27 50 0 0 20 0 0 0 0 0
28 10 0 0 0 0 0 0 0 0
fl=/build/impi/_buildspace/release/../../src/mpid/ch4/netmod/include/../ofi/intel/ofi_tag.h
fn=MPIDI_OFI_mpi_finalize_hook
137 3 0 0 1 1 1 0 0 0
138 3 0 0 1 0 0 0 0 0
140 3 0 0 2 0 0 0 0 0
141 1 0 0 1 0 0 0 0 0
142 2 0 0 0 0 0 0 0 0
144 3 1 1 1 0 0 1 0 0
145 2 0 0 1 0 0 0 0 0
157 3 0 0 1 0 0 0 0 0
177 3 0 0 2 0 0 0 0 0
178 3 0 0 0 0 0 1 0 0
fl=/build/impi/_buildspace/release/../../src/mpid/ch4/netmod/include/../ofi/ofi_impl.h
fn=???
324 11 0 0 4 3 0 0 0 0
fn=MPIDI_OFI_mpi_finalize_hook
324 10 1 1 2 2 2 0 0 0
fl=/build/impi/_buildspace/release/../../src/mpid/ch4/netmod/include/../ofi/ofi_proc.h
fn=???
54 3 1 1 0 0 0 1 0 0
59 3 1 1 1 0 0 0 0 0
81 6 2 2 4 0 0 0 0 0
fl=/build/impi/_buildspace/release/../../src/mpid/ch4/netmod/ofi/intel/ofi_coll_select_init.c
fn=MPIDI_OFI_mpi_comm_collective_selection_finalize
83 20 2 1 0 0 0 10 0 0
89 30 0 0 10 10 10 0 0 0
90 10 2 1 0 0 0 10 0 0
91 10 0 0 0 0 0 10 0 0
95 30 0 0 20 0 0 0 0 0
fn=MPIDI_OFI_mpi_comm_collective_selection_init
34 60 2 1 0 0 0 40 0 0
37 10 2 1 0 0 0 10 0 0
46 20 0 0 0 0 0 10 0 0
47 10 0 0 0 0 0 0 0 0
52 10 0 0 0 0 0 10 3 0
53 20 0 0 0 0 0 10 0 0
58 30 0 0 0 0 0 10 0 0
61 20 4 1 10 0 0 0 0 0
63 20 0 0 0 0 0 0 0 0
67 690 20 7 340 0 0 340 50 50
68 1700 20 8 0 0 0 340 0 0
79 70 2 1 50 0 0 0 0 0
fl=/build/impi/_buildspace/release/../../src/mpid/ch4/netmod/ofi/intel/ofi_tag.c
fn=MPIDI_OFI_init_tag_layout
0 2 1 1 1 0 0 0 0 0
235 7 1 1 0 0 0 6 0 0
243 9 1 1 4 0 0 0 0 0
245 1 0 0 0 0 0 0 0 0
251 15 1 1 4 1 0 0 0 0
336 2 0 0 0 0 0 0 0 0
344 2 1 1 1 0 0 0 0 0
353 7 1 1 2 1 1 2 1 1
356 1 1 1 0 0 0 1 0 0
357 1 0 0 0 0 0 1 0 0
358 1 1 1 0 0 0 1 0 0
360 7 0 0 1 1 0 0 0 0
365 9 1 1 7 0 0 0 0 0
fl=/build/impi/_buildspace/release/../../src/mpid/ch4/netmod/ofi/ofi_comm.c
fn=MPIDI_CH4_OFI_coll_offload_comm_cleanup
51 60 0 0 0 0 0 50 0 0
53 30 0 0 10 0 0 0 0 0
62 30 2 1 10 0 0 0 0 0
78 80 4 2 60 0 0 0 0 0
fn=MPIDI_OFI_mpi_comm_commit_pre_hook
205 20 4 1 0 0 0 10 0 0
214 10 0 0 0 0 0 10 0 0
217 10 4 1 0 0 0 10 0 0
220 30 0 0 20 0 0 0 0 0
fn=MPIDI_OFI_mpi_comm_free_hook
258 60 2 1 0 0 0 50 0 0
263 10 0 0 10 3 3 0 0 0
264 10 0 0 10 0 0 0 0 0
267 20 0 0 0 0 0 10 0 0
271 30 2 1 0 0 0 10 0 0
275 70 0 0 50 0 0 0 0 0
fl=/build/impi/_buildspace/release/../../src/mpid/ch4/netmod/ofi/ofi_datatype.c
fn=MPIDI_OFI_mpi_type_commit_hook
17 10 1 1 5 0 0 0 0 0
fn=MPIDI_OFI_mpi_type_free_hook
12 10 0 0 5 0 0 0 0 0
fl=/build/impi/_buildspace/release/../../src/mpid/ch4/netmod/ofi/ofi_events.c
fn=MPIDI_OFI_get_buffered
0 2 0 0 1 0 0 0 0 0
1000 7 1 1 2 1 1 0 0 0
1022 1 0 0 1 0 0 0 0 0
fn=MPIDI_OFI_handle_cq_error
1050 8 1 1 0 0 0 4 0 0
1059 2 0 0 0 0 0 1 0 0
1062 2 0 0 0 0 0 0 0 0
1069 6 1 1 2 0 0 0 0 0
1072 2 0 0 0 0 0 0 0 0
1075 5 1 1 1 0 0 0 0 0
1117 1 1 1 1 0 0 0 0 0
1119 2 0 0 1 1 1 0 0 0
1122 2 1 1 1 0 0 0 0 0
1148 7 2 2 5 0 0 0 0 0
fl=/build/impi/_buildspace/release/../../src/mpid/ch4/netmod/ofi/ofi_init.c
fn=???
0 41 4 4 6 0 0 7 0 0
1424 9 0 0 0 0 0 0 0 0
2279 8 2 2 0 0 0 7 0 0
2285 5 0 0 2 1 0 1 0 0
2317 2 1 1 1 1 0 0 0 0
2327 6 1 1 1 1 0 0 0 0
2328 8 2 2 4 0 0 0 0 0
2330 2 1 1 1 1 0 0 0 0
2336 8 4 4 3 0 0 0 0 0
2340 3 0 0 1 0 0 0 0 0
2343 10 3 3 3 0 0 0 0 0
2344 2 0 0 1 0 0 1 0 0
2345 2 0 0 0 0 0 1 0 0
2348 5 1 1 1 0 0 1 1 0
2349 2 0 0 1 0 0 1 0 0
2350 2 0 0 1 0 0 1 0 0
2351 2 0 0 1 0 0 1 0 0
2352 2 0 0 1 0 0 1 1 0
2353 2 1 1 1 0 0 1 0 0
2354 2 0 0 1 0 0 1 0 0
2448 2 0 0 0 0 0 0 0 0
2458 8 1 1 7 2 0 0 0 0
2578 9 2 2 3 0 0 0 0 0
2581 1 0 0 1 0 0 0 0 0
2594 2 0 0 1 0 0 0 0 0
2597 5 0 0 1 0 0 0 0 0
2602 2 0 0 1 0 0 1 0 0
2603 3 0 0 1 0 0 1 0 0
2607 7 2 2 2 0 0 0 0 0
2612 2 1 1 1 0 0 0 0 0
2629 2 2 2 0 0 0 1 0 0
2644 1 0 0 0 0 0 1 0 0
2645 6 1 1 2 1 0 0 0 0
2787 2 0 0 1 0 0 0 0 0
3098 7 0 0 0 0 0 7 0 0
3109 2 0 0 0 0 0 0 0 0
3115 2 0 0 0 0 0 0 0 0
3122 4 1 1 2 0 0 1 0 0
3125 11 1 1 2 0 0 1 0 0
3126 4 0 0 0 0 0 1 0 0
3127 3 1 1 0 0 0 1 0 0
3128 5 1 1 2 1 0 0 0 0
3133 3 0 0 0 0 0 0 0 0
3134 10 0 0 0 0 0 0 0 0
3135 6 1 1 1 1 0 0 0 0
3144 3 0 0 1 0 0 0 0 0
3150 4 0 0 1 0 0 0 0 0
3162 3 1 1 0 0 0 0 0 0
3163 3 0 0 1 0 0 0 0 0
3167 2 0 0 0 0 0 0 0 0
3171 2 0 0 0 0 0 0 0 0
3175 2 0 0 0 0 0 0 0 0
3180 2 1 1 0 0 0 0 0 0
3187 2 0 0 2 0 0 0 0 0
3188 1 0 0 0 0 0 0 0 0
3192 2 1 1 0 0 0 0 0 0
3225 8 1 1 1 0 0 1 0 0
3226 1 0 0 0 0 0 0 0 0
3231 3 0 0 1 1 0 0 0 0
3241 2 1 1 0 0 0 1 0 0
3246 9 1 1 7 0 0 0 0 0
3397 24 2 1 0 0 0 21 0 0
3399 9 2 1 0 0 0 0 0 0
3402 24 2 1 6 5 2 3 1 0
3403 24 2 1 6 0 0 3 0 0
3404 39 2 1 9 1 1 0 0 0
3405 3 0 0 0 0 0 0 0 0
3406 18 0 0 3 2 0 0 0 0
3407 3 2 1 0 0 0 0 0 0
3408 18 0 0 3 2 0 0 0 0
3410 9 0 0 0 0 0 0 0 0
3414 27 0 0 3 0 0 0 0 0
3415 27 2 1 3 0 0 0 0 0
3418 36 0 0 3 2 1 0 0 0
3423 15 2 1 0 0 0 0 0 0
3431 27 0 0 3 2 1 0 0 0
3432 30 4 2 3 0 0 0 0 0
3434 33 0 0 3 0 0 0 0 0
3435 30 0 0 3 0 0 0 0 0
3436 36 2 1 3 0 0 3 0 0
3438 6 0 0 3 2 0 0 0 0
3444 6 0 0 0 0 0 0 0 0
3445 22 4 2 2 0 0 0 0 0
3447 1 0 0 0 0 0 0 0 0
3449 27 2 1 9 0 0 3 0 0
3450 24 0 0 3 0 0 0 0 0
3451 27 2 1 3 0 0 0 0 0
3453 27 4 2 3 2 0 3 0 0
3461 27 0 0 9 2 0 0 0 0
3462 6 0 0 0 0 0 0 0 0
3465 9 2 1 0 0 0 0 0 0
3469 9 0 0 0 0 0 3 0 0
3470 12 0 0 3 0 0 0 0 0
3471 3 0 0 0 0 0 0 0 0
3472 12 4 2 3 0 0 0 0 0
3476 12 2 1 0 0 0 3 0 0
3477 12 0 0 3 0 0 0 0 0
3479 15 2 1 3 0 0 0 0 0
3482 9 0 0 3 1 0 0 0 0
3489 3 0 0 0 0 0 3 0 0
3490 24 2 1 3 0 0 0 0 0
3492 9 2 1 3 0 0 0 0 0
3495 24 2 1 21 0 0 0 0 0
fn=MPIDI_OFI_mpi_finalize_hook
0 41 8 8 7 0 0 5 0 0
1475 2 0 0 1 1 1 0 0 0
1486 3 1 1 1 1 1 0 0 0
1495 2 0 0 0 0 0 0 0 0
1497 8 1 1 0 0 0 1 0 0
1500 5 0 0 0 0 0 1 0 0
1502 5 0 0 0 0 0 1 0 0
1506 3 1 1 0 0 0 0 0 0
1507 10 1 1 2 1 1 0 0 0
1519 12 1 1 2 1 1 2 0 0
1533 3 1 1 0 0 0 0 0 0
1543 3 1 1 0 0 0 3 0 0
1546 3 0 0 2 0 0 1 0 0
1548 2 0 0 1 0 0 1 0 0
1973 9 1 1 1 0 0 7 0 0
1976 1 0 0 0 0 0 1 0 0
1977 1 0 0 0 0 0 1 0 0
1987 2 1 1 1 1 1 0 0 0
1991 1 0 0 0 0 0 1 0 0
1994 1 1 1 0 0 0 1 1 1
1997 10 0 0 1 0 0 3 0 0
1998 1 0 0 0 0 0 0 0 0
1999 2 1 1 0 0 0 0 0 0
2000 5 0 0 0 0 0 1 0 0
2001 1 0 0 1 0 0 0 0 0
2002 2 0 0 0 0 0 0 0 0
2004 4 1 1 2 1 1 0 0 0
2005 4 0 0 1 0 0 0 0 0
2008 5 1 1 2 2 2 0 0 0
2009 2 0 0 0 0 0 0 0 0
2010 7 1 1 2 1 1 0 0 0
2011 5 0 0 0 0 0 1 0 0
2017 2 0 0 1 0 0 0 0 0
2022 3 1 1 1 1 1 0 0 0
2033 2 1 1 1 0 0 0 0 0
2048 8 2 2 2 0 0 0 0 0
2049 8 0 0 0 0 0 0 0 0
2050 5 1 1 1 1 1 0 0 0
2057 8 2 2 3 0 0 0 0 0
2059 3 0 0 3 1 1 1 0 0
2060 2 0 0 1 0 0 1 0 0
2061 2 0 0 1 0 0 1 0 0
2062 2 1 1 1 0 0 1 0 0
2063 2 0 0 1 0 0 1 0 0
2065 1 0 0 1 0 0 0 0 0
2067 2 1 1 1 0 0 0 0 0
2068 3 0 0 1 0 0 0 0 0
2072 1 1 1 1 0 0 0 0 0
2073 1 0 0 1 0 0 0 0 0
2075 6 0 0 2 0 0 0 0 0
2076 2 1 1 1 1 1 1 0 0
2078 2 0 0 1 0 0 1 0 0
2086 1 0 0 0 0 0 0 0 0
2090 4 0 0 1 1 1 1 0 0
2093 4 0 0 1 0 0 1 0 0
2096 4 1 1 1 0 0 1 0 0
2099 5 0 0 1 0 0 1 0 0
2107 11 2 2 9 2 0 0 0 0
2483 5 0 0 3 0 0 0 0 0
2487 2 0 0 0 0 0 0 0 0
2497 16 2 2 4 0 0 3 0 0
2498 9 2 2 4 0 0 0 0 0
2499 9 2 2 4 1 0 0 0 0
2501 6 1 1 3 0 0 0 0 0
2504 11 2 2 4 0 0 0 0 0
2543 1 1 1 0 0 0 0 0 0
2545 7 1 1 2 0 0 1 1 0
2553 3 0 0 1 0 0 0 0 0
2559 3 0 0 1 0 0 0 0 0
2561 6 0 0 1 0 0 1 0 0
fn=MPIDI_OFI_mpi_init_hook
0 153 27 25 16 5 4 25 2 0
441 8 0 0 2 0 0 0 0 0
445 1 1 1 0 0 0 1 1 1
446 1 0 0 0 0 0 0 0 0
448 8 0 0 1 0 0 0 0 0
449 1 1 1 0 0 0 1 1 0
450 16 2 2 5 1 0 2 1 0
453 1 0 0 1 0 0 0 0 0
462 1 1 1 0 0 0 1 0 0
463 3 0 0 0 0 0 0 0 0
465 2 0 0 1 1 0 0 0 0
466 2 0 0 1 1 0 0 0 0
481 1 0 0 1 0 0 0 0 0
482 1 0 0 1 0 0 0 0 0
488 2 0 0 0 0 0 1 0 0
490 8 1 1 0 0 0 3 0 0
492 8 2 2 4 2 0 0 0 0
494 2 0 0 0 0 0 0 0 0
496 5 0 0 0 0 0 0 0 0
497 9 1 1 4 2 1 1 1 1
500 4 0 0 1 0 0 0 0 0
501 7 1 1 0 0 0 2 0 0
502 1 0 0 1 1 0 0 0 0
504 11 1 1 0 0 0 2 0 0
507 9 5 5 5 1 0 0 0 0
512 2 0 0 0 0 0 0 0 0
518 14 1 1 2 0 0 2 0 0
572 3 0 0 0 0 0 0 0 0
576 3 0 0 1 0 0 0 0 0
585 3 1 1 0 0 0 0 0 0
591 2 0 0 1 1 0 0 0 0
592 2 0 0 1 1 0 0 0 0
600 2 0 0 0 0 0 1 0 0
601 2 0 0 0 0 0 0 0 0
602 1 1 1 0 0 0 1 1 0
628 1 1 1 0 0 0 1 0 0
630 5 0 0 1 0 0 0 0 0
637 1 0 0 0 0 0 0 0 0
643 2 0 0 1 1 0 0 0 0
644 2 1 1 1 1 0 0 0 0
671 1 0 0 0 0 0 0 0 0
672 2 1 1 1 0 0 0 0 0
673 2 0 0 1 0 0 0 0 0
674 2 0 0 1 0 0 0 0 0
675 2 0 0 1 0 0 0 0 0
676 2 0 0 1 0 0 0 0 0
695 2 1 1 1 0 0 0 0 0
696 2 0 0 1 0 0 0 0 0
698 2 0 0 0 0 0 0 0 0
726 1 0 0 1 0 0 0 0 0
728 2 0 0 0 0 0 0 0 0
729 4 2 2 1 0 0 0 0 0
768 1 0 0 0 0 0 1 0 0
769 5 1 1 0 0 0 4 2 1
771 7 0 0 1 1 1 1 0 0
776 3 1 1 1 0 0 0 0 0
788 10 1 1 1 0 0 1 0 0
789 4 1 1 0 0 0 1 0 0
793 3 0 0 1 0 0 0 0 0
794 4 0 0 0 0 0 1 0 0
799 6 0 0 3 1 0 0 0 0
807 3 1 1 1 1 0 0 0 0
813 4 2 2 0 0 0 1 0 0
814 1 0 0 0 0 0 1 0 0
815 3 0 0 0 0 0 1 0 0
816 3 0 0 1 1 0 0 0 0
820 5 1 1 0 0 0 1 0 0
821 3 0 0 0 0 0 1 0 0
824 2 1 1 0 0 0 0 0 0
825 5 0 0 2 0 0 0 0 0
826 12 1 1 0 0 0 3 0 0
827 16 0 0 0 0 0 2 0 0
833 2 0 0 0 0 0 1 0 0
836 11 0 0 4 0 0 0 0 0
863 5 0 0 0 0 0 1 0 0
864 4 1 1 0 0 0 1 0 0
865 2 0 0 1 0 0 0 0 0
866 2 0 0 2 0 0 0 0 0
867 3 1 1 2 1 0 0 0 0
868 8 0 0 0 0 0 1 0 0
869 9 1 1 1 0 0 1 0 0
873 9 0 0 1 0 0 1 0 0
874 4 1 1 0 0 0 1 0 0
878 5 0 0 0 0 0 1 0 0
881 8 1 1 1 0 0 1 0 0
883 4 0 0 0 0 0 1 0 0
884 4 0 0 0 0 0 1 0 0
885 4 0 0 0 0 0 1 0 0
887 5 1 1 0 0 0 1 0 0
888 5 0 0 0 0 0 1 0 0
889 4 1 1 0 0 0 1 0 0
897 4 1 1 2 0 0 0 0 0
898 1 0 0 0 0 0 0 0 0
904 7 1 1 1 0 0 1 0 0
906 4 0 0 0 0 0 1 0 0
907 4 0 0 0 0 0 1 0 0
908 4 1 1 0 0 0 1 0 0
909 4 0 0 0 0 0 1 0 0
912 4 0 0 1 0 0 0 0 0
916 3 1 1 2 0 0 0 0 0
917 1 0 0 0 0 0 0 0 0
922 6 1 1 0 0 0 1 0 0
923 5 0 0 0 0 0 1 0 0
924 4 1 1 0 0 0 1 0 0
933 6 1 1 0 0 0 1 0 0
938 4 0 0 0 0 0 3 0 0
939 1 0 0 0 0 0 1 0 0
940 2 1 1 1 0 0 0 0 0
941 3 1 1 0 0 0 1 0 0
943 3 1 1 1 0 0 0 0 0
947 4 0 0 0 0 0 1 0 0
951 5 0 0 2 0 0 0 0 0
964 7 1 1 0 0 0 1 0 0
970 2 1 1 1 1 0 0 0 0
975 5 1 1 0 0 0 1 0 0
976 11 0 0 5 1 0 0 0 0
980 4 0 0 0 0 0 1 0 0
981 4 1 1 0 0 0 1 0 0
985 10 0 0 5 4 0 0 0 0
990 4 0 0 1 0 0 0 0 0
1074 1 0 0 0 0 0 1 1 1
1076 2 1 1 0 0 0 1 0 0
1077 2 0 0 0 0 0 0 0 0
1079 2 0 0 1 0 0 0 0 0
1080 2 0 0 1 1 0 0 0 0
1083 2 0 0 1 0 0 0 0 0
1092 4 1 1 1 1 1 0 0 0
1093 2 0 0 0 0 0 0 0 0
1109 5 0 0 2 0 0 0 0 0
1110 7 1 1 2 1 1 1 0 0
1150 4 1 1 2 0 0 0 0 0
1151 2 0 0 1 0 0 0 0 0
1157 4 1 1 1 1 1 0 0 0
1158 3 1 1 1 0 0 0 0 0
1190 4 0 0 1 0 0 0 0 0
1225 1 0 0 0 0 0 1 0 0
1226 4 0 0 1 0 0 0 0 0
1259 7 0 0 2 0 0 0 0 0
1260 2 1 1 1 0 0 0 0 0
1324 15 2 2 0 0 0 0 0 0
1424 34 3 3 7 1 0 0 0 0
1437 3 0 0 1 1 1 0 0 0
1441 2 0 0 1 1 1 1 1 1
1446 1 0 0 0 0 0 1 0 0
1447 7 1 1 0 0 0 1 0 0
1450 2 0 0 0 0 0 0 0 0
1453 1 0 0 0 0 0 1 0 0
1454 3 0 0 1 0 0 1 0 0
1455 2 0 0 0 0 0 0 0 0
1458 5 2 2 1 0 0 0 0 0
1459 6 1 1 0 0 0 1 1 1
1461 2 0 0 0 0 0 1 0 0
1643 13 2 2 1 0 0 11 2 0
1645 1 0 0 0 0 0 1 0 0
1685 7 1 1 0 0 0 3 1 1
1688 7 1 1 0 0 0 3 1 1
1691 7 1 1 0 0 0 3 1 1
1694 7 0 0 0 0 0 3 1 1
1697 1 1 1 0 0 0 1 1 1
1700 2 0 0 0 0 0 0 0 0
1739 5 0 0 0 0 0 2 0 0
1740 2 2 1 0 0 0 0 0 0
1743 2 0 0 1 0 0 1 0 0
1745 3 0 0 1 0 0 0 0 0
1754 7 1 1 1 0 0 0 0 0
1755 8 0 0 1 0 0 0 0 0
1757 3 0 0 0 0 0 0 0 0
1770 2 1 1 1 1 0 0 0 0
1788 13 1 1 4 2 0 4 0 0
1789 1 0 0 1 0 0 0 0 0
1790 2 0 0 1 1 0 0 0 0
1791 2 0 0 0 0 0 0 0 0
1795 2 0 0 1 0 0 0 0 0
1796 1 1 1 1 0 0 0 0 0
1806 3 0 0 0 0 0 0 0 0
1807 1 0 0 0 0 0 1 0 0
1869 2 0 0 1 1 0 0 0 0
1873 1 0 0 0 0 0 1 1 1
1874 3 0 0 0 0 0 1 0 0
1876 3 1 1 0 0 0 2 2 1
1879 2 0 0 0 0 0 1 1 0
1881 8 2 2 4 3 0 0 0 0
1887 1 0 0 0 0 0 1 0 0
1889 6 0 0 2 2 1 0 0 0
1890 3 2 2 0 0 0 2 1 1
1891 2 0 0 0 0 0 1 1 1
1892 1 0 0 0 0 0 1 0 0
1894 5 0 0 0 0 0 1 1 1
1895 1 1 1 0 0 0 1 0 0
1896 5 0 0 0 0 0 1 1 1
1897 1 0 0 0 0 0 1 0 0
1898 1 0 0 0 0 0 1 0 0
1899 3 1 1 0 0 0 1 0 0
1900 2 0 0 0 0 0 1 0 0
1901 13 2 2 5 2 1 0 0 0
1906 4 0 0 0 0 0 1 0 0
1912 1 0 0 0 0 0 1 0 0
1920 4 1 1 1 0 0 0 0 0
1940 1 1 1 0 0 0 1 0 0
1943 3 2 2 2 1 1 1 1 1
1949 11 0 0 9 2 2 0 0 0
2817 1 0 0 0 0 0 1 1 0
2820 2 0 0 1 0 0 1 0 0
2827 11 2 2 3 3 0 1 0 0
2828 3 0 0 1 0 0 0 0 0
2840 2 0 0 0 0 0 0 0 0
2848 15 1 1 2 2 2 1 0 0
2851 3 1 1 1 1 0 0 0 0
2856 4 0 0 1 1 0 0 0 0
2857 7 1 1 2 0 0 1 0 0
2858 4 0 0 0 0 0 1 0 0
2872 3 1 1 0 0 0 2 1 1
2873 2 0 0 0 0 0 0 0 0
2874 4 1 1 3 1 0 2 1 1
2875 3 0 0 1 0 0 0 0 0
2883 7 1 1 3 2 1 0 0 0
2893 2 0 0 0 0 0 0 0 0
2896 3 0 0 3 0 0 0 0 0
2903 4 0 0 3 0 0 1 0 0
2904 1 0 0 0 0 0 1 0 0
2909 4 0 0 1 0 0 0 0 0
2910 4 0 0 1 1 0 0 0 0
2913 4 0 0 2 0 0 0 0 0
2914 7 1 1 1 1 0 0 0 0
2919 2 0 0 0 0 0 0 0 0
2920 1 0 0 0 0 0 1 1 1
2921 3 0 0 1 0 0 0 0 0
2923 2 0 0 1 0 0 1 1 1
2925 2 0 0 1 0 0 1 0 0
2926 5 1 1 1 0 0 1 0 0
2927 5 0 0 2 0 0 1 0 0
2928 4 0 0 1 0 0 1 0 0
2929 3 0 0 2 0 0 1 0 0
2939 4 1 1 2 1 0 0 0 0
2944 3 1 1 1 0 0 0 0 0
2949 13 3 3 6 0 0 1 0 0
2952 2 0 0 0 0 0 1 0 0
2953 2 0 0 1 0 0 0 0 0
2969 3 1 1 1 0 0 0 0 0
2970 1 0 0 1 1 0 1 0 0
2973 3 1 1 2 1 0 1 0 0
2974 2 0 0 1 0 0 1 0 0
2975 2 0 0 1 0 0 1 0 0
2986 2 1 1 1 1 0 0 0 0
2992 7 0 0 1 0 0 2 0 0
3004 13 2 2 3 1 0 1 0 0
3006 1 0 0 1 0 0 0 0 0
3010 3 2 2 2 0 0 1 1 0
3017 3 0 0 2 0 0 0 0 0
3020 4 0 0 2 0 0 1 1 0
3021 2 1 1 1 0 0 1 0 0
3022 2 0 0 1 0 0 0 0 0
3025 3 0 0 1 0 0 0 0 0
3035 2 1 1 1 1 0 1 0 0
3037 2 0 0 2 1 0 1 0 0
3071 1 0 0 0 0 0 0 0 0
3081 2 1 1 0 0 0 1 0 0
3086 2 0 0 0 0 0 0 0 0
3251 4 0 0 0 0 0 1 0 0
3505 9 1 1 1 1 0 1 0 0
3506 6 1 1 1 0 0 1 0 0
3512 5 1 1 0 0 0 0 0 0
3520 8 1 1 2 0 0 1 0 0
3522 5 0 0 2 0 0 0 0 0
3525 2 0 0 0 0 0 0 0 0
3531 5 0 0 1 0 0 0 0 0
3539 11 1 1 1 0 0 1 0 0
3541 7 0 0 0 0 0 1 0 0
3542 5 1 1 0 0 0 1 0 0
3544 7 0 0 0 0 0 1 0 0
3545 5 1 1 0 0 0 1 0 0
3547 6 0 0 0 0 0 1 0 0
3549 5 1 1 0 0 0 1 0 0
3552 5 0 0 0 0 0 0 0 0
3596 7 0 0 1 0 0 0 0 0
3601 2 0 0 0 0 0 1 0 0
3604 3 1 1 1 0 0 0 0 0
3621 3 0 0 1 0 0 0 0 0
3625 2 0 0 0 0 0 0 0 0
3629 2 0 0 0 0 0 0 0 0
3634 2 0 0 0 0 0 0 0 0
3638 2 0 0 0 0 0 0 0 0
3639 3 1 1 0 0 0 1 0 0
3641 3 0 0 1 0 0 0 0 0
3651 2 0 0 0 0 0 0 0 0
3653 2 1 1 0 0 0 1 0 0
3658 4 0 0 1 0 0 0 0 0
3674 1 1 1 0 0 0 1 0 0
3675 2 0 0 1 1 0 1 1 0
3677 4 0 0 1 1 0 0 0 0
3685 5 0 0 1 0 0 0 0 0
3690 4 0 0 1 0 0 0 0 0
3695 1 0 0 0 0 0 1 0 0
3696 6 0 0 1 0 0 1 1 0
3698 2 0 0 0 0 0 0 0 0
3699 2 1 1 0 0 0 1 0 0
3701 1 0 0 0 0 0 1 1 0
3707 3 0 0 1 0 0 0 0 0
3708 1 1 1 0 0 0 1 0 0
3713 4 1 1 1 0 0 0 0 0
3714 2 0 0 0 0 0 1 0 0
3717 2 0 0 1 0 0 0 0 0
3727 4 0 0 3 0 0 0 0 0
3743 1 1 1 0 0 0 1 1 0
3745 2 0 0 1 0 0 0 0 0
3751 1 1 1 0 0 0 1 1 0
3752 2 0 0 1 0 0 1 0 0
fn=MPIDI_OFI_mpi_post_init_hook
1953 1 1 1 0 0 0 1 0 0
1957 4 0 0 2 0 0 0 0 0
1965 3 1 1 2 0 0 0 0 0
fl=/build/impi/_buildspace/release/../../src/mpid/ch4/netmod/ofi/ofi_progress.c
fn=MPIDI_OFI_progress
0 3 2 2 0 0 0 0 0 0
11 9 1 1 0 0 0 6 0 0
20 4 0 0 1 0 0 0 0 0
23 4 0 0 0 0 0 1 0 0
27 6 0 0 1 0 0 0 0 0
32 7 1 1 2 1 1 0 0 0
33 1 0 0 0 0 0 0 0 0
38 2 0 0 0 0 0 0 0 0
40 2 0 0 0 0 0 0 0 0
43 2 0 0 0 0 0 1 0 0
46 2 0 0 1 0 0 0 0 0
51 8 0 0 7 0 0 0 0 0
fl=/build/impi/_buildspace/release/../../src/mpid/ch4/netmod/ofi/util.c
fn=MPIDI_OFI_index_datatypes
623 62 11 11 0 0 0 60 60 60
707 3 0 0 1 0 0 0 0 0
709 1 1 1 1 0 0 0 0 0
fn=MPIDI_OFI_mr_key_allocator_destroy
126 2 1 1 1 1 1 0 0 0
fn=MPIDI_OFI_mr_key_allocator_init
59 1 1 1 0 0 0 1 0 0
62 1 0 0 0 0 0 1 1 1
63 1 0 0 0 0 0 1 0 0
64 1 0 0 0 0 0 1 0 0
65 3 1 1 0 0 0 2 0 0
67 2 0 0 0 0 0 0 0 0
69 2 0 0 1 0 0 0 0 0
72 3 0 0 2 0 0 0 0 0
fl=/build/impi/_buildspace/release/../../src/mpid/ch4/shm/posix/eager/include/intel_transport.c
fn=I_MPI_memcpy_function_setup
0 4 0 0 0 0 0 2 0 0
1152 10 2 2 0 0 0 10 0 0
1153 4 0 0 2 1 0 0 0 0
1155 4 2 2 0 0 0 2 1 1
1157 8 0 0 2 2 0 0 0 0
1284 22 4 4 4 2 2 4 1 0
1326 12 0 0 12 0 0 0 0 0
fn=impi_shm_cma_read
0 6 0 0 0 0 0 0 0 0
1330 7 1 1 0 0 0 6 0 0
1342 5 0 0 0 0 0 0 0 0
1343 3 0 0 0 0 0 0 0 0
1344 2 1 1 0 0 0 2 0 0
1345 2 0 0 0 0 0 2 0 0
1346 9 0 0 0 0 0 2 0 0
1350 2 1 1 0 0 0 0 0 0
1353 1 0 0 0 0 0 0 0 0
1354 1 0 0 0 0 0 0 0 0
1356 1 0 0 0 0 0 0 0 0
1362 9 0 0 7 0 0 0 0 0
fn=impi_shm_create
0 14 3 3 1 1 1 1 0 0
160 9 0 0 4 2 2 4 2 2
162 9 1 1 4 1 1 4 1 1
164 9 1 1 4 2 2 4 1 1
166 9 1 1 4 2 2 4 1 1
168 9 1 1 4 1 1 4 1 1
170 9 0 0 4 2 2 4 1 1
172 9 1 1 4 1 1 4 1 1
174 9 1 1 4 2 2 4 1 1
176 9 1 1 4 2 2 4 1 1
178 9 1 1 4 1 1 4 1 1
179 9 0 0 4 1 1 4 1 1
180 9 1 1 4 2 2 4 1 1
182 9 1 1 4 2 2 4 1 1
183 9 1 1 4 2 2 4 1 1
196 1 0 0 0 0 0 0 0 0
726 7 1 1 0 0 0 7 0 0
727 2 1 1 1 1 1 0 0 0
735 3 0 0 1 1 0 0 0 0
738 5 0 0 1 1 1 0 0 0
752 9 2 2 1 1 1 1 0 0
753 1 0 0 0 0 0 0 0 0
758 4 0 0 1 0 0 0 0 0
954 5 0 0 0 0 0 1 0 0
961 2 0 0 0 0 0 0 0 0
964 2 1 1 0 0 0 0 0 0
967 2 1 1 1 0 0 0 0 0
1100 9 0 0 7 0 0 0 0 0
fn=impi_shm_get_number_of_l3_caches
0 63 8 8 0 0 0 0 0 0
203 8 1 1 0 0 0 7 1 1
204 12 1 1 4 1 0 1 0 0
208 3 0 0 0 0 0 0 0 0
209 13 2 2 9 2 2 0 0 0
210 32 4 4 0 0 0 0 0 0
213 32 0 0 0 0 0 0 0 0
216 24 1 1 0 0 0 0 0 0
220 3 1 1 0 0 0 0 0 0
245 11 1 1 9 0 0 0 0 0
fn=impi_shm_get_number_of_sockets
518 7 1 1 2 0 0 0 0 0
522 1 0 0 1 0 0 0 0 0
fn=impi_shm_get_sequential_socket_id
0 65 13 13 0 0 0 0 0 0
337 8 1 1 0 0 0 6 0 0
342 4 1 1 1 0 0 1 0 0
344 2 0 0 1 1 1 0 0 0
348 1 1 1 0 0 0 1 0 0
350 8 0 0 3 0 0 0 0 0
354 6 0 0 1 0 0 0 0 0
355 13 0 0 9 0 0 0 0 0
356 32 1 1 0 0 0 0 0 0
359 32 1 1 0 0 0 0 0 0
362 24 0 0 0 0 0 0 0 0
366 4 1 1 0 0 0 0 0 0
367 3 0 0 0 0 0 1 1 0
394 12 0 0 9 0 0 0 0 0
fl=/build/impi/_buildspace/release/../../src/mpid/ch4/shm/posix/eager/include/intel_transport_common.h
fn=???
0 65 7 7 20 0 0 12 0 0
28 29 1 1 2 0 0 3 1 0
29 25 3 3 2 0 0 0 0 0
30 96 4 4 2 0 0 0 0 0
31 84 16 16 3 0 0 0 0 0
37 40 3 3 0 0 0 0 0 0
43 12 1 1 0 0 0 0 0 0
72 150 11 11 11 0 0 7 1 0
221 4 1 1 3 0 0 0 0 0
222 17 0 0 0 0 0 0 0 0
223 16 1 1 0 0 0 0 0 0
224 16 2 2 8 0 0 0 0 0
225 8 0 0 0 0 0 8 0 0
226 8 1 1 0 0 0 8 0 0
227 16 1 1 0 0 0 0 0 0
fl=/build/impi/_buildspace/release/../../src/mpid/ch4/shm/posix/eager/include/intel_transport_dsa.c
fn=impi_get_cpu
357 2 1 1 0 0 0 0 0 0
360 4 0 0 0 0 0 0 0 0
fn=impi_get_process_id
367 2 1 1 0 0 0 0 0 0
fl=/build/impi/_buildspace/release/../../src/mpid/ch4/shm/posix/eager/include/intel_transport_init.h
fn=???
0 166 25 25 39 1 0 48 6 0
1097 3 0 0 0 0 0 1 0 0
1099 2 0 0 0 0 0 0 0 0
1194 18 1 1 0 0 0 18 0 0
1195 12 0 0 0 0 0 6 1 0
1196 24 0 0 6 6 6 0 0 0
1207 30 1 1 24 0 0 0 0 0
1211 3 2 2 0 0 0 2 0 0
1215 10 1 1 0 0 0 10 1 0
1217 10 1 1 2 0 0 0 0 0
1218 12 0 0 4 2 0 0 0 0
1237 8 1 1 2 0 0 0 0 0
1238 4 0 0 0 0 0 0 0 0
1239 8 0 0 4 2 0 0 0 0
1251 12 1 1 10 0 0 0 0 0
1255 14 1 1 2 0 0 1 0 0
1256 10 0 0 4 0 0 0 0 0
1257 10 1 1 2 1 1 1 0 0
1268 3 1 1 0 0 0 1 0 0
1465 3 0 0 0 0 0 1 0 0
1466 2 0 0 1 0 0 0 0 0
1468 2 0 0 0 0 0 0 0 0
1473 3 1 1 0 0 0 1 0 0
1474 2 0 0 1 0 0 0 0 0
1476 2 0 0 0 0 0 0 0 0
1481 3 0 0 0 0 0 1 0 0
1482 2 0 0 1 0 0 0 0 0
1484 2 0 0 0 0 0 0 0 0
1489 3 0 0 0 0 0 1 0 0
1490 2 1 1 1 0 0 0 0 0
1492 2 0 0 0 0 0 0 0 0
1497 3 0 0 0 0 0 1 0 0
1498 2 0 0 1 0 0 0 0 0
1500 2 0 0 0 0 0 0 0 0
1505 3 0 0 0 0 0 1 0 0
1506 2 1 1 1 0 0 0 0 0
1516 1 1 1 1 0 0 0 0 0
1517 1 0 0 1 0 0 0 0 0
1518 3 0 0 0 0 0 0 0 0
1520 2 1 1 0 0 0 0 0 0
1521 4 0 0 0 0 0 0 0 0
1522 3 1 1 1 0 0 0 0 0
1523 2 0 0 0 0 0 0 0 0
1524 1 0 0 0 0 0 1 0 0
1526 2 0 0 1 1 0 0 0 0
1529 2 0 0 1 0 0 1 0 0
1530 2 0 0 0 0 0 1 0 0
1531 1 0 0 0 0 0 1 1 1
1533 1 0 0 0 0 0 1 0 0
1535 3 0 0 1 0 0 0 0 0
1538 4 1 1 2 0 0 1 0 0
1539 1 1 1 0 0 0 0 0 0
1545 4 1 1 1 0 0 0 0 0
1552 1 1 1 0 0 0 1 0 0
1553 4 1 1 1 0 0 0 0 0
1559 1 0 0 0 0 0 0 0 0
1564 1 0 0 0 0 0 0 0 0
1753 8 1 1 0 0 0 7 1 0
1767 1 0 0 0 0 0 1 1 0
1848 4 0 0 1 0 0 0 0 0
1849 1 0 0 1 0 0 0 0 0
1853 1 0 0 0 0 0 0 0 0
1859 3 0 0 0 0 0 1 1 1
1905 2 1 1 0 0 0 1 0 0
1906 2 0 0 0 0 0 0 0 0
1912 2 0 0 0 0 0 1 0 0
1913 2 0 0 0 0 0 0 0 0
1920 6 1 1 1 0 0 1 1 0
2006 2 0 0 0 0 0 1 0 0
2007 9 3 3 2 0 0 2 0 0
2031 1 0 0 0 0 0 0 0 0
2033 1 0 0 0 0 0 0 0 0
2038 3 0 0 0 0 0 0 0 0
2048 5 1 1 0 0 0 1 0 0
2096 4 1 1 0 0 0 2 1 0
2097 2 0 0 0 0 0 1 0 0
2098 7 1 1 2 1 0 0 0 0
2099 3 0 0 0 0 0 0 0 0
2100 1 0 0 0 0 0 1 1 0
2101 2 0 0 1 0 0 1 0 0
2102 1 1 1 0 0 0 1 0 0
2103 1 0 0 0 0 0 1 1 0
2104 2 0 0 1 0 0 1 1 0
2105 2 0 0 1 0 0 1 0 0
2106 1 0 0 0 0 0 1 0 0
2107 7 0 0 0 0 0 2 0 0
2109 3 0 0 1 0 0 0 0 0
2112 3 1 1 1 0 0 1 0 0
2128 5 0 0 0 0 0 0 0 0
2129 8 1 1 4 2 1 0 0 0
2131 1 0 0 0 0 0 1 1 0
2132 4 1 1 0 0 0 1 0 0
2133 1 0 0 0 0 0 0 0 0
2139 6 1 1 1 1 0 0 0 0
2141 22 2 2 5 1 1 0 0 0
2142 1 1 1 1 0 0 0 0 0
2143 3 0 0 0 0 0 1 0 0
2154 13 1 1 2 0 0 0 0 0
2250 7 0 0 1 1 0 1 0 0
2252 5 1 1 0 0 0 1 0 0
2254 5 0 0 0 0 0 1 0 0
2256 1 0 0 0 0 0 0 0 0
2258 3 0 0 0 0 0 0 0 0
2261 3 2 2 0 0 0 1 0 0
2269 4 0 0 1 0 0 0 0 0
2271 2 1 1 0 0 0 0 0 0
2310 3 0 0 0 0 0 0 0 0
2313 5 1 1 1 0 0 0 0 0
2342 6 0 0 1 0 0 0 0 0
2347 3 1 1 0 0 0 0 0 0
2350 2 0 0 0 0 0 0 0 0
2351 1 0 0 0 0 0 0 0 0
2356 6 1 1 2 1 1 0 0 0
2359 1 0 0 0 0 0 0 0 0
2366 1 0 0 0 0 0 0 0 0
2376 5 0 0 1 0 0 0 0 0
2383 4 0 0 1 1 1 0 0 0
2386 1 0 0 0 0 0 0 0 0
2393 1 0 0 0 0 0 0 0 0
2403 5 0 0 1 0 0 0 0 0
2410 5 1 1 1 0 0 0 0 0
2417 4 0 0 1 0 0 0 0 0
2424 4 0 0 1 0 0 0 0 0
2434 3 1 1 0 0 0 0 0 0
2435 2 0 0 1 0 0 0 0 0
2436 1 0 0 0 0 0 1 0 0
2437 1 0 0 0 0 0 1 0 0
2438 1 1 1 0 0 0 1 0 0
2440 1 0 0 0 0 0 0 0 0
2441 1 0 0 0 0 0 1 0 0
2443 2 0 0 0 0 0 0 0 0
2446 2 0 0 0 0 0 0 0 0
2449 2 0 0 0 0 0 0 0 0
2452 2 0 0 0 0 0 0 0 0
2455 2 0 0 0 0 0 0 0 0
2458 2 0 0 0 0 0 0 0 0
2461 1 0 0 0 0 0 1 0 0
2471 12 1 1 2 0 0 0 0 0
2512 3 0 0 0 0 0 0 0 0
2515 6 1 1 1 0 0 0 0 0
2522 3 1 1 0 0 0 0 0 0
2525 5 0 0 1 0 0 0 0 0
2553 5 0 0 1 1 1 0 0 0
2579 2 0 0 0 0 0 0 0 0
2581 1 0 0 0 0 0 0 0 0
2583 1 0 0 0 0 0 0 0 0
2588 3 0 0 0 0 0 0 0 0
2606 2 1 1 0 0 0 0 0 0
2608 1 0 0 0 0 0 0 0 0
2610 2 0 0 0 0 0 0 0 0
2611 2 0 0 0 0 0 0 0 0
2613 2 0 0 0 0 0 0 0 0
2614 3 0 0 0 0 0 1 0 0
2616 1 0 0 0 0 0 0 0 0
2618 1 0 0 0 0 0 0 0 0
2619 1 0 0 0 0 0 0 0 0
2620 1 0 0 1 0 0 0 0 0
2621 4 0 0 2 0 0 1 0 0
2626 1 0 0 0 0 0 0 0 0
2628 2 0 0 1 0 0 1 0 0
2629 1 1 1 0 0 0 0 0 0
2630 1 0 0 1 0 0 0 0 0
2631 1 0 0 0 0 0 0 0 0
2633 1 0 0 0 0 0 1 1 0
2634 1 0 0 0 0 0 1 0 0
2636 2 0 0 0 0 0 1 0 0
2637 3 0 0 1 0 0 1 0 0
2639 1 0 0 0 0 0 1 0 0
2640 1 1 1 0 0 0 1 0 0
2641 1 0 0 0 0 0 1 0 0
2652 2 0 0 0 0 0 0 0 0
2657 2 0 0 0 0 0 0 0 0
2663 7 0 0 1 1 1 0 0 0
2670 2 1 1 0 0 0 0 0 0
2674 7 0 0 1 0 0 0 0 0
2683 5 0 0 1 0 0 0 0 0
2691 4 0 0 1 0 0 0 0 0
2694 1 0 0 0 0 0 0 0 0
2702 1 0 0 0 0 0 0 0 0
2709 1 0 0 0 0 0 1 0 0
2713 4 0 0 1 0 0 0 0 0
2724 4 0 0 1 0 0 0 0 0
2735 4 0 0 1 0 0 0 0 0
2746 4 0 0 1 0 0 0 0 0
2757 5 0 0 1 0 0 0 0 0
2767 4 0 0 1 1 1 0 0 0
2778 1 0 0 0 0 0 0 0 0
2789 5 0 0 1 1 1 0 0 0
2795 5 0 0 1 0 0 0 0 0
2810 2 0 0 0 0 0 0 0 0
2813 7 0 0 1 1 0 1 0 0
2815 5 1 1 0 0 0 1 0 0
2817 5 0 0 0 0 0 1 0 0
2819 11 1 1 1 0 0 2 0 0
2826 5 0 0 1 0 0 1 0 0
2851 10 1 1 3 0 0 0 0 0
2862 2 0 0 0 0 0 0 0 0
2863 2 0 0 1 0 0 0 0 0
2872 8 0 0 1 0 0 0 0 0
2880 7 1 1 2 0 0 0 0 0
2885 3 0 0 0 0 0 0 0 0
2903 3 1 1 2 0 0 0 0 0
2905 3 0 0 2 2 2 0 0 0
2914 2 0 0 0 0 0 1 0 0
2916 2 1 1 0 0 0 0 0 0
2954 1 0 0 0 0 0 0 0 0
2955 4 0 0 1 0 0 0 0 0
2956 1 0 0 0 0 0 0 0 0
2957 3 0 0 0 0 0 1 0 0
2970 4 1 1 2 0 0 0 0 0
2971 4 0 0 1 0 0 0 0 0
2972 4 0 0 1 0 0 0 0 0
2975 9 1 1 0 0 0 0 0 0
2980 1 0 0 0 0 0 0 0 0
2981 3 0 0 0 0 0 0 0 0
2989 2 0 0 0 0 0 1 0 0
2990 1 0 0 0 0 0 0 0 0
2993 2 0 0 1 0 0 0 0 0
2995 3 0 0 0 0 0 1 0 0
2996 2 0 0 1 0 0 0 0 0
2997 1 1 1 0 0 0 1 0 0
2998 1 0 0 0 0 0 1 0 0
2999 2 0 0 0 0 0 1 0 0
3000 1 0 0 0 0 0 0 0 0
3015 4 0 0 2 0 0 0 0 0
3017 5 0 0 2 0 0 0 0 0
3042 2 1 1 1 0 0 1 1 0
3046 1 0 0 0 0 0 1 0 0
3050 1 1 1 0 0 0 1 0 0
3062 3 0 0 0 0 0 2 1 1
3063 3 0 0 0 0 0 2 0 0
3064 5 0 0 0 0 0 1 0 0
3066 1 1 1 0 0 0 1 0 0
3069 1 0 0 0 0 0 1 0 0
3081 1 0 0 0 0 0 1 0 0
3096 3 0 0 1 0 0 1 0 0
3109 3 0 0 1 0 0 1 0 0
3119 1 0 0 0 0 0 1 0 0
3120 1 1 1 0 0 0 1 0 0
3151 1 0 0 0 0 0 1 0 0
3152 1 0 0 0 0 0 1 0 0
3169 1 0 0 0 0 0 0 0 0
3172 4 0 0 0 0 0 0 0 0
3174 6 0 0 0 0 0 0 0 0
3185 1 0 0 1 0 0 0 0 0
3231 2 0 0 0 0 0 1 0 0
3313 1 0 0 0 0 0 1 0 0
3320 1 0 0 0 0 0 1 1 0
3321 2 0 0 1 0 0 0 0 0
3322 5 1 1 1 0 0 1 0 0
3323 1 0 0 0 0 0 1 1 1
3324 1 0 0 0 0 0 1 1 1
3330 2 0 0 1 0 0 0 0 0
3336 4 0 0 1 0 0 0 0 0
3379 3 1 1 1 0 0 0 0 0
3380 2 2 2 0 0 0 1 0 0
3381 1 0 0 0 0 0 1 0 0
3393 6 0 0 2 0 0 0 0 0
3394 4 1 1 2 0 0 0 0 0
3395 2 0 0 1 0 0 1 0 0
3396 2 0 0 1 0 0 1 0 0
3397 1 0 0 0 0 0 0 0 0
3400 4 1 1 0 0 0 0 0 0
3403 7 0 0 2 0 0 0 0 0
3404 5 2 2 2 0 0 1 0 0
3405 2 0 0 2 0 0 0 0 0
3406 4 0 0 0 0 0 0 0 0
3407 2 0 0 1 0 0 0 0 0
3408 2 0 0 1 0 0 0 0 0
3409 4 0 0 4 0 0 0 0 0
3411 4 1 1 1 0 0 0 0 0
3412 3 0 0 0 0 0 1 0 0
3413 1 0 0 0 0 0 1 0 0
3414 2 0 0 1 0 0 1 0 0
3415 1 0 0 0 0 0 0 0 0
3418 4 1 1 1 0 0 0 0 0
3441 5 1 1 2 0 0 0 0 0
3508 1 0 0 1 1 0 0 0 0
3541 2 0 0 0 0 0 0 0 0
3545 4 0 0 2 0 0 0 0 0
3547 14 2 2 0 0 0 0 0 0
3548 19 1 1 3 0 0 0 0 0
3549 8 1 1 0 0 0 8 8 8
3550 8 1 1 0 0 0 8 0 0
3553 3 0 0 1 0 0 0 0 0
3571 8 1 1 1 0 0 0 0 0
3582 1 0 0 0 0 0 1 0 0
3583 1 0 0 0 0 0 1 0 0
3584 5 1 1 1 0 0 0 0 0
3586 5 0 0 1 1 1 0 0 0
3587 7 0 0 1 0 0 0 0 0
3594 3 1 1 1 0 0 0 0 0
3597 1 1 1 0 0 0 1 0 0
3733 2 0 0 0 0 0 1 1 1
3734 2 0 0 0 0 0 1 0 0
3735 2 0 0 0 0 0 1 0 0
3737 3 1 1 1 0 0 0 0 0
3738 8 0 0 1 0 0 1 0 0
3740 2 0 0 0 0 0 1 0 0
3741 2 1 1 0 0 0 1 0 0
3742 2 0 0 0 0 0 1 0 0
3776 1 0 0 0 0 0 1 1 1
3777 1 0 0 0 0 0 1 0 0
3778 1 0 0 0 0 0 1 0 0
3779 1 0 0 0 0 0 1 0 0
3781 1 1 1 0 0 0 1 1 1
3782 1 0 0 0 0 0 1 0 0
3783 1 0 0 0 0 0 1 0 0
3784 1 0 0 0 0 0 1 0 0
3786 1 0 0 0 0 0 1 1 1
3787 1 1 1 0 0 0 1 0 0
3788 1 0 0 0 0 0 1 0 0
3789 1 0 0 0 0 0 1 0 0
3790 1 0 0 0 0 0 1 1 1
3791 1 0 0 0 0 0 1 0 0
3793 1 0 0 0 0 0 0 0 0
3798 2 0 0 0 0 0 1 0 0
3799 2 0 0 0 0 0 1 0 0
3868 8 0 0 7 1 0 0 0 0
3871 1 1 1 0 0 0 1 0 0
3877 2 1 1 1 1 1 0 0 0
3894 2 0 0 0 0 0 0 0 0
3895 2 0 0 0 0 0 1 0 0
3923 3 0 0 2 0 0 0 0 0
fl=/build/impi/_buildspace/release/../../src/mpid/ch4/shm/posix/eager/include/intel_transport_math.c
fn=impi_reduce_setup_arch
42 1 1 1 0 0 0 1 1 1
43 1 0 0 1 0 0 0 0 0
fn=impi_reduce_setup_threshold
31 3 1 1 0 0 0 1 1 0
32 1 1 1 0 0 0 1 1 1
33 3 0 0 0 0 0 1 0 0
34 1 0 0 0 0 0 1 0 0
35 2 0 0 0 0 0 1 0 0
36 1 0 0 0 0 0 1 0 0
37 1 0 0 0 0 0 1 0 0
38 1 0 0 1 0 0 0 0 0
fl=/build/impi/_buildspace/release/../../src/mpid/ch4/shm/posix/eager/include/intel_transport_profiler.h
fn=???
19 4 0 0 0 0 0 0 0 0
fl=/build/impi/_buildspace/release/../../src/mpid/ch4/shm/posix/eager/include/intel_transport_types.h
fn=???
0 1 0 0 0 0 0 0 0 0
2487 2 0 0 0 0 0 0 0 0
2493 1 0 0 0 0 0 1 0 0
2494 3 0 0 0 0 0 1 1 1
2504 6 0 0 0 0 0 4 1 1
2507 4 1 1 0 0 0 2 0 0
2526 3 0 0 1 0 0 0 0 0
2527 2 0 0 0 0 0 1 0 0
2528 1 0 0 0 0 0 0 0 0
2665 2 0 0 2 0 0 0 0 0
2668 96 0 0 0 0 0 0 0 0
2669 256 1 1 0 0 0 256 255 255
2784 1 1 1 1 0 0 0 0 0
2785 2 0 0 0 0 0 0 0 0
2788 3 1 1 1 0 0 0 0 0
2798 2 1 1 0 0 0 1 0 0
2800 5 0 0 0 0 0 0 0 0
2807 2 0 0 0 0 0 1 0 0
2808 1 0 0 0 0 0 1 0 0
2816 1 0 0 1 0 0 0 0 0
2825 2 0 0 0 0 0 0 0 0
2837 1 1 1 1 0 0 0 0 0
2842 2 0 0 0 0 0 0 0 0
2843 2 0 0 0 0 0 1 0 0
2844 3 0 0 0 0 0 1 0 0
fl=/build/impi/_buildspace/release/../../src/mpid/ch4/shm/posix/eager/src/posix_eager_impl.c
fn=MPIDI_POSIX_eager_finalize
20 3 1 1 2 2 2 0 0 0
fn=MPIDI_POSIX_eager_init
15 4 1 1 2 0 0 0 0 0
fl=/build/impi/_buildspace/release/../../src/mpid/ch4/shm/posix/intel/posix_coll_select_init.c
fn=MPIDI_POSIX_mpi_comm_collective_selection_finalize
82 20 2 1 0 0 0 10 0 0
88 30 0 0 10 5 5 0 0 0
89 10 0 0 0 0 0 10 0 0
90 10 0 0 0 0 0 10 0 0
94 30 0 0 20 0 0 0 0 0
fn=MPIDI_POSIX_mpi_comm_collective_selection_init
34 60 2 1 0 0 0 40 0 0
37 10 0 0 0 0 0 10 0 0
46 20 0 0 0 0 0 10 0 0
47 10 0 0 0 0 0 0 0 0
52 20 0 0 0 0 0 10 0 0
53 20 4 1 0 0 0 10 0 0
58 30 0 0 0 0 0 10 0 0
61 20 0 0 10 0 0 0 0 0
63 20 0 0 0 0 0 0 0 0
67 690 10 4 340 0 0 340 50 50
68 1700 8 3 0 0 0 340 0 0
78 70 6 2 50 0 0 0 0 0
fl=/build/impi/_buildspace/release/../../src/mpid/ch4/shm/posix/intel/posix_coll_select_init.h
fn=MPIDI_POSIX_mpi_comm_collective_selection_init
15 40 0 0 10 5 0 0 0 0
20 20 4 1 10 0 0 0 0 0
24 50 0 0 20 0 0 0 0 0
25 10 0 0 0 0 0 0 0 0
fl=/build/impi/_buildspace/release/../../src/mpid/ch4/shm/posix/posix_comm.c
fn=MPIDI_POSIX_mpi_comm_commit_pre_hook
20 10 2 1 0 0 0 10 0 0
22 20 0 0 10 0 0 0 0 0
fn=MPIDI_POSIX_mpi_comm_free_hook
68 20 2 1 10 0 0 0 0 0
fl=/build/impi/_buildspace/release/../../src/mpid/ch4/shm/posix/posix_datatype.c
fn=MPIDI_POSIX_mpi_type_commit_hook
16 10 0 0 5 0 0 0 0 0
fn=MPIDI_POSIX_mpi_type_free_hook
26 10 0 0 5 0 0 0 0 0
fl=/build/impi/_buildspace/release/../../src/mpid/ch4/shm/posix/posix_init.c
fn=MPIDI_POSIX_mpi_finalize_hook
0 2 0 0 0 0 0 0 0 0
205 3 1 1 0 0 0 3 0 0
212 6 0 0 2 1 0 0 0 0
213 2 0 0 0 0 0 1 0 0
218 2 0 0 0 0 0 0 0 0
220 3 1 1 1 1 1 1 0 0
222 2 0 0 1 0 0 1 0 0
227 2 0 0 1 0 0 1 0 0
232 5 0 0 3 0 0 0 0 0
fn=MPIDI_POSIX_mpi_init_hook
0 8 1 1 0 0 0 0 0 0
129 10 1 1 0 0 0 7 0 0
133 2 0 0 0 0 0 1 1 1
134 3 0 0 0 0 0 1 0 0
144 3 1 1 1 1 1 1 1 1
145 4 0 0 1 0 0 2 0 0
147 9 0 0 1 0 0 0 0 0
148 3 1 1 0 0 0 1 1 1
150 7 0 0 2 0 0 0 0 0
151 5 0 0 2 1 1 1 0 0
153 2 0 0 2 0 0 0 0 0
154 1 0 0 0 0 0 1 0 0
155 2 1 1 1 0 0 1 0 0
157 1 0 0 0 0 0 1 0 0
160 1 0 0 0 0 0 1 0 0
162 10 0 0 0 0 0 2 0 0
166 4 1 1 0 0 0 0 0 0
167 3 1 1 0 0 0 1 0 0
173 5 0 0 0 0 0 2 0 0
178 6 1 1 2 2 0 0 0 0
179 4 0 0 0 0 0 1 0 0
184 2 0 0 0 0 0 0 0 0
187 2 0 0 0 0 0 1 1 1
196 8 0 0 7 1 0 0 0 0
fl=/build/impi/_buildspace/release/../../src/mpid/ch4/shm/src/shm_hooks.c
fn=MPIDI_SHMI_mpi_comm_collective_selection_finalize
73 10 2 1 0 0 0 0 0 0
fn=MPIDI_SHMI_mpi_comm_collective_selection_init
60 10 2 1 0 0 0 0 0 0
fn=MPIDI_SHMI_mpi_comm_commit_pre_hook
21 10 2 1 0 0 0 0 0 0
fn=MPIDI_SHMI_mpi_comm_free_hook
47 10 2 1 0 0 0 0 0 0
fn=MPIDI_SHMI_mpi_type_commit_hook
86 5 0 0 0 0 0 0 0 0
fn=MPIDI_SHMI_mpi_type_free_hook
99 5 0 0 0 0 0 0 0 0
fl=/build/impi/_buildspace/release/../../src/mpid/ch4/shm/src/shm_init.c
fn=MPIDI_SHMI_mpi_finalize_hook
44 1 1 1 0 0 0 1 0 0
57 1 0 0 0 0 0 1 0 0
58 2 0 0 0 0 0 0 0 0
62 3 0 0 2 0 0 0 0 0
fn=MPIDI_SHMI_mpi_init_hook
20 1 1 1 0 0 0 1 0 0
26 1 0 0 0 0 0 1 0 0
27 2 1 0 0 0 0 0 0 0
38 3 0 0 2 0 0 0 0 0
fl=/build/impi/_buildspace/release/../../src/mpid/ch4/src/ch4_comm.c
fn=MPIDI_Comm_collective_selection_finalize
411 20 2 1 0 0 0 10 0 0
417 10 0 0 0 0 0 10 0 0
419 20 0 0 10 9 9 0 0 0
420 20 0 0 0 0 0 10 0 0
422 30 2 1 10 0 0 0 0 0
fn=MPIDI_Comm_collective_selection_init
0 36 3 1 0 0 0 20 0 0
358 60 4 1 0 0 0 40 0 0
367 10 0 0 0 0 0 10 0 0
370 10 0 0 10 2 0 0 0 0
375 20 0 0 10 0 0 0 0 0
376 40 2 1 10 2 0 0 0 0
377 10 0 0 0 0 0 0 0 0
382 2 0 0 2 0 0 0 0 0
383 62 1 1 10 0 0 0 0 0
384 30 1 0 10 0 0 0 0 0
385 10 0 0 0 0 0 0 0 0
398 20 0 0 0 0 0 10 0 0
399 20 0 0 10 0 0 0 0 0
400 20 0 0 0 0 0 10 0 0
402 20 0 0 0 0 0 10 0 0
407 60 0 0 50 1 0 0 0 0
fn=MPID_Comm_commit_post_hook
243 20 3 1 10 0 0 0 0 0
fn=MPID_Comm_commit_pre_hook
0 10 0 0 0 0 0 0 0 0
129 70 2 1 0 0 0 50 0 0
137 10 0 0 0 0 0 10 4 4
138 20 4 1 0 0 0 10 1 1
142 48 0 0 19 0 0 0 0 0
143 16 0 0 0 0 0 8 0 0
145 40 0 0 8 0 0 0 0 0
161 16 4 1 8 0 0 8 0 0
164 24 0 0 8 0 0 0 0 0
184 20 4 1 0 0 0 10 1 0
185 20 0 0 0 0 0 0 0 0
188 20 0 0 0 0 0 10 0 0
190 30 0 0 10 1 0 0 0 0
192 20 2 1 0 0 0 10 0 0
193 20 0 0 0 0 0 0 0 0
199 20 0 0 0 0 0 10 0 0
200 20 0 0 0 0 0 0 0 0
214 80 0 0 60 0 0 0 0 0
fn=MPID_Comm_free_hook
248 50 1 1 0 0 0 30 0 0
256 10 0 0 0 0 0 10 0 0
257 20 0 0 0 0 0 10 0 0
261 50 0 0 10 1 1 0 0 0
280 20 2 1 10 0 0 10 0 0
283 30 0 0 10 3 3 0 0 0
306 30 2 1 10 2 1 0 0 0
307 20 0 0 0 0 0 10 0 0
308 20 2 1 0 0 0 0 0 0
311 20 2 1 0 0 0 10 0 0
312 20 0 0 0 0 0 0 0 0
316 10 0 0 10 0 0 0 0 0
317 30 0 0 0 0 0 0 0 0
320 10 0 0 10 0 0 0 0 0
321 30 0 0 0 0 0 0 0 0
324 20 0 0 10 0 0 0 0 0
327 20 0 0 10 0 0 0 0 0
346 20 1 1 0 0 0 10 0 0
347 20 0 0 0 0 0 0 0 0
351 70 2 1 40 0 0 0 0 0
fl=/build/impi/_buildspace/release/../../src/mpid/ch4/src/ch4_impl.c
fn=MPIDIG_get_context_index
10 33 5 3 0 0 0 0 0 0
16 33 0 0 0 0 0 0 0 0
19 66 0 0 0 0 0 0 0 0
22 33 0 0 33 0 0 0 0 0
fl=/build/impi/_buildspace/release/../../src/mpid/ch4/src/ch4_impl.h
fn=MPIDIG_am_finalize
940 4 0 0 1 1 1 0 0 0
946 2 1 1 0 0 0 1 0 0
fn=MPIDIG_init_comm
66 22 0 0 0 0 0 11 0 0
77 110 3 2 11 0 0 0 0 0
fn=MPIDI_OFI_mpi_comm_commit_pre_hook
930 40 0 0 0 0 0 20 0 0
932 20 0 0 0 0 0 20 10 4
933 20 0 0 0 0 0 20 1 1
fn=MPIDI_OFI_mpi_comm_free_hook
940 80 0 0 20 20 20 0 0 0
946 40 6 3 0 0 0 20 0 0
fn=MPIDI_OFI_mpi_finalize_hook
940 12 1 1 3 3 3 0 0 0
946 6 3 3 0 0 0 3 0 0
fn=MPIDI_OFI_mpi_init_hook
930 6 0 0 0 0 0 3 0 0
932 3 1 1 0 0 0 3 2 0
933 3 1 1 0 0 0 3 0 0
fn=MPID_Init
930 2 1 1 0 0 0 1 0 0
932 1 0 0 0 0 0 1 1 1
933 1 0 0 0 0 0 1 1 0
fl=/build/impi/_buildspace/release/../../src/mpid/ch4/src/ch4_init.c
fn=MPIDI_init_lw_reqs
0 6 0 0 0 0 0 0 0 0
1283 6 1 1 0 0 0 5 0 0
1291 1 0 0 0 0 0 1 0 0
1292 2 0 0 0 0 0 0 0 0
1293 2 0 0 0 0 0 0 0 0
1294 58 4 4 0 0 0 14 0 0
1300 14 1 1 0 0 0 0 0 0
1301 16 2 2 0 0 0 8 0 0
1302 8 0 0 0 0 0 0 0 0
1309 8 1 1 5 0 0 0 0 0
fn=MPID_Comm_get_lpid
2136 18 2 1 9 2 1 0 0 0
2144 27 2 1 0 0 0 9 0 0
2147 18 0 0 9 0 0 0 0 0
fn=MPID_Finalize
0 13 0 0 1 0 0 0 0 0
1014 3 0 0 1 1 1 0 0 0
1076 3 0 0 1 0 0 0 0 0
1081 3 0 0 1 0 0 0 0 0
1899 1 0 0 0 0 0 1 0 0
1910 1 0 0 0 0 0 1 0 0
1911 6 0 0 0 0 0 0 0 0
1912 8 2 2 3 0 0 0 0 0
1913 2 0 0 0 0 0 1 0 0
1917 1 0 0 0 0 0 1 0 0
1924 1 0 0 0 0 0 1 0 0
1925 1 0 0 0 0 0 1 0 0
1929 7 1 1 0 0 0 7 0 0
1937 1 0 0 0 0 0 1 0 0
1938 2 0 0 0 0 0 0 0 0
1942 2 1 1 0 0 0 1 0 0
1943 2 0 0 0 0 0 0 0 0
1945 3 0 0 1 0 0 0 0 0
1946 1 0 0 0 0 0 1 0 0
1947 2 1 0 0 0 0 0 0 0
1950 1 0 0 0 0 0 1 0 0
1951 2 0 0 0 0 0 0 0 0
1953 1 1 1 0 0 0 1 0 0
1954 2 0 0 0 0 0 0 0 0
1984 1 1 1 0 0 0 1 0 0
1987 4 0 0 1 1 0 1 0 0
1990 4 1 1 1 0 0 1 0 0
1993 4 0 0 1 0 0 1 0 0
1996 4 0 0 1 0 0 1 0 0
1999 4 1 1 1 0 0 1 0 0
2003 4 0 0 1 0 0 1 0 0
2007 4 0 0 1 0 0 1 0 0
2010 8 1 1 2 0 0 0 0 0
2011 9 0 0 0 0 0 1 0 0
2017 9 1 1 7 1 0 0 0 0
fn=MPID_Get_max_node_id
2163 5 0 0 0 0 0 5 0 0
2168 5 0 0 0 0 0 5 0 0
2171 15 0 0 10 0 0 0 0 0
fn=MPID_Get_node_id
2151 15 4 1 0 0 0 15 0 0
2156 15 0 0 0 0 0 15 0 0
2159 45 0 0 30 0 0 0 0 0
fn=MPID_Init
0 41 11 11 2 2 1 11 4 2
367 4 1 1 2 2 0 0 0 0
369 4 1 1 1 1 1 1 1 1
370 3 0 0 1 0 0 0 0 0
376 15 3 3 0 0 0 0 0 0
471 2 0 0 0 0 0 0 0 0
472 1 1 1 0 0 0 1 0 0
473 1 0 0 0 0 0 1 0 0
476 7 0 0 1 1 0 1 1 0
478 7 1 1 1 1 0 1 0 0
482 3 0 0 1 0 0 0 0 0
500 3 0 0 1 0 0 0 0 0
506 7 1 1 1 0 0 1 0 0
508 5 0 0 0 0 0 1 0 0
510 5 1 1 0 0 0 1 0 0
513 3 0 0 1 0 0 0 0 0
536 2 1 1 0 0 0 1 0 0
537 2 0 0 1 0 0 0 0 0
578 1 1 1 0 0 0 1 0 0
579 2 0 0 0 0 0 1 0 0
580 3 0 0 0 0 0 1 1 0
586 2 1 1 1 1 1 0 0 0
587 3 0 0 0 0 0 1 1 1
591 5 1 1 1 0 0 0 0 0
597 2 1 1 1 0 0 0 0 0
598 10 1 1 5 5 3 0 0 0
600 4 0 0 0 0 0 0 0 0
603 6 1 1 1 0 0 0 0 0
605 3 0 0 1 0 0 0 0 0
606 2 1 1 1 1 1 0 0 0
607 7 0 0 3 0 0 0 0 0
609 4 1 1 0 0 0 0 0 0
619 7 0 0 3 0 0 0 0 0
622 4 0 0 0 0 0 0 0 0
624 4 0 0 0 0 0 0 0 0
627 4 1 1 0 0 0 0 0 0
632 4 0 0 0 0 0 0 0 0
634 4 0 0 0 0 0 0 0 0
637 4 0 0 0 0 0 0 0 0
640 4 0 0 0 0 0 0 0 0
643 4 1 1 0 0 0 0 0 0
647 4 0 0 0 0 0 0 0 0
650 4 0 0 0 0 0 0 0 0
656 3 0 0 1 1 0 0 0 0
910 1 0 0 0 0 0 1 1 1
912 4 0 0 2 1 0 0 0 0
1044 2 0 0 1 0 0 0 0 0
1049 3 0 0 0 0 0 0 0 0
1051 1 0 0 0 0 0 1 0 0
1052 2 0 0 1 1 0 0 0 0
1066 3 2 2 1 0 0 0 0 0
1089 2 0 0 0 0 0 1 1 1
1092 1 0 0 0 0 0 1 1 0
1095 7 1 1 2 2 0 0 0 0
1111 2 1 1 1 1 0 0 0 0
1113 2 0 0 0 0 0 1 0 0
1114 2 0 0 0 0 0 1 0 0
1116 1 0 0 0 0 0 1 0 0
1117 4 0 0 1 1 0 0 0 0
1118 2 1 1 1 1 0 0 0 0
1119 4 0 0 0 0 0 1 0 0
1124 2 0 0 1 1 0 0 0 0
1125 2 0 0 0 0 0 0 0 0
1133 3 0 0 1 0 0 0 0 0
1140 3 1 1 0 0 0 0 0 0
1151 1 1 1 0 0 0 1 0 0
1153 6 0 0 2 2 0 0 0 0
1171 3 0 0 1 1 0 0 0 0
1181 7 1 1 0 0 0 3 1 1
1199 17 2 2 0 0 0 16 4 4
1200 16 2 2 0 0 0 16 3 3
1202 2 1 1 0 0 0 1 0 0
1203 2 0 0 0 0 0 0 0 0
1204 2 0 0 0 0 0 1 0 0
1207 4 0 0 2 0 0 0 0 0
1208 1 0 0 0 0 0 1 0 0
1218 1 0 0 0 0 0 1 0 0
1219 2 1 0 0 0 0 0 0 0
1391 1 0 0 1 1 0 0 0 0
1392 3 1 1 3 1 0 0 0 0
1395 2 0 0 1 1 0 0 0 0
1396 1 0 0 1 0 0 0 0 0
1398 1 0 0 0 0 0 1 1 0
1399 1 0 0 0 0 0 1 1 0
1401 1 0 0 0 0 0 1 0 0
1402 2 0 0 0 0 0 0 0 0
1406 2 1 1 1 0 0 1 0 0
1408 1 0 0 0 0 0 1 0 0
1409 1 0 0 0 0 0 1 0 0
1410 1 0 0 0 0 0 1 0 0
1411 3 0 0 0 0 0 1 0 0
1412 1 1 1 0 0 0 1 0 0
1413 1 0 0 0 0 0 1 1 1
1414 2 0 0 0 0 0 1 0 0
1415 2 0 0 0 0 0 0 0 0
1416 2 0 0 1 0 0 1 0 0
1417 1 0 0 0 0 0 1 0 0
1418 2 1 1 1 0 0 1 1 1
1419 2 0 0 0 0 0 1 0 0
1420 1 0 0 0 0 0 1 0 0
1421 5 0 0 0 0 0 0 0 0
1422 5 0 0 2 0 0 1 0 0
1424 1 1 1 0 0 0 1 0 0
1425 2 0 0 0 0 0 0 0 0
1427 1 0 0 1 0 0 0 0 0
1439 2 0 0 0 0 0 0 0 0
1441 2 0 0 1 1 1 1 0 0
1442 2 1 1 0 0 0 1 0 0
1444 1 0 0 1 1 1 0 0 0
1450 2 0 0 0 0 0 1 0 0
1451 3 0 0 0 0 0 1 0 0
1463 1 0 0 1 1 1 0 0 0
1464 1 0 0 0 0 0 1 1 1
1465 1 0 0 0 0 0 1 0 0
1470 3 1 1 2 1 0 1 1 1
1471 2 0 0 1 0 0 1 0 0
1472 1 0 0 0 0 0 1 1 1
1475 1 0 0 0 0 0 1 1 1
1477 1 0 0 0 0 0 1 0 0
1478 1 0 0 0 0 0 1 1 1
1479 2 0 0 0 0 0 1 0 0
1481 2 0 0 1 0 0 1 1 1
1483 1 1 1 0 0 0 1 0 0
1484 2 0 0 1 0 0 1 0 0
1485 1 0 0 0 0 0 1 1 1
1486 2 0 0 0 0 0 1 0 0
1488 2 0 0 1 0 0 1 0 0
1489 2 0 0 0 0 0 0 0 0
1490 2 0 0 1 1 0 1 0 0
1491 2 1 1 0 0 0 0 0 0
1502 2 0 0 1 0 0 0 0 0
1503 1 0 0 1 0 0 0 0 0
1505 1 0 0 0 0 0 1 0 0
1507 3 1 1 1 0 0 1 1 0
1508 5 0 0 0 0 0 1 0 0
1511 1 0 0 0 0 0 1 1 1
1514 3 0 0 2 0 0 1 1 1
1516 2 0 0 0 0 0 1 0 0
1519 3 0 0 1 0 0 1 0 0
1524 5 1 1 0 0 0 0 0 0
1525 1 0 0 0 0 0 1 1 1
1526 4 0 0 2 0 0 0 0 0
1542 1 0 0 0 0 0 1 0 0
1543 1 0 0 0 0 0 1 0 0
1548 1 0 0 0 0 0 1 1 0
1567 10 1 1 1 0 0 7 0 0
1575 3 0 0 0 0 0 0 0 0
1602 3 1 0 0 0 0 1 0 0
1603 2 0 0 0 0 0 1 0 0
1604 2 0 0 0 0 0 1 0 0
1605 4 1 0 0 0 0 2 1 0
1613 1 0 0 0 0 0 1 1 1
1614 1 0 0 0 0 0 1 0 0
1615 4 1 1 0 0 0 2 0 0
1616 2 0 0 0 0 0 0 0 0
1619 2 0 0 0 0 0 0 0 0
1620 1 0 0 0 0 0 1 0 0
1625 1 0 0 0 0 0 1 0 0
1626 2 0 0 0 0 0 0 0 0
1628 2 1 1 1 0 0 0 0 0
1629 1 0 0 1 0 0 0 0 0
1630 1 0 0 1 0 0 0 0 0
1633 2 0 0 0 0 0 1 0 0
1639 2 0 0 0 0 0 1 0 0
1643 7 1 1 0 0 0 3 1 1
1646 7 0 0 0 0 0 3 1 1
1649 7 1 1 0 0 0 3 1 1
1652 7 1 1 0 0 0 3 1 1
1655 7 1 1 0 0 0 3 1 1
1659 7 0 0 0 0 0 3 0 0
1663 7 1 1 0 0 0 3 1 1
1682 1 0 0 0 0 0 1 0 0
1683 2 0 0 0 0 0 0 0 0
1689 1 0 0 0 0 0 1 0 0
1690 3 0 0 1 0 0 0 0 0
1700 7 2 2 1 1 0 1 0 0
1702 5 0 0 0 0 0 1 0 0
1703 2 2 2 0 0 0 1 1 0
1709 2 0 0 0 0 0 1 0 0
1712 1 0 0 0 0 0 1 0 0
1713 2 0 0 0 0 0 0 0 0
1715 2 0 0 0 0 0 2 0 0
1719 3 0 0 1 1 0 1 0 0
1724 1 0 0 0 0 0 1 0 0
1725 2 0 0 0 0 0 0 0 0
1727 2 0 0 1 0 0 0 0 0
1729 1 1 1 0 0 0 1 0 0
1731 4 0 0 1 1 0 0 0 0
1737 5 0 0 1 1 0 1 0 0
1738 2 1 1 0 0 0 0 0 0
1742 4 2 2 1 1 1 1 1 1
1749 3 0 0 0 0 0 1 0 0
1750 3 1 0 1 1 1 0 0 0
1754 3 0 0 0 0 0 0 0 0
1761 5 1 1 2 1 0 1 1 1
1765 2 1 1 1 0 0 0 0 0
1822 3 0 0 0 0 0 1 1 1
1823 3 1 1 1 1 0 1 1 1
1825 1 0 0 0 0 0 1 1 1
1826 1 0 0 0 0 0 1 1 0
1827 1 0 0 0 0 0 1 0 0
1836 3 0 0 1 1 0 1 0 0
1839 2 1 1 1 0 0 0 0 0
1840 1 1 1 0 0 0 1 0 0
1841 3 0 0 1 1 0 0 0 0
1845 3 0 0 1 0 0 1 0 0
1846 3 0 0 0 0 0 1 0 0
1859 12 1 1 9 2 2 0 0 0
fn=MPID_InitCompleted
1862 4 2 2 1 0 0 2 0 0
1869 3 0 0 1 1 0 0 0 0
1884 2 1 1 0 0 0 1 1 1
1889 7 1 1 4 0 0 0 0 0
fn=MPID_Type_commit_hook
2227 15 1 1 0 0 0 5 0 0
2233 5 0 0 0 0 0 5 0 0
2234 10 0 0 0 0 0 0 0 0
2236 10 0 0 0 0 0 5 0 0
2237 10 0 0 0 0 0 0 0 0
2242 20 0 0 10 0 0 0 0 0
fn=MPID_Type_free_hook
2248 15 1 1 0 0 0 5 0 0
2254 5 0 0 0 0 0 5 0 0
2255 10 0 0 0 0 0 0 0 0
2257 10 0 0 0 0 0 5 0 0
2258 10 0 0 0 0 0 0 0 0
2263 20 0 0 10 0 0 0 0 0
fn=impi_init_request_pool_dynamic_mask
0 5 0 0 0 0 0 0 0 0
1228 5 1 1 0 0 0 5 0 0
1245 2 0 0 0 0 0 0 0 0
1246 2 0 0 0 0 0 0 0 0
1250 2 0 0 0 0 0 0 0 0
1260 5 1 1 0 0 0 0 0 0
1261 4 0 0 0 0 0 0 0 0
1263 5 1 1 1 1 1 0 0 0
1265 2 0 0 0 0 0 0 0 0
1266 1 0 0 0 0 0 1 0 0
1267 4 0 0 0 0 0 1 1 1
1268 1 0 0 0 0 0 1 0 0
1269 4 0 0 0 0 0 1 0 0
1270 1 0 0 0 0 0 1 0 0
1272 3 1 1 1 0 0 0 0 0
1273 3 0 0 2 1 0 0 0 0
1278 6 0 0 5 0 0 0 0 0
fl=/build/impi/_buildspace/release/../../src/mpid/ch4/src/ch4_vci.h
fn=MPIDIG_unexp_num
96 132 0 0 22 6 1 0 0 0
100 5 2 2 1 0 0 0 0 0
104 5 0 0 1 0 0 0 0 0
fl=/build/impi/_buildspace/release/../../src/mpid/ch4/src/ch4i_comm.c
fn=???
0 31 3 2 10 1 1 9 1 1
43 8 0 0 8 0 0 0 0 0
63 8 0 0 8 0 0 0 0 0
66 56 2 1 0 0 0 0 0 0
67 24 2 1 8 0 0 0 0 0
76 16 4 1 0 0 0 0 0 0
331 16 2 1 8 2 0 8 8 8
332 16 0 0 0 0 0 0 0 0
337 16 0 0 8 0 0 8 0 0
340 24 0 0 0 0 0 0 0 0
542 16 2 1 0 0 0 8 0 0
546 8 0 0 0 0 0 8 0 0
551 16 0 0 8 0 0 0 0 0
585 24 2 1 16 0 0 0 0 0
591 48 2 1 0 0 0 48 0 0
599 32 0 0 8 0 0 0 0 0
666 56 2 1 56 0 0 0 0 0
672 56 2 1 0 0 0 48 0 0
679 56 0 0 8 0 0 0 0 0
684 8 0 0 0 0 0 0 0 0
685 24 2 1 8 0 0 0 0 0
689 8 0 0 8 0 0 0 0 0
734 64 6 2 56 0 0 0 0 0
fn=MPIDI_comm_create_rank_map
0 128 2 1 0 0 0 8 0 0
43 32 0 0 16 0 0 0 0 0
737 64 2 1 0 0 0 56 0 0
763 48 4 1 16 0 0 0 0 0
764 40 0 0 8 0 0 0 0 0
767 8 0 0 8 0 0 0 0 0
770 24 0 0 8 0 0 0 0 0
771 8 0 0 8 0 0 0 0 0
773 56 2 1 8 0 0 0 0 0
777 72 0 0 8 0 0 0 0 0
778 8 0 0 8 0 0 0 0 0
783 8 4 1 0 0 0 0 0 0
784 8 0 0 8 0 0 0 0 0
791 24 0 0 0 0 0 0 0 0
799 8 2 1 0 0 0 0 0 0
829 8 0 0 8 0 0 0 0 0
836 48 2 1 16 0 0 0 0 0
837 24 2 1 8 0 0 0 0 0
843 24 0 0 8 0 0 0 0 0
846 24 2 1 8 0 0 0 0 0
884 24 2 1 0 0 0 8 0 0
885 16 0 0 0 0 0 8 0 0
886 24 2 1 8 0 0 0 0 0
904 16 2 1 0 0 0 0 0 0
905 8 0 0 0 0 0 8 0 0
924 72 0 0 56 0 0 0 0 0
fl=/build/impi/_buildspace/release/../../src/mpid/ch4/src/ch4r_buf.c
fn=MPIDIU_create_buf_pool
10 27 2 1 0 0 0 21 1 1
18 27 2 1 21 6 0 0 0 0
fn=MPIDIU_destroy_buf_pool
22 6 1 1 0 0 0 3 0 0
28 9 0 0 3 3 3 0 0 0
31 12 0 0 0 0 0 3 0 0
32 6 0 0 3 0 0 3 0 0
33 9 0 0 3 0 0 0 0 0
fl=/build/impi/_buildspace/release/../../src/mpid/ch4/src/ch4r_buf.h
fn=MPIDIU_create_buf_pool
0 438 0 0 0 0 0 0 0 0
34 9 0 0 0 0 0 3 0 0
37 12 0 0 0 0 0 0 0 0
41 24 2 1 0 0 0 9 3 3
43 3 0 0 0 0 0 3 0 0
44 3 0 0 0 0 0 3 0 0
45 3 0 0 0 0 0 3 0 0
46 18 0 0 0 0 0 6 0 0
50 3 0 0 0 0 0 3 0 0
51 837 4 2 0 0 0 0 0 0
52 12 0 0 0 0 0 0 0 0
53 6564 6 3 0 0 0 3069 3069 3069
54 3069 0 0 0 0 0 3069 0 0
57 3 0 0 0 0 0 3 3 3
58 3 0 0 0 0 0 3 0 0
fl=/build/impi/_buildspace/release/../../src/mpid/ch4/src/ch4r_comm.c
fn=MPIDIU_alloc_lut
165 3 1 1 0 0 0 1 0 0
172 3 1 1 0 0 0 1 0 0
174 2 0 0 0 0 0 0 0 0
180 1 0 0 0 0 0 1 0 0
187 4 0 0 2 0 0 0 0 0
fn=MPIDIU_release_lut
0 1 0 0 0 0 0 0 0 0
200 1 0 0 0 0 0 0 0 0
202 2 0 0 0 0 0 1 0 0
203 1 0 0 0 0 0 1 0 0
207 2 0 0 1 0 0 0 0 0
fl=/build/impi/_buildspace/release/../../src/mpid/ch4/src/ch4r_init.c
fn=MPIDIG_destroy_comm
70 88 3 2 0 0 0 77 0 0
75 33 0 0 11 5 4 0 0 0
77 22 0 0 0 0 0 11 0 0
78 44 3 2 11 0 0 0 0 0
79 22 0 0 0 0 0 0 0 0
84 33 0 0 11 1 0 0 0 0
88 44 3 2 0 0 0 11 0 0
89 22 0 0 0 0 0 0 0 0
90 11 0 0 0 0 0 11 3 3
93 66 3 2 11 2 1 0 0 0
101 11 0 0 0 0 0 11 6 6
102 22 0 0 11 0 0 0 0 0
106 99 3 2 77 0 0 0 0 0
fn=MPIDIG_init_comm
10 88 3 2 0 0 0 77 1 0
19 33 0 0 11 1 0 0 0 0
22 22 0 0 0 0 0 11 0 0
23 44 3 2 11 0 0 0 0 0
24 22 0 0 0 0 0 0 0 0
34 33 0 0 11 1 0 0 0 0
35 77 6 4 11 3 0 11 6 4
37 22 0 0 0 0 0 11 4 4
39 11 0 0 11 0 0 0 0 0
51 33 0 0 0 0 0 11 0 0
52 22 0 0 0 0 0 0 0 0
59 11 0 0 0 0 0 11 6 5
61 22 0 0 11 0 0 0 0 0
63 11 3 2 0 0 0 11 1 1
66 99 5 2 77 0 0 0 0 0
fl=/build/impi/_buildspace/release/../../src/mpid/ch4/src/ch4r_proc.c
fn=???
89 2 0 0 1 0 0 1 0 0
fn=MPIDIU_avt_add_ref
230 40 4 1 20 8 2 0 0 0
233 20 0 0 10 0 0 0 0 0
fn=MPIDIU_avt_destroy
299 1 1 1 0 0 0 1 0 0
303 4 0 0 2 0 0 1 0 0
304 4 1 1 2 0 0 1 0 0
305 2 0 0 1 0 0 1 0 0
308 3 0 0 2 0 0 0 0 0
fn=MPIDIU_avt_init
130 3 1 1 1 0 0 0 0 0
146 2 1 1 1 0 0 1 0 0
147 1 0 0 0 0 0 1 0 0
148 1 0 0 1 0 0 0 0 0
254 4 1 1 0 0 0 3 0 0
260 3 1 1 1 1 1 1 1 0
265 2 0 0 0 0 0 1 0 0
266 7 0 0 0 0 0 1 0 0
268 2 1 1 0 0 0 0 0 0
271 1 0 0 0 0 0 1 0 0
272 7 0 0 1 0 0 1 0 0
274 2 0 0 0 0 0 0 0 0
277 1 0 0 0 0 0 1 0 0
278 3 1 1 1 0 0 1 0 0
279 2 0 0 0 0 0 0 0 0
282 4 1 1 1 0 0 0 0 0
285 1 0 0 0 0 0 1 1 1
293 7 0 0 4 0 0 0 0 0
fn=MPIDIU_avt_release_ref
0 1 0 0 0 0 0 0 0 0
117 2 0 0 0 0 0 0 0 0
120 3 1 1 1 0 0 1 1 1
164 3 0 0 2 0 0 1 1 1
165 1 0 0 0 0 0 1 0 0
166 1 0 0 1 0 0 0 0 0
210 1 0 0 0 0 0 1 0 0
216 3 0 0 2 0 0 1 0 0
217 2 0 0 1 0 0 1 0 0
237 55 2 1 0 0 0 55 0 0
244 55 0 0 22 4 2 0 0 0
245 11 0 0 0 0 0 0 0 0
250 77 2 1 55 0 0 0 0 0
fn=MPIDIU_get_max_n_avts
76 2 1 1 1 1 0 0 0 0
79 1 0 0 1 0 0 0 0 0
fn=MPIDIU_get_max_node_id
36 15 0 0 5 0 0 5 0 0
39 10 5 1 5 0 0 0 0 0
fn=MPIDIU_get_node_id
23 175 2 1 75 6 1 25 0 0
26 50 0 0 25 0 0 0 0 0
fl=/build/impi/_buildspace/release/../../src/mpid/ch4/src/ch4r_proc.h
fn=MPIDIU_get_node_id
0 155 2 1 30 5 0 0 0 0
34 75 2 1 25 0 0 0 0 0
fn=MPIDI_Comm_collective_selection_init
0 14 1 1 2 1 1 0 0 0
34 40 0 0 10 0 0 0 0 0
fn=MPID_Comm_get_lpid
0 38 1 1 10 4 2 0 0 0
34 36 2 1 9 3 0 0 0 0
fl=/build/impi/_buildspace/release/../../src/mpid/ch4/src/ch4r_recvq.c
fn=MPIDIG_recvq_init
38 2 1 1 1 0 0 0 0 0
fl=/build/impi/_buildspace/release/../../src/mpid/ch4/src/ch4r_rma_target_callbacks.c
fn=MPIDIG_RMA_Init_targetcb_pvars
219 2 1 1 1 0 0 0 0 0
fl=/build/impi/_buildspace/release/../../src/mpid/ch4/src/ch4r_win.c
fn=MPIDIG_RMA_Init_sync_pvars
822 2 1 1 1 0 0 0 0 0
fl=/build/impi/_buildspace/release/../../src/mpid/ch4/src/intel/ch4_coll_select_init.c
fn=MPIDI_CH4_mpi_comm_collective_selection_finalize
174 80 1 1 0 0 0 60 1 0
178 30 0 0 10 9 7 0 0 0
437 40 2 1 10 4 4 0 0 0
438 10 0 0 0 0 0 10 1 1
439 10 0 0 0 0 0 10 0 0
447 90 0 0 70 0 0 0 0 0
fn=MPIDI_CH4_mpi_comm_collective_selection_init
0 340 2 1 0 0 0 0 0 0
97 70 2 0 0 0 0 50 0 0
100 10 0 0 0 0 0 10 0 0
106 10 0 0 0 0 0 10 0 0
109 20 0 0 0 0 0 10 0 0
110 10 0 0 0 0 0 0 0 0
114 10 0 0 0 0 0 10 0 0
115 20 4 1 0 0 0 10 0 0
118 20 0 0 0 0 0 0 0 0
123 30 0 0 0 0 0 10 0 0
126 40 0 0 10 0 0 0 0 0
127 20 4 1 10 2 0 0 0 0
132 20 0 0 0 0 0 0 0 0
137 680 16 7 340 0 0 340 50 50
138 2750 38 16 0 0 0 680 0 0
148 40 2 1 10 0 0 0 0 0
171 70 4 1 60 0 0 0 0 0
fn=MPIDI_Coll_selection_init_adjusts
58 24 3 3 5 2 2 5 5 5
59 19 1 1 5 0 0 5 0 0
60 19 1 1 5 1 1 5 2 2
61 19 2 2 5 1 1 5 0 0
62 19 1 1 5 0 0 5 1 1
63 19 2 2 5 1 1 5 0 0
64 19 2 2 5 1 1 5 1 1
65 19 1 1 5 1 1 5 0 0
66 19 2 2 5 0 0 5 1 1
67 19 1 1 5 1 1 5 0 0
68 19 2 2 5 1 1 5 2 2
69 19 1 1 5 0 0 5 0 0
70 19 2 2 5 0 0 5 1 1
71 19 1 1 5 2 2 5 0 0
72 19 1 1 5 0 0 5 1 1
73 19 1 1 5 1 1 5 0 0
74 19 3 3 5 0 0 5 1 1
75 19 1 1 5 1 1 5 0 0
76 19 2 2 5 1 1 5 2 2
77 19 1 1 5 1 1 5 0 0
78 19 1 1 5 0 0 5 1 1
79 19 2 2 5 1 1 5 0 0
80 19 3 3 5 1 1 5 1 1
81 19 1 1 5 2 2 5 0 0
82 19 2 2 5 0 0 5 1 1
83 19 1 1 5 1 1 5 0 0
84 19 1 1 5 1 1 5 2 2
85 19 3 3 5 0 0 5 0 0
86 19 2 2 5 1 1 5 0 0
87 19 1 1 5 0 0 5 0 0
88 19 2 2 5 0 0 5 0 0
89 19 1 1 5 0 0 5 0 0
90 19 1 1 5 0 0 5 0 0
91 19 3 3 5 0 0 5 0 0
92 1 0 0 1 0 0 0 0 0
fl=/build/impi/_buildspace/release/../../src/mpid/ch4/src/intel/ch4_coll_select_init.h
fn=MPIDI_CH4_mpi_comm_collective_selection_init
2528 30 0 0 10 4 0 0 0 0
2533 40 0 0 10 3 1 0 0 0
2539 70 0 0 20 0 0 0 0 0
2551 50 2 1 20 0 0 0 0 0
2552 10 0 0 0 0 0 0 0 0
fl=/build/impi/_buildspace/release/../../src/mpid/ch4/src/intel/ch4_coll_select_utils.c
fn=MPIDI_Coll_selection_get_codename_and_fabric
0 1 0 0 0 0 0 0 0 0
3596 5 1 1 0 0 0 2 0 0
3604 5 0 0 2 0 0 0 0 0
3605 2 0 0 1 0 0 0 0 0
3606 3 0 0 0 0 0 0 0 0
3637 6 1 1 2 1 0 0 0 0
3651 5 0 0 3 0 0 0 0 0
fl=/build/impi/_buildspace/release/../../src/mpid/ch4/src/intel/ch4_progress.c
fn=MPID_Progress_completion_count_incr
39 3 1 1 1 0 0 0 0 0
43 2 0 0 1 0 0 0 0 0
48 1 0 0 1 0 0 0 0 0
fn=MPID_Progress_completion_count_init
0 2 0 0 0 0 0 1 0 0
26 2 1 1 1 1 0 0 0 0
34 1 0 0 1 0 0 0 0 0
fn=MPID_Progress_idle_timer_init
160 3 1 1 0 0 0 3 0 0
161 33 3 3 0 0 0 15 0 0
166 2 0 0 0 0 0 1 0 0
167 1 1 1 0 0 0 1 1 0
168 4 0 0 4 0 0 0 0 0
fl=/build/impi/_buildspace/release/../../src/mpid/ch4/src/intel/ch4_shm_coll.c
fn=MPIDI_SHMGR_Comm_free_hook
2095 40 2 1 0 0 0 30 0 0
2096 10 0 0 10 2 2 0 0 0
2098 20 0 0 0 0 0 0 0 0
2129 30 2 1 0 0 0 10 0 0
2131 50 0 0 40 0 0 0 0 0
fn=MPIDI_SHMGR_free_numamap
2000 30 2 1 0 0 0 30 0 0
2001 10 0 0 10 1 1 0 0 0
2002 20 0 0 0 0 0 0 0 0
2012 50 2 1 30 0 0 0 0 0
fl=/build/impi/_buildspace/release/../../src/mpid/ch4/src/intel/ch4r_unexp_hashtable.c
fn=MPIDIG_unexp_num
527 110 5 3 0 0 0 110 0 0
529 22 0 0 0 0 0 0 0 0
532 88 0 0 22 7 3 0 0 0
541 154 4 2 132 0 0 0 0 0
fl=/build/impi/_buildspace/release/../../src/mpid/common/bc/intel/mpidu_bc.c
fn=MPIDU_bc_allgather
0 28 3 3 7 0 0 8 0 0
93 3 0 0 1 0 0 0 0 0
95 1 1 1 1 0 0 0 0 0
99 1 0 0 1 0 0 0 0 0
104 1 0 0 0 0 0 0 0 0
105 6 0 0 0 0 0 0 0 0
106 6 1 1 3 0 0 0 0 0
108 6 1 1 0 0 0 1 0 0
110 1 1 1 0 0 0 1 1 1
111 3 0 0 1 0 0 0 0 0
115 1 0 0 1 0 0 0 0 0
116 2 1 1 1 0 0 1 0 0
118 4 0 0 0 0 0 0 0 0
119 2 1 1 2 0 0 0 0 0
120 6 0 0 2 0 0 0 0 0
125 2 0 0 1 0 0 0 0 0
133 2 1 1 0 0 0 1 0 0
156 12 2 2 0 0 0 9 0 0
158 2 0 0 1 0 0 0 0 0
159 1 0 0 1 0 0 0 0 0
160 1 0 0 1 0 0 0 0 0
161 4 0 0 4 1 0 0 0 0
162 1 0 0 1 0 0 0 0 0
163 1 1 1 1 0 0 0 0 0
164 1 0 0 1 0 0 0 0 0
165 1 0 0 1 0 0 0 0 0
167 2 0 0 0 0 0 1 0 0
169 5 0 0 2 0 0 1 0 0
174 1 0 0 0 0 0 1 0 0
175 2 0 0 0 0 0 0 0 0
179 1 0 0 0 0 0 0 0 0
191 1 1 1 0 0 0 1 0 0
192 2 0 0 0 0 0 0 0 0
196 1 1 1 0 0 0 0 0 0
197 1 0 0 0 0 0 1 0 0
199 3 0 0 2 0 0 0 0 0
201 10 1 1 1 0 0 3 0 0
202 3 0 0 1 0 0 0 0 0
204 2 0 0 0 0 0 0 0 0
226 1 1 1 0 0 0 1 0 0
227 2 0 0 0 0 0 0 0 0
229 1 0 0 0 0 0 1 0 0
230 3 1 1 1 0 0 1 0 0
233 2 0 0 0 0 0 0 0 0
237 9 1 1 7 0 0 0 0 0
fn=MPIDU_bc_table_create
0 38 3 3 11 0 0 11 0 0
66 5 0 0 1 0 0 0 0 0
73 1 0 0 0 0 0 0 0 0
78 5 0 0 0 0 0 1 0 0
79 4 0 0 0 0 0 1 0 0
80 3 0 0 0 0 0 1 0 0
81 3 1 1 0 0 0 1 0 0
82 2 0 0 0 0 0 1 0 0
241 11 1 1 1 0 0 8 0 0
252 3 1 1 0 0 0 2 0 0
254 2 0 0 1 0 0 0 0 0
255 1 0 0 1 0 0 0 0 0
256 6 0 0 4 2 0 1 0 0
258 1 0 0 0 0 0 1 0 0
259 2 1 1 0 0 0 1 0 0
261 13 0 0 0 0 0 4 0 0
265 1 1 1 0 0 0 0 0 0
267 2 0 0 0 0 0 0 0 0
269 9 0 0 0 0 0 2 0 0
272 1 0 0 0 0 0 1 0 0
273 1 0 0 0 0 0 1 0 0
274 6 0 0 1 0 0 1 0 0
275 2 0 0 0 0 0 0 0 0
278 10 1 1 1 0 0 2 0 0
279 6 0 0 1 0 0 1 0 0
280 7 2 2 1 0 0 1 0 0
282 6 0 0 1 0 0 1 0 0
283 2 0 0 0 0 0 0 0 0
286 1 1 1 0 0 0 1 0 0
288 1 0 0 0 0 0 0 0 0
313 1 0 0 1 0 0 0 0 0
314 1 1 1 1 0 0 0 0 0
317 2 0 0 0 0 0 1 0 0
318 2 0 0 0 0 0 0 0 0
320 2 0 0 1 0 0 1 1 1
321 1 1 1 0 0 0 1 0 0
324 3 0 0 1 0 0 0 0 0
325 1 0 0 0 0 0 0 0 0
326 4 0 0 0 0 0 0 0 0
327 5 0 0 1 0 0 0 0 0
328 5 1 1 1 0 0 1 0 0
329 11 1 1 5 0 0 1 0 0
331 1 0 0 0 0 0 1 0 0
332 3 0 0 1 0 0 0 0 0
333 3 1 1 0 0 0 1 0 0
337 2 0 0 0 0 0 0 0 0
339 10 1 1 4 0 0 1 0 0
340 2 0 0 0 0 0 0 0 0
344 2 1 1 0 0 0 1 0 0
345 2 0 0 0 0 0 0 0 0
348 20 2 2 3 0 0 3 0 0
349 2 0 0 1 0 0 1 1 0
354 8 0 0 7 0 0 0 0 0
fn=MPIDU_bc_table_destroy
140 1 1 1 0 0 0 1 0 0
142 1 0 0 0 0 0 1 0 0
143 2 0 0 0 0 0 0 0 0
144 2 1 1 1 0 0 1 0 0
145 2 0 0 0 0 0 0 0 0
148 3 0 0 2 0 0 0 0 0
fl=/build/impi/_buildspace/release/../../src/mpid/common/hcoll/hcoll_init.c
fn=hcoll_comm_destroy
182 20 2 1 10 2 1 0 0 0
197 20 2 1 10 0 0 0 0 0
fl=/build/impi/_buildspace/release/../../src/mpid/common/sched/mpidu_sched.c
fn=MPIDU_Sched_next_tag
179 21 3 1 0 0 0 18 0 0
183 6 3 1 3 3 0 0 0 0
192 9 0 0 3 3 0 0 0 0
198 6 0 0 3 0 0 3 0 0
199 6 0 0 0 0 0 3 0 0
205 18 0 0 0 0 0 0 0 0
208 9 1 1 0 0 0 0 0 0
239 6 1 1 3 0 0 0 0 0
246 27 0 0 21 0 0 0 0 0
fl=/build/impi/_buildspace/release/../../src/mpid/common/shm/mpidu_init_shm.c
fn=MPIDU_Init_shm_barrier
55 22 0 0 11 3 2 0 0 0
260 11 2 2 0 0 0 11 0 0
270 33 4 3 22 0 0 0 0 0
fn=MPIDU_Init_shm_init
0 2 0 0 0 0 0 0 0 0
33 1 0 0 0 0 0 1 0 0
37 1 0 0 0 0 0 0 0 0
39 1 0 0 0 0 0 1 0 0
40 2 1 1 0 0 0 1 0 0
78 7 1 1 0 0 0 6 0 0
99 3 0 0 1 0 0 1 1 1
100 2 1 1 1 0 0 1 0 0
103 2 1 1 0 0 0 0 0 0
105 1 0 0 0 0 0 1 0 0
108 2 0 0 0 0 0 1 0 0
109 2 0 0 0 0 0 0 0 0
125 1 0 0 0 0 0 1 0 0
127 2 0 0 1 0 0 0 0 0
130 9 1 1 0 0 0 1 0 0
133 1 1 1 0 0 0 1 0 0
134 1 0 0 0 0 0 1 1 1
135 3 1 1 0 0 0 0 0 0
137 1 0 0 0 0 0 1 0 0
179 4 0 0 1 0 0 1 0 0
180 2 0 0 1 0 0 0 0 0
226 2 1 1 0 0 0 0 0 0
232 9 1 1 7 0 0 0 0 0
fl=/build/impi/_buildspace/release/../../src/mpid/common/shm/mpidu_init_shm_alloc.c
fn=MPIDU_Init_shm_alloc
0 20 2 2 8 0 0 8 3 2
62 9 0 0 0 0 0 2 0 0
63 1 0 0 1 1 1 0 0 0
70 7 2 2 0 0 0 0 0 0
71 1 0 0 1 1 1 0 0 0
78 12 4 4 4 3 2 0 0 0
85 6 2 2 0 0 0 2 0 0
89 8 0 0 0 0 0 0 0 0
98 18 4 4 0 0 0 12 0 0
103 4 0 0 2 0 0 0 0 0
104 2 0 0 2 0 0 0 0 0
108 6 0 0 0 0 0 4 0 0
116 2 0 0 0 0 0 0 0 0
118 12 0 0 0 0 0 4 1 0
120 10 2 2 0 0 0 4 0 0
123 6 0 0 0 0 0 2 0 0
124 4 0 0 0 0 0 0 0 0
130 2 0 0 0 0 0 2 0 0
132 2 0 0 0 0 0 2 0 0
135 4 2 2 0 0 0 0 0 0
138 14 0 0 0 0 0 2 0 0
141 2 2 2 0 0 0 2 0 0
143 6 0 0 0 0 0 0 0 0
186 4 0 0 2 0 0 2 0 0
187 4 2 2 0 0 0 2 2 2
192 6 0 0 4 0 0 2 1 1
193 2 0 0 0 0 0 2 0 0
194 18 2 2 2 0 0 6 0 0
207 18 2 2 14 0 0 0 0 0
274 4 0 0 2 0 0 0 0 0
275 2 0 0 0 0 0 2 2 2
279 2 0 0 0 0 0 2 0 0
281 8 0 0 6 0 0 0 0 0
284 2 0 0 0 0 0 0 0 0
286 2 0 0 0 0 0 2 0 0
288 8 2 2 4 0 0 0 0 0
fn=MPIDU_Init_shm_free
0 6 0 0 0 0 0 0 0 0
211 3 1 1 0 0 0 3 0 0
220 3 0 0 1 0 0 0 0 0
221 2 1 1 1 1 0 0 0 0
222 1 1 1 1 0 0 0 0 0
223 7 2 2 2 0 0 2 0 0
224 1 0 0 0 0 0 1 0 0
231 3 0 0 1 0 0 0 0 0
232 2 0 0 1 0 0 1 0 0
240 2 0 0 0 0 0 1 0 0
241 2 0 0 0 0 0 1 0 0
243 5 0 0 3 0 0 0 0 0
fl=/build/impi/_buildspace/release/../../src/mpl/src/gpu/intel/include/mpl_gpu_common.h
fn=MPIDI_GPU_finalize
108 3 1 1 3 3 3 0 0 0
fn=MPIDI_OFI_mpi_init_hook
108 2 0 0 2 2 0 0 0 0
fn=MPIR_Localcopy
108 3 0 0 3 0 0 0 0 0
fl=/build/impi/_buildspace/release/../../src/pmi/intel/pmi1_virtualization.c
fn=MPIR_pmi1_virtualization
73 3 1 1 0 0 0 3 0 0
76 2 0 0 0 0 0 0 0 0
158 2 1 1 0 0 0 1 1 1
159 2 0 0 0 0 0 1 0 0
160 2 1 1 0 0 0 1 0 0
161 2 0 0 0 0 0 1 0 0
162 2 0 0 0 0 0 1 1 1
163 2 0 0 0 0 0 1 0 0
164 2 0 0 0 0 0 1 0 0
165 2 1 1 0 0 0 1 0 0
166 2 0 0 0 0 0 1 0 0
167 2 0 0 0 0 0 1 0 0
168 2 0 0 0 0 0 1 0 0
169 2 0 0 0 0 0 1 0 0
170 2 1 1 0 0 0 1 1 1
171 2 0 0 0 0 0 1 0 0
172 2 0 0 0 0 0 1 0 0
173 2 0 0 0 0 0 1 0 0
174 2 1 1 0 0 0 1 0 0
175 2 0 0 0 0 0 1 0 0
176 2 0 0 0 0 0 1 0 0
177 3 0 0 0 0 0 1 0 0
181 4 0 0 3 0 0 0 0 0
fn=PMI_Barrier
237 6 1 1 2 2 0 0 0 0
239 2 0 0 0 0 0 0 0 0
fn=PMI_Finalize
202 3 1 1 1 1 1 0 0 0
204 1 0 0 0 0 0 0 0 0
fn=PMI_Get_appnum
230 3 1 1 1 0 0 0 0 0
232 1 0 0 0 0 0 0 0 0
fn=PMI_Get_rank
216 3 1 1 1 0 0 0 0 0
218 1 0 0 0 0 0 0 0 0
fn=PMI_Get_size
209 3 1 1 1 0 0 0 0 0
211 1 0 0 0 0 0 0 0 0
fn=PMI_Init
188 3 1 1 1 0 0 0 0 0
190 1 0 0 0 0 0 0 0 0
fn=PMI_KVS_Commit
286 3 1 1 1 0 0 0 0 0
288 1 0 0 0 0 0 0 0 0
fn=PMI_KVS_Get
293 3 0 0 1 0 0 0 0 0
295 1 0 0 0 0 0 0 0 0
fn=PMI_KVS_Get_key_length_max
265 3 0 0 1 0 0 0 0 0
267 1 0 0 0 0 0 0 0 0
fn=PMI_KVS_Get_my_name
251 3 1 1 1 0 0 0 0 0
253 1 0 0 0 0 0 0 0 0
fn=PMI_KVS_Get_name_length_max
258 3 1 1 1 0 0 0 0 0
260 1 0 0 0 0 0 0 0 0
fn=PMI_KVS_Get_value_length_max
272 3 1 1 1 0 0 0 0 0
274 1 0 0 0 0 0 0 0 0
fn=PMI_KVS_Put
279 3 1 1 1 1 0 0 0 0
281 1 0 0 0 0 0 0 0 0
fl=/build/impi/_buildspace/release/../../src/pmi/intel/pmi_virtualization.c
fn=MPIR_pmi_virtualization
0 1 1 1 0 0 0 0 0 0
124 7 1 1 0 0 0 5 0 0
128 3 0 0 0 0 0 1 0 0
129 3 0 0 0 0 0 1 0 0
130 3 0 0 0 0 0 1 0 0
131 3 1 1 0 0 0 1 0 0
132 2 0 0 0 0 0 1 0 0
133 1 0 0 0 0 0 1 0 0
136 6 0 0 1 1 0 0 0 0
141 1 0 0 0 0 0 0 0 0
160 3 1 1 0 0 0 1 0 0
161 2 0 0 0 0 0 0 0 0
163 1 0 0 0 0 0 1 1 1
173 8 0 0 6 0 0 0 0 0
fl=/build/impi/_buildspace/release/../../src/pmi/simple/simple_pmi.c
fn=???
0 27 3 2 0 0 0 0 0 0
1012 5 1 1 1 0 0 3 0 0
1016 9 1 1 0 0 0 2 1 1
1018 2 0 0 0 0 0 0 0 0
1022 3 0 0 1 0 0 1 0 0
1023 2 0 0 0 0 0 0 0 0
1027 1 1 1 0 0 0 1 0 0
1028 4 0 0 1 0 0 1 0 0
1029 2 0 0 0 0 0 0 0 0
1034 2 0 0 0 0 0 1 0 0
1035 1 1 1 0 0 0 1 1 1
1036 4 0 0 0 0 0 1 0 0
1038 7 1 1 3 0 0 0 0 0
1045 5 1 1 0 0 0 1 0 0
1046 4 0 0 2 0 0 0 0 0
1057 4 2 2 0 0 0 1 0 0
1058 2 0 0 0 0 0 0 0 0
1059 5 0 0 0 0 0 1 0 0
1060 1 1 1 0 0 0 1 0 0
1061 4 0 0 0 0 0 1 0 0
1062 1 0 0 0 0 0 1 0 0
1063 4 0 0 0 0 0 1 0 0
1064 1 0 0 0 0 0 1 0 0
1067 7 0 0 5 0 0 0 0 0
1081 72 3 2 8 0 0 32 1 0
1091 24 3 2 8 3 1 8 8 6
1092 16 0 0 0 0 0 0 0 0
1095 32 0 0 8 0 0 8 0 0
1096 16 0 0 0 0 0 0 0 0
1100 8 0 0 0 0 0 8 0 0
1101 16 0 0 0 0 0 0 0 0
1105 32 3 3 0 0 0 8 0 0
1106 16 0 0 0 0 0 0 0 0
1110 32 0 0 0 0 0 8 0 0
1114 16 0 0 0 0 0 0 0 0
1115 4 0 0 0 0 0 1 0 0
1116 6 1 1 2 0 0 0 0 0
1124 64 3 3 48 0 0 0 0 0
1511 8 1 1 1 0 0 5 0 0
1515 2 1 1 1 0 0 0 0 0
1540 9 1 1 7 0 0 0 0 0
fn=VPMI_Barrier
425 4 2 0 2 1 0 0 0 0
426 8 2 1 0 0 0 0 0 0
fn=VPMI_Finalize
441 3 1 1 1 1 1 1 0 0
442 5 1 1 0 0 0 1 0 0
443 3 0 0 1 0 0 1 0 0
444 2 0 0 1 0 0 1 0 0
447 3 0 0 2 0 0 0 0 0
fn=VPMI_Get_appnum
0 1 0 0 0 0 0 0 0 0
398 6 1 1 1 0 0 3 0 0
402 2 0 0 1 0 0 0 0 0
403 4 1 1 0 0 0 1 1 0
404 2 0 0 0 0 0 0 0 0
405 5 0 0 0 0 0 1 0 0
415 7 0 0 5 0 0 0 0 0
fn=VPMI_Get_rank
0 2 0 0 1 0 0 1 0 0
346 3 1 1 1 0 0 0 0 0
350 2 0 0 1 0 0 0 0 0
fn=VPMI_Get_size
0 2 0 0 1 0 0 1 0 0
333 3 1 1 1 0 0 0 0 0
337 2 0 0 1 0 0 0 0 0
fn=VPMI_Init
0 7 3 3 0 0 0 4 0 0
171 7 1 1 1 0 0 4 0 0
185 1 0 0 0 0 0 1 1 0
193 4 1 1 2 2 0 1 1 1
199 2 0 0 0 0 0 1 0 0
200 2 0 0 0 0 0 0 0 0
209 2 0 0 0 0 0 0 0 0
241 4 0 0 0 0 0 1 0 0
246 4 0 0 0 0 0 1 0 0
247 1 0 0 0 0 0 1 0 0
250 2 0 0 0 0 0 1 0 0
254 4 0 0 0 0 0 1 0 0
266 4 0 0 0 0 0 1 0 0
268 3 1 1 1 0 0 0 0 0
284 1 1 1 0 0 0 1 0 0
288 6 0 0 3 0 0 0 0 0
289 2 0 0 0 0 0 0 0 0
292 4 1 1 0 0 0 1 0 0
298 4 0 0 0 0 0 1 0 0
307 2 1 1 1 0 0 0 0 0
308 1 0 0 0 0 0 1 0 0
311 8 0 0 6 0 0 0 0 0
1581 1 0 0 0 0 0 1 1 1
1583 2 1 1 0 0 0 1 0 0
1585 2 0 0 0 0 0 0 0 0
1586 1 0 0 0 0 0 1 0 0
fn=VPMI_KVS_Commit
579 2 0 0 1 0 0 0 0 0
fn=VPMI_KVS_Get
0 2 1 1 0 0 0 0 0 0
589 11 1 1 1 0 0 5 0 0
595 2 0 0 1 0 0 0 0 0
607 5 1 1 0 0 0 1 0 0
610 9 1 1 0 0 0 2 0 0
611 2 0 0 0 0 0 0 0 0
614 4 0 0 0 0 0 1 0 0
615 2 0 0 0 0 0 0 0 0
616 5 0 0 0 0 0 1 0 0
618 2 0 0 0 0 0 0 0 0
619 4 0 0 0 0 0 1 0 0
627 9 0 0 7 0 0 0 0 0
fn=VPMI_KVS_Get_key_length_max
522 2 0 0 0 0 0 0 0 0
524 3 0 0 1 0 0 1 0 0
526 1 0 0 1 0 0 0 0 0
fn=VPMI_KVS_Get_my_name
0 2 1 1 0 0 0 0 0 0
484 6 1 1 0 0 0 5 0 0
487 2 0 0 1 0 0 0 0 0
494 5 0 0 0 0 0 1 0 0
495 2 0 0 0 0 0 0 0 0
496 4 1 1 0 0 0 1 0 0
498 1 0 0 0 0 0 1 1 1
502 7 0 0 6 0 0 0 0 0
fn=VPMI_KVS_Get_name_length_max
510 2 1 1 0 0 0 0 0 0
512 3 0 0 1 0 0 1 0 0
514 1 0 0 1 0 0 0 0 0
fn=VPMI_KVS_Get_value_length_max
534 2 1 1 0 0 0 0 0 0
536 3 0 0 1 0 0 1 0 0
538 1 0 0 1 0 0 0 0 0
fn=VPMI_KVS_Put
0 2 1 1 0 0 0 0 0 0
545 6 2 1 1 0 0 2 0 0
551 2 0 0 1 1 0 0 0 0
564 10 1 1 0 0 0 3 1 0
566 2 0 0 0 0 0 0 0 0
568 4 0 0 0 0 0 1 0 0
570 6 1 1 4 0 0 0 0 0
fl=/build/impi/_buildspace/release/../../src/pmi/simple/simple_pmiutil.c
fn=PMIU_Set_rank
62 1 1 1 0 0 0 0 0 0
63 7 1 1 0 0 0 0 0 0
fn=PMIU_getval
0 102 3 2 18 0 0 18 0 0
270 144 3 2 0 0 0 126 0 0
273 145 3 2 18 0 0 0 0 0
274 184 3 2 0 0 0 34 1 0
275 126 0 0 0 0 0 18 0 0
276 36 3 2 0 0 0 0 0 0
285 162 0 0 126 0 0 0 0 0
fn=PMIU_parse_keyvals
0 172 3 2 22 0 0 22 8 7
210 72 3 3 0 0 0 63 0 0
214 18 0 0 0 0 0 0 0 0
217 9 0 0 0 0 0 9 4 2
220 254 3 3 35 0 0 0 0 0
221 13 0 0 0 0 0 0 0 0
231 1215 3 2 113 0 0 0 0 0
240 22 0 0 0 0 0 22 0 0
242 159 3 3 22 0 0 22 0 0
245 734 0 0 189 0 0 0 0 0
246 167 0 0 0 0 0 0 0 0
248 176 3 2 22 0 0 22 0 0
253 110 0 0 22 0 0 22 0 0
254 44 0 0 0 0 0 22 0 0
255 154 3 2 22 0 0 0 0 0
260 81 3 2 63 0 0 0 0 0
fn=PMIU_readline
0 333 0 0 0 0 0 0 0 0
118 90 3 2 0 0 0 63 2 1
131 36 3 2 18 4 2 0 0 0
138 693 0 0 0 0 0 0 0 0
139 648 0 0 0 0 0 0 0 0
140 9 0 0 0 0 0 9 0 0
142 54 6 4 0 0 0 9 5 4
143 36 0 0 0 0 0 0 0 0
147 9 0 0 0 0 0 0 0 0
157 27 3 2 0 0 0 9 0 0
160 18 0 0 0 0 0 9 4 2
165 972 0 0 324 4 2 324 0 0
166 648 0 0 0 0 0 324 8 3
167 324 0 0 0 0 0 0 0 0
168 648 0 0 0 0 0 0 0 0
173 9 0 0 0 0 0 9 0 0
176 9 0 0 0 0 0 0 0 0
177 81 0 0 63 0 0 0 0 0
fn=PMIU_writeline
0 9 0 0 0 0 0 0 0 0
180 45 3 2 0 0 0 27 2 2
183 27 0 0 0 0 0 9 0 0
184 18 0 0 0 0 0 0 0 0
187 27 0 0 9 0 0 0 0 0
191 36 3 2 0 0 0 9 0 0
192 18 0 0 0 0 0 0 0 0
194 18 3 2 0 0 0 0 0 0
199 18 0 0 0 0 0 0 0 0
203 45 0 0 36 0 0 0 0 0
fl=/build/impi/_buildspace/release/../../src/util/intel/compatibility/i_mpi_env_check.c
fn=???
0 12295 3 3 1288 300 3 389 0 0
99 1416 1 1 0 0 0 1239 0 0
102 708 0 0 0 0 0 0 0 0
105 24338 7 7 3102 83 0 179 0 0
108 1593 2 2 1239 0 0 0 0 0
111 3900 1 1 0 0 0 2730 0 0
114 1560 0 0 0 0 0 390 0 0
115 780 1 1 0 0 0 0 0 0
119 390 0 0 0 0 0 390 390 390
120 390 0 0 0 0 0 390 0 0
122 106191 14 14 10055 316 0 7627 479 390
125 3120 0 0 2730 1 0 0 0 0
fn=MPIU_check_env_vars
0 400 3 3 83 30 0 1 0 0
130 1 0 0 0 0 0 1 0 0
132 298 0 0 75 1 1 0 0 0
133 592 1 1 296 11 11 74 0 0
136 1 0 0 1 0 0 0 0 0
147 128 0 0 3 0 0 0 0 0
148 159 4 4 159 14 0 0 0 0
149 795 0 0 0 0 0 159 0 0
150 2 1 1 0 0 0 0 0 0
365 3 1 1 1 0 0 0 0 0
370 1 0 0 0 0 0 1 0 0
374 3 0 0 2 0 0 0 0 0
378 5 2 2 2 1 0 0 0 0
379 2 0 0 0 0 0 1 0 0
380 2 0 0 0 0 0 0 0 0
384 2 0 0 1 1 1 0 0 0
387 2 0 0 1 1 0 0 0 0
388 1 1 1 1 0 0 0 0 0
391 2 0 0 1 0 0 0 0 0
392 4 1 1 1 0 0 1 0 0
395 3 0 0 1 0 0 0 0 0
396 223 1 1 74 0 0 0 0 0
397 2544 1 1 979 83 0 148 45 0
398 148 0 0 0 0 0 74 0 0
400 2 0 0 0 0 0 0 0 0
402 638 0 0 160 0 0 0 0 0
403 318 0 0 159 20 0 159 0 0
405 2 0 0 0 0 0 1 0 0
407 8 0 0 1 0 0 6 0 0
fn=MPIU_check_spelling_env_vars
0 5415 5 5 993 126 0 1315 0 0
73 234 0 0 0 0 0 39 0 0
79 384 3 3 0 0 0 64 0 0
92 1510 0 0 0 0 0 0 0 0
95 3775 1 1 0 0 0 755 0 0
164 2286 0 0 0 0 0 762 0 0
165 1524 0 0 0 0 0 0 0 0
169 2286 0 0 0 0 0 762 0 0
170 1524 0 0 0 0 0 0 0 0
171 264 2 2 0 0 0 132 0 0
176 61968 0 0 20286 149 149 0 0 0
177 19656 0 0 0 0 0 19656 327 326
178 19656 0 0 0 0 0 0 0 0
181 1260 0 0 0 0 0 630 1 1
193 2286 0 0 0 0 0 762 0 0
194 1524 0 0 0 0 0 0 0 0
198 2286 1 1 0 0 0 762 0 0
199 1524 0 0 0 0 0 0 0 0
205 10692 0 0 3402 1 1 0 0 0
206 2916 0 0 0 0 0 2916 306 306
207 2916 0 0 0 0 0 0 0 0
210 972 0 0 0 0 0 486 0 0
222 5 0 0 0 0 0 2 0 0
223 9 1 1 0 0 0 2 0 0
227 2289 1 1 762 1 0 1 0 0
228 5334 1 1 3048 3 1 0 0 0
229 762 0 0 762 762 762 0 0 0
231 2430 0 0 0 0 0 486 0 0
232 664 0 0 166 41 41 166 0 0
234 166 1 1 166 0 0 0 0 0
236 600 0 0 0 0 0 150 0 0
239 332 0 0 0 0 0 166 0 0
245 1192 0 0 596 150 150 0 0 0
246 160 0 0 0 0 0 80 10 10
247 80 0 0 0 0 0 0 0 0
250 596 1 1 596 0 0 0 0 0
252 480 0 0 0 0 0 480 62 60
253 480 0 0 0 0 0 0 0 0
262 10 0 0 0 0 0 8 0 0
267 3 0 0 2 2 2 0 0 0
270 1 1 1 0 0 0 1 0 0
271 1 0 0 0 0 0 1 0 0
274 1 0 0 0 0 0 1 0 0
276 1 0 0 1 0 0 0 0 0
277 3 0 0 0 0 0 0 0 0
281 479 0 0 1 0 0 0 0 0
282 159 0 0 159 20 0 0 0 0
283 168 0 0 0 0 0 0 0 0
284 81 0 0 9 0 0 18 0 0
288 624 0 0 149 0 0 0 0 0
289 1553 1 1 308 22 0 308 0 0
293 14 0 0 7 0 0 0 0 0
317 3 1 1 2 0 0 0 0 0
330 212 0 0 0 0 0 0 0 0
331 1120 2 2 560 49 0 560 0 0
333 2 0 0 0 0 0 1 0 0
335 2 1 1 0 0 0 0 0 0
337 947 0 0 316 0 0 0 0 0
338 11535 2 2 4319 337 0 787 198 0
339 632 0 0 0 0 0 316 0 0
341 2 0 0 0 0 0 0 0 0
343 8 1 1 7 2 0 0 0 0
fl=/build/impi/_buildspace/release/../../src/util/intel/malloc/impi_malloc.c
fn=???
0 1209 67 29 236 14 5 74 5 2
118 63 4 2 0 0 0 45 1 1
122 18 0 0 9 0 0 0 0 0
139 54 0 0 0 0 0 9 0 0
140 18 4 2 0 0 0 0 0 0
142 27 0 0 0 0 0 0 0 0
200 18 0 0 0 0 0 0 0 0
202 45 0 0 0 0 0 9 0 0
216 63 4 2 54 0 0 0 0 0
346 12 0 0 0 0 0 9 0 0
347 12 0 0 3 1 0 0 0 0
348 3 2 1 3 0 0 0 0 0
349 27 0 0 0 0 0 0 0 0
354 6 0 0 0 0 0 3 0 0
355 6 0 0 0 0 0 0 0 0
372 12 0 0 12 0 0 0 0 0
382 30 6 1 0 0 0 0 0 0
422 6 0 0 0 0 0 0 0 0
523 4 0 0 2 0 0 0 0 0
524 2 0 0 2 0 0 0 0 0
526 2 0 0 0 0 0 2 0 0
528 4 0 0 0 0 0 0 0 0
531 4 0 0 0 0 0 0 0 0
535 80 2 2 12 0 0 6 0 0
540 3 0 0 0 0 0 3 0 0
541 6 0 0 3 0 0 3 0 0
542 6 0 0 0 0 0 0 0 0
543 6 0 0 0 0 0 3 0 0
545 3 0 0 0 0 0 3 0 0
549 140 2 2 0 0 0 120 0 0
552 20 0 0 20 9 0 0 0 0
561 40 2 2 20 0 0 0 0 0
562 20 0 0 20 0 0 0 0 0
564 60 0 0 0 0 0 0 0 0
566 7067 0 0 0 0 0 0 0 0
567 4698 0 0 4698 95 57 0 0 0
569 16443 2 2 4698 3 1 0 0 0
586 2349 0 0 2349 8 4 0 0 0
587 2349 0 0 2349 0 0 0 0 0
589 9396 0 0 0 0 0 0 0 0
590 2349 0 0 0 0 0 0 0 0
613 9396 0 0 4698 12 6 0 0 0
614 4698 0 0 2349 0 0 0 0 0
615 8 0 0 0 0 0 8 0 0
617 7047 2 2 2349 0 0 2349 0 0
618 7047 0 0 2349 0 0 2349 0 0
619 4698 0 0 0 0 0 0 0 0
634 4698 2 2 2349 0 0 0 0 0
635 3 0 0 0 0 0 3 0 0
639 20 2 2 0 0 0 20 0 0
641 160 0 0 140 0 0 0 0 0
644 207 7 3 0 0 0 138 5 0
647 46 0 0 23 0 0 0 0 0
649 23 0 0 0 0 0 23 0 0
653 69 0 0 23 0 0 0 0 0
655 92 6 2 0 0 0 0 0 0
657 92 0 0 23 0 0 0 0 0
661 69 0 0 0 0 0 0 0 0
665 23 0 0 0 0 0 0 0 0
666 69 0 0 0 0 0 23 4 0
667 207 6 2 46 8 0 0 0 0
668 161 0 0 23 0 0 23 0 0
669 184 7 2 0 0 0 0 0 0
686 138 0 0 0 0 0 0 0 0
687 23 0 0 0 0 0 0 0 0
688 92 0 0 0 0 0 0 0 0
690 92 6 2 0 0 0 0 0 0
691 70 2 1 0 0 0 0 0 0
692 10 0 0 0 0 0 0 0 0
693 10 0 0 0 0 0 0 0 0
694 50 0 0 0 0 0 0 0 0
695 40 0 0 0 0 0 0 0 0
699 46 0 0 0 0 0 23 23 23
701 23 0 0 0 0 0 23 0 0
702 69 0 0 0 0 0 0 0 0
703 23 0 0 0 0 0 23 0 0
704 23 0 0 0 0 0 23 0 0
705 23 0 0 0 0 0 23 0 0
706 23 0 0 0 0 0 23 0 0
707 46 0 0 23 0 0 23 0 0
708 23 0 0 0 0 0 23 0 0
710 46 7 2 0 0 0 23 0 0
711 23 0 0 0 0 0 23 0 0
712 23 0 0 0 0 0 23 0 0
714 46 0 0 0 0 0 0 0 0
715 61 9 4 0 0 0 26 14 10
716 89 7 2 0 0 0 26 0 0
727 23 5 1 0 0 0 23 0 0
728 115 0 0 23 0 0 23 0 0
730 23 0 0 23 0 0 0 0 0
741 184 0 0 161 0 0 0 0 0
746 4 0 0 4 0 0 0 0 0
748 4 0 0 4 0 0 0 0 0
749 8 0 0 0 0 0 0 0 0
750 16 0 0 0 0 0 4 0 0
751 4 0 0 4 0 0 0 0 0
752 8 0 0 0 0 0 0 0 0
756 4 0 0 4 0 0 0 0 0
757 8 0 0 0 0 0 0 0 0
762 16 1 1 0 0 0 4 0 0
768 4 0 0 4 0 0 0 0 0
769 4 0 0 4 0 0 0 0 0
770 4 0 0 4 0 0 0 0 0
772 4 0 0 4 0 0 0 0 0
773 900 0 0 0 0 0 0 0 0
774 448 1 1 0 0 0 0 0 0
777 448 0 0 0 0 0 0 0 0
778 672 0 0 0 0 0 0 0 0
788 224 0 0 448 0 0 224 1 0
789 672 0 0 448 0 0 224 28 28
790 224 0 0 0 0 0 224 0 0
798 4 0 0 4 0 0 0 0 0
799 4 0 0 0 0 0 0 0 0
800 4 0 0 0 0 0 0 0 0
801 4 0 0 0 0 0 0 0 0
802 4 0 0 0 0 0 0 0 0
803 8 0 0 4 0 0 4 0 0
804 12 0 0 0 0 0 4 0 0
805 8 0 0 8 0 0 0 0 0
806 4 1 1 0 0 0 4 0 0
807 8 0 0 0 0 0 0 0 0
808 2 0 0 0 0 0 2 0 0
844 12 0 0 0 0 0 0 0 0
1023 3 0 0 0 0 0 0 0 0
1044 3 0 0 0 0 0 0 0 0
1065 3 0 0 0 0 0 0 0 0
1086 3 0 0 0 0 0 0 0 0
1196 30 5 2 0 0 0 18 0 0
1198 6 0 0 6 0 0 0 0 0
1199 18 0 0 6 0 0 0 0 0
1200 6 0 0 0 0 0 0 0 0
1202 24 0 0 0 0 0 0 0 0
1205 18 5 2 0 0 0 0 0 0
1210 18 0 0 0 0 0 0 0 0
1212 30 0 0 6 0 0 0 0 0
1216 18 5 2 0 0 0 0 0 0
1220 18 0 0 0 0 0 6 0 0
1221 12 0 0 0 0 0 0 0 0
1231 42 5 2 6 0 0 0 0 0
1232 12 0 0 0 0 0 0 0 0
1235 12 5 2 0 0 0 0 0 0
1250 12 0 0 0 0 0 0 0 0
1251 36 0 0 0 0 0 0 0 0
1258 18 0 0 0 0 0 0 0 0
1259 12 0 0 0 0 0 6 0 0
1261 6 0 0 0 0 0 6 0 0
1262 6 0 0 0 0 0 6 0 0
1263 6 0 0 0 0 0 6 0 0
1264 6 0 0 0 0 0 6 0 0
1266 6 0 0 0 0 0 6 0 0
1268 12 6 2 0 0 0 6 0 0
1269 6 0 0 0 0 0 6 0 0
1275 6 0 0 0 0 0 6 0 0
1276 30 0 0 6 0 0 6 0 0
1278 6 0 0 6 0 0 0 0 0
1294 30 0 0 24 0 0 0 0 0
1300 4 0 0 4 0 0 0 0 0
1302 4 3 1 4 0 0 0 0 0
1303 8 0 0 0 0 0 0 0 0
1304 8 0 0 0 0 0 4 3 0
1305 4 0 0 4 0 0 0 0 0
1306 8 0 0 0 0 0 0 0 0
1310 4 0 0 4 0 0 0 0 0
1311 8 0 0 0 0 0 0 0 0
1312 12 3 1 0 0 0 0 0 0
1317 4 0 0 4 0 0 0 0 0
1318 4 0 0 4 0 0 0 0 0
1319 4 0 0 4 0 0 0 0 0
1321 4 0 0 4 0 0 0 0 0
1322 62 1 1 0 0 0 0 0 0
1323 44 1 1 0 0 0 0 0 0
1331 44 6 3 0 0 0 0 0 0
1332 66 1 1 0 0 0 0 0 0
1341 22 1 1 44 0 0 22 3 0
1342 22 0 0 0 0 0 22 0 0
1344 30 2 1 20 0 0 4 0 0
1345 44 2 2 22 0 0 0 0 0
1346 100 4 3 26 0 0 26 4 4
1347 44 0 0 0 0 0 0 0 0
1348 22 1 1 0 0 0 0 0 0
1349 22 0 0 0 0 0 22 22 22
1350 22 1 1 0 0 0 22 0 0
1351 44 3 2 0 0 0 22 0 0
1352 22 0 0 0 0 0 22 0 0
1353 44 2 1 22 0 0 22 0 0
1354 22 2 1 0 0 0 22 0 0
1357 4 0 0 4 0 0 0 0 0
1358 4 3 1 0 0 0 4 0 0
1359 12 0 0 4 0 0 4 0 0
1360 4 0 0 4 0 0 0 0 0
1361 4 0 0 0 0 0 4 0 0
1362 4 0 0 0 0 0 4 0 0
1380 14 0 0 7 4 1 0 0 0
1444 49 4 2 0 0 0 42 2 0
1445 14 0 0 7 3 0 0 0 0
1447 49 0 0 0 0 0 0 0 0
1448 70 4 2 0 0 0 0 0 0
1449 28 0 0 0 0 0 0 0 0
1453 56 4 2 49 0 0 0 0 0
1457 70 4 2 0 0 0 49 1 0
1459 7 0 0 7 0 0 0 0 0
1465 14 0 0 0 0 0 0 0 0
1469 39 2 1 14 0 0 0 0 0
1470 20 1 1 0 0 0 0 0 0
1471 2 0 0 0 0 0 0 0 0
1474 63 3 1 0 0 0 0 0 0
1475 14 0 0 0 0 0 7 0 0
1477 21 4 2 0 0 0 7 0 0
1479 28 0 0 14 0 0 7 0 0
1481 14 0 0 0 0 0 0 0 0
1489 21 0 0 7 0 0 0 0 0
1490 7 0 0 0 0 0 0 0 0
1491 2 0 0 0 0 0 0 0 0
1493 14 0 0 0 0 0 0 0 0
1494 8 0 0 0 0 0 0 0 0
1499 7 4 2 0 0 0 7 0 0
1500 14 0 0 0 0 0 7 0 0
1501 14 0 0 0 0 0 7 0 0
1502 42 0 0 7 0 0 0 0 0
1504 7 0 0 0 0 0 7 0 0
1505 21 0 0 14 0 0 0 0 0
1506 28 4 2 7 0 0 0 0 0
1509 6 0 0 0 0 0 0 0 0
1510 8 0 0 0 0 0 0 0 0
1513 6 0 0 0 0 0 2 0 0
1515 4 0 0 0 0 0 0 0 0
1522 6 2 1 2 0 0 0 0 0
1533 2 2 1 0 0 0 2 0 0
1534 4 2 1 0 0 0 2 0 0
1535 4 0 0 2 0 0 0 0 0
1537 2 0 0 1 0 0 1 0 0
1538 3 0 0 1 0 0 1 0 0
1553 1 0 0 0 0 0 0 0 0
1555 3 0 0 0 0 0 1 0 0
1556 2 0 0 0 0 0 0 0 0
1563 3 1 1 1 1 1 0 0 0
1574 1 1 1 0 0 0 1 0 0
1586 14 0 0 7 0 0 0 0 0
1588 12 0 0 6 0 0 6 0 0
1589 12 0 0 6 0 0 6 0 0
1590 12 0 0 6 1 0 6 0 0
1621 63 4 2 49 0 0 0 0 0
1651 12 0 0 0 0 0 0 0 0
1653 24 0 0 0 0 0 0 0 0
1664 24 0 0 0 0 0 0 0 0
1667 35 4 2 0 0 0 0 0 0
1668 35 0 0 0 0 0 0 0 0
1669 10 2 1 0 0 0 0 0 0
1675 7 3 1 0 0 0 0 0 0
1792 41 1 1 41 0 0 0 0 0
1793 16 3 3 0 0 0 0 0 0
1795 189 4 4 41 0 0 0 0 0
1796 41 0 0 0 0 0 41 40 40
1797 41 0 0 0 0 0 41 0 0
1799 82 2 2 0 0 0 41 0 0
1800 41 0 0 0 0 0 41 0 0
1801 41 8 2 0 0 0 41 0 0
1802 47 2 2 6 0 0 41 0 0
1803 82 1 1 0 0 0 0 0 0
1804 58 1 0 0 0 0 29 0 0
1806 41 0 0 0 0 0 0 0 0
1807 136 0 0 41 0 0 0 0 0
1808 70 0 0 0 0 0 38 0 0
1833 120 4 1 0 0 0 84 3 1
1834 12 0 0 0 0 0 0 0 0
1839 48 0 0 0 0 0 12 2 0
1840 24 0 0 0 0 0 0 0 0
1844 10 0 0 0 0 0 0 0 0
1852 40 4 4 5 0 0 5 0 0
1853 20 0 0 0 0 0 5 0 0
1854 10 0 0 0 0 0 0 0 0
1882 96 0 0 84 0 0 0 0 0
1887 1 0 0 1 1 0 0 0 0
1889 1 0 0 1 0 0 0 0 0
1893 3 0 0 0 0 0 0 0 0
1899 1 0 0 1 0 0 0 0 0
1901 49 1 1 2 1 0 0 0 0
1910 163 4 4 35 1 0 0 0 0
1912 12 0 0 0 0 0 0 0 0
1913 109 6 6 35 3 2 0 0 0
1917 2 0 0 0 0 0 0 0 0
1922 1 0 0 1 0 0 0 0 0
1934 6 1 1 0 0 0 6 0 0
1939 3 0 0 1 0 0 1 1 0
1941 7 1 1 1 0 0 0 0 0
1942 3 1 1 1 0 0 0 0 0
1946 1 1 1 0 0 0 1 0 0
1947 7 1 0 7 0 0 0 0 0
1958 114 0 0 38 13 0 0 0 0
1959 30 0 0 15 9 0 0 0 0
1960 15 0 0 15 0 0 0 0 0
1961 15 0 0 0 0 0 15 0 0
1962 15 2 0 0 0 0 0 0 0
1963 30 0 0 0 0 0 0 0 0
1971 8 1 1 0 0 0 0 0 0
1977 20 2 1 4 4 0 0 0 0
1988 20 0 0 12 0 0 0 0 0
1993 7 0 0 0 0 0 1 1 0
2002 48 3 0 24 3 0 0 0 0
2003 48 0 0 24 0 0 0 0 0
2004 144 8 1 48 3 0 0 0 0
2005 48 0 0 0 0 0 0 0 0
2006 20 0 0 20 0 0 0 0 0
2007 20 0 0 20 0 0 0 0 0
2008 20 0 0 20 0 0 0 0 0
2009 20 0 0 20 0 0 0 0 0
2010 40 0 0 20 0 0 20 4 0
2011 20 0 0 0 0 0 0 0 0
2012 20 0 0 0 0 0 20 0 0
2013 120 10 1 0 0 0 0 0 0
2048 4 1 0 4 3 0 0 0 0
2050 8 0 0 0 0 0 0 0 0
2052 4 4 1 4 0 0 0 0 0
2065 4 0 0 4 4 0 0 0 0
2066 4 0 0 4 0 0 0 0 0
2067 4 0 0 4 0 0 0 0 0
2068 4 0 0 4 0 0 0 0 0
2069 4 0 0 0 0 0 4 4 0
2070 4 0 0 0 0 0 0 0 0
2071 4 0 0 0 0 0 4 0 0
2072 24 0 0 0 0 0 0 0 0
2166 192 8 2 0 0 0 144 4 0
2171 48 0 0 0 0 0 0 0 0
2173 48 0 0 0 0 0 0 0 0
2175 48 0 0 0 0 0 0 0 0
2177 28 0 0 0 0 0 0 0 0
2179 18 2 0 0 0 0 0 0 0
2181 14 0 0 0 0 0 0 0 0
2183 10 0 0 0 0 0 0 0 0
2185 8 0 0 0 0 0 0 0 0
2187 6 0 0 0 0 0 0 0 0
2189 4 0 0 0 0 0 0 0 0
2191 8 2 2 0 0 0 0 0 0
2201 32 1 0 0 0 0 0 0 0
2202 48 1 1 0 0 0 0 0 0
2222 216 6 1 168 6 0 0 0 0
2332 112 7 2 28 0 0 56 0 0
2333 28 8 3 28 0 0 0 0 0
2335 28 0 0 0 0 0 0 0 0
2336 371 7 2 29 13 1 0 0 0
2339 28 0 0 0 0 0 0 0 0
2341 168 0 0 56 13 2 0 0 0
2342 196 8 3 28 0 0 0 0 0
2343 28 0 0 28 0 0 0 0 0
2344 28 0 0 0 0 0 28 0 0
2356 28 0 0 28 0 0 0 0 0
2363 30 2 2 3 0 0 21 2 0
2364 3 0 0 3 0 0 0 0 0
2365 9 0 0 3 2 0 0 0 0
2366 3 0 0 0 0 0 0 0 0
2367 49 4 4 4 2 0 0 0 0
2370 59 0 0 8 0 0 0 0 0
2376 3 2 2 3 0 0 0 0 0
2377 12 0 0 0 0 0 0 0 0
2378 21 0 0 0 0 0 0 0 0
2385 15 0 0 3 0 0 0 0 0
2386 6 0 0 0 0 0 0 0 0
2387 3 0 0 0 0 0 3 0 0
2388 6 0 0 0 0 0 3 0 0
2389 3 0 0 0 0 0 3 0 0
2401 3 0 0 3 0 0 0 0 0
2633 30 1 0 3 0 0 21 1 1
2634 3 0 0 3 0 0 0 0 0
2635 9 0 0 3 3 1 0 0 0
2636 3 1 1 0 0 0 0 0 0
2637 45 1 1 3 2 1 0 0 0
2640 31 1 1 4 0 0 0 0 0
2646 3 0 0 3 0 0 0 0 0
2647 60 1 1 0 0 0 0 0 0
2648 6 0 0 0 0 0 0 0 0
2649 24 0 0 0 0 0 0 0 0
2656 15 1 1 3 0 0 0 0 0
2657 6 0 0 0 0 0 0 0 0
2658 3 0 0 0 0 0 3 0 0
2659 6 0 0 0 0 0 3 0 0
2660 3 0 0 0 0 0 3 0 0
2672 3 0 0 3 0 0 0 0 0
3069 8 1 1 1 0 0 5 0 0
3070 1 0 0 1 0 0 0 0 0
3071 3 0 0 1 1 1 0 0 0
3072 1 0 0 0 0 0 0 0 0
3073 10 1 1 2 1 0 0 0 0
3077 1 0 0 0 0 0 0 0 0
3078 2 0 0 0 0 0 0 0 0
3086 1 1 1 1 0 0 0 0 0
3087 1 0 0 0 0 0 0 0 0
3088 2 0 0 0 0 0 0 0 0
3089 11 1 1 0 0 0 0 0 0
3090 15 0 0 0 0 0 0 0 0
3091 15 1 1 0 0 0 0 0 0
3092 5 0 0 0 0 0 0 0 0
3093 3 1 1 0 0 0 0 0 0
3102 1 0 0 0 0 0 0 0 0
3103 3 0 0 1 0 0 0 0 0
3104 2 1 1 0 0 0 0 0 0
3105 1 0 0 0 0 0 1 0 0
3106 2 0 0 0 0 0 1 0 0
3107 1 0 0 0 0 0 1 0 0
3119 1 0 0 1 0 0 0 0 0
3528 7 1 1 1 0 0 4 0 0
3529 1 0 0 1 0 0 0 0 0
3530 3 0 0 1 0 0 0 0 0
3531 1 0 0 0 0 0 0 0 0
3532 6 1 1 1 0 0 0 0 0
3536 1 0 0 0 0 0 0 0 0
3537 2 0 0 0 0 0 0 0 0
3545 1 1 1 1 0 0 0 0 0
3546 1 0 0 0 0 0 0 0 0
3547 2 0 0 0 0 0 0 0 0
3548 11 0 0 0 0 0 0 0 0
3549 15 1 1 0 0 0 0 0 0
3550 15 1 1 0 0 0 0 0 0
3551 15 1 1 0 0 0 0 0 0
3552 14 0 0 0 0 0 0 0 0
3553 3 1 1 0 0 0 0 0 0
3562 1 0 0 0 0 0 0 0 0
3563 3 0 0 1 0 0 0 0 0
3564 2 1 1 0 0 0 0 0 0
3565 1 0 0 0 0 0 1 0 0
3566 2 0 0 0 0 0 1 0 0
3567 1 0 0 0 0 0 1 0 0
3579 1 0 0 1 0 0 0 0 0
3999 8 1 1 1 0 0 5 0 0
4000 1 0 0 1 0 0 0 0 0
4001 3 1 1 1 1 1 0 0 0
4002 1 0 0 0 0 0 0 0 0
4003 6 0 0 1 1 0 0 0 0
4007 1 0 0 0 0 0 0 0 0
4008 2 0 0 0 0 0 0 0 0
4016 1 1 1 1 0 0 0 0 0
4017 1 0 0 0 0 0 0 0 0
4018 2 0 0 0 0 0 0 0 0
4019 11 1 1 0 0 0 0 0 0
4020 15 1 1 0 0 0 0 0 0
4021 15 0 0 0 0 0 0 0 0
4022 15 1 1 0 0 0 0 0 0
4023 15 1 1 0 0 0 0 0 0
4024 15 1 1 0 0 0 0 0 0
4025 8 0 0 0 0 0 0 0 0
4026 3 0 0 0 0 0 0 0 0
4035 1 0 0 0 0 0 0 0 0
4036 3 0 0 1 0 0 0 0 0
4037 2 0 0 0 0 0 0 0 0
4038 1 0 0 0 0 0 1 0 0
4039 2 0 0 0 0 0 1 0 0
4040 1 1 1 0 0 0 1 0 0
4052 1 0 0 1 0 0 0 0 0
4119 8 2 2 1 0 0 5 0 0
4120 1 0 0 1 0 0 0 0 0
4121 3 0 0 1 1 1 0 0 0
4122 1 0 0 0 0 0 0 0 0
4123 6 0 0 1 1 1 0 0 0
4127 1 1 1 0 0 0 0 0 0
4128 2 0 0 0 0 0 0 0 0
4136 1 0 0 1 0 0 0 0 0
4137 1 0 0 0 0 0 0 0 0
4138 2 1 1 0 0 0 0 0 0
4139 11 0 0 0 0 0 0 0 0
4140 15 1 1 0 0 0 0 0 0
4141 15 1 1 0 0 0 0 0 0
4142 15 0 0 0 0 0 0 0 0
4143 15 1 1 0 0 0 0 0 0
4144 15 1 1 0 0 0 0 0 0
4145 14 1 1 0 0 0 0 0 0
4146 2 0 0 0 0 0 0 0 0
4155 1 0 0 0 0 0 0 0 0
4156 3 0 0 1 0 0 0 0 0
4157 2 0 0 0 0 0 0 0 0
4158 1 0 0 0 0 0 1 0 0
4159 2 0 0 0 0 0 1 0 0
4160 1 0 0 0 0 0 1 0 0
4172 1 0 0 1 0 0 0 0 0
4179 8 2 2 1 0 0 5 0 0
4180 1 0 0 1 0 0 0 0 0
4181 3 0 0 1 1 1 0 0 0
4182 1 0 0 0 0 0 0 0 0
4183 6 0 0 1 1 1 0 0 0
4187 2 1 1 1 0 0 0 0 0
4188 6 0 0 0 0 0 0 0 0
4191 1 0 0 0 0 0 0 0 0
4196 1 0 0 1 0 0 0 0 0
4197 1 0 0 0 0 0 0 0 0
4198 2 1 1 0 0 0 0 0 0
4199 11 0 0 0 0 0 0 0 0
4200 15 1 1 0 0 0 0 0 0
4201 15 1 1 0 0 0 0 0 0
4202 15 0 0 0 0 0 0 0 0
4203 15 1 1 0 0 0 0 0 0
4204 15 1 1 0 0 0 0 0 0
4205 17 1 1 0 0 0 0 0 0
4206 2 0 0 0 0 0 0 0 0
4215 1 0 0 0 0 0 0 0 0
4216 3 0 0 1 0 0 0 0 0
4217 2 0 0 0 0 0 0 0 0
4218 1 0 0 0 0 0 1 0 0
4219 2 0 0 0 0 0 1 0 0
4220 1 0 0 0 0 0 1 0 0
4232 1 0 0 1 0 0 0 0 0
5816 8 1 1 2 0 0 2 0 0
5817 2 0 0 2 0 0 0 0 0
5818 6 1 1 2 1 1 0 0 0
5819 2 0 0 0 0 0 0 0 0
5820 93 1 1 62 0 0 0 0 0
5822 145 0 0 29 0 0 0 0 0
5826 4 0 0 0 0 0 0 0 0
5827 6 0 0 2 0 0 0 0 0
5829 4 0 0 0 0 0 2 0 0
5830 4 1 1 0 0 0 2 0 0
5831 2 0 0 0 0 0 2 0 0
5843 2 0 0 2 0 0 0 0 0
6481 68 4 1 0 0 0 51 0 0
6483 17 0 0 17 8 1 0 0 0
6484 136 5 2 0 0 0 0 0 0
6485 51 0 0 17 0 0 0 0 0
6487 1 0 0 0 0 0 0 0 0
6489 11 0 0 1 1 0 0 0 0
6506 1 0 0 0 0 0 1 1 0
6516 94 8 5 0 0 0 0 0 0
6517 10 0 0 6 0 0 0 0 0
6525 45 0 0 15 0 0 0 0 0
6526 20 0 0 0 0 0 0 0 0
6527 24 0 0 8 8 4 0 0 0
6528 4 0 0 0 0 0 0 0 0
6529 8 0 0 2 1 1 0 0 0
6535 20 1 1 20 0 0 0 0 0
6539 203 8 2 0 0 0 145 4 0
6541 29 0 0 29 0 0 0 0 0
6543 87 0 0 29 11 0 0 0 0
6571 91 10 4 31 0 0 0 0 0
6572 12 0 0 0 0 0 2 0 0
6577 93 8 2 2 0 0 0 0 0
6580 87 0 0 0 0 0 0 0 0
6584 87 0 0 0 0 0 0 0 0
6629 9 1 0 0 0 0 3 0 0
6630 6 0 0 0 0 0 0 0 0
6636 208 7 2 130 0 0 0 0 0
6637 18 2 1 18 0 0 0 0 0
6642 8 1 1 2 0 0 3 0 0
6648 5 1 1 2 0 0 0 0 0
6654 2 0 0 0 0 0 1 0 0
6656 2 0 0 0 0 0 0 0 0
6672 2 1 1 0 0 0 1 0 0
6673 2 0 0 0 0 0 0 0 0
6680 2 1 1 0 0 0 1 0 0
6681 2 0 0 0 0 0 0 0 0
6685 3 1 1 0 0 0 1 0 0
6686 2 0 0 0 0 0 0 0 0
6693 2 1 1 0 0 0 1 0 0
6694 2 0 0 0 0 0 0 0 0
6708 2 1 1 0 0 0 1 0 0
6709 2 1 1 0 0 0 0 0 0
6720 9 1 1 0 0 0 0 0 0
6722 1 0 0 0 0 0 1 0 0
6724 2 1 1 0 0 0 1 0 0
6725 2 0 0 0 0 0 0 0 0
6733 3 0 0 0 0 0 0 0 0
6735 1 0 0 0 0 0 1 1 1
6736 3 0 0 1 0 0 1 0 0
6737 3 1 1 0 0 0 1 0 0
6738 4 0 0 0 0 0 1 0 0
6739 1 0 0 0 0 0 1 0 0
6772 16 2 2 0 0 0 16 8 8
6773 32 5 5 0 0 0 16 0 0
6780 8 1 1 0 0 0 8 4 4
6781 16 2 2 0 0 0 8 0 0
6783 1 0 0 0 0 0 1 0 0
6789 13 2 2 0 0 0 13 7 7
6790 26 3 3 0 0 0 13 0 0
6849 16 3 3 0 0 0 16 16 16
6854 8 2 2 0 0 0 8 8 8
6860 11 1 1 0 0 0 8 8 8
6865 32 1 1 0 0 0 0 0 0
6867 8 0 0 0 0 0 8 8 8
6872 32 0 0 0 0 0 0 0 0
6874 8 0 0 0 0 0 8 8 8
6879 32 1 1 0 0 0 0 0 0
6881 8 0 0 0 0 0 8 8 8
6886 36 0 0 0 0 0 0 0 0
6888 9 0 0 0 0 0 9 9 9
6935 2 0 0 0 0 0 0 0 0
6936 2 0 0 1 0 0 0 0 0
6949 4 1 1 0 0 0 2 2 2
6950 4 0 0 0 0 0 2 0 0
6952 4 0 0 0 0 0 2 0 0
6953 2 0 0 0 0 0 2 0 0
6954 1 1 1 0 0 0 1 0 0
6959 1 1 1 0 0 0 1 0 0
6991 2 0 0 0 0 0 1 0 0
6992 1 0 0 0 0 0 1 0 0
6993 2 0 0 0 0 0 1 0 0
6994 2 0 0 0 0 0 1 1 1
6995 2 1 1 0 0 0 1 0 0
6996 2 0 0 0 0 0 1 0 0
6997 2 0 0 0 0 0 1 0 0
6998 2 0 0 0 0 0 1 0 0
6999 2 0 0 0 0 0 1 0 0
7000 2 1 1 0 0 0 1 0 0
7001 2 0 0 0 0 0 1 0 0
7002 2 0 0 0 0 0 1 1 1
7003 2 0 0 0 0 0 1 0 0
7004 2 1 1 0 0 0 1 0 0
7005 2 0 0 0 0 0 1 0 0
7006 2 0 0 0 0 0 1 0 0
7007 2 0 0 0 0 0 1 0 0
7008 2 0 0 0 0 0 1 0 0
7009 2 1 1 0 0 0 1 0 0
7010 2 0 0 0 0 0 1 1 1
7011 2 0 0 0 0 0 1 0 0
7012 2 0 0 0 0 0 1 0 0
7013 2 1 1 0 0 0 1 0 0
7014 2 0 0 0 0 0 1 0 0
7015 2 0 0 0 0 0 1 0 0
7016 2 0 0 0 0 0 1 0 0
7017 2 0 0 0 0 0 1 0 0
7018 2 1 1 0 0 0 1 1 1
7019 2 0 0 0 0 0 1 0 0
7020 2 0 0 0 0 0 1 0 0
7021 2 0 0 0 0 0 1 0 0
7022 2 0 0 0 0 0 1 0 0
7023 2 1 1 0 0 0 1 0 0
7024 2 0 0 0 0 0 1 0 0
7025 2 0 0 0 0 0 1 0 0
7026 2 0 0 0 0 0 1 1 1
7027 2 1 1 0 0 0 1 0 0
7028 2 0 0 0 0 0 1 0 0
7029 2 0 0 0 0 0 1 0 0
7030 2 0 0 0 0 0 1 0 0
7031 2 0 0 0 0 0 1 0 0
7032 2 1 1 0 0 0 1 0 0
7033 2 0 0 0 0 0 1 0 0
7034 2 0 0 0 0 0 1 1 1
7035 2 0 0 0 0 0 1 0 0
7036 2 1 1 0 0 0 1 0 0
7037 2 0 0 0 0 0 1 0 0
7038 2 0 0 0 0 0 1 0 0
7039 2 0 0 0 0 0 1 0 0
7040 2 0 0 0 0 0 1 0 0
7041 2 1 1 0 0 0 1 0 0
7042 2 0 0 0 0 0 1 1 1
7043 2 0 0 0 0 0 1 0 0
7044 2 0 0 0 0 0 1 0 0
7045 2 1 1 0 0 0 1 0 0
7046 2 0 0 0 0 0 1 0 0
7047 2 0 0 0 0 0 1 0 0
7049 1 0 0 0 0 0 1 0 0
7050 1 0 0 0 0 0 1 0 0
7051 1 0 0 0 0 0 1 1 1
7052 1 0 0 0 0 0 1 0 0
7053 1 1 1 0 0 0 1 0 0
7054 1 0 0 0 0 0 1 0 0
7055 1 0 0 0 0 0 1 0 0
7056 1 0 0 0 0 0 1 0 0
7057 2 0 0 0 0 0 1 0 0
7058 2 0 0 0 0 0 1 0 0
7059 2 0 0 0 0 0 1 1 1
7060 2 1 1 0 0 0 1 0 0
7061 2 0 0 0 0 0 1 0 0
7062 2 0 0 0 0 0 1 0 0
7063 2 0 0 0 0 0 1 0 0
7064 2 1 1 0 0 0 1 0 0
7065 2 0 0 0 0 0 1 0 0
7066 2 0 0 0 0 0 1 0 0
7067 2 0 0 0 0 0 1 1 1
7068 2 0 0 0 0 0 1 0 0
7069 2 1 1 0 0 0 1 0 0
7070 2 0 0 0 0 0 1 0 0
7071 2 0 0 0 0 0 1 0 0
7072 2 0 0 0 0 0 1 0 0
7073 2 1 1 0 0 0 1 0 0
7074 2 0 0 0 0 0 1 0 0
7075 2 0 0 0 0 0 1 1 1
7076 2 0 0 0 0 0 1 0 0
7077 2 0 0 0 0 0 1 0 0
7078 2 1 1 0 0 0 1 0 0
7079 2 0 0 0 0 0 1 0 0
7080 2 0 0 0 0 0 1 0 0
7081 3 0 0 0 0 0 1 0 0
7083 1 1 1 0 0 0 1 0 0
7097 4 0 0 0 0 0 1 0 0
7104 2 0 0 1 0 0 0 0 0
7105 2 0 0 0 0 0 1 0 0
7108 2 0 0 0 0 0 0 0 0
7113 2 1 1 0 0 0 1 0 0
7114 1 0 0 1 0 0 0 0 0
fn=impi_calloc
0 53 6 3 2 0 0 2 0 0
381 40 3 2 0 0 0 0 0 0
382 38 0 0 0 0 0 0 0 0
383 38 0 0 0 0 0 0 0 0
402 2 0 0 0 0 0 0 0 0
422 3 0 0 0 0 0 0 0 0
523 2 1 0 1 0 0 0 0 0
524 1 0 0 1 0 0 0 0 0
526 1 0 0 0 0 0 1 0 0
528 2 0 0 0 0 0 0 0 0
531 2 0 0 0 0 0 0 0 0
535 6 0 0 1 0 0 2 0 0
746 1 1 1 1 0 0 0 0 0
748 1 0 0 1 0 0 0 0 0
749 2 0 0 0 0 0 0 0 0
750 3 1 1 1 0 0 1 0 0
751 1 0 0 1 0 0 0 0 0
752 2 0 0 0 0 0 0 0 0
756 1 0 0 1 0 0 0 0 0
757 2 0 0 0 0 0 0 0 0
762 3 0 0 0 0 0 0 0 0
768 1 1 1 1 0 0 0 0 0
769 1 0 0 1 0 0 0 0 0
770 1 0 0 1 0 0 0 0 0
772 1 0 0 1 0 0 0 0 0
773 101 0 0 0 0 0 0 0 0
774 50 0 0 0 0 0 0 0 0
777 50 0 0 0 0 0 0 0 0
778 75 1 1 0 0 0 0 0 0
788 25 0 0 50 0 0 25 0 0
789 75 0 0 0 0 0 25 4 4
790 25 0 0 0 0 0 25 0 0
798 1 0 0 1 0 0 0 0 0
799 1 0 0 0 0 0 0 0 0
800 1 0 0 0 0 0 0 0 0
801 1 0 0 0 0 0 0 0 0
802 1 1 1 0 0 0 0 0 0
803 1 0 0 0 0 0 1 0 0
804 3 0 0 0 0 0 1 0 0
805 2 0 0 2 0 0 0 0 0
806 1 0 0 0 0 0 1 0 0
807 2 0 0 0 0 0 0 0 0
808 1 0 0 0 0 0 1 0 0
1951 46 0 0 0 0 0 0 0 0
1958 120 0 0 40 2 1 0 0 0
1959 38 0 0 19 1 0 0 0 0
1960 19 0 0 19 0 0 0 0 0
1961 19 0 0 0 0 0 19 0 0
1962 19 0 0 0 0 0 0 0 0
1963 38 4 1 0 0 0 0 0 0
1971 2 0 0 0 0 0 0 0 0
1975 6 2 2 0 0 0 0 0 0
1993 12 2 2 0 0 0 3 1 0
7119 46 0 0 0 0 0 0 0 0
7131 23 2 2 0 0 0 23 0 0
7245 184 8 4 0 0 0 138 1 0
7252 46 0 0 23 2 0 0 0 0
7254 23 0 0 0 0 0 0 0 0
7255 46 0 0 0 0 0 0 0 0
7257 23 6 2 23 0 0 0 0 0
7259 44 0 0 0 0 0 0 0 0
7308 184 4 1 161 6 0 0 0 0
fn=impi_free
0 6227 6 4 0 0 0 0 0 0
2002 10234 0 0 5117 0 0 0 0 0
2003 10234 0 0 5117 0 0 0 0 0
2004 30684 8 4 10228 47 20 0 0 0
2005 10228 0 0 0 0 0 0 0 0
2006 5106 0 0 5106 35 12 0 0 0
2007 5106 0 0 5106 0 0 0 0 0
2008 5106 0 0 5106 0 0 0 0 0
2009 5106 0 0 5106 0 0 0 0 0
2010 10212 0 0 5106 0 0 5106 394 361
2011 5106 0 0 0 0 0 0 0 0
2012 5106 0 0 0 0 0 5106 0 0
2013 35981 7 2 0 0 0 0 0 0
2017 20 1 0 0 0 0 20 0 0
2048 11 1 1 11 11 9 0 0 0
2050 42 0 0 0 0 0 0 0 0
2052 1 0 0 1 0 0 0 0 0
2065 1 0 0 1 1 0 0 0 0
2066 1 0 0 1 0 0 0 0 0
2067 1 0 0 1 0 0 0 0 0
2068 1 0 0 1 0 0 0 0 0
2069 1 0 0 0 0 0 1 1 0
2070 1 0 0 0 0 0 0 0 0
2071 1 0 0 0 0 0 1 0 0
2072 6 0 0 0 0 0 0 0 0
2096 10 0 0 10 0 0 0 0 0
2105 30 2 2 10 4 2 10 5 3
2106 20 0 0 10 0 0 10 2 2
2107 20 0 0 0 0 0 10 0 0
2108 20 0 0 0 0 0 0 0 0
7119 10234 0 0 0 0 0 0 0 0
7131 5117 0 0 0 0 0 5117 0 0
7188 15438 9 3 0 0 0 15438 2 1
7193 10292 0 0 0 0 0 0 0 0
7194 10234 8 4 5117 7 1 0 0 0
7196 5117 8 4 5117 0 0 0 0 0
7214 20584 1 1 20584 0 0 0 0 0
fn=impi_malloc
0 22209 32 19 109 0 0 170 0 0
247 2 1 1 0 0 0 1 0 0
248 3 0 0 1 1 1 1 0 0
250 2 0 0 0 0 0 0 0 0
251 2 1 1 2 0 0 0 0 0
253 2 0 0 0 0 0 0 0 0
255 4 0 0 0 0 0 0 0 0
256 1 0 0 0 0 0 0 0 0
258 4 0 0 1 0 0 1 0 0
259 1 1 1 0 0 0 0 0 0
261 7 0 0 0 0 0 0 0 0
265 1 0 0 0 0 0 1 1 1
267 3 1 1 0 0 0 2 0 0
269 1 0 0 0 0 0 1 0 0
270 2 0 0 0 0 0 1 0 0
274 2 0 0 0 0 0 0 0 0
381 10780 0 0 0 0 0 0 0 0
382 10748 0 0 0 0 0 0 0 0
383 10750 0 0 0 0 0 0 0 0
402 30 0 0 0 0 0 0 0 0
403 18 0 0 0 0 0 0 0 0
422 27 1 0 0 0 0 0 0 0
523 10 0 0 5 0 0 0 0 0
524 5 0 0 5 0 0 0 0 0
526 5 0 0 0 0 0 5 0 0
528 10 1 0 0 0 0 0 0 0
531 10 0 0 0 0 0 0 0 0
535 204 0 0 16 0 0 86 9 0
746 81 0 0 81 0 0 0 0 0
748 81 0 0 81 0 0 0 0 0
749 162 0 0 0 0 0 0 0 0
750 48 2 1 16 0 0 16 0 0
751 16 0 0 16 0 0 0 0 0
752 32 0 0 0 0 0 0 0 0
756 81 0 0 81 55 3 0 0 0
757 162 0 0 0 0 0 0 0 0
762 243 6 3 0 0 0 0 0 0
768 81 0 0 81 0 0 0 0 0
769 81 0 0 81 0 0 0 0 0
770 81 0 0 81 0 0 0 0 0
772 81 0 0 81 53 3 0 0 0
773 19977 0 0 0 0 0 0 0 0
774 10078 0 0 0 0 0 0 0 0
775 130 0 0 65 6 2 0 0 0
777 9948 0 0 0 0 0 0 0 0
778 14922 4 2 0 0 0 0 0 0
788 4974 0 0 9948 0 0 4974 33 2
789 14922 0 0 0 0 0 4974 396 104
790 4974 0 0 0 0 0 4974 0 0
798 81 0 0 81 0 0 0 0 0
799 81 0 0 0 0 0 0 0 0
800 81 0 0 0 0 0 0 0 0
801 81 4 2 0 0 0 0 0 0
802 81 0 0 0 0 0 0 0 0
803 81 0 0 0 0 0 81 0 0
804 243 0 0 0 0 0 81 0 0
805 162 0 0 162 0 0 0 0 0
806 81 0 0 0 0 0 81 0 0
807 162 0 0 0 0 0 0 0 0
808 5 0 0 0 0 0 5 0 0
1022 4 0 0 0 0 0 0 0 0
1043 4 1 1 0 0 0 0 0 0
1044 3 0 0 0 0 0 0 0 0
1064 2 0 0 0 0 0 0 0 0
1086 3 1 1 0 0 0 0 0 0
1300 2 2 1 2 0 0 0 0 0
1302 4 0 0 2 0 0 0 0 0
1303 4 0 0 0 0 0 0 0 0
1304 6 2 1 0 0 0 2 0 0
1305 2 0 0 2 0 0 0 0 0
1306 4 0 0 0 0 0 0 0 0
1310 2 0 0 2 0 0 0 0 0
1311 4 0 0 0 0 0 0 0 0
1312 6 0 0 0 0 0 0 0 0
1317 2 0 0 2 0 0 0 0 0
1318 2 0 0 2 0 0 0 0 0
1319 2 0 0 2 0 0 0 0 0
1321 2 0 0 2 0 0 0 0 0
1322 28 0 0 0 0 0 0 0 0
1323 20 0 0 0 0 0 0 0 0
1331 20 0 0 0 0 0 0 0 0
1332 30 2 1 0 0 0 0 0 0
1341 10 0 0 20 0 0 10 2 2
1342 10 0 0 0 0 0 10 0 0
1344 14 5 4 9 0 0 2 0 0
1345 20 0 0 10 0 0 0 0 0
1346 44 0 0 10 0 0 12 2 2
1347 20 0 0 10 0 0 0 0 0
1348 10 0 0 10 0 0 0 0 0
1349 10 0 0 0 0 0 10 10 10
1350 10 0 0 0 0 0 10 0 0
1351 20 5 3 0 0 0 10 0 0
1352 10 0 0 0 0 0 10 0 0
1353 20 0 0 10 0 0 10 0 0
1354 10 0 0 0 0 0 10 0 0
1357 2 0 0 2 0 0 0 0 0
1358 4 0 0 2 0 0 2 0 0
1359 4 0 0 0 0 0 2 0 0
1360 4 2 1 4 0 0 0 0 0
1361 2 0 0 0 0 0 2 0 0
1362 2 0 0 0 0 0 2 0 0
1951 10802 0 0 0 0 0 0 0 0
1958 32340 8 4 10780 76 9 0 0 0
1959 10618 0 0 5309 256 10 0 0 0
1960 5309 0 0 5309 372 28 0 0 0
1961 5309 0 0 0 0 0 5309 0 0
1962 5309 0 0 0 0 0 0 0 0
1963 10618 0 0 0 0 0 0 0 0
1971 162 3 2 0 0 0 0 0 0
1975 22 1 0 0 0 0 0 0 0
1977 10 0 0 2 2 2 0 0 0
1988 4 0 0 0 0 0 0 0 0
1992 18 2 1 0 0 0 0 0 0
1993 32 0 0 0 0 0 8 3 1
7119 10804 0 0 0 0 0 0 0 0
7122 1 1 1 0 0 0 0 0 0
7131 5402 0 0 0 0 0 5402 0 0
7135 43208 10 4 0 0 0 32406 11 5
7142 10804 0 0 5402 12 2 0 0 0
7144 5401 10 4 5401 0 0 0 0 0
7176 2 0 0 1 0 0 0 0 0
7180 1 1 1 0 0 0 1 0 0
7185 43208 8 3 37807 0 0 0 0 0
fn=impi_realloc
0 296 14 5 59 0 0 32 1 0
381 46 0 0 0 0 0 0 0 0
382 46 0 0 0 0 0 0 0 0
383 46 0 0 0 0 0 0 0 0
535 8 1 1 2 0 0 0 0 0
746 2 0 0 2 0 0 0 0 0
748 2 0 0 2 0 0 0 0 0
749 4 0 0 0 0 0 0 0 0
750 4 0 0 0 0 0 2 0 0
751 2 0 0 2 0 0 0 0 0
752 4 0 0 0 0 0 0 0 0
756 2 0 0 2 0 0 0 0 0
757 4 0 0 0 0 0 0 0 0
762 6 0 0 0 0 0 0 0 0
768 2 0 0 2 0 0 0 0 0
769 2 0 0 2 0 0 0 0 0
770 2 1 1 2 0 0 0 0 0
772 2 0 0 2 0 0 0 0 0
773 514 0 0 0 0 0 0 0 0
774 256 0 0 0 0 0 0 0 0
777 256 0 0 0 0 0 0 0 0
778 384 0 0 0 0 0 0 0 0
788 128 0 0 256 0 0 128 0 0
789 384 1 1 0 0 0 128 16 16
790 128 0 0 0 0 0 128 0 0
798 2 0 0 2 0 0 0 0 0
799 2 0 0 0 0 0 0 0 0
800 2 0 0 0 0 0 0 0 0
801 2 0 0 0 0 0 0 0 0
802 2 0 0 0 0 0 0 0 0
803 2 1 1 0 0 0 2 0 0
804 6 0 0 0 0 0 2 0 0
805 4 0 0 4 0 0 0 0 0
806 2 0 0 0 0 0 2 0 0
807 4 0 0 0 0 0 0 0 0
1951 46 4 1 0 0 0 0 0 0
1958 138 0 0 46 1 0 0 0 0
1959 42 0 0 21 1 0 0 0 0
1960 21 3 1 21 3 0 0 0 0
1961 21 0 0 0 0 0 21 0 0
1962 21 0 0 0 0 0 0 0 0
1963 42 0 0 0 0 0 0 0 0
1971 4 1 1 0 0 0 0 0 0
2226 110 0 0 55 0 0 0 0 0
2231 156 0 0 0 0 0 0 0 0
2235 110 0 0 0 0 0 0 0 0
2240 55 5 2 0 0 0 0 0 0
2241 330 0 0 110 25 0 0 0 0
2242 110 0 0 0 0 0 0 0 0
2243 51 0 0 51 8 0 0 0 0
2248 164 0 0 0 0 0 0 0 0
2274 4 0 0 4 4 0 0 0 0
2276 16 0 0 0 0 0 0 0 0
2279 8 0 0 4 0 0 0 0 0
2284 8 0 0 0 0 0 0 0 0
7119 156 0 0 0 0 0 0 0 0
7131 78 4 2 0 0 0 78 0 0
7217 702 15 4 0 0 0 468 0 0
7220 156 0 0 78 1 0 0 0 0
7222 78 7 2 78 0 0 0 0 0
7242 702 0 0 546 3 0 0 0 0
fl=/build/impi/_buildspace/release/../../src/util/intel/malloc/impi_malloc_types.h
fn=???
0 90 12 2 0 0 0 48 12 12
410 13 0 0 0 0 0 0 0 0
421 644 0 0 0 0 0 640 10 10
430 132190 0 0 132160 1945 634 132160 2065 2049
440 58 0 0 0 0 0 0 0 0
445 6 5 2 0 0 0 6 6 6
458 46 0 0 0 0 0 0 0 0
460 48 0 0 0 0 0 32 16 16
462 48 0 0 0 0 0 32 0 0
465 14 0 0 0 0 0 0 0 0
467 6 0 0 0 0 0 0 0 0
476 8 3 2 0 0 0 0 0 0
478 4 0 0 0 0 0 0 0 0
491 4 0 0 0 0 0 0 0 0
596 48 0 0 0 0 0 0 0 0
600 48 6 1 0 0 0 0 0 0
604 48 0 0 0 0 0 0 0 0
609 48 0 0 0 0 0 0 0 0
617 48 4 1 0 0 0 0 0 0
618 10 0 0 10 2 0 0 0 0
619 10 0 0 10 0 0 0 0 0
620 10 0 0 10 0 0 0 0 0
621 10 0 0 10 0 0 0 0 0
623 10 0 0 0 0 0 10 9 7
624 10 0 0 0 0 0 10 0 0
625 10 0 0 0 0 0 10 0 0
626 20 0 0 0 0 0 10 0 0
629 28 3 1 0 0 0 0 0 0
649 28 8 2 0 0 0 0 0 0
677 28 4 1 0 0 0 0 0 0
678 4 0 0 4 3 0 0 0 0
679 4 0 0 4 0 0 0 0 0
680 4 0 0 4 0 0 0 0 0
681 4 0 0 4 0 0 0 0 0
682 4 2 1 4 3 0 0 0 0
683 4 0 0 4 0 0 0 0 0
684 4 0 0 4 0 0 0 0 0
685 4 0 0 4 0 0 0 0 0
686 4 0 0 4 2 0 0 0 0
687 4 0 0 4 0 0 0 0 0
688 4 0 0 4 0 0 0 0 0
689 4 0 0 4 0 0 0 0 0
690 4 0 0 4 0 0 0 0 0
691 4 0 0 4 0 0 0 0 0
692 4 0 0 4 0 0 0 0 0
693 4 1 1 4 0 0 0 0 0
695 4 0 0 0 0 0 4 4 3
696 4 0 0 0 0 0 4 0 0
697 4 0 0 0 0 0 4 0 0
698 4 0 0 0 0 0 4 0 0
699 4 0 0 0 0 0 4 4 3
700 4 0 0 0 0 0 4 0 0
701 4 0 0 0 0 0 4 0 0
702 4 0 0 0 0 0 4 0 0
703 4 0 0 0 0 0 4 4 3
704 4 0 0 0 0 0 4 0 0
705 4 2 1 0 0 0 4 0 0
706 4 0 0 0 0 0 4 0 0
707 4 0 0 0 0 0 4 4 3
708 4 0 0 0 0 0 4 0 0
709 4 0 0 0 0 0 4 0 0
710 8 0 0 0 0 0 4 0 0
fn=impi_calloc
0 8 0 0 0 0 0 0 0 0
421 4527120 0 0 0 0 0 4527104 70736 67664
440 46 1 1 0 0 0 0 0 0
441 20 0 0 0 0 0 10 3 0
444 26 3 2 0 0 0 0 0 0
445 18 4 1 0 0 0 9 2 1
448 8 2 1 0 0 0 0 0 0
453 8 0 0 0 0 0 0 0 0
458 8 0 0 0 0 0 0 0 0
465 8 3 2 0 0 0 0 0 0
476 8 0 0 0 0 0 0 0 0
491 8 0 0 0 0 0 0 0 0
fl=/build/impi/_buildspace/release/../../src/util/intel/mpir_numa.c
fn=MPIR_Numa_free_mem_policy
0 2 0 0 0 0 0 0 0 0
256 16 1 1 2 0 0 2 0 0
258 4 0 0 2 1 1 2 0 0
259 6 0 0 2 0 0 0 0 0
fn=MPIR_Numa_get_mem_policy
0 6 0 0 2 0 0 0 0 0
266 8 1 1 1 0 0 3 0 0
269 2 0 0 0 0 0 1 0 0
270 2 0 0 0 0 0 0 0 0
272 2 0 0 1 0 0 2 1 1
281 3 0 0 1 0 0 0 0 0
288 6 1 1 2 0 0 1 0 0
291 1 0 0 1 0 0 0 0 0
fn=MPIR_Numa_init
175 3 1 1 1 1 0 0 0 0
178 1 0 0 0 0 0 1 0 0
179 3 0 0 1 1 0 0 0 0
184 1 0 0 0 0 0 0 0 0
217 4 1 1 1 0 0 3 0 0
fn=MPIR_Numa_init_HBW_mem_policy
0 2 0 0 0 0 0 1 0 0
266 4 0 0 1 0 0 0 0 0
269 3 0 0 0 0 0 1 0 0
270 2 1 1 0 0 0 0 0 0
272 2 0 0 1 0 0 2 1 1
294 9 1 1 1 0 0 7 0 0
296 1 0 0 0 0 0 1 0 0
301 5 0 0 2 0 0 0 0 0
307 2 0 0 1 1 0 0 0 0
309 1 0 0 0 0 0 1 0 0
310 4 1 1 0 0 0 3 0 0
311 1 0 0 0 0 0 1 0 0
313 9 0 0 0 0 0 1 0 0
314 5 1 1 0 0 0 1 0 0
345 5 1 1 0 0 0 1 0 0
346 1 0 0 1 0 0 0 0 0
368 5 1 1 0 0 0 1 0 0
369 5 0 0 0 0 0 1 0 0
370 4 0 0 0 0 0 1 0 0
371 1 0 0 0 0 0 1 0 0
372 3 0 0 0 0 0 1 0 0
373 2 0 0 0 0 0 1 0 0
386 12 1 1 9 1 0 0 0 0
fn=MPIR_Numa_set_mem_policy
0 4 0 0 0 0 0 0 0 0
240 2 2 2 0 0 0 0 0 0
244 16 0 0 2 1 1 2 0 0
247 12 0 0 8 4 2 2 0 0
249 2 0 0 2 0 0 0 0 0
fl=/build/impi/_buildspace/release/../../src/util/intel/nic_pinning/nic_pinning.c
fn=MPIU_nic_pinning_get_nic_index
309 1 1 1 0 0 0 0 0 0
311 4 1 1 1 1 0 0 0 0
325 1 0 0 1 0 0 0 0 0
fl=/build/impi/_buildspace/release/../../src/util/intel/platform_recognition/platform_recognition.c
fn=MPIU_Platform_local_get_code
0 4 0 0 0 0 0 0 0 0
26 10 3 2 0 0 0 5 0 0
29 37 2 2 9 4 2 0 0 0
30 12 0 0 4 0 0 0 0 0
34 44 0 0 4 0 0 0 0 0
43 4 2 2 4 0 0 0 0 0
45 12 0 0 0 0 0 0 0 0
147 15 3 2 10 0 0 0 0 0
fl=/build/impi/_buildspace/release/../../src/util/intel/platform_recognition/platform_recognition_init.c
fn=???
63 3 1 1 0 0 0 3 0 0
67 4 0 0 1 0 0 0 0 0
86 5 2 2 2 0 0 0 0 0
fn=MPIU_Platform_code_print
0 2 1 1 0 0 0 0 0 0
221 3 1 1 1 0 0 0 0 0
229 6 0 0 2 0 0 1 0 0
230 3 1 1 2 0 0 0 0 0
240 1 0 0 1 0 0 0 0 0
fn=MPIU_Platform_recognition
0 1 0 0 0 0 0 0 0 0
162 7 1 1 0 0 0 6 0 0
165 2 0 0 1 1 1 0 0 0
167 4 3 3 0 0 0 1 1 0
206 2 0 0 0 0 0 1 0 0
210 2 0 0 0 0 0 1 0 0
214 9 0 0 7 0 0 0 0 0
fl=/build/impi/_buildspace/release/../../src/util/intel/pm_recognition/pm_recognition.c
fn=MPIU_is_hydra_pm
19 2 1 1 0 0 0 2 0 0
20 2 0 0 0 0 0 2 0 0
23 10 1 1 4 0 0 2 0 0
fn=MPIU_is_pals_mpi_type_pmix
0 1 1 1 0 0 0 0 0 0
56 1 1 1 0 0 0 1 0 0
57 1 0 0 0 0 0 1 0 0
58 5 0 0 0 0 0 1 0 0
66 2 0 0 2 0 0 0 0 0
fn=MPIU_is_pbs_pm
0 1 0 0 0 0 0 0 0 0
35 2 0 0 0 0 0 1 0 0
36 1 0 0 0 0 0 1 0 0
37 9 2 2 2 0 0 1 0 0
fn=MPIU_is_slurm_mpi_type_pmix
0 1 0 0 0 0 0 0 0 0
43 1 0 0 0 0 0 1 0 0
44 1 0 0 0 0 0 1 0 0
45 5 0 0 0 0 0 1 0 0
53 2 0 0 2 0 0 0 0 0
fn=MPIU_is_slurm_pm
0 1 0 0 0 0 0 0 0 0
27 2 0 0 0 0 0 1 0 0
28 1 0 0 0 0 0 1 0 0
29 9 1 1 2 0 0 1 0 0
fl=/build/impi/_buildspace/release/../../src/util/intel/selection/coll_tree_bin.c
fn=MPIU_Coll_selection_get_tuning_dir
0 1 0 0 0 0 0 0 0 0
4147 7 1 1 0 0 0 4 0 0
4164 4 1 1 1 1 1 0 0 0
4168 4 1 1 1 1 1 0 0 0
4172 9 0 0 0 0 0 2 0 0
4174 2 0 0 0 0 0 0 0 0
4211 6 1 1 5 0 0 0 0 0
fn=MPIU_Selection_dump
2142 7 1 1 0 0 0 5 1 1
2146 2 0 0 0 0 0 0 0 0
2192 8 2 2 6 0 0 0 0 0
fn=MPIU_Selection_finalize
0 1 1 1 1 1 1 0 0 0
696 3 0 0 1 0 0 0 0 0
697 3 0 0 1 1 1 0 0 0
698 2 0 0 0 0 0 1 0 0
700 2 1 1 1 0 0 1 0 0
702 1 0 0 0 0 0 1 0 0
703 1 0 0 0 0 0 1 0 0
4655 9 1 1 1 0 0 7 0 0
4661 1 0 0 0 0 0 1 1 1
4662 1 0 0 0 0 0 1 0 0
4664 1 0 0 0 0 0 1 0 0
4667 1 1 1 0 0 0 1 1 1
4673 3 0 0 1 1 1 0 0 0
4821 2 0 0 1 0 0 1 0 0
4822 2 0 0 0 0 0 0 0 0
4833 4 0 0 1 1 1 0 0 0
4841 11 1 1 9 0 0 0 0 0
fn=MPIU_Selection_find_entry
0 25410 22 7 870 0 0 0 0 0
6001 7140 2 1 0 0 0 7140 0 0
6012 2040 0 0 1020 2 0 0 0 0
6014 1020 0 0 0 0 0 1020 0 0
6019 6060 0 0 1020 0 0 0 0 0
6021 1020 0 0 1020 2 0 0 0 0
6023 19310 0 0 5045 0 0 0 0 0
6026 4610 0 0 4610 0 0 0 0 0
6032 20740 6 3 5100 9 0 0 0 0
6037 14960 7 3 1020 3 0 0 0 0
6042 5440 2 1 1020 7 0 0 0 0
6048 16320 2 1 3060 467 0 0 0 0
6054 6560 2 1 2475 357 0 0 0 0
6061 6090 2 1 1740 228 0 0 0 0
6068 3250 2 1 1305 323 0 0 0 0
6104 9220 2 1 0 0 0 0 0 0
6110 7615 0 0 4025 0 0 0 0 0
6112 4025 0 0 4025 74 0 0 0 0
6114 4025 0 0 4025 0 0 0 0 0
6121 9180 6 2 7140 0 0 0 0 0
fn=MPIU_Selection_init
0 19 1 1 5 3 2 2 0 0
463 4 1 1 0 0 0 2 0 0
464 5 0 0 0 0 0 2 0 0
466 4 0 0 0 0 0 0 0 0
470 7 0 0 1 0 0 4 2 2
471 4 0 0 0 0 0 0 0 0
477 2 0 0 0 0 0 2 0 0
478 2 1 1 0 0 0 2 0 0
479 2 1 1 0 0 0 2 0 0
1126 1 0 0 0 0 0 1 0 0
1128 8 0 0 1 1 0 0 0 0
1145 5 1 1 1 1 0 0 0 0
1166 102 0 0 0 0 0 0 0 0
1167 68 0 0 34 0 0 0 0 0
1168 38 2 2 0 0 0 34 2 2
1171 204 0 0 68 4 0 0 0 0
4216 6 0 0 0 0 0 0 0 0
4217 8 0 0 4 1 0 0 0 0
4218 6 0 0 4 0 0 0 0 0
4226 11 1 1 1 0 0 7 0 0
4228 1 0 0 0 0 0 1 0 0
4229 17 3 3 0 0 0 16 0 0
4230 16 2 2 0 0 0 16 0 0
4231 1 0 0 0 0 0 1 0 0
4232 1 0 0 0 0 0 1 0 0
4233 1 0 0 0 0 0 1 0 0
4235 1 0 0 0 0 0 1 0 0
4236 1 1 1 0 0 0 1 0 0
4237 1 0 0 0 0 0 1 0 0
4241 5 0 0 1 1 1 0 0 0
4245 1 1 1 0 0 0 1 1 1
4246 5 0 0 1 0 0 0 0 0
4249 2 0 0 0 0 0 1 0 0
4250 1 0 0 0 0 0 1 1 1
4251 3 0 0 1 0 0 0 0 0
4253 1 0 0 0 0 0 1 0 0
4257 1 0 0 0 0 0 1 0 0
4258 5 1 1 2 0 0 0 0 0
4260 1 0 0 0 0 0 1 0 0
4261 3 0 0 1 0 0 0 0 0
4263 3 0 0 0 0 0 0 0 0
4299 2 1 1 0 0 0 0 0 0
4300 6 0 0 1 0 0 0 0 0
4316 2 0 0 0 0 0 1 0 0
4318 2 0 0 0 0 0 1 0 0
4320 3 0 0 1 0 0 0 0 0
4321 5 1 1 1 0 0 0 0 0
4323 4 0 0 1 0 0 0 0 0
4324 18 2 2 1 1 1 6 0 0
4333 17 2 2 2 0 0 5 0 0
4341 17 1 1 1 0 0 4 0 0
4364 2 1 1 1 0 0 0 0 0
4365 3 0 0 2 0 0 0 0 0
4369 4 0 0 1 0 0 0 0 0
4443 5 2 2 1 0 0 1 0 0
4446 2 0 0 0 0 0 0 0 0
4467 3 1 1 1 0 0 1 0 0
4470 7 1 1 1 0 0 0 0 0
4510 2 1 1 1 0 0 0 0 0
4515 4 0 0 2 0 0 0 0 0
4520 4 1 1 1 0 0 0 0 0
4541 12 2 2 9 2 0 0 0 0
fn=MPIU_Selection_is_coll_autotuner_filtered
1104 2040 2 1 680 4 0 0 0 0
fn=MPIU_Selection_is_comm_cbwr_safe
0 30 2 1 0 0 0 0 0 0
5652 90 2 1 60 0 0 0 0 0
fn=MPIU_Selection_set_comm_match_pattern
5624 30 0 0 30 0 0 0 0 0
5626 30 0 0 30 0 0 0 0 0
5627 30 0 0 30 0 0 0 0 0
5628 150 2 1 60 4 1 0 0 0
5647 30 0 0 30 0 0 0 0 0
fn=MPIU_Selection_tree_load
0 15 1 1 3 1 0 2 0 0
5013 5 0 0 0 0 0 1 0 0
5015 6 1 1 0 0 0 0 0 0
5145 10 2 2 1 0 0 7 0 0
5149 1 0 0 0 0 0 1 0 0
5154 2 0 0 0 0 0 0 0 0
5158 1 0 0 0 0 0 1 0 0
5160 4 1 1 1 0 0 0 0 0
5164 2 0 0 0 0 0 0 0 0
5165 1 0 0 1 0 0 0 0 0
5166 5 0 0 0 0 0 0 0 0
5172 6 1 1 0 0 0 1 0 0
5178 3 1 1 0 0 0 1 0 0
5179 2 0 0 0 0 0 0 0 0
5185 3 0 0 0 0 0 0 0 0
5187 3 0 0 0 0 0 0 0 0
5190 2 1 1 0 0 0 0 0 0
5198 2 0 0 0 0 0 1 0 0
5206 2 1 1 0 0 0 1 0 0
5212 2 0 0 1 1 0 0 0 0
5215 4 1 1 0 0 0 0 0 0
5234 2 1 1 1 0 0 1 1 0
5237 2 0 0 0 0 0 1 0 0
5242 1 0 0 1 0 0 0 0 0
5245 3 0 0 1 1 0 0 0 0
5248 2 0 0 0 0 0 0 0 0
5249 2 0 0 1 1 0 0 0 0
5283 4 1 1 0 0 0 0 0 0
5487 2 1 1 0 0 0 0 0 0
5614 12 1 1 9 2 0 0 0 0
fn=MPIU_Selection_tree_load_adjusted_tree
5031 13 2 2 1 0 0 7 0 0
5036 1 0 0 0 0 0 1 1 0
5037 1 0 0 0 0 0 1 0 0
5038 1 0 0 0 0 0 1 0 0
5049 4 0 0 0 0 0 1 1 0
5052 4 1 1 0 0 0 1 0 0
5055 3 0 0 0 0 0 1 0 0
5058 1 0 0 0 0 0 1 1 0
5059 1 0 0 0 0 0 1 0 0
5060 3 1 1 0 0 0 2 0 0
5062 2 0 0 0 0 0 0 0 0
5064 2 0 0 0 0 0 1 0 0
5066 2 0 0 0 0 0 0 0 0
5067 1 0 0 0 0 0 0 0 0
5068 1 0 0 0 0 0 1 0 0
5070 3 1 1 0 0 0 1 0 0
5072 2 0 0 1 0 0 1 0 0
5075 2 0 0 0 0 0 0 0 0
5141 11 1 1 9 0 0 0 0 0
fl=/build/impi/_buildspace/release/../../src/util/intel/selection/coll_tree_bin_types.h
fn=MPIDI_CH4_mpi_comm_collective_selection_init
574 110 4 1 50 10 2 50 0 0
590 10 4 1 0 0 0 10 0 0
593 10 0 0 0 0 0 10 0 0
602 340 12 5 0 0 0 340 0 0
605 10 0 0 0 0 0 10 0 0
fn=MPIDI_OFI_mpi_comm_collective_selection_init
0 10 0 0 0 0 0 0 0 0
574 110 2 1 50 10 2 50 0 0
593 10 2 1 0 0 0 10 0 0
602 360 12 5 0 0 0 340 0 0
605 10 0 0 0 0 0 10 0 0
fn=MPIDI_POSIX_mpi_comm_collective_selection_init
0 10 0 0 0 0 0 0 0 0
574 110 2 1 50 6 2 50 0 0
593 10 0 0 0 0 0 10 0 0
602 360 22 11 0 0 0 340 0 0
605 10 0 0 0 0 0 10 0 0
fn=MPIU_Selection_find_entry
0 21485 2 1 4610 3 1 0 0 0
628 13830 0 0 0 0 0 0 0 0
632 1020 0 0 1020 0 0 0 0 0
634 340 2 1 340 0 0 0 0 0
636 340 2 1 340 0 0 0 0 0
638 1020 2 1 1020 0 0 0 0 0
640 435 0 0 435 0 0 0 0 0
642 435 0 0 435 0 0 0 0 0
644 435 0 0 435 0 0 0 0 0
fn=MPIU_Selection_set_comm_match_pattern
581 30 2 1 0 0 0 30 0 0
596 30 0 0 0 0 0 30 0 0
599 30 0 0 0 0 0 30 0 0
608 30 0 0 0 0 0 30 0 0
611 30 0 0 0 0 0 30 0 0
fl=/build/impi/_buildspace/release/../../src/util/intel/selection/coll_tree_json.c
fn=MPIU_Selection_tree_build_with_adjusts
0 3 0 0 0 0 0 0 0 0
2607 6 1 1 0 0 0 3 0 0
2618 6 0 0 0 0 0 3 0 0
3039 27 1 1 0 0 0 21 1 0
3046 6 0 0 0 0 0 0 0 0
3050 306 0 0 0 0 0 0 0 0
3051 306 0 0 102 14 0 0 0 0
3056 12 0 0 0 0 0 0 0 0
3065 6 1 1 0 0 0 0 0 0
3071 27 0 0 21 0 0 0 0 0
fl=/build/impi/_buildspace/release/../../src/util/intel/selection/zlib/adler32.c
fn=adler32
129 4 1 1 0 0 0 0 0 0
fn=adler32_z
0 1041 1 1 0 0 0 0 0 0
61 2 1 1 0 0 0 0 0 0
66 2 0 0 0 0 0 0 0 0
67 2 0 0 0 0 0 0 0 0
70 12 0 0 0 0 0 0 0 0
81 4 1 1 0 0 0 0 0 0
85 2 0 0 0 0 0 0 0 0
97 1039 1 1 0 0 0 0 0 0
98 518 0 0 0 0 0 0 0 0
100 518 0 0 0 0 0 0 0 0
101 8627808 3 3 2875936 44937 0 0 0 0
103 539238 0 0 0 0 0 0 0 0
104 4662 1 1 0 0 0 0 0 0
105 4662 0 0 0 0 0 0 0 0
109 2 0 0 0 0 0 0 0 0
110 207 0 0 0 0 0 0 0 0
111 102 0 0 0 0 0 0 0 0
112 4896 3 3 1632 25 0 0 0 0
113 102 0 0 0 0 0 0 0 0
115 5 0 0 0 0 0 0 0 0
116 16 2 2 8 1 0 0 0 0
117 8 0 0 0 0 0 0 0 0
119 9 1 1 0 0 0 0 0 0
120 9 0 0 0 0 0 0 0 0
124 2 0 0 0 0 0 0 0 0
125 3 0 0 2 1 0 0 0 0
fl=/build/impi/_buildspace/release/../../src/util/intel/selection/zlib/inffast.c
fn=inflate_fast
0 2140471 9 9 336995 11 0 301306 10 0
50 84 1 1 0 0 0 72 0 0
78 12 0 0 12 0 0 0 0 0
79 12 0 0 12 0 0 0 0 0
80 36 1 1 12 0 0 0 0 0
81 12 0 0 12 0 0 0 0 0
82 60 0 0 12 0 0 0 0 0
83 24 0 0 0 0 0 0 0 0
87 12 0 0 12 0 0 0 0 0
88 12 0 0 12 0 0 0 0 0
89 12 1 1 12 0 0 0 0 0
90 12 0 0 12 0 0 0 0 0
91 12 0 0 12 0 0 0 0 0
92 12 0 0 12 0 0 0 0 0
93 12 0 0 12 0 0 0 0 0
94 12 0 0 12 0 0 0 0 0
95 48 0 0 12 0 0 0 0 0
96 36 0 0 12 0 0 0 0 0
100 1432228 3 3 0 0 0 108 0 0
101 340296 0 0 0 0 0 0 0 0
102 427540 0 0 106885 1665 1657 0 0 0
104 534425 1 1 106885 1679 1636 0 0 0
105 106885 0 0 0 0 0 0 0 0
107 510444 0 0 0 0 0 0 0 0
109 193566 0 0 193566 236 0 0 0 0
110 193566 0 0 0 0 0 0 0 0
111 193566 0 0 0 0 0 0 0 0
112 293531 0 0 193566 0 0 0 0 0
113 387132 0 0 0 0 0 0 0 0
117 210516 1 1 70172 0 0 70172 2509 2509
119 246788 0 0 0 0 0 0 0 0
120 99965 0 0 99965 0 0 0 0 0
122 199930 0 0 0 0 0 0 0 0
123 128394 0 0 0 0 0 0 0 0
127 385182 0 0 0 0 0 0 0 0
128 64197 0 0 0 0 0 0 0 0
129 64197 0 0 0 0 0 0 0 0
132 299895 1 1 0 0 0 99965 0 0
133 149028 0 0 37257 601 601 0 0 0
135 186285 0 0 37257 557 545 0 0 0
136 37257 0 0 0 0 0 0 0 0
138 399860 0 0 199930 0 0 0 0 0
140 104492 0 0 104492 56 0 0 0 0
141 104492 0 0 0 0 0 0 0 0
142 104492 0 0 0 0 0 0 0 0
143 104492 0 0 104492 0 0 0 0 0
144 213511 0 0 0 0 0 0 0 0
145 99965 0 0 99965 0 0 0 0 0
146 99965 1 1 0 0 0 0 0 0
147 299895 0 0 0 0 0 99965 0 0
148 6340 0 0 1268 23 23 0 0 0
149 1268 0 0 0 0 0 0 0 0
150 2536 0 0 0 0 0 0 0 0
155 599790 0 0 0 0 0 0 0 0
163 99965 0 0 0 0 0 0 0 0
164 99965 0 0 0 0 0 0 0 0
166 199930 0 0 99965 0 0 0 0 0
167 399860 1 1 0 0 0 99965 0 0
198 36 0 0 0 0 0 24 0 0
204 920117 0 0 188542 0 0 0 0 0
208 12 0 0 0 0 0 0 0 0
251 5390760 1 1 2695380 685 0 2695380 41725 41725
253 24420 1 1 0 0 0 0 0 0
254 799720 0 0 0 0 0 0 0 0
255 2249883 0 0 0 0 0 0 0 0
256 199930 0 0 0 0 0 0 0 0
257 190156 0 0 75545 2 0 75545 373 373
258 226635 0 0 75545 0 0 0 0 0
259 109437 1 1 36479 0 0 36479 356 356
263 9054 0 0 0 0 0 0 0 0
264 36216 0 0 4527 0 0 0 0 0
273 46858 0 0 0 0 0 0 0 0
274 163926 0 0 23418 0 0 0 0 0
277 22 0 0 0 0 0 0 0 0
287 680546 1 1 0 0 0 0 0 0
290 24 0 0 0 0 0 0 0 0
291 12 0 0 0 0 0 0 0 0
292 12 0 0 0 0 0 0 0 0
293 48 0 0 0 0 0 0 0 0
296 12 0 0 0 0 0 12 11 0
297 12 0 0 0 0 0 12 11 0
298 36 1 1 0 0 0 12 0 0
299 36 0 0 0 0 0 12 0 0
301 12 0 0 0 0 0 12 11 0
302 12 0 0 0 0 0 12 0 0
304 96 1 1 84 0 0 0 0 0
fl=/build/impi/_buildspace/release/../../src/util/intel/selection/zlib/inflate.c
fn=inflate
0 29284 14 14 11721 57 2 3767 0 0
96 3 1 1 0 0 0 0 0 0
97 3 0 0 2 0 0 0 0 0
99 1 0 0 1 0 0 0 0 0
100 4 0 0 1 0 0 0 0 0
101 3 0 0 1 0 0 0 0 0
590 8 1 1 0 0 0 6 0 0
610 4 0 0 1 0 0 0 0 0
611 3 1 1 1 0 0 0 0 0
615 3 0 0 0 0 0 1 0 0
616 12 2 2 4 0 0 4 0 0
621 128 1 1 25 0 0 0 0 0
623 3 0 0 1 0 0 0 0 0
627 25 1 1 2 1 1 0 0 0
629 2 2 2 0 0 0 0 0 0
638 3 1 1 1 0 0 0 0 0
640 4 1 1 0 0 0 1 0 0
644 10 0 0 0 0 0 0 0 0
649 4 1 1 0 0 0 0 0 0
654 2 0 0 0 0 0 0 0 0
655 3 0 0 0 0 0 0 0 0
656 3 0 0 1 0 0 0 0 0
658 4 1 1 0 0 0 0 0 0
663 3 0 0 1 0 0 1 0 0
664 2 0 0 0 0 0 1 0 0
666 7 0 0 1 0 0 3 0 0
667 5 1 1 1 0 0 1 0 0
825 56 2 2 24 0 0 16 0 0
828 24 0 0 12 0 0 0 0 0
829 4 0 0 0 0 0 0 0 0
830 1 0 0 0 0 0 1 0 0
833 40 2 2 2 0 0 0 0 0
834 33 0 0 0 0 0 11 0 0
836 77 0 0 11 0 0 0 0 0
861 22 1 1 0 0 0 0 0 0
899 275 2 2 22 0 0 0 0 0
900 33 0 0 0 0 0 11 10 0
902 55 0 0 0 0 0 11 0 0
904 55 1 1 0 0 0 11 0 0
905 22 0 0 0 0 0 0 0 0
907 44 0 0 0 0 0 0 0 0
914 11 1 1 0 0 0 11 0 0
915 22 0 0 0 0 0 11 0 0
918 730 0 0 0 0 0 0 0 0
919 872 2 2 60 2 2 0 0 0
920 1350 0 0 332 22 2 332 0 0
921 332 0 0 0 0 0 0 0 0
923 206 1 1 0 0 0 0 0 0
924 151 0 0 43 0 0 54 0 0
925 15 0 0 0 0 0 13 0 0
926 11 1 1 0 0 0 11 0 0
927 24 0 0 0 0 0 12 0 0
928 90 0 0 44 10 0 12 0 0
929 3 1 1 1 0 0 1 0 0
930 22 0 0 0 0 0 0 0 0
936 11 1 1 0 0 0 11 0 0
937 66 1 1 33 0 0 22 0 0
940 10371 1 1 6881 0 0 22 0 0
941 4320 0 0 0 0 0 0 0 0
942 20080 0 0 4526 0 0 22 0 0
943 12432 1 1 0 0 0 0 0 0
944 6480 0 0 1080 15 15 0 0 0
946 3424 0 0 0 0 0 0 0 0
947 6840 0 0 0 0 0 0 0 0
948 20520 0 0 3420 0 0 6840 90 0
951 8 0 0 0 0 0 0 0 0
952 16 1 1 4 0 0 0 0 0
953 8 0 0 0 0 0 0 0 0
954 8 0 0 0 0 0 0 0 0
959 12 0 0 8 0 0 0 0 0
960 12 1 1 0 0 0 0 0 0
961 8 0 0 0 0 0 0 0 0
977 12 0 0 4 0 0 0 0 0
983 40 2 2 4 0 0 16 0 0
991 22 0 0 11 0 0 0 0 0
1000 11 0 0 0 0 0 11 0 0
1001 11 0 0 0 0 0 11 0 0
1002 11 0 0 0 0 0 11 0 0
1003 88 1 1 55 0 0 11 0 0
1005 22 0 0 0 0 0 0 0 0
1010 22 1 1 11 0 0 11 0 0
1011 13 0 0 0 0 0 12 0 0
1012 88 1 1 55 0 0 11 0 0
1014 22 0 0 0 0 0 0 0 0
1020 22 1 1 0 0 0 22 0 0
1021 68 0 0 33 0 0 1 0 0
1024 11 1 1 0 0 0 11 0 0
1027 48 0 0 0 0 0 0 0 0
1028 96 1 1 24 0 0 72 0 0
1029 12 0 0 0 0 0 12 0 0
1030 72 0 0 72 0 0 0 0 0
1031 24 0 0 12 1 0 0 0 0
1032 11 1 1 0 0 0 11 11 0
1184 3 1 1 1 0 0 0 0 0
1185 48 1 1 9 0 0 0 0 0
1186 2 0 0 0 0 0 0 0 0
1187 1 0 0 1 0 0 0 0 0
1188 1 0 0 1 0 0 0 0 0
1189 5 0 0 0 0 0 0 0 0
1190 3 0 0 1 1 0 2 2 0
1191 6 1 1 2 0 0 1 0 0
1193 8 0 0 1 0 0 0 0 0
1195 6 0 0 2 0 0 0 0 0
1197 1 1 1 1 0 0 0 0 0
1206 2 0 0 0 0 0 1 0 0
1209 4 0 0 1 0 0 0 0 0
1220 2 1 1 0 0 0 2 0 0
1243 6 1 1 0 0 0 6 3 0
1244 6 1 1 3 1 0 0 0 0
1250 2 1 1 0 0 0 0 0 0
1251 2 0 0 0 0 0 0 0 0
1252 1 0 0 1 0 0 0 0 0
1253 1 0 0 1 0 0 0 0 0
1254 1 0 0 1 0 0 0 0 0
1255 4 0 0 1 0 0 0 0 0
1258 8 1 1 3 1 0 1 0 0
1259 6 0 0 1 0 0 0 0 0
1260 7 1 1 0 0 0 0 0 0
1261 9 1 1 1 0 0 0 0 0
1264 9 0 0 7 1 0 0 0 0
fn=inflateEnd
0 1 0 0 0 0 0 0 0 0
96 3 0 0 0 0 0 0 0 0
97 4 0 0 2 0 0 0 0 0
99 1 0 0 1 0 0 0 0 0
100 4 0 0 1 0 0 0 0 0
101 2 1 1 1 0 0 0 0 0
1266 1 1 1 0 0 0 0 0 0
1268 2 0 0 0 0 0 1 0 0
1271 3 0 0 1 0 0 0 0 0
1272 4 0 0 1 0 0 1 0 0
1273 3 1 1 1 0 0 1 0 0
1276 1 0 0 1 0 0 0 0 0
fn=inflateInit_
0 5 1 1 2 0 0 0 0 0
183 6 0 0 1 1 1 0 0 0
186 5 0 0 0 0 0 3 0 0
187 1 1 1 0 0 0 1 0 0
188 3 0 0 1 0 0 0 0 0
192 2 1 1 0 0 0 1 0 0
193 1 0 0 0 0 0 1 0 0
196 2 0 0 1 0 0 0 0 0
200 3 0 0 0 0 0 1 0 0
203 6 0 0 1 0 0 1 0 0
204 2 0 0 0 0 0 0 0 0
206 1 0 0 0 0 0 1 0 0
207 1 0 0 0 0 0 1 0 0
208 1 1 1 0 0 0 1 0 0
209 1 0 0 0 0 0 1 0 0
210 2 0 0 0 0 0 1 0 0
211 2 0 0 0 0 0 0 0 0
219 1 1 1 0 0 0 0 0 0
220 1 0 0 1 0 0 0 0 0
fn=inflateReset2
0 10 1 1 4 0 0 0 0 0
96 8 0 0 0 0 0 5 0 0
97 4 1 1 2 0 0 0 0 0
99 2 0 0 2 0 0 0 0 0
100 8 0 0 2 0 0 0 0 0
101 4 0 0 2 0 0 0 0 0
111 2 0 0 0 0 0 2 0 0
112 2 0 0 0 0 0 1 0 0
113 3 0 0 1 0 0 0 0 0
114 2 0 0 0 0 0 1 0 0
115 2 1 1 0 0 0 1 0 0
117 1 0 0 0 0 0 1 0 0
119 1 0 0 0 0 0 1 0 0
120 1 0 0 0 0 0 1 0 0
121 1 0 0 0 0 0 1 0 0
122 1 0 0 0 0 0 1 0 0
123 5 1 1 0 0 0 3 0 0
124 3 0 0 0 0 0 1 0 0
133 1 0 0 0 0 0 0 0 0
135 1 1 1 0 0 0 1 0 0
137 1 0 0 0 0 0 1 0 0
141 1 1 1 0 0 0 0 0 0
146 1 1 1 0 0 0 0 0 0
150 2 0 0 0 0 0 0 0 0
157 1 0 0 0 0 0 0 0 0
159 2 0 0 0 0 0 0 0 0
165 5 0 0 0 0 0 0 0 0
167 3 1 1 1 0 0 0 0 0
173 1 0 0 0 0 0 1 0 0
174 1 0 0 0 0 0 1 0 0
176 1 0 0 1 0 0 0 0 0
fl=/build/impi/_buildspace/release/../../src/util/intel/selection/zlib/inftrees.c
fn=inflate_table
0 26979 9 9 5249 0 0 1414 0 0
34 231 1 1 0 0 0 198 0 0
103 99 0 0 0 0 0 66 0 0
104 1947 0 0 33 0 0 0 0 0
105 7282 3 3 7282 0 0 0 0 0
108 33 0 0 33 0 0 0 0 0
110 1056 3 3 198 0 0 0 0 0
111 99 2 2 0 0 0 0 0 0
121 216 0 0 0 0 0 0 0 0
122 166 0 0 83 0 0 0 0 0
123 66 0 0 0 0 0 0 0 0
129 990 1 1 462 0 0 33 0 0
130 627 1 1 0 0 0 0 0 0
132 99 0 0 33 0 0 0 0 0
136 33 0 0 0 0 0 33 0 0
138 1650 4 4 495 0 0 693 0 0
141 2937 0 0 0 0 0 0 0 0
142 28656 3 3 7180 0 0 7078 90 0
176 110 0 0 0 0 0 0 0 0
196 66 0 0 33 0 0 33 0 0
200 99 0 0 33 0 0 0 0 0
201 198 1 1 0 0 0 99 0 0
204 11 0 0 0 0 0 0 0 0
205 77 0 0 11 0 0 11 0 0
211 10617 1 1 3539 0 0 0 0 0
212 24773 0 0 7078 0 0 0 0 0
216 1182 0 0 0 0 0 0 0 0
217 580 0 0 580 44 4 0 0 0
218 580 0 0 580 11 1 0 0 0
226 10617 0 0 0 0 0 0 0 0
227 2493 0 0 0 0 0 831 0 0
229 10617 0 0 3539 0 0 0 0 0
231 48457 1 1 0 0 0 28380 28 12
232 18920 0 0 0 0 0 0 0 0
235 14156 0 0 0 0 0 0 0 0
236 14090 0 0 0 0 0 0 0 0
237 7045 0 0 0 0 0 0 0 0
238 24773 1 1 0 0 0 0 0 0
246 3539 0 0 0 0 0 0 0 0
247 14156 0 0 7078 0 0 0 0 0
248 532 0 0 0 0 0 0 0 0
249 699 0 0 466 0 0 0 0 0
253 15796 1 1 4392 0 0 0 0 0
255 1596 0 0 0 0 0 0 0 0
259 1596 0 0 798 0 0 0 0 0
262 2394 0 0 0 0 0 798 0 0
263 1596 0 0 0 0 0 0 0 0
264 4179 0 0 796 0 0 0 0 0
265 1666 1 1 833 0 0 0 0 0
266 2441 0 0 775 0 0 0 0 0
268 58 0 0 0 0 0 0 0 0
272 2390 0 0 0 0 0 0 0 0
273 2394 0 0 798 0 0 0 0 0
279 2394 0 0 798 0 0 798 0 0
280 798 0 0 0 0 0 798 0 0
281 3990 0 0 0 0 0 1596 0 0
288 66 1 1 0 0 0 0 0 0
296 132 0 0 99 0 0 0 0 0
299 264 0 0 231 0 0 0 0 0
fl=/build/impi/_buildspace/release/../../src/util/intel/selection/zlib/uncompr.c
fn=uncompress
83 3 1 1 0 0 0 2 0 0
84 3 0 0 2 0 0 1 0 0
fn=uncompress2
0 10 1 1 0 0 0 1 0 0
28 9 1 1 0 0 0 6 0 0
35 1 0 0 1 0 0 0 0 0
36 3 1 1 1 0 0 0 0 0
38 2 0 0 0 0 0 1 0 0
45 1 0 0 0 0 0 1 0 0
46 1 0 0 0 0 0 1 0 0
47 3 0 0 0 0 0 2 0 0
51 4 1 1 0 0 0 1 0 0
52 2 0 0 0 0 0 0 0 0
54 1 0 0 0 0 0 1 0 0
55 2 0 0 0 0 0 1 0 0
58 3 0 0 0 0 0 0 0 0
59 4 0 0 0 0 0 1 0 0
60 1 0 0 0 0 0 0 0 0
62 2 0 0 1 0 0 0 0 0
63 4 1 1 0 0 0 1 0 0
64 1 0 0 0 0 0 0 0 0
66 3 0 0 0 0 0 1 0 0
67 2 0 0 0 0 0 0 0 0
69 5 0 0 3 1 0 0 0 0
70 2 0 0 1 0 0 0 0 0
71 1 1 1 0 0 0 1 1 0
75 1 0 0 0 0 0 1 0 0
76 4 0 0 0 0 0 0 0 0
80 8 0 0 7 0 0 0 0 0
fl=/build/impi/_buildspace/release/../../src/util/intel/selection/zlib/zutil.c
fn=zcalloc
286 1 1 1 0 0 0 0 0 0
288 2 0 0 0 0 0 0 0 0
fn=zcfree
292 1 0 0 0 0 0 0 0 0
294 1 0 0 0 0 0 0 0 0
fl=/build/impi/_buildspace/release/../../src/util/intel/shm_heap/impi_bitmap_sse.c
fn=impi_bitmap_scan_vtable_init_sse
7486 1 1 1 0 0 0 1 0 0
7487 2 0 0 0 0 0 1 0 0
7488 1 0 0 0 0 0 1 0 0
7489 2 0 0 0 0 0 1 0 0
7490 2 0 0 0 0 0 1 0 0
7491 2 0 0 0 0 0 1 0 0
7492 2 0 0 0 0 0 1 0 0
7493 2 1 1 0 0 0 1 0 0
7494 2 0 0 0 0 0 1 1 1
7495 2 0 0 0 0 0 1 0 0
7496 2 0 0 0 0 0 1 0 0
7497 2 0 0 0 0 0 1 0 0
7498 2 0 0 0 0 0 1 0 0
7499 2 1 1 0 0 0 1 0 0
7500 2 0 0 0 0 0 1 0 0
7501 2 0 0 0 0 0 1 0 0
7502 2 0 0 0 0 0 1 1 1
7503 2 0 0 0 0 0 1 0 0
7504 2 1 1 0 0 0 1 0 0
7505 2 0 0 0 0 0 1 0 0
7506 2 0 0 0 0 0 1 0 0
7507 2 0 0 0 0 0 1 0 0
7508 2 0 0 0 0 0 1 0 0
7509 2 1 1 0 0 0 1 0 0
7510 2 0 0 0 0 0 1 1 1
7511 2 0 0 0 0 0 1 0 0
7512 2 0 0 0 0 0 1 0 0
7513 2 1 1 0 0 0 1 0 0
7514 2 0 0 0 0 0 1 0 0
7515 2 0 0 0 0 0 1 0 0
7516 2 0 0 0 0 0 1 0 0
7517 2 0 0 0 0 0 1 0 0
7518 2 1 1 0 0 0 1 1 1
7519 2 0 0 0 0 0 1 0 0
7520 2 0 0 0 0 0 1 0 0
7521 2 0 0 0 0 0 1 0 0
7522 2 1 1 0 0 0 1 0 0
7523 2 0 0 0 0 0 1 0 0
7524 2 0 0 0 0 0 1 0 0
7525 2 0 0 0 0 0 1 0 0
7526 2 0 0 0 0 0 1 1 1
7527 2 1 1 0 0 0 1 0 0
7528 2 0 0 0 0 0 1 0 0
7529 2 0 0 0 0 0 1 0 0
7530 2 0 0 0 0 0 1 0 0
7531 2 0 0 0 0 0 1 0 0
7532 2 1 1 0 0 0 1 0 0
7533 2 0 0 0 0 0 1 0 0
7534 2 0 0 0 0 0 1 1 1
7535 2 0 0 0 0 0 1 0 0
7536 2 1 1 0 0 0 1 0 0
7537 2 0 0 0 0 0 1 0 0
7538 2 0 0 0 0 0 1 0 0
7539 2 0 0 0 0 0 1 0 0
7540 2 0 0 0 0 0 1 0 0
7541 2 1 1 0 0 0 1 0 0
7542 2 0 0 0 0 0 1 1 1
7543 2 0 0 0 0 0 1 0 0
7544 2 0 0 0 0 0 1 0 0
7545 2 1 1 0 0 0 1 0 0
7546 2 0 0 0 0 0 1 0 0
7547 2 0 0 0 0 0 1 0 0
7548 2 0 0 0 0 0 1 0 0
7549 2 0 0 0 0 0 1 0 0
7550 2 1 1 0 0 0 1 1 1
7554 1 0 0 0 0 0 1 0 0
7555 1 0 0 0 0 0 1 0 0
7556 1 0 0 0 0 0 1 0 0
7557 1 0 0 0 0 0 1 0 0
7558 1 0 0 0 0 0 1 0 0
7559 1 0 0 0 0 0 1 0 0
7560 1 0 0 0 0 0 1 0 0
7561 1 1 1 0 0 0 1 1 1
7562 2 0 0 0 0 0 1 0 0
7563 2 0 0 0 0 0 1 0 0
7564 2 0 0 0 0 0 1 0 0
7565 2 0 0 0 0 0 1 0 0
7566 2 1 1 0 0 0 1 0 0
7567 2 0 0 0 0 0 1 0 0
7568 2 0 0 0 0 0 1 0 0
7569 2 0 0 0 0 0 1 1 1
7570 2 0 0 0 0 0 1 0 0
7571 2 1 1 0 0 0 1 0 0
7572 2 0 0 0 0 0 1 0 0
7573 2 0 0 0 0 0 1 0 0
7574 2 0 0 0 0 0 1 0 0
7575 2 1 1 0 0 0 1 0 0
7576 2 0 0 0 0 0 1 0 0
7577 2 0 0 0 0 0 1 1 1
7578 2 0 0 0 0 0 1 0 0
7579 2 0 0 0 0 0 1 0 0
7580 2 1 1 0 0 0 1 0 0
7581 2 0 0 0 0 0 1 0 0
7582 2 0 0 0 0 0 1 0 0
7583 2 0 0 0 0 0 1 0 0
7584 2 1 1 0 0 0 1 0 0
7585 2 0 0 0 0 0 1 1 1
7586 2 0 0 0 0 0 1 0 0
7587 2 0 0 0 0 0 1 0 0
7588 2 0 0 0 0 0 1 0 0
7589 2 1 1 0 0 0 1 0 0
7590 2 0 0 0 0 0 1 0 0
7591 2 0 0 0 0 0 1 0 0
7592 2 0 0 0 0 0 1 0 0
7593 2 1 1 0 0 0 1 1 1
7594 2 0 0 0 0 0 1 0 0
7595 2 0 0 0 0 0 1 0 0
7596 2 0 0 0 0 0 1 0 0
7597 2 0 0 0 0 0 1 0 0
7598 2 1 1 0 0 0 1 0 0
7599 2 0 0 0 0 0 1 0 0
7600 2 0 0 0 0 0 1 0 0
7601 2 0 0 0 0 0 1 1 1
7602 2 0 0 0 0 0 1 0 0
7603 2 1 1 0 0 0 1 0 0
7604 2 0 0 0 0 0 1 0 0
7605 2 0 0 0 0 0 1 0 0
7606 2 0 0 0 0 0 1 0 0
7607 2 1 1 0 0 0 1 0 0
7608 2 0 0 0 0 0 1 0 0
7609 2 0 0 0 0 0 1 1 1
7610 2 0 0 0 0 0 1 0 0
7611 2 0 0 0 0 0 1 0 0
7612 2 1 1 0 0 0 1 0 0
7613 2 0 0 0 0 0 1 0 0
7614 2 0 0 0 0 0 1 0 0
7615 2 0 0 0 0 0 1 0 0
7616 2 1 1 0 0 0 1 0 0
7617 2 0 0 0 0 0 1 1 1
7621 1 0 0 0 0 0 1 0 0
7622 1 0 0 0 0 0 1 0 0
7623 1 0 0 0 0 0 1 0 0
7624 1 0 0 0 0 0 1 0 0
7625 1 0 0 0 0 0 1 0 0
7626 1 0 0 0 0 0 1 0 0
7627 1 1 1 0 0 0 1 0 0
7628 1 0 0 0 0 0 1 1 1
7629 2 0 0 0 0 0 1 0 0
7630 2 0 0 0 0 0 1 0 0
7631 2 0 0 0 0 0 1 0 0
7632 2 1 1 0 0 0 1 0 0
7633 2 0 0 0 0 0 1 0 0
7634 2 0 0 0 0 0 1 0 0
7635 2 0 0 0 0 0 1 0 0
7636 2 0 0 0 0 0 1 1 1
7637 2 1 1 0 0 0 1 0 0
7638 2 0 0 0 0 0 1 0 0
7639 2 0 0 0 0 0 1 0 0
7640 2 0 0 0 0 0 1 0 0
7641 2 0 0 0 0 0 1 0 0
7642 2 1 1 0 0 0 1 0 0
7643 2 0 0 0 0 0 1 0 0
7644 2 0 0 0 0 0 1 1 1
7645 2 0 0 0 0 0 1 0 0
7646 2 1 1 0 0 0 1 0 0
7647 2 0 0 0 0 0 1 0 0
7648 2 0 0 0 0 0 1 0 0
7649 2 0 0 0 0 0 1 0 0
7650 2 0 0 0 0 0 1 0 0
7651 2 1 1 0 0 0 1 0 0
7652 2 0 0 0 0 0 1 1 1
7653 2 0 0 0 0 0 1 0 0
7654 2 0 0 0 0 0 1 0 0
7655 2 1 1 0 0 0 1 0 0
7656 2 0 0 0 0 0 1 0 0
7657 2 0 0 0 0 0 1 0 0
7658 2 0 0 0 0 0 1 0 0
7659 2 0 0 0 0 0 1 0 0
7660 2 1 1 0 0 0 1 1 1
7661 2 0 0 0 0 0 1 0 0
7662 2 0 0 0 0 0 1 0 0
7663 2 0 0 0 0 0 1 0 0
7664 2 1 1 0 0 0 1 0 0
7665 2 0 0 0 0 0 1 0 0
7666 2 0 0 0 0 0 1 0 0
7667 2 0 0 0 0 0 1 0 0
7668 2 0 0 0 0 0 1 1 1
7669 2 1 1 0 0 0 1 0 0
7670 2 0 0 0 0 0 1 0 0
7671 2 0 0 0 0 0 1 0 0
7672 2 0 0 0 0 0 1 0 0
7673 2 0 0 0 0 0 1 0 0
7674 2 1 1 0 0 0 1 0 0
7675 2 0 0 0 0 0 1 0 0
7676 2 0 0 0 0 0 1 1 1
7677 2 0 0 0 0 0 1 0 0
7678 2 1 1 0 0 0 1 0 0
7679 2 0 0 0 0 0 1 0 0
7680 2 0 0 0 0 0 1 0 0
7681 2 0 0 0 0 0 1 0 0
7682 2 0 0 0 0 0 1 0 0
7683 2 1 1 0 0 0 1 0 0
7684 2 0 0 0 0 0 1 1 1
7688 1 0 0 0 0 0 1 0 0
7689 1 0 0 0 0 0 1 0 0
7690 1 0 0 0 0 0 1 0 0
7691 1 0 0 0 0 0 1 0 0
7692 1 0 0 0 0 0 1 0 0
7693 1 1 1 0 0 0 1 0 0
7694 1 0 0 0 0 0 1 0 0
7695 1 0 0 0 0 0 1 1 1
7696 2 0 0 0 0 0 1 0 0
7697 2 0 0 0 0 0 1 0 0
7698 2 0 0 0 0 0 1 0 0
7699 2 1 1 0 0 0 1 0 0
7700 2 0 0 0 0 0 1 0 0
7701 2 0 0 0 0 0 1 0 0
7702 2 0 0 0 0 0 1 0 0
7703 2 1 1 0 0 0 1 1 1
7704 2 0 0 0 0 0 1 0 0
7705 2 0 0 0 0 0 1 0 0
7706 2 0 0 0 0 0 1 0 0
7707 2 0 0 0 0 0 1 0 0
7708 2 1 1 0 0 0 1 0 0
7709 2 0 0 0 0 0 1 0 0
7710 2 0 0 0 0 0 1 0 0
7711 2 0 0 0 0 0 1 1 0
7712 2 0 0 0 0 0 1 0 0
7713 2 1 1 0 0 0 1 0 0
7714 2 0 0 0 0 0 1 0 0
7715 2 0 0 0 0 0 1 0 0
7716 2 0 0 0 0 0 1 0 0
7717 2 1 1 0 0 0 1 0 0
7718 2 0 0 0 0 0 1 0 0
7719 2 0 0 0 0 0 1 0 0
7720 2 0 0 0 0 0 1 0 0
7721 2 0 0 0 0 0 1 0 0
7722 2 1 1 0 0 0 1 0 0
7723 2 0 0 0 0 0 1 0 0
7724 2 0 0 0 0 0 1 0 0
7725 2 0 0 0 0 0 1 0 0
7726 2 1 1 0 0 0 1 0 0
7727 2 0 0 0 0 0 1 0 0
7728 2 0 0 0 0 0 1 0 0
7729 2 0 0 0 0 0 1 0 0
7730 2 0 0 0 0 0 1 0 0
7731 2 1 1 0 0 0 1 0 0
7732 2 0 0 0 0 0 1 0 0
7733 2 0 0 0 0 0 1 0 0
7734 2 0 0 0 0 0 1 0 0
7735 2 1 1 0 0 0 1 0 0
7736 2 0 0 0 0 0 1 0 0
7737 2 0 0 0 0 0 1 0 0
7738 2 0 0 0 0 0 1 0 0
7739 2 0 0 0 0 0 1 0 0
7740 2 1 1 0 0 0 1 0 0
7741 2 0 0 0 0 0 1 0 0
7742 2 0 0 0 0 0 1 0 0
7743 2 0 0 0 0 0 1 0 0
7744 2 0 0 0 0 0 1 0 0
7745 2 1 1 0 0 0 1 0 0
7746 2 0 0 0 0 0 1 0 0
7747 2 0 0 0 0 0 1 0 0
7748 2 0 0 0 0 0 1 0 0
7749 2 1 1 0 0 0 1 0 0
7750 2 0 0 0 0 0 1 0 0
7751 2 0 0 0 0 0 1 0 0
7752 2 0 0 0 0 0 1 0 0
7756 2 0 0 0 0 0 1 0 0
7757 2 0 0 2 0 0 0 0 0
fl=/build/impi/_buildspace/release/../../src/util/intel/shm_heap/impi_shm_heap.c
fn=impi_shm_heap_finalize
1061 2 1 1 1 0 0 0 0 0
fn=impi_shm_heap_init
0 528 0 0 1 0 0 5 2 2
212 3 1 1 0 0 0 0 0 0
232 4 1 1 1 1 1 0 0 0
253 1 0 0 0 0 0 0 0 0
254 1 0 0 0 0 0 1 0 0
923 11 1 1 0 0 0 6 0 0
924 2 0 0 0 0 0 0 0 0
925 2 0 0 0 0 0 0 0 0
926 2 0 0 0 0 0 0 0 0
927 2 0 0 0 0 0 0 0 0
928 2 1 1 0 0 0 0 0 0
929 3 0 0 0 0 0 0 0 0
930 2 0 0 0 0 0 0 0 0
931 2 0 0 0 0 0 0 0 0
932 2 0 0 0 0 0 0 0 0
934 2 1 1 1 0 0 0 0 0
942 2 0 0 0 0 0 0 0 0
946 2 0 0 0 0 0 0 0 0
949 4 1 1 1 0 0 0 0 0
956 10 2 2 0 0 0 2 1 1
957 2 0 0 0 0 0 0 0 0
959 3 1 1 0 0 0 0 0 0
962 1026 0 0 0 0 0 0 0 0
963 513 0 0 0 0 0 0 0 0
967 1539 0 0 0 0 0 0 0 0
968 1539 1 1 0 0 0 0 0 0
969 1026 0 0 0 0 0 0 0 0
972 513 0 0 0 0 0 0 0 0
975 2 0 0 0 0 0 0 0 0
978 1 0 0 0 0 0 1 1 1
979 1 0 0 0 0 0 1 0 0
981 3 0 0 1 0 0 0 0 0
983 4 0 0 2 0 0 0 0 0
988 1 1 1 0 0 0 1 0 0
989 1 0 0 0 0 0 0 0 0
991 1 0 0 0 0 0 1 0 0
992 1 0 0 0 0 0 0 0 0
994 1 0 0 0 0 0 1 0 0
995 2 0 0 0 0 0 0 0 0
997 1 0 0 0 0 0 1 0 0
1000 3 1 1 1 0 0 1 0 0
1001 3 0 0 0 0 0 0 0 0
1003 1 0 0 0 0 0 1 0 0
1005 24 0 0 0 0 0 0 0 0
1006 132 2 2 66 0 0 64 32 32
1008 24 0 0 0 0 0 0 0 0
1009 128 2 2 64 0 0 64 32 32
1011 24 0 0 0 0 0 0 0 0
1012 128 2 2 64 0 0 64 32 32
1014 24 0 0 0 0 0 0 0 0
1015 130 1 1 65 0 0 65 32 32
1017 2 0 0 1 0 0 1 0 0
1019 4 0 0 1 0 0 0 0 0
1024 9 1 1 0 0 0 0 0 0
1025 3 0 0 0 0 0 0 0 0
1030 3 0 0 0 0 0 1 0 0
1032 1 0 0 0 0 0 1 0 0
1033 1 0 0 0 0 0 0 0 0
1034 1 0 0 0 0 0 1 0 0
1035 1 0 0 0 0 0 1 0 0
1036 1 0 0 0 0 0 0 0 0
1039 9 0 0 7 0 0 0 0 0
fn=impi_shm_heap_is_initialized
870 4 1 1 2 0 0 0 0 0
fl=/build/impi/_buildspace/release/../../src/util/mpir_cvars.c
fn=MPIR_T_cvar_finalize
0 26 0 0 22 0 0 0 0 0
23171 3 1 1 0 0 0 3 0 0
23174 3 0 0 1 1 1 0 0 0
23175 183 6 6 61 2 2 13 0 0
23176 1 0 0 0 0 0 1 0 0
23179 3 0 0 1 0 0 0 0 0
23180 1287 6 6 429 1 1 77 0 0
23181 1 0 0 0 0 0 1 0 0
23184 5 0 0 3 0 0 0 0 0
fn=MPIR_T_cvar_init
0 630 124 124 78 0 0 4 1 0
4143 7 1 1 0 0 0 6 0 0
4149 8 1 1 1 0 0 3 1 1
4150 7 0 0 1 0 0 3 0 0
4152 1 1 1 0 0 0 1 0 0
4154 3 0 0 0 0 0 1 0 0
4158 4 0 0 0 0 0 1 0 0
4162 4 1 1 0 0 0 1 0 0
4166 3 0 0 0 0 0 1 0 0
4170 3 0 0 0 0 0 1 0 0
4174 3 0 0 0 0 0 1 0 0
4178 3 1 1 0 0 0 1 0 0
4182 3 0 0 0 0 0 1 0 0
4186 4 0 0 0 0 0 1 0 0
4190 3 1 1 0 0 0 1 0 0
4194 3 0 0 0 0 0 1 0 0
4198 2 0 0 0 0 0 1 0 0
4199 16 2 2 0 0 0 7 0 0
4209 4 0 0 1 0 0 2 0 0
4210 2 0 0 0 0 0 1 0 0
4211 4 0 0 0 0 0 0 0 0
4216 3 1 1 1 0 0 0 0 0
4228 2 0 0 0 0 0 0 0 0
4229 2 0 0 0 0 0 1 0 0
4230 17 1 1 0 0 0 7 0 0
4240 3 1 1 0 0 0 1 0 0
4241 4 0 0 0 0 0 0 0 0
4248 2 1 1 0 0 0 1 0 0
4249 16 1 1 0 0 0 7 0 0
4259 4 1 1 1 0 0 2 0 0
4260 2 0 0 0 0 0 1 0 0
4261 4 0 0 0 0 0 0 0 0
4266 3 1 1 1 0 0 0 0 0
4279 2 0 0 0 0 0 1 0 0
4280 16 2 2 0 0 0 7 0 0
4290 4 0 0 1 0 0 2 0 0
4291 2 0 0 0 0 0 1 0 0
4292 4 0 0 0 0 0 0 0 0
4297 3 1 1 1 0 0 0 0 0
4310 2 0 0 0 0 0 1 0 0
4311 16 2 2 0 0 0 7 0 0
4321 4 0 0 1 0 0 2 0 0
4322 2 0 0 0 0 0 1 0 0
4323 4 0 0 0 0 0 0 0 0
4328 3 1 1 1 0 0 0 0 0
4329 2 0 0 0 0 0 2 0 0
4331 2 1 1 0 0 0 0 0 0
4341 2 1 1 0 0 0 1 0 0
4342 16 1 1 0 0 0 7 0 0
4352 4 1 1 1 0 0 2 0 0
4353 2 0 0 0 0 0 1 0 0
4354 4 0 0 0 0 0 0 0 0
4359 3 1 1 1 0 0 0 0 0
4360 2 0 0 0 0 0 2 0 0
4362 2 0 0 0 0 0 0 0 0
4372 2 1 1 0 0 0 1 0 0
4373 16 1 1 0 0 0 7 0 0
4383 4 0 0 1 0 0 2 0 0
4384 2 0 0 0 0 0 1 0 0
4385 4 1 1 0 0 0 0 0 0
4390 3 1 1 1 0 0 0 0 0
4391 2 0 0 0 0 0 2 0 0
4393 2 0 0 0 0 0 0 0 0
4403 2 1 1 0 0 0 1 0 0
4404 16 2 2 0 0 0 7 0 0
4414 4 0 0 1 0 0 2 0 0
4415 2 0 0 0 0 0 1 0 0
4416 4 0 0 0 0 0 0 0 0
4421 3 1 1 1 0 0 0 0 0
4422 2 1 1 0 0 0 2 0 0
4424 2 0 0 0 0 0 0 0 0
4434 2 1 1 0 0 0 1 0 0
4435 16 1 1 0 0 0 7 0 0
4445 4 1 1 1 0 0 2 0 0
4446 2 0 0 0 0 0 1 0 0
4447 4 0 0 0 0 0 0 0 0
4452 3 1 1 1 0 0 0 0 0
4453 2 0 0 0 0 0 2 1 0
4455 2 0 0 0 0 0 0 0 0
4465 2 1 1 0 0 0 1 0 0
4466 16 1 1 0 0 0 7 0 0
4476 4 0 0 1 0 0 2 0 0
4477 2 0 0 0 0 0 1 0 0
4478 4 1 1 0 0 0 0 0 0
4483 3 1 1 1 0 0 0 0 0
4484 2 0 0 0 0 0 2 0 0
4486 2 0 0 0 0 0 0 0 0
4496 2 1 1 0 0 0 1 0 0
4497 16 2 2 0 0 0 7 0 0
4507 4 0 0 1 0 0 2 0 0
4508 2 0 0 0 0 0 1 0 0
4509 4 0 0 0 0 0 0 0 0
4514 3 1 1 1 0 0 0 0 0
4515 2 0 0 0 0 0 2 0 0
4517 2 1 1 0 0 0 0 0 0
4527 2 1 1 0 0 0 1 0 0
4528 16 1 1 0 0 0 7 0 0
4538 4 1 1 1 0 0 2 0 0
4539 2 0 0 0 0 0 1 0 0
4540 4 0 0 0 0 0 0 0 0
4545 3 1 1 1 0 0 0 0 0
4546 2 0 0 0 0 0 2 0 0
4548 2 0 0 0 0 0 0 0 0
4558 2 1 1 0 0 0 1 0 0
4559 16 1 1 0 0 0 7 0 0
4569 4 0 0 1 0 0 2 0 0
4570 2 0 0 0 0 0 1 0 0
4571 4 1 1 0 0 0 0 0 0
4572 1 0 0 0 0 0 1 0 0
4573 34 2 2 11 2 0 5 0 0
4576 3 1 1 1 0 0 0 0 0
4577 2 0 0 0 0 0 2 0 0
4579 2 0 0 0 0 0 0 0 0
4589 2 1 1 0 0 0 1 0 0
4590 16 2 2 0 0 0 7 0 0
4600 4 0 0 1 0 0 2 0 0
4601 2 0 0 0 0 0 1 0 0
4602 4 0 0 0 0 0 0 0 0
4603 1 0 0 0 0 0 1 0 0
4604 16 2 2 6 0 0 2 0 0
4607 3 0 0 1 0 0 0 0 0
4608 2 0 0 0 0 0 2 0 0
4610 2 1 1 0 0 0 0 0 0
4620 2 0 0 0 0 0 1 0 0
4621 16 1 1 0 0 0 7 0 0
4631 4 1 1 1 0 0 2 0 0
4632 2 0 0 0 0 0 1 0 0
4633 4 0 0 0 0 0 0 0 0
4634 1 0 0 0 0 0 1 0 0
4635 16 1 1 6 0 0 2 0 0
4638 3 0 0 1 0 0 0 0 0
4639 2 0 0 0 0 0 2 0 0
4641 2 0 0 0 0 0 0 0 0
4651 2 1 1 0 0 0 1 0 0
4652 17 1 1 0 0 0 7 0 0
4662 4 0 0 1 0 0 2 0 0
4663 2 1 1 0 0 0 1 0 0
4664 4 0 0 0 0 0 0 0 0
4669 3 1 1 1 0 0 0 0 0
4670 2 0 0 0 0 0 2 0 0
4672 2 0 0 0 0 0 0 0 0
4682 2 1 1 0 0 0 1 0 0
4683 17 2 2 0 0 0 7 0 0
4693 4 0 0 1 0 0 2 0 0
4694 2 0 0 0 0 0 1 0 0
4695 4 1 1 0 0 0 0 0 0
4700 3 2 2 1 0 0 0 0 0
4701 2 0 0 0 0 0 2 1 0
4703 2 0 0 0 0 0 0 0 0
4713 2 1 1 0 0 0 1 0 0
4714 16 2 2 0 0 0 7 0 0
4724 4 0 0 1 0 0 2 0 0
4725 2 0 0 0 0 0 1 0 0
4726 4 0 0 0 0 0 0 0 0
4727 1 0 0 0 0 0 1 0 0
4728 16 2 2 6 0 0 2 0 0
4731 3 0 0 1 0 0 0 0 0
4732 2 0 0 0 0 0 2 1 1
4734 2 1 1 0 0 0 0 0 0
4744 2 1 1 0 0 0 1 0 0
4745 16 1 1 0 0 0 7 0 0
4755 4 1 1 1 0 0 2 0 0
4756 2 0 0 0 0 0 1 0 0
4757 4 0 0 0 0 0 0 0 0
4762 3 1 1 1 0 0 0 0 0
4771 1 1 1 0 0 0 1 0 0
4775 2 1 1 0 0 0 1 0 0
4776 16 1 1 0 0 0 7 0 0
4786 4 0 0 1 0 0 2 0 0
4787 3 1 1 0 0 0 1 0 0
4788 4 0 0 0 0 0 0 0 0
4789 1 0 0 0 0 0 1 0 0
4790 16 1 1 6 0 0 2 0 0
4793 3 0 0 1 0 0 0 0 0
4794 2 0 0 0 0 0 2 0 0
4796 2 0 0 0 0 0 0 0 0
4806 2 1 1 0 0 0 1 0 0
4807 17 2 2 0 0 0 7 0 0
4817 4 0 0 1 0 0 2 0 0
4818 2 0 0 0 0 0 1 0 0
4819 4 1 1 0 0 0 0 0 0
4824 3 2 2 1 0 0 0 0 0
4825 2 0 0 0 0 0 2 0 0
4827 2 0 0 0 0 0 0 0 0
4837 2 1 1 0 0 0 1 0 0
4838 17 2 2 0 0 0 7 0 0
4848 4 0 0 1 0 0 2 0 0
4849 2 0 0 0 0 0 1 0 0
4850 4 0 0 0 0 0 0 0 0
4855 3 1 1 1 0 0 0 0 0
4856 2 1 1 0 0 0 2 0 0
4858 2 0 0 0 0 0 0 0 0
4868 2 1 1 0 0 0 1 0 0
4869 17 1 1 0 0 0 7 0 0
4879 4 1 1 1 0 0 2 0 0
4880 2 0 0 0 0 0 1 0 0
4881 4 0 0 0 0 0 0 0 0
4886 3 1 1 1 0 0 0 0 0
4887 2 0 0 0 0 0 2 0 0
4889 2 0 0 0 0 0 0 0 0
4899 2 1 1 0 0 0 1 0 0
4900 17 1 1 0 0 0 7 0 0
4910 4 0 0 1 0 0 2 0 0
4911 2 0 0 0 0 0 1 0 0
4912 4 0 0 0 0 0 0 0 0
4917 3 1 1 1 0 0 0 0 0
4918 2 0 0 0 0 0 2 0 0
4920 2 0 0 0 0 0 0 0 0
4930 2 2 2 0 0 0 1 0 0
4931 17 1 1 0 0 0 7 0 0
4941 4 0 0 1 0 0 2 0 0
4942 2 0 0 0 0 0 1 0 0
4943 4 1 1 0 0 0 0 0 0
4948 3 1 1 1 0 0 0 0 0
4949 2 0 0 0 0 0 2 0 0
4951 2 0 0 0 0 0 0 0 0
4961 2 1 1 0 0 0 1 0 0
4962 17 2 2 0 0 0 7 0 0
4972 4 0 0 1 0 0 2 0 0
4973 2 0 0 0 0 0 1 0 0
4974 4 0 0 0 0 0 0 0 0
4979 3 1 1 1 0 0 0 0 0
4980 2 1 1 0 0 0 2 0 0
4982 2 0 0 0 0 0 0 0 0
4992 2 1 1 0 0 0 1 0 0
4993 17 1 1 0 0 0 7 0 0
5003 4 1 1 1 0 0 2 0 0
5004 2 0 0 0 0 0 1 0 0
5005 4 0 0 0 0 0 0 0 0
5010 3 1 1 1 0 0 0 0 0
5011 2 0 0 0 0 0 2 0 0
5013 2 0 0 0 0 0 0 0 0
5023 2 1 1 0 0 0 1 0 0
5024 17 1 1 0 0 0 7 0 0
5034 4 1 1 1 0 0 2 0 0
5035 2 0 0 0 0 0 1 0 0
5036 4 0 0 0 0 0 0 0 0
5041 3 1 1 1 0 0 0 0 0
5042 2 0 0 0 0 0 2 1 0
5044 2 0 0 0 0 0 0 0 0
5054 2 2 2 0 0 0 1 0 0
5055 17 1 1 0 0 0 7 0 0
5065 4 0 0 1 0 0 2 0 0
5066 2 0 0 0 0 0 1 0 0
5067 4 1 1 0 0 0 0 0 0
5072 3 1 1 1 0 0 0 0 0
5073 2 0 0 0 0 0 2 0 0
5075 2 0 0 0 0 0 0 0 0
5085 2 1 1 0 0 0 1 0 0
5086 17 2 2 0 0 0 7 0 0
5096 4 0 0 1 0 0 2 0 0
5097 2 0 0 0 0 0 1 0 0
5098 4 0 0 0 0 0 0 0 0
5103 3 1 1 1 0 0 0 0 0
5104 2 1 1 0 0 0 2 0 0
5106 2 0 0 0 0 0 0 0 0
5116 2 1 1 0 0 0 1 0 0
5117 17 2 2 0 0 0 7 0 0
5127 4 0 0 1 0 0 2 0 0
5128 2 0 0 0 0 0 1 0 0
5129 4 0 0 0 0 0 0 0 0
5134 3 1 1 1 0 0 0 0 0
5135 2 0 0 0 0 0 2 0 0
5137 2 0 0 0 0 0 0 0 0
5147 2 1 1 0 0 0 1 0 0
5148 17 1 1 0 0 0 7 0 0
5158 4 1 1 1 0 0 2 0 0
5159 2 0 0 0 0 0 1 0 0
5160 4 0 0 0 0 0 0 0 0
5165 3 1 1 1 0 0 0 0 0
5166 2 0 0 0 0 0 2 0 0
5168 2 0 0 0 0 0 0 0 0
5178 2 1 1 0 0 0 1 0 0
5179 18 1 1 1 0 0 7 0 0
5189 3 0 0 0 0 0 1 0 0
5190 4 0 0 0 0 0 0 0 0
5197 2 1 1 0 0 0 1 0 0
5198 16 2 2 0 0 0 7 0 0
5208 4 0 0 1 0 0 2 0 0
5209 2 0 0 0 0 0 1 0 0
5210 4 1 1 0 0 0 0 0 0
5215 3 1 1 1 0 0 0 0 0
5216 2 1 1 0 0 0 2 0 0
5218 2 0 0 0 0 0 0 0 0
5228 2 1 1 0 0 0 1 0 0
5229 17 2 2 0 0 0 7 0 0
5239 4 0 0 1 0 0 2 0 0
5240 2 0 0 0 0 0 1 0 0
5241 4 0 0 0 0 0 0 0 0
5246 3 1 1 1 0 0 0 0 0
5247 2 0 0 0 0 0 2 0 0
5249 2 1 1 0 0 0 0 0 0
5259 2 1 1 0 0 0 1 0 0
5260 17 1 1 0 0 0 7 0 0
5270 4 1 1 1 0 0 2 0 0
5271 2 0 0 0 0 0 1 0 0
5272 4 0 0 0 0 0 0 0 0
5277 3 1 1 1 0 0 0 0 0
5278 2 0 0 0 0 0 2 0 0
5280 2 0 0 0 0 0 0 0 0
5290 2 1 1 0 0 0 1 0 0
5291 16 1 1 0 0 0 7 0 0
5301 4 0 0 1 0 0 2 0 0
5302 2 0 0 0 0 0 1 0 0
5303 4 1 1 0 0 0 0 0 0
5304 1 0 0 0 0 0 1 0 0
5305 16 0 0 6 0 0 2 0 0
5308 3 1 1 1 0 0 0 0 0
5309 2 0 0 0 0 0 2 1 0
5311 2 0 0 0 0 0 0 0 0
5321 2 1 1 0 0 0 1 0 0
5322 17 2 2 0 0 0 7 0 0
5332 4 0 0 1 0 0 2 0 0
5333 2 0 0 0 0 0 1 0 0
5334 4 0 0 0 0 0 0 0 0
5339 3 1 1 1 0 0 0 0 0
5340 2 1 1 0 0 0 2 0 0
5342 2 0 0 0 0 0 0 0 0
5352 2 1 1 0 0 0 1 0 0
5353 17 2 2 0 0 0 7 0 0
5363 4 0 0 1 0 0 2 0 0
5364 2 0 0 0 0 0 1 0 0
5365 4 0 0 0 0 0 0 0 0
5370 3 1 1 1 0 0 0 0 0
5371 2 0 0 0 0 0 2 0 0
5373 2 0 0 0 0 0 0 0 0
5383 2 1 1 0 0 0 1 0 0
5384 17 1 1 0 0 0 7 0 0
5394 4 1 1 1 0 0 2 0 0
5395 2 0 0 0 0 0 1 0 0
5396 4 0 0 0 0 0 0 0 0
5397 1 0 0 0 0 0 1 0 0
5398 16 1 1 6 0 0 2 0 0
5401 3 0 0 1 0 0 0 0 0
5402 2 0 0 0 0 0 2 0 0
5404 2 0 0 0 0 0 0 0 0
5414 2 1 1 0 0 0 1 0 0
5415 17 1 1 0 0 0 7 0 0
5425 4 0 0 1 0 0 2 0 0
5426 2 1 1 0 0 0 1 0 0
5427 4 0 0 0 0 0 0 0 0
5432 3 1 1 1 0 0 0 0 0
5433 2 0 0 0 0 0 2 0 0
5435 2 0 0 0 0 0 0 0 0
5445 2 1 1 0 0 0 1 0 0
5446 17 2 2 0 0 0 7 0 0
5456 4 0 0 1 0 0 2 0 0
5457 2 0 0 0 0 0 1 0 0
5458 4 1 1 0 0 0 0 0 0
5463 3 2 2 1 0 0 0 0 0
5464 2 0 0 0 0 0 2 0 0
5466 2 0 0 0 0 0 0 0 0
5476 2 1 1 0 0 0 1 0 0
5477 17 2 2 0 0 0 7 0 0
5487 4 0 0 1 0 0 2 0 0
5488 2 0 0 0 0 0 1 0 0
5489 4 0 0 0 0 0 0 0 0
5494 3 1 1 1 0 0 0 0 0
5495 2 0 0 0 0 0 2 0 0
5497 2 1 1 0 0 0 0 0 0
5507 2 1 1 0 0 0 1 0 0
5508 17 1 1 0 0 0 7 0 0
5518 4 1 1 1 0 0 2 0 0
5519 2 0 0 0 0 0 1 0 0
5520 4 0 0 0 0 0 0 0 0
5525 3 1 1 1 0 0 0 0 0
5526 2 0 0 0 0 0 2 0 0
5528 2 0 0 0 0 0 0 0 0
5538 2 1 1 0 0 0 1 0 0
5539 17 1 1 0 0 0 7 0 0
5549 4 0 0 1 0 0 2 0 0
5550 2 1 1 0 0 0 1 0 0
5551 4 0 0 0 0 0 0 0 0
5556 3 1 1 1 0 0 0 0 0
5557 2 0 0 0 0 0 2 1 0
5559 2 0 0 0 0 0 0 0 0
5569 2 1 1 0 0 0 1 0 0
5570 17 2 2 0 0 0 7 0 0
5580 4 0 0 1 0 0 2 0 0
5581 2 0 0 0 0 0 1 0 0
5582 4 1 1 0 0 0 0 0 0
5587 3 2 2 1 0 0 0 0 0
5588 2 0 0 0 0 0 2 0 0
5590 2 0 0 0 0 0 0 0 0
5600 2 1 1 0 0 0 1 0 0
5601 17 2 2 0 0 0 7 0 0
5611 4 0 0 1 0 0 2 0 0
5612 2 0 0 0 0 0 1 0 0
5613 4 0 0 0 0 0 0 0 0
5618 3 1 1 1 0 0 0 0 0
5619 2 1 1 0 0 0 2 0 0
5621 2 0 0 0 0 0 0 0 0
5631 2 1 1 0 0 0 1 0 0
5632 17 1 1 0 0 0 7 0 0
5642 4 1 1 1 0 0 2 0 0
5643 2 0 0 0 0 0 1 0 0
5644 4 0 0 0 0 0 0 0 0
5649 3 1 1 1 0 0 0 0 0
5650 2 0 0 0 0 0 2 0 0
5652 2 0 0 0 0 0 0 0 0
5662 2 1 1 0 0 0 1 0 0
5663 17 1 1 0 0 0 7 0 0
5673 4 0 0 1 0 0 2 0 0
5674 2 0 0 0 0 0 1 0 0
5675 4 0 0 0 0 0 0 0 0
5680 3 1 1 1 0 0 0 0 0
5681 2 0 0 0 0 0 2 0 0
5683 2 0 0 0 0 0 0 0 0
5693 2 2 2 0 0 0 1 0 0
5694 17 1 1 0 0 0 7 0 0
5704 4 0 0 1 0 0 2 0 0
5705 2 0 0 0 0 0 1 0 0
5706 4 1 1 0 0 0 0 0 0
5711 3 1 1 1 0 0 0 0 0
5712 2 0 0 0 0 0 2 0 0
5714 2 0 0 0 0 0 0 0 0
5724 2 1 1 0 0 0 1 0 0
5725 17 2 2 0 0 0 7 0 0
5735 4 0 0 1 0 0 2 0 0
5736 2 0 0 0 0 0 1 0 0
5737 4 0 0 0 0 0 0 0 0
5742 3 1 1 1 0 0 0 0 0
5743 2 1 1 0 0 0 2 0 0
5745 2 0 0 0 0 0 0 0 0
5755 2 1 1 0 0 0 1 0 0
5756 17 2 2 0 0 0 7 0 0
5766 4 0 0 1 0 0 2 0 0
5767 2 0 0 0 0 0 1 0 0
5768 4 0 0 0 0 0 0 0 0
5773 3 1 1 1 0 0 0 0 0
5774 2 0 0 0 0 0 2 0 0
5776 2 0 0 0 0 0 0 0 0
5786 2 1 1 0 0 0 1 0 0
5787 17 1 1 0 0 0 7 0 0
5797 4 1 1 1 0 0 2 0 0
5798 2 0 0 0 0 0 1 0 0
5799 4 0 0 0 0 0 0 0 0
5804 3 1 1 1 0 0 0 0 0
5805 2 0 0 0 0 0 2 1 0
5807 2 0 0 0 0 0 0 0 0
5817 2 1 1 0 0 0 1 0 0
5818 17 1 1 0 0 0 7 0 0
5828 4 0 0 1 0 0 2 0 0
5829 2 1 1 0 0 0 1 0 0
5830 4 0 0 0 0 0 0 0 0
5835 3 1 1 1 0 0 0 0 0
5836 2 0 0 0 0 0 2 0 0
5838 2 0 0 0 0 0 0 0 0
5848 2 1 1 0 0 0 1 0 0
5849 17 2 2 0 0 0 7 0 0
5859 4 0 0 1 0 0 2 0 0
5860 2 0 0 0 0 0 1 0 0
5861 4 0 0 0 0 0 0 0 0
5866 3 1 1 1 0 0 0 0 0
5867 2 1 1 0 0 0 2 0 0
5869 2 0 0 0 0 0 0 0 0
5879 2 1 1 0 0 0 1 0 0
5880 17 2 2 0 0 0 7 0 0
5890 4 0 0 1 0 0 2 0 0
5891 2 0 0 0 0 0 1 0 0
5892 4 0 0 0 0 0 0 0 0
5897 3 1 1 1 0 0 0 0 0
5898 2 0 0 0 0 0 2 0 0
5900 2 0 0 0 0 0 0 0 0
5910 2 1 1 0 0 0 1 0 0
5911 17 1 1 0 0 0 7 0 0
5921 4 1 1 1 0 0 2 0 0
5922 2 0 0 0 0 0 1 0 0
5923 4 0 0 0 0 0 0 0 0
5928 3 1 1 1 0 0 0 0 0
5929 2 0 0 0 0 0 2 0 0
5931 2 0 0 0 0 0 0 0 0
5941 2 1 1 0 0 0 1 0 0
5942 17 1 1 0 0 0 7 0 0
5952 4 0 0 1 0 0 2 0 0
5953 2 1 1 0 0 0 1 0 0
5954 4 0 0 0 0 0 0 0 0
5955 1 0 0 0 0 0 1 0 0
5956 16 0 0 6 1 0 2 0 0
5959 3 0 0 1 0 0 0 0 0
5960 2 0 0 0 0 0 2 0 0
5962 2 0 0 0 0 0 0 0 0
5972 2 1 1 0 0 0 1 0 0
5973 17 2 2 0 0 0 7 0 0
5983 4 0 0 1 0 0 2 0 0
5984 2 0 0 0 0 0 1 0 0
5985 4 1 1 0 0 0 0 0 0
5990 3 2 2 1 0 0 0 0 0
5991 2 0 0 0 0 0 2 0 0
5993 2 0 0 0 0 0 0 0 0
6003 2 1 1 0 0 0 1 0 0
6004 17 2 2 0 0 0 7 0 0
6014 4 0 0 1 0 0 2 0 0
6015 2 0 0 0 0 0 1 0 0
6016 4 0 0 0 0 0 0 0 0
6021 3 1 1 1 0 0 0 0 0
6022 2 0 0 0 0 0 2 0 0
6024 2 1 1 0 0 0 0 0 0
6034 2 1 1 0 0 0 1 0 0
6035 17 1 1 0 0 0 7 0 0
6045 4 1 1 1 0 0 2 0 0
6046 2 0 0 0 0 0 1 0 0
6047 4 0 0 0 0 0 0 0 0
6052 3 1 1 1 0 0 0 0 0
6053 2 0 0 0 0 0 2 1 0
6055 2 0 0 0 0 0 0 0 0
6065 2 1 1 0 0 0 1 0 0
6066 17 1 1 0 0 0 7 0 0
6076 4 0 0 1 0 0 2 0 0
6077 2 0 0 0 0 0 1 0 0
6078 4 0 0 0 0 0 0 0 0
6083 3 1 1 1 0 0 0 0 0
6084 2 0 0 0 0 0 2 0 0
6086 2 0 0 0 0 0 0 0 0
6096 2 1 1 0 0 0 1 0 0
6097 17 2 2 0 0 0 7 0 0
6107 4 0 0 1 0 0 2 0 0
6108 2 0 0 0 0 0 1 0 0
6109 4 1 1 0 0 0 0 0 0
6114 3 1 1 1 0 0 0 0 0
6115 2 0 0 0 0 0 2 0 0
6117 2 0 0 0 0 0 0 0 0
6127 2 1 1 0 0 0 1 0 0
6128 17 2 2 0 0 0 7 0 0
6138 4 0 0 1 0 0 2 0 0
6139 2 0 0 0 0 0 1 0 0
6140 4 0 0 0 0 0 0 0 0
6145 3 1 1 1 0 0 0 0 0
6146 2 1 1 0 0 0 2 0 0
6148 2 0 0 0 0 0 0 0 0
6158 2 1 1 0 0 0 1 0 0
6159 17 1 1 0 0 0 7 0 0
6169 4 1 1 1 0 0 2 0 0
6170 2 0 0 0 0 0 1 0 0
6171 4 0 0 0 0 0 0 0 0
6176 3 1 1 1 0 0 0 0 0
6177 2 0 0 0 0 0 2 0 0
6179 2 0 0 0 0 0 0 0 0
6189 2 1 1 0 0 0 1 0 0
6190 17 1 1 0 0 0 7 0 0
6200 4 0 0 1 0 0 2 0 0
6201 2 0 0 0 0 0 1 0 0
6202 4 0 0 0 0 0 0 0 0
6207 3 1 1 1 0 0 0 0 0
6208 2 0 0 0 0 0 2 0 0
6210 2 0 0 0 0 0 0 0 0
6220 2 2 2 0 0 0 1 0 0
6221 17 1 1 0 0 0 7 0 0
6231 4 0 0 1 0 0 2 0 0
6232 2 0 0 0 0 0 1 0 0
6233 4 1 1 0 0 0 0 0 0
6238 3 1 1 1 0 0 0 0 0
6239 2 0 0 0 0 0 2 0 0
6241 2 0 0 0 0 0 0 0 0
6251 2 1 1 0 0 0 1 0 0
6252 18 2 2 1 0 0 7 0 0
6262 3 0 0 0 0 0 1 0 0
6263 4 0 0 0 0 0 0 0 0
6270 2 1 1 0 0 0 1 0 0
6271 16 2 2 0 0 0 7 0 0
6281 4 0 0 1 0 0 2 0 0
6282 2 0 0 0 0 0 1 0 0
6283 4 0 0 0 0 0 0 0 0
6288 3 1 1 1 0 0 0 0 0
6289 2 0 0 0 0 0 2 0 0
6291 2 0 0 0 0 0 0 0 0
6301 2 1 1 0 0 0 1 0 0
6302 17 1 1 0 0 0 7 0 0
6312 4 1 1 1 0 0 2 0 0
6313 2 0 0 0 0 0 1 0 0
6314 4 0 0 0 0 0 0 0 0
6319 3 1 1 1 0 0 0 0 0
6320 2 0 0 0 0 0 2 1 0
6322 2 0 0 0 0 0 0 0 0
6332 2 1 1 0 0 0 1 0 0
6333 17 1 1 0 0 0 7 0 0
6343 4 0 0 1 0 0 2 0 0
6344 2 1 1 0 0 0 1 0 0
6345 4 0 0 0 0 0 0 0 0
6350 3 1 1 1 0 0 0 0 0
6351 2 0 0 0 0 0 2 0 0
6353 2 0 0 0 0 0 0 0 0
6363 2 1 1 0 0 0 1 0 0
6364 17 2 2 0 0 0 7 0 0
6374 4 0 0 1 0 0 2 0 0
6375 2 0 0 0 0 0 1 0 0
6376 4 0 0 0 0 0 0 0 0
6381 3 1 1 1 0 0 0 0 0
6382 2 1 1 0 0 0 2 0 0
6384 2 0 0 0 0 0 0 0 0
6394 2 1 1 0 0 0 1 0 0
6395 17 2 2 0 0 0 7 0 0
6405 4 0 0 1 0 0 2 0 0
6406 2 0 0 0 0 0 1 0 0
6407 4 0 0 0 0 0 0 0 0
6412 3 1 1 1 0 0 0 0 0
6413 2 0 0 0 0 0 2 0 0
6415 2 0 0 0 0 0 0 0 0
6425 2 1 1 0 0 0 1 0 0
6426 17 1 1 0 0 0 7 0 0
6436 4 1 1 1 0 0 2 0 0
6437 2 0 0 0 0 0 1 0 0
6438 4 0 0 0 0 0 0 0 0
6443 3 1 1 1 0 0 0 0 0
6444 2 0 0 0 0 0 2 0 0
6446 2 0 0 0 0 0 0 0 0
6456 2 1 1 0 0 0 1 0 0
6457 17 1 1 0 0 0 7 0 0
6467 4 0 0 1 0 0 2 0 0
6468 2 1 1 0 0 0 1 0 0
6469 4 0 0 0 0 0 0 0 0
6474 3 1 1 1 0 0 0 0 0
6475 2 0 0 0 0 0 2 0 0
6477 2 0 0 0 0 0 0 0 0
6487 2 1 1 0 0 0 1 0 0
6488 17 2 2 0 0 0 7 0 0
6498 4 0 0 1 0 0 2 0 0
6499 2 0 0 0 0 0 1 0 0
6500 4 1 1 0 0 0 0 0 0
6505 3 2 2 1 0 0 0 0 0
6506 2 0 0 0 0 0 2 0 0
6508 2 0 0 0 0 0 0 0 0
6517 1 0 0 0 0 0 0 0 0
6518 2 0 0 0 0 0 1 0 0
6519 17 2 2 0 0 0 7 0 0
6529 3 0 0 0 0 0 1 0 0
6530 4 0 0 0 0 0 0 0 0
6536 1 0 0 0 0 0 0 0 0
6537 2 0 0 0 0 0 1 0 0
6538 18 2 2 0 0 0 8 0 0
6548 3 0 0 0 0 0 1 0 0
6549 4 0 0 0 0 0 0 0 0
6556 2 1 1 0 0 0 1 0 0
6557 18 2 2 1 0 0 7 0 0
6567 3 0 0 0 0 0 1 0 0
6568 4 0 0 0 0 0 0 0 0
6575 2 1 1 0 0 0 1 0 0
6576 17 1 1 0 0 0 7 0 0
6586 4 1 1 1 0 0 2 0 0
6587 2 0 0 0 0 0 1 0 0
6588 4 0 0 0 0 0 0 0 0
6593 3 1 1 1 0 0 0 0 0
6594 2 0 0 0 0 0 2 1 0
6596 2 0 0 0 0 0 0 0 0
6606 2 1 1 0 0 0 1 0 0
6607 17 1 1 0 0 0 7 0 0
6617 4 0 0 1 0 0 2 0 0
6618 2 0 0 0 0 0 1 0 0
6619 4 0 0 0 0 0 0 0 0
6624 3 1 1 1 0 0 0 0 0
6625 2 0 0 0 0 0 2 0 0
6627 2 0 0 0 0 0 0 0 0
6637 2 1 1 0 0 0 1 0 0
6638 18 2 2 1 0 0 7 0 0
6648 3 0 0 0 0 0 1 0 0
6649 4 0 0 0 0 0 0 0 0
6654 4 2 2 0 0 0 1 0 0
6655 4 0 0 0 0 0 0 0 0
6662 2 1 1 0 0 0 1 0 0
6663 17 1 1 0 0 0 7 0 0
6673 4 0 0 1 0 0 2 0 0
6674 2 0 0 0 0 0 1 0 0
6675 4 0 0 0 0 0 0 0 0
6680 4 1 1 0 0 0 1 0 0
6681 4 0 0 0 0 0 0 0 0
6686 3 1 1 1 0 0 0 0 0
6687 2 0 0 0 0 0 2 0 0
6689 2 0 0 0 0 0 0 0 0
6699 2 1 1 0 0 0 1 0 0
6700 14 1 1 0 0 0 7 0 0
6710 4 0 0 1 0 0 2 0 0
6711 2 1 1 0 0 0 1 0 0
6712 4 0 0 0 0 0 0 0 0
6717 3 1 1 1 0 0 0 0 0
6718 2 0 0 0 0 0 2 0 0
6720 2 0 0 0 0 0 0 0 0
6730 2 1 1 0 0 0 1 0 0
6731 18 2 2 1 0 0 7 0 0
6741 3 0 0 0 0 0 1 0 0
6742 4 0 0 0 0 0 0 0 0
6748 2 0 0 0 0 0 0 0 0
6749 2 0 0 0 0 0 1 0 0
6750 18 2 2 0 0 0 8 0 0
6760 3 0 0 0 0 0 1 0 0
6761 4 0 0 0 0 0 0 0 0
6768 2 1 1 0 0 0 1 0 0
6769 17 2 2 0 0 0 7 0 0
6779 4 0 0 1 0 0 2 0 0
6780 2 0 0 0 0 0 1 0 0
6781 4 0 0 0 0 0 0 0 0
6786 3 1 1 1 0 0 0 0 0
6787 2 1 1 0 0 0 2 0 0
6789 2 0 0 0 0 0 0 0 0
6799 2 1 1 0 0 0 1 0 0
6800 17 2 2 0 0 0 7 0 0
6810 4 0 0 1 0 0 2 0 0
6811 2 0 0 0 0 0 1 0 0
6812 4 0 0 0 0 0 0 0 0
6817 3 1 1 1 0 0 0 0 0
6818 2 0 0 0 0 0 2 0 0
6820 2 0 0 0 0 0 0 0 0
6830 2 1 1 0 0 0 1 0 0
6831 16 1 1 0 0 0 7 0 0
6841 4 1 1 1 0 0 2 0 0
6842 3 0 0 0 0 0 1 0 0
6843 4 0 0 0 0 0 0 0 0
6848 4 1 1 0 0 0 1 0 0
6849 4 0 0 0 0 0 0 0 0
6854 3 1 1 1 0 0 0 0 0
6863 1 1 1 0 0 0 1 1 0
6867 2 0 0 0 0 0 1 0 0
6868 16 1 1 0 0 0 7 0 0
6878 4 1 1 1 0 0 2 0 0
6879 2 0 0 0 0 0 1 0 0
6880 4 0 0 0 0 0 0 0 0
6885 3 1 1 1 0 0 0 0 0
6894 1 1 1 0 0 0 1 1 1
6898 2 0 0 0 0 0 1 0 0
6899 17 1 1 0 0 0 7 0 0
6909 3 0 0 0 0 0 1 0 0
6910 4 1 1 0 0 0 0 0 0
6917 2 1 1 0 0 0 1 0 0
6918 17 1 1 0 0 0 7 0 0
6928 3 0 0 0 0 0 1 0 0
6929 4 0 0 0 0 0 0 0 0
6936 2 1 1 0 0 0 1 0 0
6937 17 2 2 0 0 0 7 0 0
6947 3 0 0 0 0 0 1 0 0
6948 4 0 0 0 0 0 0 0 0
6955 2 1 1 0 0 0 1 0 0
6956 16 2 2 0 0 0 7 0 0
6966 4 0 0 1 0 0 2 0 0
6967 2 0 0 0 0 0 1 0 0
6968 4 0 0 0 0 0 0 0 0
6973 3 1 1 1 0 0 0 0 0
6982 1 1 1 0 0 0 1 0 0
6986 2 0 0 0 0 0 1 0 0
6987 16 1 1 0 0 0 7 0 0
6997 4 1 1 1 0 0 2 0 0
6998 2 0 0 0 0 0 1 0 0
6999 4 0 0 0 0 0 0 0 0
7004 3 1 1 1 0 0 0 0 0
7013 1 1 1 0 0 0 1 0 0
7017 2 0 0 0 0 0 1 0 0
7018 16 1 1 0 0 0 7 0 0
7028 4 0 0 1 0 0 2 0 0
7029 2 1 1 0 0 0 1 0 0
7030 4 0 0 0 0 0 0 0 0
7035 3 1 1 1 0 0 0 0 0
7044 1 1 1 0 0 0 1 0 0
7048 2 0 0 0 0 0 1 0 0
7049 16 2 2 0 0 0 7 0 0
7059 4 0 0 1 0 0 2 0 0
7060 2 0 0 0 0 0 1 0 0
7061 4 1 1 0 0 0 0 0 0
7066 3 2 2 1 0 0 0 0 0
7075 1 1 1 0 0 0 1 0 0
7079 2 0 0 0 0 0 1 0 0
7080 16 2 2 0 0 0 7 0 0
7090 4 0 0 1 0 0 2 0 0
7091 2 0 0 0 0 0 1 0 0
7092 4 0 0 0 0 0 0 0 0
7097 3 1 1 1 0 0 0 0 0
7106 1 1 1 0 0 0 1 0 0
7110 2 0 0 0 0 0 1 0 0
7111 16 1 1 0 0 0 7 0 0
7121 4 1 1 1 0 0 2 0 0
7122 2 0 0 0 0 0 1 0 0
7123 4 0 0 0 0 0 0 0 0
7124 1 0 0 0 0 0 1 0 0
7125 34 2 2 11 3 0 5 0 0
7128 3 0 0 1 0 0 0 0 0
7129 2 0 0 0 0 0 2 1 1
7131 2 0 0 0 0 0 0 0 0
7140 2 1 1 0 0 0 1 0 0
7141 34 2 2 11 1 0 5 0 0
7142 2 0 0 0 0 0 1 0 0
7143 16 1 1 6 0 0 2 0 0
7144 2 0 0 0 0 0 1 0 0
7145 16 1 1 6 0 0 2 0 0
7146 2 0 0 0 0 0 1 0 0
7147 16 1 1 6 0 0 2 0 0
7148 2 1 1 0 0 0 1 0 0
7149 16 0 0 6 0 0 2 0 0
7150 2 0 0 0 0 0 1 0 0
7151 16 1 1 6 0 0 2 0 0
7152 2 0 0 0 0 0 1 0 0
7153 16 1 1 6 0 0 2 0 0
7154 2 0 0 0 0 0 1 0 0
7155 16 1 1 6 0 0 2 0 0
7156 2 0 0 0 0 0 1 0 0
7157 34 2 2 11 0 0 5 0 0
7158 2 1 1 0 0 0 1 0 0
7159 16 0 0 6 0 0 2 0 0
7160 2 0 0 0 0 0 1 0 0
7161 16 1 1 6 0 0 2 0 0
7162 2 0 0 0 0 0 1 0 0
7163 16 0 0 6 0 0 2 0 0
7164 2 0 0 0 0 0 1 0 0
7165 16 1 1 6 0 0 2 0 0
7166 2 1 1 0 0 0 1 0 0
7167 16 1 1 6 0 0 2 0 0
7168 2 0 0 0 0 0 1 0 0
7169 16 1 1 6 0 0 2 0 0
7170 2 0 0 0 0 0 1 0 0
7171 16 0 0 6 0 0 2 0 0
7172 2 0 0 0 0 0 1 0 0
7173 34 2 2 11 0 0 5 0 0
7174 2 1 1 0 0 0 1 0 0
7175 16 1 1 6 0 0 2 0 0
7176 2 0 0 0 0 0 1 0 0
7177 16 1 1 6 0 0 2 0 0
7178 2 0 0 0 0 0 1 0 0
7179 16 1 1 6 0 0 2 0 0
7180 2 0 0 0 0 0 1 0 0
7181 16 1 1 6 0 0 2 0 0
7182 2 1 1 0 0 0 1 0 0
7183 16 0 0 6 0 0 2 0 0
7184 2 1 1 0 0 0 1 0 0
7185 16 0 0 6 0 0 2 0 0
7186 2 0 0 0 0 0 1 0 0
7187 16 1 1 6 0 0 2 0 0
7188 2 0 0 0 0 0 1 0 0
7189 16 1 1 6 0 0 2 0 0
7190 2 0 0 0 0 0 1 0 0
7191 16 1 1 6 0 0 2 0 0
7192 2 1 1 0 0 0 1 0 0
7193 16 0 0 6 0 0 2 0 0
7194 2 0 0 0 0 0 1 0 0
7195 16 1 1 6 0 0 2 0 0
7196 2 0 0 0 0 0 1 0 0
7197 16 0 0 6 0 0 2 0 0
7198 2 0 0 0 0 0 1 0 0
7199 16 1 1 6 0 0 2 0 0
7200 2 1 1 0 0 0 1 0 0
7201 16 1 1 6 0 0 2 0 0
7202 2 0 0 0 0 0 1 0 0
7203 16 1 1 6 0 0 2 0 0
7204 2 0 0 0 0 0 1 0 0
7205 34 2 2 11 0 0 5 0 0
7206 2 0 0 0 0 0 1 0 0
7207 16 1 1 6 0 0 2 0 0
7208 2 1 1 0 0 0 1 0 0
7209 16 1 1 6 0 0 2 0 0
7210 2 0 0 0 0 0 1 0 0
7211 16 1 1 6 0 0 2 0 0
7212 2 0 0 0 0 0 1 0 0
7213 16 1 1 6 0 0 2 0 0
7214 2 0 0 0 0 0 1 0 0
7215 16 1 1 6 0 0 2 0 0
7216 2 1 1 0 0 0 1 0 0
7217 16 0 0 6 0 0 2 0 0
7218 2 1 1 0 0 0 1 0 0
7219 16 0 0 6 0 0 2 0 0
7220 2 0 0 0 0 0 1 0 0
7221 16 1 1 6 0 0 2 0 0
7222 2 0 0 0 0 0 1 0 0
7223 16 1 1 6 0 0 2 0 0
7224 2 0 0 0 0 0 1 0 0
7225 16 1 1 6 0 0 2 0 0
7226 2 1 1 0 0 0 1 0 0
7227 16 1 1 6 0 0 2 0 0
7228 2 0 0 0 0 0 1 0 0
7229 16 1 1 6 0 0 2 0 0
7230 2 0 0 0 0 0 1 0 0
7231 16 0 0 6 0 0 2 0 0
7232 2 0 0 0 0 0 1 0 0
7233 16 1 1 6 0 0 2 0 0
7234 2 1 1 0 0 0 1 0 0
7235 16 1 1 6 0 0 2 0 0
7236 2 0 0 0 0 0 1 0 0
7237 16 1 1 6 0 0 2 0 0
7238 2 0 0 0 0 0 1 0 0
7239 16 1 1 6 0 0 2 0 0
7240 2 0 0 0 0 0 1 0 0
7241 16 1 1 6 0 0 2 0 0
7242 2 1 1 0 0 0 1 0 0
7243 16 0 0 6 0 0 2 0 0
7244 2 0 0 0 0 0 1 0 0
7245 16 1 1 6 0 0 2 0 0
7246 2 0 0 0 0 0 1 0 0
7247 16 1 1 6 0 0 2 0 0
7248 2 0 0 0 0 0 1 0 0
7249 16 1 1 6 0 0 2 0 0
7250 2 0 0 0 0 0 1 0 0
7251 16 1 1 6 0 0 2 0 0
7252 2 1 1 0 0 0 1 0 0
7253 16 0 0 6 0 0 2 0 0
7254 2 0 0 0 0 0 1 0 0
7255 16 1 1 6 0 0 2 0 0
7256 2 0 0 0 0 0 1 0 0
7257 16 0 0 6 0 0 2 0 0
7258 2 0 0 0 0 0 1 0 0
7259 16 1 1 6 0 0 2 0 0
7260 2 1 1 0 0 0 1 0 0
7261 16 1 1 6 0 0 2 0 0
7262 2 0 0 0 0 0 1 0 0
7263 16 1 1 6 0 0 2 0 0
7264 2 0 0 0 0 0 1 0 0
7265 16 0 0 6 0 0 2 0 0
7266 2 0 0 0 0 0 1 0 0
7267 16 1 1 6 0 0 2 0 0
7268 2 1 1 0 0 0 1 0 0
7269 34 2 2 11 0 0 5 0 0
7270 2 0 0 0 0 0 1 0 0
7271 16 1 1 6 0 0 2 0 0
7272 2 0 0 0 0 0 1 0 0
7273 16 1 1 6 0 0 2 0 0
7274 2 0 0 0 0 0 1 0 0
7275 16 1 1 6 0 0 2 0 0
7276 2 1 1 0 0 0 1 0 0
7277 16 0 0 6 0 0 2 0 0
7278 2 0 0 0 0 0 1 0 0
7279 16 1 1 6 0 0 2 0 0
7280 2 0 0 0 0 0 1 0 0
7281 16 1 1 6 0 0 2 0 0
7282 2 0 0 0 0 0 1 0 0
7283 16 1 1 6 0 0 2 0 0
7284 2 0 0 0 0 0 1 0 0
7285 16 1 1 6 0 0 2 0 0
7286 2 1 1 0 0 0 1 0 0
7287 16 0 0 6 0 0 2 0 0
7289 2 0 0 0 0 0 1 0 0
7290 17 1 1 0 0 0 7 0 0
7300 4 1 1 0 0 0 1 0 0
7301 4 0 0 0 0 0 0 0 0
7308 2 1 1 0 0 0 1 0 0
7309 17 1 1 0 0 0 7 0 0
7319 4 1 1 0 0 0 1 0 0
7320 4 0 0 0 0 0 0 0 0
7327 2 1 1 0 0 0 1 0 0
7328 17 1 1 0 0 0 7 0 0
7338 4 0 0 0 0 0 1 0 0
7339 4 1 1 0 0 0 0 0 0
7346 2 1 1 0 0 0 1 0 0
7347 17 1 1 0 0 0 7 0 0
7357 4 0 0 0 0 0 1 0 0
7358 4 1 1 0 0 0 0 0 0
7365 2 1 1 0 0 0 1 0 0
7366 17 1 1 0 0 0 7 0 0
7376 4 0 0 0 0 0 1 0 0
7377 4 1 1 0 0 0 0 0 0
7384 2 2 2 0 0 0 1 0 0
7385 17 1 1 0 0 0 7 0 0
7395 4 0 0 0 0 0 1 0 0
7396 4 0 0 0 0 0 0 0 0
7403 2 1 1 0 0 0 1 0 0
7404 17 2 2 0 0 0 7 0 0
7414 4 0 0 0 0 0 1 0 0
7415 4 0 0 0 0 0 0 0 0
7422 2 1 1 0 0 0 1 0 0
7423 17 2 2 0 0 0 7 0 0
7433 4 0 0 0 0 0 1 0 0
7434 4 0 0 0 0 0 0 0 0
7441 2 1 1 0 0 0 1 0 0
7442 17 2 2 0 0 0 7 0 0
7452 4 0 0 0 0 0 1 0 0
7453 4 0 0 0 0 0 0 0 0
7460 2 1 1 0 0 0 1 0 0
7461 17 2 2 0 0 0 7 0 0
7471 4 0 0 0 0 0 1 0 0
7472 4 0 0 0 0 0 0 0 0
7479 2 1 1 0 0 0 1 0 0
7480 17 2 2 0 0 0 7 0 0
7490 4 0 0 0 0 0 1 0 0
7491 4 0 0 0 0 0 0 0 0
7498 2 1 1 0 0 0 1 0 0
7499 17 2 2 0 0 0 7 0 0
7509 4 0 0 0 0 0 1 0 0
7510 4 0 0 0 0 0 0 0 0
7517 2 1 1 0 0 0 1 0 0
7518 17 1 1 0 0 0 7 0 0
7528 4 1 1 0 0 0 1 0 0
7529 4 0 0 0 0 0 0 0 0
7536 2 1 1 0 0 0 1 0 0
7537 17 1 1 0 0 0 7 0 0
7547 4 1 1 0 0 0 1 0 0
7548 4 0 0 0 0 0 0 0 0
7555 2 1 1 0 0 0 1 0 0
7556 17 1 1 0 0 0 7 0 0
7566 4 1 1 0 0 0 1 0 0
7567 4 0 0 0 0 0 0 0 0
7574 2 1 1 0 0 0 1 0 0
7575 17 1 1 0 0 0 7 0 0
7585 4 0 0 0 0 0 1 0 0
7586 4 1 1 0 0 0 0 0 0
7593 2 1 1 0 0 0 1 0 0
7594 17 1 1 0 0 0 7 0 0
7604 4 0 0 0 0 0 1 0 0
7605 4 1 1 0 0 0 0 0 0
7612 2 1 1 0 0 0 1 0 0
7613 17 1 1 0 0 0 7 0 0
7623 4 0 0 0 0 0 1 0 0
7624 4 1 1 0 0 0 0 0 0
7631 2 2 2 0 0 0 1 0 0
7632 17 1 1 0 0 0 7 0 0
7642 4 0 0 0 0 0 1 0 0
7643 4 0 0 0 0 0 0 0 0
7650 2 1 1 0 0 0 1 0 0
7651 17 2 2 0 0 0 7 0 0
7661 4 0 0 0 0 0 1 0 0
7662 4 0 0 0 0 0 0 0 0
7669 2 1 1 0 0 0 1 0 0
7670 17 2 2 0 0 0 7 0 0
7680 4 0 0 0 0 0 1 0 0
7681 4 0 0 0 0 0 0 0 0
7688 2 1 1 0 0 0 1 0 0
7689 17 2 2 0 0 0 7 0 0
7699 4 0 0 0 0 0 1 0 0
7700 4 0 0 0 0 0 0 0 0
7707 2 1 1 0 0 0 1 0 0
7708 17 2 2 0 0 0 7 0 0
7718 4 0 0 0 0 0 1 0 0
7719 4 0 0 0 0 0 0 0 0
7726 2 1 1 0 0 0 1 0 0
7727 17 2 2 0 0 0 7 0 0
7737 4 0 0 0 0 0 1 0 0
7738 4 0 0 0 0 0 0 0 0
7745 2 1 1 0 0 0 1 0 0
7746 17 1 1 0 0 0 7 0 0
7756 4 1 1 0 0 0 1 0 0
7757 4 0 0 0 0 0 0 0 0
7764 2 1 1 0 0 0 1 0 0
7765 17 1 1 0 0 0 7 0 0
7775 4 1 1 0 0 0 1 0 0
7776 4 0 0 0 0 0 0 0 0
7783 2 1 1 0 0 0 1 0 0
7784 17 1 1 0 0 0 7 0 0
7794 4 1 1 0 0 0 1 0 0
7795 4 0 0 0 0 0 0 0 0
7802 2 1 1 0 0 0 1 0 0
7803 17 1 1 0 0 0 7 0 0
7813 4 1 1 0 0 0 1 0 0
7814 4 0 0 0 0 0 0 0 0
7821 2 1 1 0 0 0 1 0 0
7822 17 1 1 0 0 0 7 0 0
7832 4 0 0 0 0 0 1 0 0
7833 4 1 1 0 0 0 0 0 0
7840 2 1 1 0 0 0 1 0 0
7841 17 1 1 0 0 0 7 0 0
7851 4 0 0 0 0 0 1 0 0
7852 4 1 1 0 0 0 0 0 0
7859 2 1 1 0 0 0 1 1 0
7860 17 1 1 0 0 0 7 1 0
7870 4 0 0 0 0 0 1 0 0
7871 4 1 1 0 0 0 0 0 0
7878 2 2 2 0 0 0 1 0 0
7879 17 1 1 0 0 0 7 0 0
7889 4 0 0 0 0 0 1 0 0
7890 4 0 0 0 0 0 0 0 0
7897 2 1 1 0 0 0 1 0 0
7898 17 2 2 0 0 0 7 0 0
7908 4 0 0 0 0 0 1 0 0
7909 4 0 0 0 0 0 0 0 0
7916 2 1 1 0 0 0 1 0 0
7917 17 2 2 0 0 0 7 0 0
7927 4 0 0 0 0 0 1 0 0
7928 4 0 0 0 0 0 0 0 0
7935 2 1 1 0 0 0 1 0 0
7936 17 2 2 0 0 0 7 0 0
7946 4 0 0 0 0 0 1 0 0
7947 4 0 0 0 0 0 0 0 0
7954 2 1 1 0 0 0 1 0 0
7955 17 2 2 0 0 0 7 0 0
7965 4 0 0 0 0 0 1 0 0
7966 4 0 0 0 0 0 0 0 0
7973 2 1 1 0 0 0 1 0 0
7974 17 2 2 0 0 0 7 0 0
7984 4 0 0 0 0 0 1 0 0
7985 4 0 0 0 0 0 0 0 0
7992 2 1 1 0 0 0 1 0 0
7993 17 1 1 0 0 0 7 0 0
8003 4 1 1 0 0 0 1 0 0
8004 4 0 0 0 0 0 0 0 0
8011 2 1 1 0 0 0 1 0 0
8012 17 1 1 0 0 0 7 0 0
8022 4 1 1 0 0 0 1 0 0
8023 4 0 0 0 0 0 0 0 0
8030 2 1 1 0 0 0 1 0 0
8031 17 1 1 0 0 0 7 0 0
8041 4 1 1 0 0 0 1 0 0
8042 4 0 0 0 0 0 0 0 0
8049 2 1 1 0 0 0 1 0 0
8050 17 1 1 0 0 0 7 0 0
8060 4 1 1 0 0 0 1 0 0
8061 4 0 0 0 0 0 0 0 0
8068 2 1 1 0 0 0 1 0 0
8069 17 1 1 0 0 0 7 0 0
8079 4 0 0 0 0 0 1 0 0
8080 4 1 1 0 0 0 0 0 0
8087 2 1 1 0 0 0 1 0 0
8088 17 1 1 0 0 0 7 0 0
8098 4 0 0 0 0 0 1 0 0
8099 4 1 1 0 0 0 0 0 0
8106 2 1 1 0 0 0 1 0 0
8107 17 1 1 0 0 0 7 0 0
8117 4 0 0 0 0 0 1 0 0
8118 4 1 1 0 0 0 0 0 0
8125 2 2 2 0 0 0 1 0 0
8126 17 1 1 0 0 0 7 0 0
8136 4 0 0 0 0 0 1 0 0
8137 4 0 0 0 0 0 0 0 0
8144 2 1 1 0 0 0 1 0 0
8145 17 2 2 0 0 0 7 0 0
8155 4 0 0 0 0 0 1 0 0
8156 4 0 0 0 0 0 0 0 0
8163 2 1 1 0 0 0 1 0 0
8164 17 2 2 0 0 0 7 0 0
8174 4 0 0 0 0 0 1 0 0
8175 4 0 0 0 0 0 0 0 0
8182 2 1 1 0 0 0 1 0 0
8183 17 2 2 0 0 0 7 0 0
8193 4 0 0 0 0 0 1 0 0
8194 4 0 0 0 0 0 0 0 0
8201 2 1 1 0 0 0 1 0 0
8202 17 2 2 0 0 0 7 0 0
8212 4 0 0 0 0 0 1 0 0
8213 4 0 0 0 0 0 0 0 0
8220 2 1 1 0 0 0 1 0 0
8221 17 2 2 0 0 0 7 0 0
8231 4 0 0 0 0 0 1 0 0
8232 4 0 0 0 0 0 0 0 0
8239 2 1 1 0 0 0 1 0 0
8240 17 1 1 0 0 0 7 0 0
8250 4 1 1 0 0 0 1 0 0
8251 4 0 0 0 0 0 0 0 0
8258 2 1 1 0 0 0 1 0 0
8259 17 1 1 0 0 0 7 0 0
8269 4 1 1 0 0 0 1 0 0
8270 4 0 0 0 0 0 0 0 0
8277 2 1 1 0 0 0 1 0 0
8278 16 1 1 0 0 0 7 0 0
8288 4 1 1 1 0 0 2 0 0
8289 3 0 0 0 0 0 1 0 0
8290 4 0 0 0 0 0 0 0 0
8295 3 1 1 1 0 0 0 0 0
8304 1 1 1 0 0 0 1 1 0
8308 2 0 0 0 0 0 1 0 0
8309 16 1 1 0 0 0 7 0 0
8319 4 0 0 1 0 0 2 0 0
8320 3 0 0 0 0 0 1 0 0
8321 4 0 0 0 0 0 0 0 0
8326 3 1 1 1 0 0 0 0 0
8335 1 1 1 0 0 0 1 0 0
8339 2 1 1 0 0 0 1 0 0
8340 16 1 1 0 0 0 7 0 0
8350 4 0 0 1 0 0 2 0 0
8351 3 1 1 0 0 0 1 0 0
8352 4 0 0 0 0 0 0 0 0
8357 3 1 1 1 0 0 0 0 0
8366 1 1 1 0 0 0 1 0 0
8370 2 0 0 0 0 0 1 0 0
8371 16 2 2 0 0 0 7 0 0
8381 4 0 0 1 0 0 2 0 0
8382 3 0 0 0 0 0 1 0 0
8383 4 1 1 0 0 0 0 0 0
8388 3 2 2 1 0 0 0 0 0
8397 1 1 1 0 0 0 1 0 0
8401 2 0 0 0 0 0 1 0 0
8402 16 2 2 0 0 0 7 0 0
8412 4 0 0 1 0 0 2 0 0
8413 3 0 0 0 0 0 1 0 0
8414 4 0 0 0 0 0 0 0 0
8419 3 1 1 1 0 0 0 0 0
8428 1 1 1 0 0 0 1 0 0
8432 2 0 0 0 0 0 1 0 0
8433 16 1 1 0 0 0 7 0 0
8443 4 1 1 1 0 0 2 0 0
8444 3 0 0 0 0 0 1 0 0
8445 4 0 0 0 0 0 0 0 0
8450 3 1 1 1 0 0 0 0 0
8459 1 1 1 0 0 0 1 0 0
8463 2 0 0 0 0 0 1 0 0
8464 16 1 1 0 0 0 7 0 0
8474 4 1 1 1 0 0 2 0 0
8475 3 0 0 0 0 0 1 0 0
8476 4 0 0 0 0 0 0 0 0
8481 3 1 1 1 0 0 0 0 0
8490 1 1 1 0 0 0 1 0 0
8494 2 1 1 0 0 0 1 0 0
8495 16 1 1 0 0 0 7 0 0
8505 4 0 0 1 0 0 2 0 0
8506 3 0 0 0 0 0 1 0 0
8507 4 0 0 0 0 0 0 0 0
8512 3 1 1 1 0 0 0 0 0
8521 1 1 1 0 0 0 1 1 1
8525 2 1 1 0 0 0 1 0 0
8526 16 1 1 0 0 0 7 0 0
8536 4 0 0 1 0 0 2 0 0
8537 3 0 0 0 0 0 1 0 0
8538 4 1 1 0 0 0 0 0 0
8543 3 1 1 1 0 0 0 0 0
8552 1 1 1 0 0 0 1 0 0
8556 2 0 0 0 0 0 1 0 0
8557 16 2 2 0 0 0 7 0 0
8567 4 0 0 1 0 0 2 0 0
8568 3 0 0 0 0 0 1 0 0
8569 4 1 1 0 0 0 0 0 0
8574 3 2 2 1 0 0 0 0 0
8583 1 1 1 0 0 0 1 0 0
8587 2 0 0 0 0 0 1 0 0
8588 16 2 2 0 0 0 7 0 0
8598 4 0 0 1 0 0 2 0 0
8599 3 0 0 0 0 0 1 0 0
8600 4 0 0 0 0 0 0 0 0
8605 3 1 1 1 0 0 0 0 0
8614 1 1 1 0 0 0 1 0 0
8618 2 0 0 0 0 0 1 0 0
8619 16 1 1 0 0 0 7 0 0
8629 4 1 1 1 0 0 2 0 0
8630 3 0 0 0 0 0 1 0 0
8631 4 0 0 0 0 0 0 0 0
8636 3 1 1 1 0 0 0 0 0
8645 1 1 1 0 0 0 1 0 0
8649 2 0 0 0 0 0 1 0 0
8650 16 1 1 0 0 0 7 0 0
8660 4 0 0 1 0 0 2 0 0
8661 3 1 1 0 0 0 1 0 0
8662 4 0 0 0 0 0 0 0 0
8667 3 1 1 1 0 0 0 0 0
8676 1 1 1 0 0 0 1 0 0
8680 2 1 1 0 0 0 1 0 0
8681 16 1 1 0 0 0 7 0 0
8691 4 0 0 1 0 0 2 0 0
8692 3 0 0 0 0 0 1 0 0
8693 4 0 0 0 0 0 0 0 0
8698 3 1 1 1 0 0 0 0 0
8707 1 1 1 0 0 0 1 0 0
8711 2 0 0 0 0 0 1 0 0
8712 16 2 2 0 0 0 7 0 0
8722 4 0 0 1 0 0 2 0 0
8723 3 0 0 0 0 0 1 0 0
8724 4 1 1 0 0 0 0 0 0
8729 3 1 1 1 0 0 0 0 0
8738 1 1 1 0 0 0 1 0 0
8742 2 0 0 0 0 0 1 0 0
8743 16 2 2 0 0 0 7 0 0
8753 4 0 0 0 0 0 1 0 0
8754 4 0 0 0 0 0 0 0 0
8761 2 1 1 0 0 0 1 0 0
8762 16 2 2 0 0 0 7 0 0
8772 4 0 0 0 0 0 1 0 0
8773 4 0 0 0 0 0 0 0 0
8780 2 1 1 0 0 0 1 0 0
8781 16 2 2 0 0 0 7 0 0
8791 4 0 0 0 0 0 1 0 0
8792 4 0 0 0 0 0 0 0 0
8799 2 1 1 0 0 0 1 0 0
8800 17 1 1 0 0 0 7 0 0
8810 4 1 1 1 0 0 2 0 0
8811 3 0 0 0 0 0 1 0 0
8812 4 0 0 0 0 0 0 0 0
8817 3 1 1 1 0 0 0 0 0
8818 2 0 0 0 0 0 2 1 0
8820 2 1 1 0 0 0 0 0 0
8830 2 1 1 0 0 0 1 0 0
8831 17 1 1 0 0 0 7 0 0
8841 4 1 1 1 0 0 2 0 0
8842 3 0 0 0 0 0 1 0 0
8843 4 0 0 0 0 0 0 0 0
8848 3 1 1 1 0 0 0 0 0
8849 2 0 0 0 0 0 2 0 0
8851 2 0 0 0 0 0 0 0 0
8861 2 1 1 0 0 0 1 0 0
8862 17 1 1 0 0 0 7 0 0
8872 4 0 0 1 0 0 2 0 0
8873 3 1 1 0 0 0 1 0 0
8874 4 0 0 0 0 0 0 0 0
8879 3 1 1 1 0 0 0 0 0
8880 2 0 0 0 0 0 2 0 0
8882 2 0 0 0 0 0 0 0 0
8892 2 1 1 0 0 0 1 0 0
8893 17 1 1 0 0 0 7 0 0
8903 4 0 0 1 0 0 2 0 0
8904 3 0 0 0 0 0 1 0 0
8905 4 0 0 0 0 0 0 0 0
8910 3 1 1 1 0 0 0 0 0
8911 2 0 0 0 0 0 2 0 0
8913 2 0 0 0 0 0 0 0 0
8923 2 2 2 0 0 0 1 0 0
8924 17 1 1 0 0 0 7 0 0
8934 4 0 0 1 0 0 2 0 0
8935 3 1 1 0 0 0 1 0 0
8936 4 0 0 0 0 0 0 0 0
8941 3 1 1 1 0 0 0 0 0
8942 2 0 0 0 0 0 2 0 0
8944 2 0 0 0 0 0 0 0 0
8954 2 1 1 0 0 0 1 0 0
8955 17 2 2 0 0 0 7 0 0
8965 4 0 0 1 0 0 2 0 0
8966 3 0 0 0 0 0 1 0 0
8967 4 1 1 0 0 0 0 0 0
8972 3 1 1 1 0 0 0 0 0
8973 2 0 0 0 0 0 2 0 0
8975 2 0 0 0 0 0 0 0 0
8985 2 1 1 0 0 0 1 0 0
8986 17 2 2 0 0 0 7 0 0
8996 4 0 0 1 0 0 2 0 0
8997 3 0 0 0 0 0 1 0 0
8998 4 1 1 0 0 0 0 0 0
9003 3 1 1 1 0 0 0 0 0
9004 2 1 1 0 0 0 2 1 0
9006 2 0 0 0 0 0 0 0 0
9016 2 1 1 0 0 0 1 0 0
9017 17 2 2 1 0 0 7 0 0
9027 4 0 0 0 0 0 1 0 0
9028 4 0 0 0 0 0 0 0 0
9035 2 1 1 0 0 0 1 0 0
9036 16 1 1 0 0 0 7 0 0
9046 4 1 1 1 0 0 2 0 0
9047 3 0 0 0 0 0 1 0 0
9048 4 0 0 0 0 0 0 0 0
9053 3 1 1 1 0 0 0 0 0
9062 1 1 1 0 0 0 1 1 1
9066 2 0 0 0 0 0 1 0 0
9067 16 1 1 0 0 0 7 0 0
9077 4 1 1 1 0 0 2 0 0
9078 3 0 0 0 0 0 1 0 0
9079 4 0 0 0 0 0 0 0 0
9080 1 0 0 0 0 0 1 0 0
9081 16 1 1 6 3 0 2 0 0
9084 3 0 0 1 0 0 0 0 0
9085 2 0 0 0 0 0 2 0 0
9087 2 0 0 0 0 0 0 0 0
9097 2 1 1 0 0 0 1 0 0
9098 15 1 1 0 0 0 7 0 0
9108 4 0 0 0 0 0 1 0 0
9109 4 1 1 0 0 0 0 0 0
9116 2 2 2 0 0 0 1 0 0
9117 16 1 1 0 0 0 7 0 0
9127 4 0 0 1 0 0 2 0 0
9128 3 1 1 0 0 0 1 0 0
9129 4 0 0 0 0 0 0 0 0
9134 3 1 1 1 0 0 0 0 0
9143 1 1 1 0 0 0 1 0 0
9147 2 0 0 0 0 0 1 0 0
9148 17 2 2 0 0 0 7 0 0
9158 4 0 0 1 0 0 2 0 0
9159 3 0 0 0 0 0 1 0 0
9160 4 1 1 0 0 0 0 0 0
9165 3 2 2 1 0 0 0 0 0
9166 2 0 0 0 0 0 2 0 0
9168 2 0 0 0 0 0 0 0 0
9177 3 1 1 0 0 0 0 0 0
9178 2 1 1 0 0 0 1 0 0
9179 17 1 1 0 0 0 8 0 0
9189 4 0 0 0 0 0 1 0 0
9190 4 0 0 0 0 0 0 0 0
9197 2 1 1 0 0 0 1 0 0
9198 17 2 2 1 0 0 7 0 0
9208 4 0 0 0 0 0 1 0 0
9209 4 0 0 0 0 0 0 0 0
9215 2 0 0 0 0 0 0 0 0
9216 2 1 1 0 0 0 1 0 0
9217 17 1 1 0 0 0 8 0 0
9227 4 0 0 0 0 0 1 0 0
9228 4 1 1 0 0 0 0 0 0
9235 2 2 2 0 0 0 1 0 0
9236 17 1 1 1 0 0 7 0 0
9246 4 0 0 0 0 0 1 0 0
9247 4 0 0 0 0 0 0 0 0
9254 2 1 1 0 0 0 1 0 0
9255 17 2 2 1 0 0 7 0 0
9265 4 0 0 0 0 0 1 0 0
9266 4 0 0 0 0 0 0 0 0
9273 2 1 1 0 0 0 1 0 0
9274 17 2 2 0 0 0 7 0 0
9284 4 0 0 1 0 0 2 0 0
9285 3 0 0 0 0 0 1 0 0
9286 4 1 1 0 0 0 0 0 0
9291 3 1 1 1 0 0 0 0 0
9292 2 0 0 0 0 0 2 0 0
9294 2 0 0 0 0 0 0 0 0
9304 2 1 1 0 0 0 1 0 0
9305 17 2 2 1 0 0 7 0 0
9315 4 0 0 0 0 0 1 0 0
9316 4 0 0 0 0 0 0 0 0
9323 2 1 1 0 0 0 1 0 0
9324 17 2 2 0 0 0 7 0 0
9334 4 0 0 1 0 0 2 0 0
9335 3 0 0 0 0 0 1 0 0
9336 4 0 0 0 0 0 0 0 0
9341 3 1 1 1 0 0 0 0 0
9342 2 1 1 0 0 0 2 0 0
9344 2 0 0 0 0 0 0 0 0
9353 3 1 1 0 0 0 0 0 0
9354 2 0 0 0 0 0 1 0 0
9355 17 2 2 0 0 0 8 1 0
9365 4 0 0 0 0 0 1 0 0
9366 4 0 0 0 0 0 0 0 0
9372 1 0 0 0 0 0 0 0 0
9373 2 0 0 0 0 0 1 0 0
9374 17 2 2 0 0 0 8 0 0
9384 4 0 0 0 0 0 1 0 0
9385 4 0 0 0 0 0 0 0 0
9392 2 1 1 0 0 0 1 0 0
9393 17 2 2 1 0 0 7 0 0
9403 4 0 0 0 0 0 1 0 0
9404 4 0 0 0 0 0 0 0 0
9411 2 1 1 0 0 0 1 0 0
9412 17 2 2 1 0 0 7 0 0
9422 4 0 0 0 0 0 1 0 0
9423 4 0 0 0 0 0 0 0 0
9429 1 1 1 0 0 0 0 0 0
9430 2 0 0 0 0 0 1 0 0
9431 16 2 2 0 0 0 7 0 0
9441 4 0 0 0 0 0 1 0 0
9442 4 0 0 0 0 0 0 0 0
9448 1 1 1 0 0 0 0 0 0
9449 2 0 0 0 0 0 1 0 0
9450 16 2 2 0 0 0 7 0 0
9460 4 0 0 0 0 0 1 0 0
9461 4 0 0 0 0 0 0 0 0
9467 1 1 1 0 0 0 0 0 0
9468 2 0 0 0 0 0 1 0 0
9469 16 2 2 0 0 0 7 0 0
9479 4 0 0 0 0 0 1 0 0
9480 4 0 0 0 0 0 0 0 0
9487 2 1 1 0 0 0 1 0 0
9488 16 1 1 0 0 0 7 0 0
9498 4 1 1 0 0 0 1 0 0
9499 4 0 0 0 0 0 0 0 0
9506 2 1 1 0 0 0 1 0 0
9507 16 1 1 0 0 0 7 0 0
9517 4 1 1 0 0 0 1 0 0
9518 4 0 0 0 0 0 0 0 0
9525 2 1 1 0 0 0 1 0 0
9526 17 1 1 1 0 0 7 0 0
9536 4 0 0 0 0 0 1 0 0
9537 4 1 1 0 0 0 0 0 0
9544 2 1 1 0 0 0 1 0 0
9545 17 1 1 1 0 0 7 0 0
9555 4 0 0 0 0 0 1 0 0
9556 4 1 1 0 0 0 0 0 0
9563 2 1 1 0 0 0 1 0 0
9564 17 1 1 1 0 0 7 0 0
9574 4 0 0 0 0 0 1 0 0
9575 4 1 1 0 0 0 0 0 0
9582 2 2 2 0 0 0 1 0 0
9583 17 1 1 1 0 0 7 0 0
9593 4 0 0 0 0 0 1 0 0
9594 4 1 1 0 0 0 0 0 0
9601 2 2 2 0 0 0 1 0 0
9602 17 1 1 1 0 0 7 0 0
9612 4 0 0 0 0 0 1 0 0
9613 4 0 0 0 0 0 0 0 0
9619 1 1 1 0 0 0 0 0 0
9620 2 1 1 0 0 0 1 0 0
9621 16 1 1 0 0 0 7 0 0
9631 4 0 0 0 0 0 1 0 0
9632 4 0 0 0 0 0 0 0 0
9639 2 1 1 0 0 0 1 0 0
9640 17 2 2 1 0 0 7 0 0
9650 4 0 0 0 0 0 1 0 0
9651 4 0 0 0 0 0 0 0 0
9657 1 1 1 0 0 0 0 0 0
9658 2 1 1 0 0 0 1 0 0
9659 16 1 1 0 0 0 7 0 0
9669 4 0 0 0 0 0 1 0 0
9670 4 0 0 0 0 0 0 0 0
9676 1 1 1 0 0 0 0 0 0
9677 2 0 0 0 0 0 1 0 0
9678 16 2 2 0 0 0 7 0 0
9688 4 0 0 0 0 0 1 0 0
9689 4 0 0 0 0 0 0 0 0
9696 2 1 1 0 0 0 1 0 0
9697 16 2 2 0 0 0 7 0 0
9707 4 0 0 1 0 0 2 0 0
9708 3 0 0 0 0 0 1 0 0
9709 4 0 0 0 0 0 0 0 0
9714 3 1 1 1 0 0 0 0 0
9723 1 1 1 0 0 0 1 1 1
9727 2 0 0 0 0 0 1 0 0
9728 16 1 1 0 0 0 7 0 0
9738 4 1 1 0 0 0 1 0 0
9739 4 0 0 0 0 0 0 0 0
9746 2 1 1 0 0 0 1 0 0
9747 17 1 1 0 0 0 7 0 0
9757 4 1 1 0 0 0 1 0 0
9758 4 0 0 0 0 0 0 0 0
9765 2 1 1 0 0 0 1 0 0
9766 16 1 1 0 0 0 7 0 0
9776 4 1 1 0 0 0 1 0 0
9777 4 0 0 0 0 0 0 0 0
9784 2 1 1 0 0 0 1 0 0
9785 16 1 1 0 0 0 7 0 0
9795 4 1 1 0 0 0 1 0 0
9796 4 0 0 0 0 0 0 0 0
9803 2 1 1 0 0 0 1 0 0
9804 16 1 1 0 0 0 7 0 0
9814 4 0 0 0 0 0 1 0 0
9815 4 1 1 0 0 0 0 0 0
9822 2 1 1 0 0 0 1 0 0
9823 16 1 1 0 0 0 7 0 0
9833 4 0 0 0 0 0 1 0 0
9834 4 1 1 0 0 0 0 0 0
9841 2 2 2 0 0 0 1 0 0
9842 17 1 1 0 0 0 7 0 0
9852 4 0 0 0 0 0 1 0 0
9853 4 0 0 0 0 0 0 0 0
9860 2 1 1 0 0 0 1 0 0
9861 16 2 2 0 0 0 7 0 0
9871 4 0 0 0 0 0 1 0 0
9872 4 0 0 0 0 0 0 0 0
9879 2 1 1 0 0 0 1 0 0
9880 16 2 2 0 0 0 7 0 0
9890 4 0 0 0 0 0 1 0 0
9891 4 0 0 0 0 0 0 0 0
9898 2 1 1 0 0 0 1 0 0
9899 17 2 2 0 0 0 7 0 0
9909 4 0 0 1 0 0 2 0 0
9910 3 0 0 0 0 0 1 0 0
9911 4 1 1 0 0 0 0 0 0
9916 3 1 1 1 0 0 0 0 0
9917 2 1 1 0 0 0 2 1 0
9919 2 0 0 0 0 0 0 0 0
9929 2 1 1 0 0 0 1 0 0
9930 17 2 2 0 0 0 7 0 0
9940 4 0 0 1 0 0 2 0 0
9941 3 0 0 0 0 0 1 0 0
9942 4 0 0 0 0 0 0 0 0
9947 3 1 1 1 0 0 0 0 0
9948 2 1 1 0 0 0 2 0 0
9950 2 0 0 0 0 0 0 0 0
9960 2 1 1 0 0 0 1 0 0
9961 17 1 1 0 0 0 7 0 0
9971 4 1 1 1 0 0 2 0 0
9972 3 0 0 0 0 0 1 0 0
9973 4 0 0 0 0 0 0 0 0
9978 3 1 1 1 0 0 0 0 0
9979 2 0 0 0 0 0 2 0 0
9981 2 1 1 0 0 0 0 0 0
9991 2 1 1 0 0 0 1 0 0
9992 17 1 1 0 0 0 7 0 0
10002 4 1 1 1 0 0 2 0 0
10003 3 0 0 0 0 0 1 0 0
10004 4 0 0 0 0 0 0 0 0
10009 3 1 1 1 0 0 0 0 0
10010 2 0 0 0 0 0 2 0 0
10012 2 0 0 0 0 0 0 0 0
10021 2 1 1 0 0 0 0 0 0
10022 2 0 0 0 0 0 1 0 0
10023 16 1 1 0 0 0 7 0 0
10033 4 1 1 0 0 0 1 0 0
10034 4 0 0 0 0 0 0 0 0
10040 1 1 1 0 0 0 0 0 0
10041 2 0 0 0 0 0 1 0 0
10042 16 1 1 0 0 0 7 0 0
10052 4 0 0 0 0 0 1 0 0
10053 4 1 1 0 0 0 0 0 0
10060 2 1 1 0 0 0 1 0 0
10061 16 1 1 0 0 0 7 0 0
10071 4 0 0 1 0 0 2 0 0
10072 3 0 0 0 0 0 1 0 0
10073 4 0 0 0 0 0 0 0 0
10078 3 1 1 1 0 0 0 0 0
10087 1 1 1 0 0 0 1 0 0
10091 2 1 1 0 0 0 1 0 0
10092 16 1 1 0 0 0 7 0 0
10102 4 0 0 1 0 0 2 0 0
10103 3 1 1 0 0 0 1 0 0
10104 4 0 0 0 0 0 0 0 0
10109 3 1 1 1 0 0 0 0 0
10118 1 1 1 0 0 0 1 0 0
10122 2 0 0 0 0 0 1 0 0
10123 16 2 2 0 0 0 7 0 0
10133 4 0 0 0 0 0 1 0 0
10134 4 0 0 0 0 0 0 0 0
10141 2 1 1 0 0 0 1 0 0
10142 16 2 2 0 0 0 7 0 0
10152 4 0 0 0 0 0 1 0 0
10153 4 0 0 0 0 0 0 0 0
10160 2 1 1 0 0 0 1 0 0
10161 16 2 2 0 0 0 7 0 0
10171 4 0 0 0 0 0 1 0 0
10172 4 0 0 0 0 0 0 0 0
10179 2 1 1 0 0 0 1 0 0
10180 17 2 2 0 0 0 7 0 0
10190 4 0 0 1 0 0 2 0 0
10191 3 0 0 0 0 0 1 0 0
10192 4 0 0 0 0 0 0 0 0
10197 3 1 1 1 0 0 0 0 0
10198 2 0 0 0 0 0 2 1 0
10200 2 1 1 0 0 0 0 0 0
10210 2 1 1 0 0 0 1 0 0
10211 17 1 1 1 0 0 7 0 0
10221 4 1 1 0 0 0 1 0 0
10222 4 0 0 0 0 0 0 0 0
10228 1 0 0 0 0 0 0 0 0
10229 2 0 0 0 0 0 1 0 0
10230 16 1 1 0 0 0 7 0 0
10240 4 1 1 0 0 0 1 0 0
10241 4 0 0 0 0 0 0 0 0
10248 2 1 1 0 0 0 1 0 0
10249 17 1 1 1 0 0 7 0 0
10259 4 1 1 0 0 0 1 0 0
10260 4 0 0 0 0 0 0 0 0
10266 1 0 0 0 0 0 0 0 0
10267 2 0 0 0 0 0 1 0 0
10268 16 1 1 0 0 0 7 0 0
10278 4 1 1 0 0 0 1 0 0
10279 4 0 0 0 0 0 0 0 0
10286 2 1 1 0 0 0 1 0 0
10287 17 1 1 0 0 0 7 0 0
10297 4 1 1 1 0 0 2 0 0
10298 3 0 0 0 0 0 1 0 0
10299 4 0 0 0 0 0 0 0 0
10304 3 1 1 1 0 0 0 0 0
10305 2 0 0 0 0 0 2 0 0
10307 2 0 0 0 0 0 0 0 0
10316 3 1 1 0 0 0 0 0 0
10317 2 0 0 0 0 0 1 0 0
10318 16 1 1 0 0 0 7 0 0
10328 4 1 1 0 0 0 1 0 0
10329 4 0 0 0 0 0 0 0 0
10336 2 1 1 0 0 0 1 0 0
10337 16 1 1 0 0 0 7 0 0
10347 4 0 0 0 0 0 1 0 0
10348 4 1 1 0 0 0 0 0 0
10355 2 1 1 0 0 0 1 0 0
10356 16 1 1 0 0 0 7 0 0
10366 4 0 0 0 0 0 1 0 0
10367 4 0 0 0 0 0 0 0 0
10373 1 1 1 0 0 0 0 0 0
10374 2 1 1 0 0 0 1 0 0
10375 16 1 1 0 0 0 7 0 0
10385 4 0 0 0 0 0 1 0 0
10386 4 0 0 0 0 0 0 0 0
10393 2 1 1 0 0 0 1 0 0
10394 16 2 2 0 0 0 7 0 0
10404 4 0 0 0 0 0 1 0 0
10405 4 0 0 0 0 0 0 0 0
10412 2 1 1 0 0 0 1 0 0
10413 16 2 2 0 0 0 7 0 0
10423 4 0 0 0 0 0 1 0 0
10424 4 0 0 0 0 0 0 0 0
10431 2 1 1 0 0 0 1 0 0
10432 17 2 2 0 0 0 7 0 0
10442 4 0 0 1 0 0 2 0 0
10443 3 0 0 0 0 0 1 0 0
10444 4 0 0 0 0 0 0 0 0
10449 3 1 1 1 0 0 0 0 0
10450 2 0 0 0 0 0 2 0 0
10452 2 1 1 0 0 0 0 0 0
10461 4 1 1 0 0 0 0 0 0
10462 2 0 0 0 0 0 1 0 0
10463 17 2 2 0 0 0 8 0 0
10473 4 0 0 0 0 0 1 0 0
10474 4 0 0 0 0 0 0 0 0
10480 1 1 1 0 0 0 0 0 0
10481 2 0 0 0 0 0 1 0 0
10482 16 2 2 0 0 0 7 0 0
10492 4 0 0 0 0 0 1 0 0
10493 4 0 0 0 0 0 0 0 0
10500 2 1 1 0 0 0 1 0 0
10501 16 1 1 0 0 0 7 0 0
10511 4 1 1 0 0 0 1 0 0
10512 4 0 0 0 0 0 0 0 0
10519 2 1 1 0 0 0 1 0 0
10520 15 1 1 0 0 0 7 0 0
10530 4 1 1 0 0 0 1 0 0
10531 4 0 0 0 0 0 0 0 0
10537 1 1 1 0 0 0 0 0 0
10538 2 0 0 0 0 0 1 0 0
10539 16 1 1 0 0 0 7 0 0
10549 4 0 0 0 0 0 1 0 0
10550 4 1 1 0 0 0 0 0 0
10557 2 1 1 0 0 0 1 0 0
10558 16 1 1 0 0 0 7 0 0
10568 4 0 0 0 0 0 1 0 0
10569 4 1 1 0 0 0 0 0 0
10576 2 2 2 0 0 0 1 0 0
10577 16 1 1 0 0 0 7 0 0
10587 4 0 0 0 0 0 1 0 0
10588 4 0 0 0 0 0 0 0 0
10594 1 0 0 0 0 0 0 0 0
10595 2 0 0 0 0 0 1 0 0
10596 16 2 2 0 0 0 7 0 0
10606 4 0 0 0 0 0 1 0 0
10607 4 0 0 0 0 0 0 0 0
10614 2 1 1 0 0 0 1 0 0
10615 16 2 2 0 0 0 7 0 0
10625 4 0 0 0 0 0 1 0 0
10626 4 0 0 0 0 0 0 0 0
10633 2 1 1 0 0 0 1 0 0
10634 16 2 2 0 0 0 7 0 0
10644 4 0 0 0 0 0 1 0 0
10645 4 0 0 0 0 0 0 0 0
10652 2 1 1 0 0 0 1 0 0
10653 16 1 1 0 0 0 7 0 0
10663 4 1 1 0 0 0 1 0 0
10664 4 0 0 0 0 0 0 0 0
10671 2 1 1 0 0 0 1 0 0
10672 16 1 1 0 0 0 7 0 0
10682 4 0 0 0 0 0 1 0 0
10683 4 1 1 0 0 0 0 0 0
10690 2 1 1 0 0 0 1 0 0
10691 16 1 1 0 0 0 7 0 0
10701 4 0 0 0 0 0 1 0 0
10702 4 1 1 0 0 0 0 0 0
10709 2 2 2 0 0 0 1 0 0
10710 17 1 1 1 0 0 7 0 0
10720 4 0 0 0 0 0 1 0 0
10721 4 0 0 0 0 0 0 0 0
10728 2 1 1 0 0 0 1 0 0
10729 16 2 2 0 0 0 7 0 0
10739 4 0 0 0 0 0 1 0 0
10740 4 0 0 0 0 0 0 0 0
10747 2 1 1 0 0 0 1 1 0
10748 16 2 2 0 0 0 7 1 0
10758 4 0 0 0 0 0 1 0 0
10759 4 0 0 0 0 0 0 0 0
10766 2 1 1 0 0 0 1 0 0
10767 17 2 2 1 0 0 7 0 0
10777 4 0 0 0 0 0 1 0 0
10778 4 0 0 0 0 0 0 0 0
10785 2 1 1 0 0 0 1 0 0
10786 16 1 1 0 0 0 7 0 0
10796 4 1 1 0 0 0 1 0 0
10797 4 0 0 0 0 0 0 0 0
10804 2 1 1 0 0 0 1 0 0
10805 17 1 1 1 0 0 7 0 0
10815 4 1 1 0 0 0 1 0 0
10816 4 0 0 0 0 0 0 0 0
10822 1 1 1 0 0 0 0 0 0
10823 2 0 0 0 0 0 1 0 0
10824 16 1 1 0 0 0 7 0 0
10834 4 1 1 0 0 0 1 0 0
10835 4 0 0 0 0 0 0 0 0
10842 2 1 1 0 0 0 1 0 0
10843 16 1 1 0 0 0 7 0 0
10853 4 0 0 0 0 0 1 0 0
10854 4 1 1 0 0 0 0 0 0
10861 2 1 1 0 0 0 1 0 0
10862 17 1 1 1 0 0 7 0 0
10872 4 0 0 0 0 0 1 0 0
10873 4 1 1 0 0 0 0 0 0
10880 2 2 2 0 0 0 1 0 0
10881 16 1 1 0 0 0 7 0 0
10891 4 0 0 0 0 0 1 0 0
10892 4 0 0 0 0 0 0 0 0
10898 1 1 1 0 0 0 0 0 0
10899 2 0 0 0 0 0 1 0 0
10900 16 2 2 0 0 0 7 0 0
10910 4 0 0 0 0 0 1 0 0
10911 4 0 0 0 0 0 0 0 0
10918 2 1 1 0 0 0 1 0 0
10919 16 2 2 0 0 0 7 0 0
10929 4 0 0 0 0 0 1 0 0
10930 4 0 0 0 0 0 0 0 0
10937 2 1 1 0 0 0 1 0 0
10938 16 2 2 0 0 0 7 0 0
10948 4 0 0 1 0 0 2 0 0
10949 3 0 0 0 0 0 1 0 0
10950 4 0 0 0 0 0 0 0 0
10955 3 1 1 1 0 0 0 0 0
10956 2 0 0 0 0 0 2 1 0
10958 2 1 1 0 0 0 0 0 0
10968 2 1 1 0 0 0 1 0 0
10969 16 1 1 1 0 0 7 0 0
10979 4 1 1 0 0 0 1 0 0
10980 4 0 0 0 0 0 0 0 0
10987 2 1 1 0 0 0 1 0 0
10988 16 1 1 1 0 0 7 0 0
10998 4 0 0 0 0 0 1 0 0
10999 4 1 1 0 0 0 0 0 0
11006 2 2 2 0 0 0 1 0 0
11007 16 1 1 0 0 0 7 0 0
11017 4 0 0 1 0 0 2 0 0
11018 3 0 0 0 0 0 1 0 0
11019 4 1 1 0 0 0 0 0 0
11024 3 1 1 1 0 0 0 0 0
11025 2 0 0 0 0 0 2 0 0
11027 2 0 0 0 0 0 0 0 0
11037 2 1 1 0 0 0 1 0 0
11038 16 2 2 1 0 0 7 0 0
11048 4 0 0 0 0 0 1 0 0
11049 4 0 0 0 0 0 0 0 0
11056 2 1 1 0 0 0 1 0 0
11057 16 1 1 1 0 0 7 0 0
11067 4 1 1 0 0 0 1 0 0
11068 4 0 0 0 0 0 0 0 0
11075 2 1 1 0 0 0 1 0 0
11076 16 1 1 1 0 0 7 0 0
11086 4 1 1 0 0 0 1 0 0
11087 4 0 0 0 0 0 0 0 0
11094 2 1 1 0 0 0 1 0 0
11095 16 1 1 0 0 0 7 0 0
11105 4 0 0 1 0 0 2 0 0
11106 3 0 0 0 0 0 1 0 0
11107 4 0 0 0 0 0 0 0 0
11112 3 1 1 1 0 0 0 0 0
11113 2 0 0 0 0 0 2 0 0
11115 2 0 0 0 0 0 0 0 0
11125 2 2 2 0 0 0 1 0 0
11126 17 1 1 0 0 0 7 0 0
11136 4 0 0 1 0 0 2 0 0
11137 3 1 1 0 0 0 1 0 0
11138 4 0 0 0 0 0 0 0 0
11143 3 1 1 1 0 0 0 0 0
11144 2 0 0 0 0 0 2 0 0
11146 2 0 0 0 0 0 0 0 0
11156 2 1 1 0 0 0 1 0 0
11157 17 2 2 1 0 0 7 0 0
11167 4 0 0 0 0 0 1 0 0
11168 4 0 0 0 0 0 0 0 0
11175 2 1 1 0 0 0 1 0 0
11176 17 2 2 1 0 0 7 0 0
11186 4 0 0 0 0 0 1 0 0
11187 4 0 0 0 0 0 0 0 0
11194 2 1 1 0 0 0 1 0 0
11195 16 2 2 0 0 0 7 0 0
11205 4 0 0 1 0 0 2 0 0
11206 3 0 0 0 0 0 1 0 0
11207 4 0 0 0 0 0 0 0 0
11212 3 1 1 1 0 0 0 0 0
11213 2 1 1 0 0 0 2 0 0
11215 2 0 0 0 0 0 0 0 0
11225 2 1 1 0 0 0 1 0 0
11226 16 1 1 1 0 0 7 0 0
11236 4 1 1 0 0 0 1 0 0
11237 4 0 0 0 0 0 0 0 0
11244 2 1 1 0 0 0 1 0 0
11245 16 1 1 1 0 0 7 0 0
11255 4 0 0 0 0 0 1 0 0
11256 4 1 1 0 0 0 0 0 0
11263 2 1 1 0 0 0 1 0 0
11264 17 1 1 1 0 0 7 0 0
11274 4 0 0 0 0 0 1 0 0
11275 4 1 1 0 0 0 0 0 0
11282 2 2 2 0 0 0 1 0 0
11283 16 1 1 1 0 0 7 0 0
11293 4 0 0 0 0 0 1 0 0
11294 4 0 0 0 0 0 0 0 0
11301 2 1 1 0 0 0 1 0 0
11302 17 2 2 1 0 0 7 0 0
11312 4 0 0 0 0 0 1 0 0
11313 4 0 0 0 0 0 0 0 0
11320 2 1 1 0 0 0 1 0 0
11321 17 2 2 1 0 0 7 0 0
11331 4 0 0 0 0 0 1 0 0
11332 4 0 0 0 0 0 0 0 0
11339 2 1 1 0 0 0 1 0 0
11340 17 2 2 0 0 0 7 0 0
11350 4 0 0 1 0 0 2 0 0
11351 3 0 0 0 0 0 1 0 0
11352 4 0 0 0 0 0 0 0 0
11357 3 1 1 1 0 0 0 0 0
11358 2 1 1 0 0 0 2 1 0
11360 2 0 0 0 0 0 0 0 0
11370 2 1 1 0 0 0 1 0 0
11371 17 2 2 0 0 0 7 0 0
11381 4 0 0 1 0 0 2 0 0
11382 3 0 0 0 0 0 1 0 0
11383 4 0 0 0 0 0 0 0 0
11388 3 1 1 1 0 0 0 0 0
11389 2 0 0 0 0 0 2 0 0
11391 2 1 1 0 0 0 0 0 0
11401 2 1 1 0 0 0 1 0 0
11402 17 1 1 0 0 0 7 0 0
11412 4 1 1 1 0 0 2 0 0
11413 3 0 0 0 0 0 1 0 0
11414 4 0 0 0 0 0 0 0 0
11419 3 1 1 1 0 0 0 0 0
11420 2 0 0 0 0 0 2 0 0
11422 2 0 0 0 0 0 0 0 0
11432 2 1 1 0 0 0 1 0 0
11433 17 1 1 0 0 0 7 0 0
11443 4 1 1 1 0 0 2 0 0
11444 3 0 0 0 0 0 1 0 0
11445 4 0 0 0 0 0 0 0 0
11450 3 1 1 1 0 0 0 0 0
11451 2 0 0 0 0 0 2 0 0
11453 2 0 0 0 0 0 0 0 0
11463 2 1 1 0 0 0 1 0 0
11464 17 1 1 0 0 0 7 0 0
11474 4 0 0 1 0 0 2 0 0
11475 3 1 1 0 0 0 1 0 0
11476 4 0 0 0 0 0 0 0 0
11481 3 1 1 1 0 0 0 0 0
11482 2 0 0 0 0 0 2 0 0
11484 2 0 0 0 0 0 0 0 0
11494 2 1 1 0 0 0 1 0 0
11495 17 1 1 0 0 0 7 0 0
11505 4 0 0 1 0 0 2 0 0
11506 3 1 1 0 0 0 1 0 0
11507 4 0 0 0 0 0 0 0 0
11512 3 1 1 1 0 0 0 0 0
11513 2 0 0 0 0 0 2 1 0
11515 2 0 0 0 0 0 0 0 0
11525 2 1 1 0 0 0 1 0 0
11526 17 2 2 0 0 0 7 0 0
11536 4 0 0 1 0 0 2 0 0
11537 3 0 0 0 0 0 1 0 0
11538 4 1 1 0 0 0 0 0 0
11543 3 1 1 1 0 0 0 0 0
11544 2 0 0 0 0 0 2 0 0
11546 2 0 0 0 0 0 0 0 0
11556 2 1 1 0 0 0 1 0 0
11557 17 2 2 0 0 0 7 0 0
11567 4 0 0 1 0 0 2 0 0
11568 3 0 0 0 0 0 1 0 0
11569 4 1 1 0 0 0 0 0 0
11574 3 2 2 1 0 0 0 0 0
11575 2 0 0 0 0 0 2 0 0
11577 2 0 0 0 0 0 0 0 0
11587 2 1 1 0 0 0 1 0 0
11588 17 2 2 1 0 0 7 0 0
11598 4 0 0 0 0 0 1 0 0
11599 4 0 0 0 0 0 0 0 0
11606 2 1 1 0 0 0 1 0 0
11607 17 2 2 1 0 0 7 0 0
11617 4 0 0 0 0 0 1 0 0
11618 4 0 0 0 0 0 0 0 0
11625 2 1 1 0 0 0 1 0 0
11626 17 1 1 1 0 0 7 0 0
11636 4 1 1 0 0 0 1 0 0
11637 4 0 0 0 0 0 0 0 0
11644 2 1 1 0 0 0 1 0 0
11645 17 1 1 1 0 0 7 0 0
11655 4 1 1 0 0 0 1 0 0
11656 4 0 0 0 0 0 0 0 0
11663 2 1 1 0 0 0 1 0 0
11664 17 1 1 1 0 0 7 0 0
11674 4 1 1 0 0 0 1 0 0
11675 4 0 0 0 0 0 0 0 0
11682 2 1 1 0 0 0 1 0 0
11683 17 1 1 1 0 0 7 0 0
11693 4 1 1 0 0 0 1 0 0
11694 4 0 0 0 0 0 0 0 0
11701 2 1 1 0 0 0 1 0 0
11702 17 1 1 1 0 0 7 0 0
11712 4 0 0 0 0 0 1 0 0
11713 4 1 1 0 0 0 0 0 0
11720 2 1 1 0 0 0 1 0 0
11721 17 1 1 1 0 0 7 0 0
11731 4 0 0 0 0 0 1 0 0
11732 4 1 1 0 0 0 0 0 0
11739 2 1 1 0 0 0 1 0 0
11740 17 1 1 1 0 0 7 0 0
11750 4 0 0 0 0 0 1 0 0
11751 4 1 1 0 0 0 0 0 0
11758 2 2 2 0 0 0 1 0 0
11759 17 1 1 1 0 0 7 0 0
11769 4 0 0 0 0 0 1 0 0
11770 4 0 0 0 0 0 0 0 0
11777 2 1 1 0 0 0 1 0 0
11778 17 2 2 1 0 0 7 0 0
11788 4 0 0 0 0 0 1 0 0
11789 4 0 0 0 0 0 0 0 0
11796 2 1 1 0 0 0 1 0 0
11797 17 2 2 1 0 0 7 0 0
11807 4 0 0 0 0 0 1 0 0
11808 4 0 0 0 0 0 0 0 0
11815 2 1 1 0 0 0 1 0 0
11816 17 2 2 1 0 0 7 0 0
11826 4 0 0 0 0 0 1 0 0
11827 4 0 0 0 0 0 0 0 0
11834 2 1 1 0 0 0 1 0 0
11835 17 2 2 1 0 0 7 0 0
11845 4 0 0 0 0 0 1 0 0
11846 4 0 0 0 0 0 0 0 0
11853 2 1 1 0 0 0 1 0 0
11854 17 2 2 0 0 0 7 0 0
11864 4 0 0 1 0 0 2 0 0
11865 3 0 0 0 0 0 1 0 0
11866 4 0 0 0 0 0 0 0 0
11871 3 1 1 1 0 0 0 0 0
11872 2 1 1 0 0 0 2 1 0
11874 2 0 0 0 0 0 0 0 0
11884 2 1 1 0 0 0 1 0 0
11885 17 1 1 0 0 0 7 0 0
11895 4 1 1 1 0 0 2 0 0
11896 3 0 0 0 0 0 1 0 0
11897 4 0 0 0 0 0 0 0 0
11902 3 1 1 1 0 0 0 0 0
11903 2 0 0 0 0 0 2 0 0
11905 2 0 0 0 0 0 0 0 0
11915 2 1 1 0 0 0 1 0 0
11916 17 1 1 0 0 0 7 0 0
11926 4 1 1 1 0 0 2 0 0
11927 3 0 0 0 0 0 1 0 0
11928 4 0 0 0 0 0 0 0 0
11933 3 1 1 1 0 0 0 0 0
11934 2 0 0 0 0 0 2 0 0
11936 2 0 0 0 0 0 0 0 0
11946 2 1 1 0 0 0 1 0 0
11947 17 1 1 1 0 0 7 0 0
11957 4 0 0 0 0 0 1 0 0
11958 4 1 1 0 0 0 0 0 0
11965 2 1 1 0 0 0 1 0 0
11966 17 1 1 1 0 0 7 0 0
11976 4 0 0 0 0 0 1 0 0
11977 4 1 1 0 0 0 0 0 0
11984 2 1 1 0 0 0 1 0 0
11985 17 1 1 1 0 0 7 0 0
11995 4 0 0 0 0 0 1 0 0
11996 4 1 1 0 0 0 0 0 0
12003 2 2 2 0 0 0 1 0 0
12004 17 1 1 1 0 0 7 0 0
12014 4 0 0 0 0 0 1 0 0
12015 4 0 0 0 0 0 0 0 0
12022 2 1 1 0 0 0 1 0 0
12023 17 2 2 1 0 0 7 0 0
12033 4 0 0 0 0 0 1 0 0
12034 4 0 0 0 0 0 0 0 0
12041 2 1 1 0 0 0 1 0 0
12042 17 2 2 1 0 0 7 0 0
12052 4 0 0 0 0 0 1 0 0
12053 4 0 0 0 0 0 0 0 0
12060 2 1 1 0 0 0 1 0 0
12061 17 2 2 1 0 0 7 0 0
12071 4 0 0 0 0 0 1 0 0
12072 4 0 0 0 0 0 0 0 0
12079 2 1 1 0 0 0 1 0 0
12080 17 2 2 1 0 0 7 0 0
12090 4 0 0 0 0 0 1 0 0
12091 4 0 0 0 0 0 0 0 0
12098 2 1 1 0 0 0 1 0 0
12099 17 2 2 1 0 0 7 0 0
12109 4 0 0 0 0 0 1 0 0
12110 4 0 0 0 0 0 0 0 0
12117 2 1 1 0 0 0 1 0 0
12118 17 1 1 1 0 0 7 0 0
12128 4 1 1 0 0 0 1 0 0
12129 4 0 0 0 0 0 0 0 0
12136 2 1 1 0 0 0 1 0 0
12137 17 1 1 1 0 0 7 0 0
12147 4 1 1 0 0 0 1 0 0
12148 4 0 0 0 0 0 0 0 0
12155 2 1 1 0 0 0 1 0 0
12156 17 1 1 1 0 0 7 0 0
12166 4 1 1 0 0 0 1 0 0
12167 4 0 0 0 0 0 0 0 0
12174 2 1 1 0 0 0 1 0 0
12175 17 1 1 1 0 0 7 0 0
12185 4 1 1 0 0 0 1 0 0
12186 4 0 0 0 0 0 0 0 0
12193 2 1 1 0 0 0 1 0 0
12194 17 1 1 1 0 0 7 0 0
12204 4 0 0 0 0 0 1 0 0
12205 4 1 1 0 0 0 0 0 0
12212 2 1 1 0 0 0 1 0 0
12213 17 1 1 1 0 0 7 0 0
12223 4 0 0 0 0 0 1 0 0
12224 4 1 1 0 0 0 0 0 0
12231 2 2 2 0 0 0 1 0 0
12232 17 1 1 1 0 0 7 0 0
12242 4 0 0 0 0 0 1 0 0
12243 4 0 0 0 0 0 0 0 0
12250 2 1 1 0 0 0 1 0 0
12251 17 2 2 1 0 0 7 0 0
12261 4 0 0 0 0 0 1 0 0
12262 4 0 0 0 0 0 0 0 0
12269 2 1 1 0 0 0 1 0 0
12270 17 2 2 0 0 0 7 0 0
12280 4 0 0 1 0 0 2 0 0
12281 3 0 0 0 0 0 1 0 0
12282 4 1 1 0 0 0 0 0 0
12287 3 1 1 1 0 0 0 0 0
12288 2 0 0 0 0 0 2 1 0
12290 2 0 0 0 0 0 0 0 0
12300 2 1 1 0 0 0 1 0 0
12301 17 2 2 0 0 0 7 0 0
12311 4 0 0 1 0 0 2 0 0
12312 3 0 0 0 0 0 1 0 0
12313 4 1 1 0 0 0 0 0 0
12318 3 2 2 1 0 0 0 0 0
12319 2 0 0 0 0 0 2 0 0
12321 2 0 0 0 0 0 0 0 0
12331 2 1 1 0 0 0 1 0 0
12332 17 2 2 0 0 0 7 0 0
12342 4 0 0 1 0 0 2 0 0
12343 3 0 0 0 0 0 1 0 0
12344 4 0 0 0 0 0 0 0 0
12349 3 1 1 1 0 0 0 0 0
12350 2 1 1 0 0 0 2 0 0
12352 2 0 0 0 0 0 0 0 0
12362 2 1 1 0 0 0 1 0 0
12363 17 1 1 1 0 0 7 0 0
12373 4 1 1 0 0 0 1 0 0
12374 4 0 0 0 0 0 0 0 0
12381 2 1 1 0 0 0 1 0 0
12382 17 1 1 1 0 0 7 0 0
12392 4 1 1 0 0 0 1 0 0
12393 4 0 0 0 0 0 0 0 0
12400 2 1 1 0 0 0 1 0 0
12401 17 1 1 0 0 0 7 0 0
12411 4 1 1 1 0 0 2 0 0
12412 3 0 0 0 0 0 1 0 0
12413 4 0 0 0 0 0 0 0 0
12418 3 1 1 1 0 0 0 0 0
12419 2 0 0 0 0 0 2 1 0
12421 2 0 0 0 0 0 0 0 0
12431 2 1 1 0 0 0 1 0 0
12432 17 1 1 0 0 0 7 0 0
12442 4 0 0 1 1 0 2 1 0
12443 3 1 1 0 0 0 1 0 0
12444 4 0 0 0 0 0 0 0 0
12449 3 1 1 1 0 0 0 0 0
12450 2 0 0 0 0 0 2 1 0
12452 2 0 0 0 0 0 0 0 0
12462 2 1 1 0 0 0 1 0 0
12463 17 1 1 0 0 0 7 1 0
12473 4 0 0 1 0 0 2 0 0
12474 3 0 0 0 0 0 1 0 0
12475 4 0 0 0 0 0 0 0 0
12480 3 1 1 1 0 0 0 0 0
12481 2 0 0 0 0 0 2 0 0
12483 2 0 0 0 0 0 0 0 0
12493 2 2 2 0 0 0 1 0 0
12494 17 1 1 0 0 0 7 0 0
12504 4 0 0 1 0 0 2 0 0
12505 3 1 1 0 0 0 1 0 0
12506 4 0 0 0 0 0 0 0 0
12511 3 1 1 1 0 0 0 0 0
12512 2 0 0 0 0 0 2 0 0
12514 2 0 0 0 0 0 0 0 0
12524 2 1 1 0 0 0 1 0 0
12525 17 2 2 0 0 0 7 0 0
12535 4 0 0 1 0 0 2 0 0
12536 3 0 0 0 0 0 1 0 0
12537 4 1 1 0 0 0 0 0 0
12542 3 1 1 1 0 0 0 0 0
12543 2 0 0 0 0 0 2 0 0
12545 2 0 0 0 0 0 0 0 0
12555 2 1 1 0 0 0 1 0 0
12556 17 2 2 0 0 0 7 0 0
12566 4 0 0 1 0 0 2 0 0
12567 3 0 0 0 0 0 1 0 0
12568 4 1 1 0 0 0 0 0 0
12573 3 1 1 1 0 0 0 0 0
12574 2 1 1 0 0 0 2 0 0
12576 2 0 0 0 0 0 0 0 0
12586 2 1 1 0 0 0 1 0 0
12587 17 2 2 0 0 0 7 0 0
12597 4 0 0 1 0 0 2 0 0
12598 3 0 0 0 0 0 1 0 0
12599 4 0 0 0 0 0 0 0 0
12604 3 1 1 1 0 0 0 0 0
12605 2 1 1 0 0 0 2 0 0
12607 2 0 0 0 0 0 0 0 0
12617 2 1 1 0 0 0 1 0 0
12618 17 1 1 0 0 0 7 0 0
12628 4 1 1 1 0 0 2 0 0
12629 3 0 0 0 0 0 1 0 0
12630 4 0 0 0 0 0 0 0 0
12635 3 1 1 1 0 0 0 0 0
12636 2 0 0 0 0 0 2 1 0
12638 2 0 0 0 0 0 0 0 0
12648 2 1 1 0 0 0 1 0 0
12649 17 1 1 0 0 0 7 0 0
12659 4 1 1 1 0 0 2 0 0
12660 3 0 0 0 0 0 1 0 0
12661 4 0 0 0 0 0 0 0 0
12666 3 1 1 1 0 0 0 0 0
12667 2 0 0 0 0 0 2 0 0
12669 2 0 0 0 0 0 0 0 0
12679 2 1 1 0 0 0 1 0 0
12680 17 1 1 0 0 0 7 0 0
12690 4 0 0 1 0 0 2 0 0
12691 3 1 1 0 0 0 1 0 0
12692 4 0 0 0 0 0 0 0 0
12697 3 1 1 1 0 0 0 0 0
12698 2 0 0 0 0 0 2 0 0
12700 2 0 0 0 0 0 0 0 0
12710 2 1 1 0 0 0 1 0 0
12711 17 1 1 0 0 0 7 0 0
12721 4 0 0 1 0 0 2 0 0
12722 3 0 0 0 0 0 1 0 0
12723 4 0 0 0 0 0 0 0 0
12728 3 1 1 1 0 0 0 0 0
12729 2 0 0 0 0 0 2 0 0
12731 2 0 0 0 0 0 0 0 0
12741 2 2 2 0 0 0 1 0 0
12742 17 1 1 0 0 0 7 0 0
12752 4 0 0 1 0 0 2 0 0
12753 3 1 1 0 0 0 1 0 0
12754 4 0 0 0 0 0 0 0 0
12759 3 1 1 1 0 0 0 0 0
12760 2 0 0 0 0 0 2 0 0
12762 2 0 0 0 0 0 0 0 0
12772 2 1 1 0 0 0 1 0 0
12773 17 2 2 0 0 0 7 0 0
12783 4 0 0 1 0 0 2 0 0
12784 3 0 0 0 0 0 1 0 0
12785 4 1 1 0 0 0 0 0 0
12790 3 1 1 1 0 0 0 0 0
12791 2 0 0 0 0 0 2 0 0
12793 2 0 0 0 0 0 0 0 0
12803 2 1 1 0 0 0 1 0 0
12804 17 2 2 0 0 0 7 0 0
12814 4 0 0 1 0 0 2 0 0
12815 3 0 0 0 0 0 1 0 0
12816 4 1 1 0 0 0 0 0 0
12821 3 1 1 1 0 0 0 0 0
12822 2 1 1 0 0 0 2 0 0
12824 2 0 0 0 0 0 0 0 0
12834 2 1 1 0 0 0 1 0 0
12835 17 2 2 0 0 0 7 0 0
12845 4 0 0 1 0 0 2 0 0
12846 3 0 0 0 0 0 1 0 0
12847 4 0 0 0 0 0 0 0 0
12852 3 1 1 1 0 0 0 0 0
12853 2 1 1 0 0 0 2 1 0
12855 2 0 0 0 0 0 0 0 0
12865 2 1 1 0 0 0 1 0 0
12866 17 1 1 0 0 0 7 0 0
12876 4 1 1 1 0 0 2 0 0
12877 3 0 0 0 0 0 1 0 0
12878 4 0 0 0 0 0 0 0 0
12883 3 1 1 1 0 0 0 0 0
12884 2 0 0 0 0 0 2 1 0
12886 2 0 0 0 0 0 0 0 0
12896 2 1 1 0 0 0 1 0 0
12897 17 1 1 0 0 0 7 0 0
12907 4 1 1 1 0 0 2 0 0
12908 3 0 0 0 0 0 1 0 0
12909 4 0 0 0 0 0 0 0 0
12914 3 1 1 1 0 0 0 0 0
12915 2 0 0 0 0 0 2 0 0
12917 2 0 0 0 0 0 0 0 0
12927 2 1 1 0 0 0 1 0 0
12928 17 1 1 0 0 0 7 0 0
12938 4 0 0 1 0 0 2 0 0
12939 3 1 1 0 0 0 1 0 0
12940 4 0 0 0 0 0 0 0 0
12945 3 1 1 1 0 0 0 0 0
12946 2 0 0 0 0 0 2 0 0
12948 2 0 0 0 0 0 0 0 0
12958 2 1 1 0 0 0 1 0 0
12959 17 1 1 0 0 0 7 0 0
12969 4 0 0 1 0 0 2 0 0
12970 3 0 0 0 0 0 1 0 0
12971 4 0 0 0 0 0 0 0 0
12976 3 1 1 1 0 0 0 0 0
12977 2 0 0 0 0 0 2 0 0
12979 2 0 0 0 0 0 0 0 0
12989 2 2 2 0 0 0 1 0 0
12990 17 1 1 0 0 0 7 0 0
13000 4 0 0 1 0 0 2 0 0
13001 3 1 1 0 0 0 1 0 0
13002 4 0 0 0 0 0 0 0 0
13007 3 1 1 1 0 0 0 0 0
13008 2 0 0 0 0 0 2 0 0
13010 2 0 0 0 0 0 0 0 0
13020 2 1 1 0 0 0 1 0 0
13021 17 2 2 0 0 0 7 0 0
13031 4 0 0 1 0 0 2 0 0
13032 3 0 0 0 0 0 1 0 0
13033 4 1 1 0 0 0 0 0 0
13038 3 1 1 1 0 0 0 0 0
13039 2 0 0 0 0 0 2 0 0
13041 2 0 0 0 0 0 0 0 0
13051 2 1 1 0 0 0 1 0 0
13052 17 2 2 0 0 0 7 0 0
13062 4 0 0 1 0 0 2 0 0
13063 3 0 0 0 0 0 1 0 0
13064 4 1 1 0 0 0 0 0 0
13069 3 1 1 1 0 0 0 0 0
13070 2 1 1 0 0 0 2 0 0
13072 2 0 0 0 0 0 0 0 0
13082 2 1 1 0 0 0 1 0 0
13083 17 2 2 0 0 0 7 0 0
13093 4 0 0 1 0 0 2 0 0
13094 3 0 0 0 0 0 1 0 0
13095 4 0 0 0 0 0 0 0 0
13100 3 1 1 1 0 0 0 0 0
13101 2 1 1 0 0 0 2 0 0
13103 2 0 0 0 0 0 0 0 0
13113 2 1 1 0 0 0 1 0 0
13114 17 1 1 0 0 0 7 0 0
13124 4 1 1 1 0 0 2 0 0
13125 3 0 0 0 0 0 1 0 0
13126 4 0 0 0 0 0 0 0 0
13131 3 1 1 1 0 0 0 0 0
13132 2 0 0 0 0 0 2 1 0
13134 2 0 0 0 0 0 0 0 0
13144 2 1 1 0 0 0 1 0 0
13145 17 1 1 0 0 0 7 0 0
13155 4 1 1 1 0 0 2 0 0
13156 3 0 0 0 0 0 1 0 0
13157 4 0 0 0 0 0 0 0 0
13162 3 1 1 1 0 0 0 0 0
13163 2 0 0 0 0 0 2 0 0
13165 2 0 0 0 0 0 0 0 0
13175 2 1 1 0 0 0 1 0 0
13176 17 1 1 1 0 0 7 0 0
13186 4 0 0 0 0 0 1 0 0
13187 4 1 1 0 0 0 0 0 0
13194 2 1 1 0 0 0 1 0 0
13195 17 1 1 1 0 0 7 0 0
13205 4 0 0 0 0 0 1 0 0
13206 4 1 1 0 0 0 0 0 0
13213 2 1 1 0 0 0 1 0 0
13214 17 1 1 1 0 0 7 0 0
13224 4 0 0 0 0 0 1 0 0
13225 4 1 1 0 0 0 0 0 0
13232 2 2 2 0 0 0 1 0 0
13233 17 1 1 1 0 0 7 0 0
13243 4 0 0 0 0 0 1 0 0
13244 4 0 0 0 0 0 0 0 0
13251 2 1 1 0 0 0 1 0 0
13252 17 2 2 1 0 0 7 0 0
13262 4 0 0 0 0 0 1 0 0
13263 4 0 0 0 0 0 0 0 0
13270 2 1 1 0 0 0 1 0 0
13271 17 2 2 1 0 0 7 0 0
13281 4 0 0 0 0 0 1 0 0
13282 4 0 0 0 0 0 0 0 0
13289 2 1 1 0 0 0 1 0 0
13290 17 2 2 1 0 0 7 0 0
13300 4 0 0 0 0 0 1 0 0
13301 4 0 0 0 0 0 0 0 0
13308 2 1 1 0 0 0 1 0 0
13309 17 2 2 1 0 0 7 0 0
13319 4 0 0 0 0 0 1 0 0
13320 4 0 0 0 0 0 0 0 0
13327 2 1 1 0 0 0 1 0 0
13328 17 2 2 1 0 0 7 0 0
13338 4 0 0 0 0 0 1 0 0
13339 4 0 0 0 0 0 0 0 0
13346 2 1 1 0 0 0 1 0 0
13347 17 1 1 1 0 0 7 0 0
13357 4 1 1 0 0 0 1 0 0
13358 4 0 0 0 0 0 0 0 0
13365 2 1 1 0 0 0 1 0 0
13366 17 1 1 1 0 0 7 0 0
13376 4 1 1 0 0 0 1 0 0
13377 4 0 0 0 0 0 0 0 0
13384 2 1 1 0 0 0 1 0 0
13385 17 1 1 1 0 0 7 0 0
13395 4 1 1 0 0 0 1 0 0
13396 4 0 0 0 0 0 0 0 0
13403 2 1 1 0 0 0 1 0 0
13404 17 1 1 1 0 0 7 0 0
13414 4 1 1 0 0 0 1 0 0
13415 4 0 0 0 0 0 0 0 0
13422 2 1 1 0 0 0 1 0 0
13423 17 1 1 1 0 0 7 0 0
13433 4 0 0 0 0 0 1 0 0
13434 4 1 1 0 0 0 0 0 0
13441 2 1 1 0 0 0 1 0 0
13442 17 1 1 1 0 0 7 0 0
13452 4 0 0 0 0 0 1 0 0
13453 4 1 1 0 0 0 0 0 0
13460 2 1 1 0 0 0 1 0 0
13461 17 1 1 1 0 0 7 0 0
13471 4 0 0 0 0 0 1 0 0
13472 4 1 1 0 0 0 0 0 0
13479 2 2 2 0 0 0 1 0 0
13480 17 1 1 1 0 0 7 0 0
13490 4 0 0 0 0 0 1 0 0
13491 4 0 0 0 0 0 0 0 0
13498 2 1 1 0 0 0 1 0 0
13499 17 2 2 1 0 0 7 0 0
13509 4 0 0 0 0 0 1 0 0
13510 4 0 0 0 0 0 0 0 0
13517 2 1 1 0 0 0 1 0 0
13518 16 2 2 1 0 0 7 0 0
13528 4 0 0 0 0 0 1 0 0
13529 4 0 0 0 0 0 0 0 0
13536 2 1 1 0 0 0 1 0 0
13537 17 2 2 1 0 0 7 0 0
13547 4 0 0 0 0 0 1 0 0
13548 4 0 0 0 0 0 0 0 0
13555 2 1 1 0 0 0 1 0 0
13556 16 1 1 0 0 0 7 0 0
13566 4 1 1 1 0 0 2 0 0
13567 3 0 0 0 0 0 1 0 0
13568 4 0 0 0 0 0 0 0 0
13573 3 1 1 1 0 0 0 0 0
13582 1 1 1 0 0 0 1 1 1
13586 2 0 0 0 0 0 1 0 0
13587 16 1 1 0 0 0 7 0 0
13597 4 1 1 1 0 0 2 0 0
13598 3 0 0 0 0 0 1 0 0
13599 4 0 0 0 0 0 0 0 0
13604 3 1 1 1 0 0 0 0 0
13613 1 1 1 0 0 0 1 0 0
13617 2 0 0 0 0 0 1 0 0
13618 17 1 1 0 0 0 7 0 0
13628 4 0 0 0 0 0 1 0 0
13629 4 1 1 0 0 0 0 0 0
13636 2 1 1 0 0 0 1 0 0
13637 16 1 1 0 0 0 7 0 0
13647 4 0 0 0 0 0 1 0 0
13648 4 1 1 0 0 0 0 0 0
13655 2 2 2 0 0 0 1 0 0
13656 16 1 1 0 0 0 7 0 0
13666 4 0 0 1 0 0 2 0 0
13667 3 1 1 0 0 0 1 0 0
13668 4 0 0 0 0 0 0 0 0
13673 3 1 1 1 0 0 0 0 0
13682 1 1 1 0 0 0 1 0 0
13686 2 0 0 0 0 0 1 0 0
13687 16 2 2 0 0 0 7 0 0
13697 4 0 0 0 0 0 1 0 0
13698 4 0 0 0 0 0 0 0 0
13705 2 1 1 0 0 0 1 0 0
13706 17 2 2 0 0 0 7 0 0
13716 4 0 0 0 0 0 1 0 0
13717 4 0 0 0 0 0 0 0 0
13724 2 1 1 0 0 0 1 0 0
13725 16 2 2 0 0 0 7 0 0
13735 4 0 0 1 0 0 2 0 0
13736 3 0 0 0 0 0 1 0 0
13737 4 0 0 0 0 0 0 0 0
13742 3 1 1 1 0 0 0 0 0
13751 1 1 1 0 0 0 1 1 1
13755 2 0 0 0 0 0 1 0 0
13756 16 1 1 0 0 0 7 0 0
13766 4 1 1 1 0 0 2 0 0
13767 3 0 0 0 0 0 1 0 0
13768 4 0 0 0 0 0 0 0 0
13773 3 1 1 1 0 0 0 0 0
13782 1 1 1 0 0 0 1 0 0
13786 2 0 0 0 0 0 1 0 0
13787 17 1 1 0 0 0 7 0 0
13797 4 1 1 1 0 0 2 0 0
13798 3 0 0 0 0 0 1 0 0
13799 4 0 0 0 0 0 0 0 0
13804 3 1 1 1 0 0 0 0 0
13805 2 0 0 0 0 0 2 1 0
13807 2 0 0 0 0 0 0 0 0
13816 4 1 1 0 0 0 0 0 0
13817 2 0 0 0 0 0 1 0 0
13818 16 1 1 0 0 0 7 0 0
13828 4 1 1 0 0 0 1 0 0
13829 4 0 0 0 0 0 0 0 0
13835 1 1 1 0 0 0 0 0 0
13836 2 0 0 0 0 0 1 0 0
13837 16 1 1 0 0 0 7 0 0
13847 4 1 1 0 0 0 1 0 0
13848 4 0 0 0 0 0 0 0 0
13854 1 1 1 0 0 0 0 0 0
13855 2 0 0 0 0 0 1 0 0
13856 16 1 1 0 0 0 7 0 0
13866 4 1 1 0 0 0 1 0 0
13867 4 0 0 0 0 0 0 0 0
13874 2 1 1 0 0 0 1 0 0
13875 16 1 1 0 0 0 7 0 0
13885 4 0 0 0 0 0 1 0 0
13886 4 1 1 0 0 0 0 0 0
13893 2 1 1 0 0 0 1 0 0
13894 16 1 1 0 0 0 7 0 0
13904 4 0 0 0 0 0 1 0 0
13905 4 1 1 0 0 0 0 0 0
13912 2 2 2 0 0 0 1 0 0
13913 17 1 1 0 0 0 7 0 0
13923 3 0 0 0 0 0 1 0 0
13924 4 0 0 0 0 0 0 0 0
13930 1 0 0 0 0 0 0 0 0
13931 2 0 0 0 0 0 1 0 0
13932 17 2 2 0 0 0 7 0 0
13942 3 0 0 0 0 0 1 0 0
13943 4 0 0 0 0 0 0 0 0
13950 2 1 1 0 0 0 1 0 0
13951 17 2 2 0 0 0 7 0 0
13961 3 0 0 0 0 0 1 0 0
13962 4 0 0 0 0 0 0 0 0
13969 2 1 1 0 0 0 1 0 0
13970 17 1 1 0 0 0 7 0 0
13980 3 1 1 0 0 0 1 0 0
13981 4 0 0 0 0 0 0 0 0
13988 2 1 1 0 0 0 1 0 0
13989 17 1 1 0 0 0 7 0 0
13999 3 0 0 0 0 0 1 0 0
14000 4 1 1 0 0 0 0 0 0
14007 2 2 2 0 0 0 1 0 0
14008 17 1 1 0 0 0 7 0 0
14018 3 0 0 0 0 0 1 0 0
14019 4 0 0 0 0 0 0 0 0
14026 2 1 1 0 0 0 1 0 0
14027 17 2 2 0 0 0 7 0 0
14037 3 0 0 0 0 0 1 0 0
14038 4 0 0 0 0 0 0 0 0
14045 2 1 1 0 0 0 1 0 0
14046 17 1 1 0 0 0 7 0 0
14056 3 1 1 0 0 0 1 0 0
14057 4 0 0 0 0 0 0 0 0
14064 2 1 1 0 0 0 1 0 0
14065 17 1 1 0 0 0 7 0 0
14075 3 0 0 0 0 0 1 0 0
14076 4 1 1 0 0 0 0 0 0
14083 2 1 1 0 0 0 1 0 0
14084 17 1 1 0 0 0 7 0 0
14094 3 0 0 0 0 0 1 0 0
14095 4 0 0 0 0 0 0 0 0
14102 2 1 1 0 0 0 1 0 0
14103 17 2 2 0 0 0 7 0 0
14113 3 0 0 0 0 0 1 0 0
14114 4 0 0 0 0 0 0 0 0
14121 2 1 1 0 0 0 1 0 0
14122 17 2 2 0 0 0 7 0 0
14132 3 0 0 0 0 0 1 0 0
14133 4 0 0 0 0 0 0 0 0
14140 2 1 1 0 0 0 1 0 0
14141 17 1 1 0 0 0 7 0 0
14151 3 1 1 0 0 0 1 0 0
14152 4 0 0 0 0 0 0 0 0
14159 2 1 1 0 0 0 1 0 0
14160 17 1 1 0 0 0 7 0 0
14170 3 0 0 0 0 0 1 0 0
14171 4 1 1 0 0 0 0 0 0
14178 2 2 2 0 0 0 1 0 0
14179 17 1 1 0 0 0 7 0 0
14189 3 0 0 0 0 0 1 0 0
14190 4 0 0 0 0 0 0 0 0
14197 2 1 1 0 0 0 1 0 0
14198 17 2 2 0 0 0 7 0 0
14208 3 0 0 0 0 0 1 0 0
14209 4 0 0 0 0 0 0 0 0
14216 2 1 1 0 0 0 1 0 0
14217 17 2 2 0 0 0 7 0 0
14227 3 0 0 0 0 0 1 0 0
14228 4 0 0 0 0 0 0 0 0
14235 2 1 1 0 0 0 1 0 0
14236 17 1 1 0 0 0 7 0 0
14246 3 0 0 0 0 0 1 0 0
14247 4 1 1 0 0 0 0 0 0
14254 2 1 1 0 0 0 1 0 0
14255 17 1 1 0 0 0 7 0 0
14265 3 0 0 0 0 0 1 0 0
14266 4 0 0 0 0 0 0 0 0
14273 2 1 1 0 0 0 1 0 0
14274 16 2 2 0 0 0 7 0 0
14284 4 0 0 0 0 0 1 0 0
14285 4 0 0 0 0 0 0 0 0
14292 2 1 1 0 0 0 1 0 0
14293 16 2 2 0 0 0 7 0 0
14303 4 0 0 0 0 0 1 0 0
14304 4 0 0 0 0 0 0 0 0
14311 2 1 1 0 0 0 1 0 0
14312 17 2 2 0 0 0 7 0 0
14322 4 0 0 1 0 0 2 0 0
14323 3 0 0 0 0 0 1 0 0
14324 4 0 0 0 0 0 0 0 0
14329 3 1 1 1 0 0 0 0 0
14330 2 1 1 0 0 0 2 1 0
14332 2 0 0 0 0 0 0 0 0
14342 2 1 1 0 0 0 1 0 0
14343 17 1 1 1 0 0 7 0 0
14353 4 1 1 0 0 0 1 0 0
14354 4 0 0 0 0 0 0 0 0
14361 2 1 1 0 0 0 1 0 0
14362 17 1 1 1 0 0 7 0 0
14372 4 1 1 0 0 0 1 0 0
14373 4 0 0 0 0 0 0 0 0
14380 2 1 1 0 0 0 1 0 0
14381 16 1 1 0 0 0 7 0 0
14391 4 1 1 1 0 0 2 0 0
14392 3 0 0 0 0 0 1 0 0
14393 4 0 0 0 0 0 0 0 0
14398 3 1 1 1 0 0 0 0 0
14407 1 1 1 0 0 0 1 1 0
14411 2 0 0 0 0 0 1 0 0
14412 16 1 1 0 0 0 7 0 0
14422 4 0 0 1 0 0 2 0 0
14423 3 0 0 0 0 0 1 0 0
14424 4 0 0 0 0 0 0 0 0
14429 3 1 1 1 0 0 0 0 0
14438 1 1 1 0 0 0 1 0 0
14442 2 1 1 0 0 0 1 0 0
14443 16 1 1 0 0 0 7 0 0
14453 4 0 0 1 0 0 2 0 0
14454 3 1 1 0 0 0 1 0 0
14455 4 0 0 0 0 0 0 0 0
14460 3 1 1 1 0 0 0 0 0
14469 1 1 1 0 0 0 1 1 1
14473 2 0 0 0 0 0 1 0 0
14474 17 2 2 0 0 0 7 0 0
14484 4 0 0 0 0 0 1 0 0
14485 4 0 0 0 0 0 0 0 0
14492 2 1 1 0 0 0 1 0 0
14493 16 2 2 0 0 0 7 0 0
14503 4 0 0 1 0 0 2 0 0
14504 3 0 0 0 0 0 1 0 0
14505 4 0 0 0 0 0 0 0 0
14510 3 1 1 1 0 0 0 0 0
14519 1 1 1 0 0 0 1 0 0
14523 2 0 0 0 0 0 1 0 0
14524 16 2 2 0 0 0 7 0 0
14534 4 0 0 1 0 0 2 0 0
14535 3 0 0 0 0 0 1 0 0
14536 4 0 0 0 0 0 0 0 0
14541 3 1 1 1 0 0 0 0 0
14550 1 1 1 0 0 0 1 0 0
14554 2 0 0 0 0 0 1 0 0
14555 16 1 1 0 0 0 7 0 0
14565 4 1 1 1 0 0 2 0 0
14566 3 0 0 0 0 0 1 0 0
14567 4 0 0 0 0 0 0 0 0
14572 3 1 1 1 0 0 0 0 0
14581 1 1 1 0 0 0 1 0 0
14585 2 0 0 0 0 0 1 0 0
14586 16 1 1 0 0 0 7 0 0
14596 4 0 0 1 0 0 2 0 0
14597 3 1 1 0 0 0 1 0 0
14598 4 0 0 0 0 0 0 0 0
14603 3 1 1 1 0 0 0 0 0
14612 1 1 1 0 0 0 1 0 0
14616 2 1 1 0 0 0 1 0 0
14617 16 1 1 0 0 0 7 0 0
14627 4 0 0 1 0 0 2 0 0
14628 3 1 1 0 0 0 1 0 0
14629 4 0 0 0 0 0 0 0 0
14634 3 1 1 1 0 0 0 0 0
14643 1 1 1 0 0 0 1 0 0
14647 2 0 0 0 0 0 1 0 0
14648 16 2 2 0 0 0 7 0 0
14658 4 0 0 1 0 0 2 0 0
14659 3 0 0 0 0 0 1 0 0
14660 4 1 1 0 0 0 0 0 0
14665 3 1 1 1 0 0 0 0 0
14674 1 1 1 0 0 0 1 0 0
14678 2 0 0 0 0 0 1 0 0
14679 16 2 2 0 0 0 7 0 0
14689 4 0 0 1 0 0 2 0 0
14690 3 0 0 0 0 0 1 0 0
14691 4 0 0 0 0 0 0 0 0
14696 3 1 1 1 0 0 0 0 0
14705 1 1 1 0 0 0 1 0 0
14709 2 0 0 0 0 0 1 0 0
14710 17 2 2 0 0 0 7 0 0
14720 4 0 0 0 0 0 1 0 0
14721 4 0 0 0 0 0 0 0 0
14728 2 1 1 0 0 0 1 0 0
14729 17 1 1 0 0 0 7 0 0
14739 4 1 1 0 0 0 1 0 0
14740 4 0 0 0 0 0 0 0 0
14747 2 1 1 0 0 0 1 0 0
14748 17 1 1 0 0 0 7 0 0
14758 4 1 1 0 0 0 1 0 0
14759 4 0 0 0 0 0 0 0 0
14766 2 1 1 0 0 0 1 0 0
14767 17 1 1 0 0 0 7 0 0
14777 4 1 1 0 0 0 1 0 0
14778 4 0 0 0 0 0 0 0 0
14785 2 1 1 0 0 0 1 0 0
14786 17 1 1 0 0 0 7 0 0
14796 4 0 0 0 0 0 1 0 0
14797 4 1 1 0 0 0 0 0 0
14804 2 1 1 0 0 0 1 0 0
14805 17 1 1 0 0 0 7 0 0
14815 4 0 0 0 0 0 1 0 0
14816 4 1 1 0 0 0 0 0 0
14823 2 1 1 0 0 0 1 0 0
14824 16 1 1 0 0 0 7 0 0
14834 4 0 0 1 0 0 2 0 0
14835 3 1 1 0 0 0 1 0 0
14836 4 0 0 0 0 0 0 0 0
14841 3 1 1 1 0 0 0 0 0
14850 1 1 1 0 0 0 1 1 1
14854 2 0 0 0 0 0 1 0 0
14855 16 2 2 0 0 0 7 0 0
14865 4 0 0 1 0 0 2 0 0
14866 3 0 0 0 0 0 1 0 0
14867 4 1 1 0 0 0 0 0 0
14872 3 1 1 1 0 0 0 0 0
14881 1 1 1 0 0 0 1 0 0
14885 2 0 0 0 0 0 1 0 0
14886 16 2 2 0 0 0 7 0 0
14896 4 0 0 1 0 0 2 0 0
14897 3 0 0 0 0 0 1 0 0
14898 4 0 0 0 0 0 0 0 0
14903 3 1 1 1 0 0 0 0 0
14912 1 1 1 0 0 0 1 0 0
14916 2 0 0 0 0 0 1 0 0
14917 16 2 2 0 0 0 7 0 0
14927 4 0 0 1 0 0 2 0 0
14928 3 0 0 0 0 0 1 0 0
14929 4 0 0 0 0 0 0 0 0
14934 3 1 1 1 0 0 0 0 0
14943 1 1 1 0 0 0 1 0 0
14947 2 0 0 0 0 0 1 0 0
14948 16 1 1 0 0 0 7 0 0
14958 4 1 1 1 0 0 2 0 0
14959 3 0 0 0 0 0 1 0 0
14960 4 0 0 0 0 0 0 0 0
14965 3 1 1 1 0 0 0 0 0
14974 1 1 1 0 0 0 1 0 0
14978 2 0 0 0 0 0 1 0 0
14979 17 1 1 0 0 0 7 0 0
14989 4 0 0 0 0 0 1 0 0
14990 4 1 1 0 0 0 0 0 0
14997 2 1 1 0 0 0 1 0 0
14998 17 1 1 0 0 0 7 0 0
15008 4 0 0 0 0 0 1 0 0
15009 4 1 1 0 0 0 0 0 0
15016 2 1 1 0 0 0 1 0 0
15017 17 1 1 0 0 0 7 0 0
15027 4 0 0 0 0 0 1 0 0
15028 4 1 1 0 0 0 0 0 0
15035 2 2 2 0 0 0 1 0 0
15036 17 1 1 0 0 0 7 0 0
15046 4 0 0 0 0 0 1 0 0
15047 4 0 0 0 0 0 0 0 0
15054 2 1 1 0 0 0 1 0 0
15055 17 2 2 0 0 0 7 0 0
15065 4 0 0 0 0 0 1 0 0
15066 4 0 0 0 0 0 0 0 0
15073 2 1 1 0 0 0 1 0 0
15074 17 2 2 0 0 0 7 0 0
15084 4 0 0 0 0 0 1 0 0
15085 4 0 0 0 0 0 0 0 0
15092 2 1 1 0 0 0 1 0 0
15093 17 2 2 0 0 0 7 0 0
15103 4 0 0 0 0 0 1 0 0
15104 4 0 0 0 0 0 0 0 0
15111 2 1 1 0 0 0 1 0 0
15112 17 2 2 0 0 0 7 0 0
15122 4 0 0 0 0 0 1 0 0
15123 4 0 0 0 0 0 0 0 0
15130 2 1 1 0 0 0 1 0 0
15131 17 2 2 0 0 0 7 0 0
15141 4 0 0 0 0 0 1 0 0
15142 4 0 0 0 0 0 0 0 0
15149 2 1 1 0 0 0 1 0 0
15150 17 1 1 0 0 0 7 0 0
15160 4 1 1 0 0 0 1 0 0
15161 4 0 0 0 0 0 0 0 0
15168 2 1 1 0 0 0 1 0 0
15169 17 1 1 0 0 0 7 0 0
15179 4 1 1 0 0 0 1 0 0
15180 4 0 0 0 0 0 0 0 0
15187 2 1 1 0 0 0 1 0 0
15188 17 1 1 0 0 0 7 0 0
15198 4 1 1 0 0 0 1 0 0
15199 4 0 0 0 0 0 0 0 0
15206 2 1 1 0 0 0 1 0 0
15207 17 1 1 0 0 0 7 0 0
15217 4 1 1 0 0 0 1 0 0
15218 4 0 0 0 0 0 0 0 0
15225 2 1 1 0 0 0 1 0 0
15226 17 1 1 0 0 0 7 0 0
15236 4 0 0 0 0 0 1 0 0
15237 4 1 1 0 0 0 0 0 0
15244 2 1 1 0 0 0 1 0 0
15245 17 1 1 0 0 0 7 0 0
15255 4 0 0 0 0 0 1 0 0
15256 4 1 1 0 0 0 0 0 0
15263 2 1 1 0 0 0 1 0 0
15264 17 1 1 0 0 0 7 0 0
15274 4 0 0 0 0 0 1 0 0
15275 4 1 1 0 0 0 0 0 0
15282 2 2 2 0 0 0 1 0 0
15283 17 1 1 0 0 0 7 0 0
15293 4 0 0 0 0 0 1 0 0
15294 4 0 0 0 0 0 0 0 0
15301 2 1 1 0 0 0 1 0 0
15302 17 2 2 0 0 0 7 0 0
15312 4 0 0 0 0 0 1 0 0
15313 4 0 0 0 0 0 0 0 0
15320 2 1 1 0 0 0 1 0 0
15321 17 2 2 0 0 0 7 0 0
15331 4 0 0 0 0 0 1 0 0
15332 4 0 0 0 0 0 0 0 0
15339 2 1 1 0 0 0 1 0 0
15340 17 2 2 0 0 0 7 0 0
15350 4 0 0 0 0 0 1 0 0
15351 4 0 0 0 0 0 0 0 0
15358 2 1 1 0 0 0 1 0 0
15359 17 2 2 0 0 0 7 0 0
15369 4 0 0 0 0 0 1 0 0
15370 4 0 0 0 0 0 0 0 0
15377 2 1 1 0 0 0 1 0 0
15378 17 2 2 0 0 0 7 0 0
15388 4 0 0 0 0 0 1 0 0
15389 4 0 0 0 0 0 0 0 0
15396 2 1 1 0 0 0 1 0 0
15397 16 1 1 0 0 0 7 0 0
15407 4 1 1 1 0 0 2 0 0
15408 3 0 0 0 0 0 1 0 0
15409 4 0 0 0 0 0 0 0 0
15414 3 1 1 1 0 0 0 0 0
15423 1 1 1 0 0 0 1 1 0
15427 2 0 0 0 0 0 1 0 0
15428 16 1 1 0 0 0 7 0 0
15438 4 1 1 1 0 0 2 0 0
15439 3 0 0 0 0 0 1 0 0
15440 4 0 0 0 0 0 0 0 0
15445 3 1 1 1 0 0 0 0 0
15454 1 1 1 0 0 0 1 0 0
15458 2 0 0 0 0 0 1 0 0
15459 16 1 1 0 0 0 7 0 0
15469 4 0 0 1 0 0 2 0 0
15470 3 0 0 0 0 0 1 0 0
15471 4 0 0 0 0 0 0 0 0
15476 3 1 1 1 0 0 0 0 0
15485 1 1 1 0 0 0 1 0 0
15489 2 1 1 0 0 0 1 0 0
15490 16 1 1 0 0 0 7 0 0
15500 4 0 0 1 0 0 2 0 0
15501 3 1 1 0 0 0 1 0 0
15502 4 0 0 0 0 0 0 0 0
15507 3 1 1 1 0 0 0 0 0
15516 1 1 1 0 0 0 1 1 1
15520 2 0 0 0 0 0 1 0 0
15521 16 2 2 0 0 0 7 0 0
15531 4 0 0 1 0 0 2 0 0
15532 3 0 0 0 0 0 1 0 0
15533 4 1 1 0 0 0 0 0 0
15538 3 2 2 1 0 0 0 0 0
15547 1 1 1 0 0 0 1 0 0
15551 2 0 0 0 0 0 1 0 0
15552 17 2 2 0 0 0 7 0 0
15562 4 0 0 0 0 0 1 0 0
15563 4 0 0 0 0 0 0 0 0
15570 2 1 1 0 0 0 1 0 0
15571 16 2 2 0 0 0 7 0 0
15581 4 0 0 0 0 0 1 0 0
15582 4 0 0 0 0 0 0 0 0
15589 2 1 1 0 0 0 1 0 0
15590 17 1 1 0 0 0 7 0 0
15600 4 1 1 0 0 0 1 0 0
15601 4 0 0 0 0 0 0 0 0
15608 2 1 1 0 0 0 1 0 0
15609 17 1 1 0 0 0 7 0 0
15619 4 1 1 0 0 0 1 0 0
15620 4 0 0 0 0 0 0 0 0
15627 2 1 1 0 0 0 1 0 0
15628 17 1 1 0 0 0 7 0 0
15638 4 1 1 0 0 0 1 0 0
15639 4 0 0 0 0 0 0 0 0
15646 2 1 1 0 0 0 1 0 0
15647 17 1 1 0 0 0 7 0 0
15657 4 0 0 0 0 0 1 0 0
15658 4 1 1 0 0 0 0 0 0
15665 2 1 1 0 0 0 1 0 0
15666 17 1 1 0 0 0 7 0 0
15676 4 0 0 0 0 0 1 0 0
15677 4 1 1 0 0 0 0 0 0
15684 2 1 1 0 0 0 1 0 0
15685 16 1 1 0 0 0 7 0 0
15695 4 0 0 1 0 0 2 0 0
15696 3 1 1 0 0 0 1 0 0
15697 4 0 0 0 0 0 0 0 0
15702 3 1 1 1 0 0 0 0 0
15711 1 1 1 0 0 0 1 0 0
15715 2 0 0 0 0 0 1 0 0
15716 16 2 2 0 0 0 7 0 0
15726 4 0 0 1 0 0 2 0 0
15727 3 0 0 0 0 0 1 0 0
15728 4 1 1 0 0 0 0 0 0
15733 3 1 1 1 0 0 0 0 0
15742 1 1 1 0 0 0 1 0 0
15746 2 0 0 0 0 0 1 0 0
15747 16 2 2 0 0 0 7 0 0
15757 4 0 0 1 0 0 2 0 0
15758 3 0 0 0 0 0 1 0 0
15759 4 0 0 0 0 0 0 0 0
15764 3 1 1 1 0 0 0 0 0
15773 1 1 1 0 0 0 1 0 0
15777 2 0 0 0 0 0 1 0 0
15778 16 2 2 0 0 0 7 0 0
15788 4 0 0 1 0 0 2 0 0
15789 3 0 0 0 0 0 1 0 0
15790 4 0 0 0 0 0 0 0 0
15795 3 1 1 1 0 0 0 0 0
15804 1 1 1 0 0 0 1 0 0
15808 2 0 0 0 0 0 1 0 0
15809 16 1 1 0 0 0 7 0 0
15819 4 1 1 1 0 0 2 0 0
15820 3 0 0 0 0 0 1 0 0
15821 4 0 0 0 0 0 0 0 0
15826 3 1 1 1 0 0 0 0 0
15835 1 1 1 0 0 0 1 0 0
15839 2 0 0 0 0 0 1 0 0
15840 17 1 1 0 0 0 7 0 0
15850 4 0 0 0 0 0 1 0 0
15851 4 1 1 0 0 0 0 0 0
15858 2 1 1 0 0 0 1 0 0
15859 17 1 1 0 0 0 7 0 0
15869 4 0 0 0 0 0 1 0 0
15870 4 1 1 0 0 0 0 0 0
15877 2 1 1 0 0 0 1 0 0
15878 17 1 1 0 0 0 7 0 0
15888 4 0 0 0 0 0 1 0 0
15889 4 1 1 0 0 0 0 0 0
15896 2 2 2 0 0 0 1 0 0
15897 16 1 1 0 0 0 7 0 0
15907 4 0 0 1 0 0 2 0 0
15908 3 1 1 0 0 0 1 0 0
15909 4 0 0 0 0 0 0 0 0
15914 3 1 1 1 0 0 0 0 0
15923 1 1 1 0 0 0 1 0 0
15927 2 0 0 0 0 0 1 0 0
15928 16 2 2 0 0 0 7 0 0
15938 4 0 0 1 0 0 2 0 0
15939 3 0 0 0 0 0 1 0 0
15940 4 1 1 0 0 0 0 0 0
15945 3 2 2 1 0 0 0 0 0
15954 1 1 1 0 0 0 1 1 1
15958 2 0 0 0 0 0 1 0 0
15959 16 2 2 0 0 0 7 0 0
15969 4 0 0 1 0 0 2 0 0
15970 3 0 0 0 0 0 1 0 0
15971 4 0 0 0 0 0 0 0 0
15976 3 1 1 1 0 0 0 0 0
15985 1 1 1 0 0 0 1 0 0
15989 2 0 0 0 0 0 1 0 0
15990 16 1 1 0 0 0 7 0 0
16000 4 1 1 1 0 0 2 0 0
16001 3 0 0 0 0 0 1 0 0
16002 4 0 0 0 0 0 0 0 0
16007 3 1 1 1 0 0 0 0 0
16016 1 1 1 0 0 0 1 0 0
16020 2 0 0 0 0 0 1 0 0
16021 16 1 1 0 0 0 7 0 0
16031 4 1 1 1 0 0 2 0 0
16032 3 0 0 0 0 0 1 0 0
16033 4 0 0 0 0 0 0 0 0
16038 3 1 1 1 0 0 0 0 0
16047 1 1 1 0 0 0 1 0 0
16051 2 1 1 0 0 0 1 0 0
16052 17 1 1 0 0 0 7 0 0
16062 4 0 0 0 0 0 1 0 0
16063 4 1 1 0 0 0 0 0 0
16070 2 1 1 0 0 0 1 0 0
16071 17 1 1 0 0 0 7 0 0
16081 4 0 0 0 0 0 1 0 0
16082 4 1 1 0 0 0 0 0 0
16089 2 2 2 0 0 0 1 0 0
16090 17 1 1 0 0 0 7 0 0
16100 4 0 0 0 0 0 1 0 0
16101 4 0 0 0 0 0 0 0 0
16108 2 1 1 0 0 0 1 0 0
16109 16 2 2 0 0 0 7 0 0
16119 4 0 0 1 0 0 2 0 0
16120 3 0 0 0 0 0 1 0 0
16121 4 1 1 0 0 0 0 0 0
16126 3 1 1 1 0 0 0 0 0
16135 1 1 1 0 0 0 1 0 0
16139 2 0 0 0 0 0 1 0 0
16140 16 2 2 0 0 0 7 0 0
16150 4 0 0 1 0 0 2 0 0
16151 3 0 0 0 0 0 1 0 0
16152 4 0 0 0 0 0 0 0 0
16157 3 1 1 1 0 0 0 0 0
16166 1 1 1 0 0 0 1 0 0
16170 2 0 0 0 0 0 1 0 0
16171 16 1 1 0 0 0 7 0 0
16181 4 1 1 1 0 0 2 0 0
16182 3 0 0 0 0 0 1 0 0
16183 4 0 0 0 0 0 0 0 0
16188 3 1 1 1 0 0 0 0 0
16197 1 1 1 0 0 0 1 0 0
16201 2 0 0 0 0 0 1 0 0
16202 16 1 1 0 0 0 7 0 0
16212 4 1 1 1 0 0 2 0 0
16213 3 0 0 0 0 0 1 0 0
16214 4 0 0 0 0 0 0 0 0
16219 3 1 1 1 0 0 0 0 0
16228 1 1 1 0 0 0 1 0 0
16232 2 0 0 0 0 0 1 0 0
16233 16 1 1 0 0 0 7 0 0
16243 4 0 0 1 0 0 2 0 0
16244 3 1 1 0 0 0 1 0 0
16245 4 0 0 0 0 0 0 0 0
16250 3 1 1 1 0 0 0 0 0
16259 1 1 1 0 0 0 1 1 1
16263 2 1 1 0 0 0 1 0 0
16264 16 1 1 0 0 0 7 0 0
16274 4 0 0 1 0 0 2 0 0
16275 3 1 1 0 0 0 1 0 0
16276 4 0 0 0 0 0 0 0 0
16281 3 1 1 1 0 0 0 0 0
16290 1 1 1 0 0 0 1 0 0
16294 2 0 0 0 0 0 1 0 0
16295 16 2 2 0 0 0 7 0 0
16305 4 0 0 1 0 0 2 0 0
16306 3 0 0 0 0 0 1 0 0
16307 4 1 1 0 0 0 0 0 0
16312 3 2 2 1 0 0 0 0 0
16321 1 1 1 0 0 0 1 0 0
16325 2 0 0 0 0 0 1 0 0
16326 16 2 2 0 0 0 7 0 0
16336 4 0 0 1 0 0 2 0 0
16337 3 0 0 0 0 0 1 0 0
16338 4 0 0 0 0 0 0 0 0
16343 3 1 1 1 0 0 0 0 0
16352 1 1 1 0 0 0 1 0 0
16356 2 0 0 0 0 0 1 0 0
16357 16 1 1 0 0 0 7 0 0
16367 4 1 1 1 0 0 2 0 0
16368 3 0 0 0 0 0 1 0 0
16369 4 0 0 0 0 0 0 0 0
16374 3 1 1 1 0 0 0 0 0
16383 1 1 1 0 0 0 1 0 0
16387 2 0 0 0 0 0 1 0 0
16388 16 1 1 0 0 0 7 0 0
16398 4 1 1 1 0 0 2 0 0
16399 3 0 0 0 0 0 1 0 0
16400 4 0 0 0 0 0 0 0 0
16405 3 1 1 1 0 0 0 0 0
16414 1 1 1 0 0 0 1 0 0
16418 2 0 0 0 0 0 1 0 0
16419 17 1 1 0 0 0 7 0 0
16429 4 0 0 0 0 0 1 0 0
16430 4 1 1 0 0 0 0 0 0
16437 2 1 1 0 0 0 1 0 0
16438 17 1 1 0 0 0 7 0 0
16448 4 0 0 0 0 0 1 0 0
16449 4 1 1 0 0 0 0 0 0
16456 2 2 2 0 0 0 1 0 0
16457 16 1 1 0 0 0 7 0 0
16467 4 0 0 1 0 0 2 0 0
16468 3 1 1 0 0 0 1 0 0
16469 4 0 0 0 0 0 0 0 0
16474 3 1 1 1 0 0 0 0 0
16483 1 1 1 0 0 0 1 0 0
16487 2 0 0 0 0 0 1 0 0
16488 16 2 2 0 0 0 7 0 0
16498 4 0 0 1 0 0 2 0 0
16499 3 0 0 0 0 0 1 0 0
16500 4 1 1 0 0 0 0 0 0
16505 3 2 2 1 0 0 0 0 0
16514 1 1 1 0 0 0 1 0 0
16518 2 0 0 0 0 0 1 0 0
16519 16 2 2 0 0 0 7 0 0
16529 4 0 0 1 0 0 2 0 0
16530 3 0 0 0 0 0 1 0 0
16531 4 0 0 0 0 0 0 0 0
16536 3 1 1 1 0 0 0 0 0
16545 1 1 1 0 0 0 1 1 1
16549 2 0 0 0 0 0 1 0 0
16550 16 1 1 0 0 0 7 0 0
16560 4 1 1 1 0 0 2 0 0
16561 3 0 0 0 0 0 1 0 0
16562 4 0 0 0 0 0 0 0 0
16567 3 1 1 1 0 0 0 0 0
16576 1 1 1 0 0 0 1 0 0
16580 2 0 0 0 0 0 1 0 0
16581 16 1 1 0 0 0 7 0 0
16591 4 1 1 1 0 0 2 0 0
16592 3 0 0 0 0 0 1 0 0
16593 4 0 0 0 0 0 0 0 0
16598 3 1 1 1 0 0 0 0 0
16607 1 1 1 0 0 0 1 0 0
16611 2 0 0 0 0 0 1 0 0
16612 17 1 1 0 0 0 7 0 0
16622 4 0 0 0 0 0 1 0 0
16623 4 1 1 0 0 0 0 0 0
16630 2 1 1 0 0 0 1 0 0
16631 17 1 1 0 0 0 7 0 0
16641 4 0 0 0 0 0 1 0 0
16642 4 1 1 0 0 0 0 0 0
16649 2 2 2 0 0 0 1 0 0
16650 16 1 1 0 0 0 7 0 0
16660 4 0 0 1 0 0 2 0 0
16661 3 1 1 0 0 0 1 0 0
16662 4 0 0 0 0 0 0 0 0
16667 3 1 1 1 0 0 0 0 0
16676 1 1 1 0 0 0 1 0 0
16680 2 0 0 0 0 0 1 0 0
16681 16 2 2 0 0 0 7 0 0
16691 4 0 0 1 0 0 2 0 0
16692 3 0 0 0 0 0 1 0 0
16693 4 1 1 0 0 0 0 0 0
16698 3 2 2 1 0 0 0 0 0
16707 1 1 1 0 0 0 1 0 0
16711 2 0 0 0 0 0 1 0 0
16712 16 2 2 0 0 0 7 0 0
16722 4 0 0 1 0 0 2 0 0
16723 3 0 0 0 0 0 1 0 0
16724 4 0 0 0 0 0 0 0 0
16729 3 1 1 1 0 0 0 0 0
16738 1 1 1 0 0 0 1 0 0
16742 2 0 0 0 0 0 1 0 0
16743 16 1 1 0 0 0 7 0 0
16753 4 1 1 1 0 0 2 0 0
16754 3 0 0 0 0 0 1 0 0
16755 4 0 0 0 0 0 0 0 0
16760 3 1 1 1 0 0 0 0 0
16769 1 1 1 0 0 0 1 0 0
16773 2 0 0 0 0 0 1 0 0
16774 16 1 1 0 0 0 7 0 0
16784 4 1 1 1 0 0 2 0 0
16785 3 0 0 0 0 0 1 0 0
16786 4 0 0 0 0 0 0 0 0
16791 3 1 1 1 0 0 0 0 0
16800 1 1 1 0 0 0 1 0 0
16804 2 1 1 0 0 0 1 0 0
16805 16 1 1 0 0 0 7 0 0
16815 4 0 0 1 0 0 2 1 0
16816 3 0 0 0 0 0 1 0 0
16817 4 0 0 0 0 0 0 0 0
16822 3 1 1 1 0 0 0 0 0
16831 1 1 1 0 0 0 1 1 1
16835 2 1 1 0 0 0 1 0 0
16836 16 1 1 0 0 0 7 1 0
16846 4 0 0 1 0 0 2 0 0
16847 3 0 0 0 0 0 1 0 0
16848 4 1 1 0 0 0 0 0 0
16853 3 1 1 1 0 0 0 0 0
16862 1 1 1 0 0 0 1 0 0
16866 2 0 0 0 0 0 1 0 0
16867 16 2 2 0 0 0 7 0 0
16877 4 0 0 1 0 0 2 0 0
16878 3 0 0 0 0 0 1 0 0
16879 4 1 1 0 0 0 0 0 0
16884 3 2 2 1 0 0 0 0 0
16893 1 1 1 0 0 0 1 0 0
16897 2 0 0 0 0 0 1 0 0
16898 16 2 2 0 0 0 7 0 0
16908 4 0 0 1 0 0 2 0 0
16909 3 0 0 0 0 0 1 0 0
16910 4 0 0 0 0 0 0 0 0
16915 3 1 1 1 0 0 0 0 0
16924 1 1 1 0 0 0 1 0 0
16928 2 0 0 0 0 0 1 0 0
16929 16 1 1 0 0 0 7 0 0
16939 4 1 1 1 0 0 2 0 0
16940 3 0 0 0 0 0 1 0 0
16941 4 0 0 0 0 0 0 0 0
16946 3 1 1 1 0 0 0 0 0
16955 1 1 1 0 0 0 1 0 0
16959 2 0 0 0 0 0 1 0 0
16960 16 1 1 0 0 0 7 0 0
16970 4 0 0 1 0 0 2 0 0
16971 3 1 1 0 0 0 1 0 0
16972 4 0 0 0 0 0 0 0 0
16977 3 1 1 1 0 0 0 0 0
16986 1 1 1 0 0 0 1 0 0
16990 2 1 1 0 0 0 1 0 0
16991 16 1 1 0 0 0 7 0 0
17001 4 0 0 1 0 0 2 0 0
17002 3 0 0 0 0 0 1 0 0
17003 4 0 0 0 0 0 0 0 0
17008 3 1 1 1 0 0 0 0 0
17017 1 1 1 0 0 0 1 0 0
17021 2 0 0 0 0 0 1 0 0
17022 16 2 2 0 0 0 7 0 0
17032 4 0 0 1 0 0 2 0 0
17033 3 0 0 0 0 0 1 0 0
17034 4 1 1 0 0 0 0 0 0
17039 3 1 1 1 0 0 0 0 0
17048 1 1 1 0 0 0 1 0 0
17052 2 0 0 0 0 0 1 0 0
17053 16 2 2 0 0 0 7 0 0
17063 4 0 0 1 0 0 2 0 0
17064 3 0 0 0 0 0 1 0 0
17065 4 1 1 0 0 0 0 0 0
17070 3 1 1 1 0 0 0 0 0
17079 1 1 1 0 0 0 1 1 1
17083 2 0 0 0 0 0 1 0 0
17084 16 2 2 0 0 0 7 0 0
17094 4 0 0 1 0 0 2 0 0
17095 3 0 0 0 0 0 1 0 0
17096 4 0 0 0 0 0 0 0 0
17101 3 1 1 1 0 0 0 0 0
17110 1 1 1 0 0 0 1 0 0
17114 2 0 0 0 0 0 1 0 0
17115 16 1 1 0 0 0 7 0 0
17125 4 1 1 1 0 0 2 0 0
17126 3 0 0 0 0 0 1 0 0
17127 4 0 0 0 0 0 0 0 0
17132 3 1 1 1 0 0 0 0 0
17141 1 1 1 0 0 0 1 0 0
17145 2 0 0 0 0 0 1 0 0
17146 16 1 1 0 0 0 7 0 0
17156 4 0 0 1 0 0 2 0 0
17157 3 1 1 0 0 0 1 0 0
17158 4 0 0 0 0 0 0 0 0
17163 3 1 1 1 0 0 0 0 0
17172 1 1 1 0 0 0 1 0 0
17176 2 1 1 0 0 0 1 0 0
17177 16 1 1 0 0 0 7 0 0
17187 4 0 0 1 0 0 2 0 0
17188 3 1 1 0 0 0 1 0 0
17189 4 0 0 0 0 0 0 0 0
17194 3 1 1 1 0 0 0 0 0
17203 1 1 1 0 0 0 1 0 0
17207 2 0 0 0 0 0 1 0 0
17208 16 2 2 0 0 0 7 0 0
17218 4 0 0 1 0 0 2 0 0
17219 3 0 0 0 0 0 1 0 0
17220 4 1 1 0 0 0 0 0 0
17225 3 1 1 1 0 0 0 0 0
17234 1 1 1 0 0 0 1 0 0
17238 2 0 0 0 0 0 1 0 0
17239 16 2 2 0 0 0 7 0 0
17249 4 0 0 1 0 0 2 0 0
17250 3 0 0 0 0 0 1 0 0
17251 4 0 0 0 0 0 0 0 0
17256 3 1 1 1 0 0 0 0 0
17265 1 1 1 0 0 0 1 0 0
17269 2 0 0 0 0 0 1 0 0
17270 16 2 2 0 0 0 7 0 0
17280 4 0 0 1 0 0 2 0 0
17281 3 0 0 0 0 0 1 0 0
17282 4 0 0 0 0 0 0 0 0
17287 3 1 1 1 0 0 0 0 0
17296 1 1 1 0 0 0 1 0 0
17300 2 0 0 0 0 0 1 0 0
17301 16 1 1 0 0 0 7 0 0
17311 4 1 1 1 0 0 2 0 0
17312 3 0 0 0 0 0 1 0 0
17313 4 0 0 0 0 0 0 0 0
17318 3 1 1 1 0 0 0 0 0
17327 1 1 1 0 0 0 1 1 1
17331 2 0 0 0 0 0 1 0 0
17332 16 1 1 0 0 0 7 0 0
17342 4 0 0 1 0 0 2 0 0
17343 3 1 1 0 0 0 1 0 0
17344 4 0 0 0 0 0 0 0 0
17349 3 1 1 1 0 0 0 0 0
17358 1 1 1 0 0 0 1 0 0
17362 2 1 1 0 0 0 1 0 0
17363 16 1 1 0 0 0 7 0 0
17373 4 0 0 1 0 0 2 0 0
17374 3 1 1 0 0 0 1 0 0
17375 4 0 0 0 0 0 0 0 0
17380 3 1 1 1 0 0 0 0 0
17389 1 1 1 0 0 0 1 0 0
17393 2 0 0 0 0 0 1 0 0
17394 16 2 2 0 0 0 7 0 0
17404 4 0 0 1 0 0 2 0 0
17405 3 0 0 0 0 0 1 0 0
17406 4 1 1 0 0 0 0 0 0
17411 3 1 1 1 0 0 0 0 0
17420 1 1 1 0 0 0 1 0 0
17424 2 0 0 0 0 0 1 0 0
17425 16 2 2 0 0 0 7 0 0
17435 4 0 0 1 0 0 2 0 0
17436 3 0 0 0 0 0 1 0 0
17437 4 0 0 0 0 0 0 0 0
17442 3 1 1 1 0 0 0 0 0
17451 1 1 1 0 0 0 1 0 0
17455 2 0 0 0 0 0 1 0 0
17456 16 1 1 0 0 0 7 0 0
17466 4 1 1 1 0 0 2 0 0
17467 3 0 0 0 0 0 1 0 0
17468 4 0 0 0 0 0 0 0 0
17473 3 1 1 1 0 0 0 0 0
17482 1 1 1 0 0 0 1 0 0
17486 2 0 0 0 0 0 1 0 0
17487 16 1 1 0 0 0 7 0 0
17497 4 1 1 1 0 0 2 0 0
17498 3 0 0 0 0 0 1 0 0
17499 4 0 0 0 0 0 0 0 0
17504 3 1 1 1 0 0 0 0 0
17513 1 1 1 0 0 0 1 0 0
17517 2 0 0 0 0 0 1 0 0
17518 16 1 1 0 0 0 7 0 0
17528 4 0 0 1 0 0 2 0 0
17529 3 1 1 0 0 0 1 0 0
17530 4 0 0 0 0 0 0 0 0
17535 3 1 1 1 0 0 0 0 0
17544 1 1 1 0 0 0 1 0 0
17548 2 1 1 0 0 0 1 0 0
17549 16 1 1 0 0 0 7 0 0
17559 4 0 0 1 0 0 2 0 0
17560 3 1 1 0 0 0 1 0 0
17561 4 0 0 0 0 0 0 0 0
17566 3 1 1 1 0 0 0 0 0
17575 1 1 1 0 0 0 1 1 1
17579 2 0 0 0 0 0 1 0 0
17580 17 2 2 0 0 0 7 0 0
17590 4 0 0 0 0 0 1 0 0
17591 4 0 0 0 0 0 0 0 0
17598 2 1 1 0 0 0 1 0 0
17599 17 2 2 0 0 0 7 0 0
17609 4 0 0 0 0 0 1 0 0
17610 4 0 0 0 0 0 0 0 0
17617 2 1 1 0 0 0 1 0 0
17618 17 2 2 0 0 0 7 0 0
17628 4 0 0 0 0 0 1 0 0
17629 4 0 0 0 0 0 0 0 0
17636 2 1 1 0 0 0 1 0 0
17637 17 2 2 0 0 0 7 0 0
17647 4 0 0 0 0 0 1 0 0
17648 4 0 0 0 0 0 0 0 0
17655 2 1 1 0 0 0 1 0 0
17656 17 1 1 0 0 0 7 0 0
17666 4 1 1 0 0 0 1 0 0
17667 4 0 0 0 0 0 0 0 0
17674 2 1 1 0 0 0 1 0 0
17675 17 1 1 0 0 0 7 0 0
17685 4 1 1 0 0 0 1 0 0
17686 4 0 0 0 0 0 0 0 0
17693 2 1 1 0 0 0 1 0 0
17694 17 1 1 0 0 0 7 0 0
17704 4 1 1 0 0 0 1 0 0
17705 4 0 0 0 0 0 0 0 0
17712 2 1 1 0 0 0 1 0 0
17713 17 1 1 0 0 0 7 0 0
17723 4 1 1 0 0 0 1 0 0
17724 4 0 0 0 0 0 0 0 0
17731 2 1 1 0 0 0 1 0 0
17732 17 1 1 0 0 0 7 0 0
17742 4 0 0 0 0 0 1 0 0
17743 4 1 1 0 0 0 0 0 0
17750 2 1 1 0 0 0 1 0 0
17751 17 1 1 0 0 0 7 0 0
17761 4 0 0 0 0 0 1 0 0
17762 4 1 1 0 0 0 0 0 0
17769 2 1 1 0 0 0 1 1 0
17770 17 1 1 0 0 0 7 1 0
17780 4 0 0 0 0 0 1 0 0
17781 4 1 1 0 0 0 0 0 0
17788 2 2 2 0 0 0 1 0 0
17789 17 1 1 0 0 0 7 0 0
17799 4 0 0 0 0 0 1 0 0
17800 4 0 0 0 0 0 0 0 0
17807 2 1 1 0 0 0 1 0 0
17808 16 2 2 0 0 0 7 0 0
17818 4 0 0 1 0 0 2 0 0
17819 3 0 0 0 0 0 1 0 0
17820 4 1 1 0 0 0 0 0 0
17825 3 1 1 1 0 0 0 0 0
17834 1 1 1 0 0 0 1 1 0
17838 2 0 0 0 0 0 1 0 0
17839 16 2 2 0 0 0 7 0 0
17849 4 0 0 1 0 0 2 0 0
17850 3 0 0 0 0 0 1 0 0
17851 4 0 0 0 0 0 0 0 0
17856 3 1 1 1 0 0 0 0 0
17865 1 1 1 0 0 0 1 0 0
17869 2 0 0 0 0 0 1 0 0
17870 16 2 2 0 0 0 7 0 0
17880 4 0 0 1 0 0 2 0 0
17881 3 0 0 0 0 0 1 0 0
17882 4 0 0 0 0 0 0 0 0
17887 3 1 1 1 0 0 0 0 0
17896 1 1 1 0 0 0 1 0 0
17900 2 0 0 0 0 0 1 0 0
17901 16 1 1 0 0 0 7 0 0
17911 4 1 1 1 0 0 2 0 0
17912 3 0 0 0 0 0 1 0 0
17913 4 0 0 0 0 0 0 0 0
17918 3 1 1 1 0 0 0 0 0
17927 1 1 1 0 0 0 1 0 0
17931 2 0 0 0 0 0 1 0 0
17932 16 1 1 0 0 0 7 0 0
17942 4 0 0 1 0 0 2 0 0
17943 3 1 1 0 0 0 1 0 0
17944 4 0 0 0 0 0 0 0 0
17949 3 1 1 1 0 0 0 0 0
17958 1 1 1 0 0 0 1 0 0
17962 2 1 1 0 0 0 1 0 0
17963 17 1 1 0 0 0 7 0 0
17973 4 0 0 0 0 0 1 0 0
17974 4 1 1 0 0 0 0 0 0
17981 2 2 2 0 0 0 1 0 0
17982 17 1 1 0 0 0 7 0 0
17992 4 0 0 0 0 0 1 0 0
17993 4 0 0 0 0 0 0 0 0
18000 2 1 1 0 0 0 1 0 0
18001 17 2 2 0 0 0 7 0 0
18011 4 0 0 0 0 0 1 0 0
18012 4 0 0 0 0 0 0 0 0
18019 2 1 1 0 0 0 1 0 0
18020 16 2 2 0 0 0 7 0 0
18030 4 0 0 1 0 0 2 0 0
18031 3 0 0 0 0 0 1 0 0
18032 4 1 1 0 0 0 0 0 0
18037 3 2 2 1 0 0 0 0 0
18046 1 1 1 0 0 0 1 0 0
18050 2 0 0 0 0 0 1 0 0
18051 16 2 2 0 0 0 7 0 0
18061 4 0 0 1 0 0 2 0 0
18062 3 0 0 0 0 0 1 0 0
18063 4 0 0 0 0 0 0 0 0
18068 3 1 1 1 0 0 0 0 0
18077 1 1 1 0 0 0 1 0 0
18081 2 0 0 0 0 0 1 0 0
18082 16 1 1 0 0 0 7 0 0
18092 4 1 1 1 0 0 2 0 0
18093 3 0 0 0 0 0 1 0 0
18094 4 0 0 0 0 0 0 0 0
18099 3 1 1 1 0 0 0 0 0
18108 1 1 1 0 0 0 1 1 1
18112 2 0 0 0 0 0 1 0 0
18113 16 1 1 0 0 0 7 0 0
18123 4 1 1 1 0 0 2 0 0
18124 3 0 0 0 0 0 1 0 0
18125 4 0 0 0 0 0 0 0 0
18130 3 1 1 1 0 0 0 0 0
18139 1 1 1 0 0 0 1 0 0
18143 2 1 1 0 0 0 1 0 0
18144 16 1 1 0 0 0 7 0 0
18154 4 0 0 1 0 0 2 0 0
18155 3 0 0 0 0 0 1 0 0
18156 4 0 0 0 0 0 0 0 0
18161 3 1 1 1 0 0 0 0 0
18170 1 1 1 0 0 0 1 0 0
18174 2 0 0 0 0 0 1 0 0
18175 17 2 2 0 0 0 7 0 0
18185 4 0 0 0 0 0 1 0 0
18186 4 0 0 0 0 0 0 0 0
18193 2 1 1 0 0 0 1 0 0
18194 17 2 2 0 0 0 7 0 0
18204 4 0 0 0 0 0 1 0 0
18205 4 0 0 0 0 0 0 0 0
18212 2 1 1 0 0 0 1 0 0
18213 17 2 2 0 0 0 7 0 0
18223 4 0 0 0 0 0 1 0 0
18224 4 0 0 0 0 0 0 0 0
18231 2 1 1 0 0 0 1 0 0
18232 16 2 2 0 0 0 7 0 0
18242 4 0 0 1 0 0 2 0 0
18243 3 0 0 0 0 0 1 0 0
18244 4 0 0 0 0 0 0 0 0
18249 3 1 1 1 0 0 0 0 0
18258 1 1 1 0 0 0 1 0 0
18262 2 0 0 0 0 0 1 0 0
18263 16 1 1 0 0 0 7 0 0
18273 4 1 1 1 0 0 2 0 0
18274 3 0 0 0 0 0 1 0 0
18275 4 0 0 0 0 0 0 0 0
18280 3 1 1 1 0 0 0 0 0
18289 1 1 1 0 0 0 1 0 0
18293 2 0 0 0 0 0 1 0 0
18294 16 1 1 0 0 0 7 0 0
18304 4 1 1 1 0 0 2 0 0
18305 3 0 0 0 0 0 1 0 0
18306 4 0 0 0 0 0 0 0 0
18311 3 1 1 1 0 0 0 0 0
18320 1 1 1 0 0 0 1 0 0
18324 2 0 0 0 0 0 1 0 0
18325 16 1 1 0 0 0 7 0 0
18335 4 0 0 1 0 0 2 0 0
18336 3 1 1 0 0 0 1 0 0
18337 4 0 0 0 0 0 0 0 0
18342 3 1 1 1 0 0 0 0 0
18351 1 1 1 0 0 0 1 0 0
18355 2 1 1 0 0 0 1 0 0
18356 16 1 1 0 0 0 7 0 0
18366 4 0 0 1 0 0 2 0 0
18367 3 1 1 0 0 0 1 0 0
18368 4 0 0 0 0 0 0 0 0
18373 3 1 1 1 0 0 0 0 0
18382 1 1 1 0 0 0 1 0 0
18386 2 0 0 0 0 0 1 0 0
18387 17 2 2 0 0 0 7 0 0
18397 4 0 0 0 0 0 1 0 0
18398 4 0 0 0 0 0 0 0 0
18405 2 1 1 0 0 0 1 0 0
18406 17 2 2 0 0 0 7 0 0
18416 4 0 0 0 0 0 1 0 0
18417 4 0 0 0 0 0 0 0 0
18424 2 1 1 0 0 0 1 0 0
18425 17 2 2 0 0 0 7 0 0
18435 4 0 0 0 0 0 1 0 0
18436 4 0 0 0 0 0 0 0 0
18443 2 1 1 0 0 0 1 0 0
18444 16 2 2 0 0 0 7 0 0
18454 4 0 0 1 0 0 2 0 0
18455 3 0 0 0 0 0 1 0 0
18456 4 0 0 0 0 0 0 0 0
18461 3 1 1 1 0 0 0 0 0
18470 1 1 1 0 0 0 1 1 1
18474 2 0 0 0 0 0 1 0 0
18475 16 1 1 0 0 0 7 0 0
18485 4 1 1 1 0 0 2 0 0
18486 3 0 0 0 0 0 1 0 0
18487 4 0 0 0 0 0 0 0 0
18492 3 1 1 1 0 0 0 0 0
18501 1 1 1 0 0 0 1 0 0
18505 2 0 0 0 0 0 1 0 0
18506 16 1 1 0 0 0 7 0 0
18516 4 0 0 1 0 0 2 0 0
18517 3 1 1 0 0 0 1 0 0
18518 4 0 0 0 0 0 0 0 0
18523 3 1 1 1 0 0 0 0 0
18532 1 1 1 0 0 0 1 0 0
18536 2 1 1 0 0 0 1 0 0
18537 16 1 1 0 0 0 7 0 0
18547 4 0 0 1 0 0 2 0 0
18548 3 0 0 0 0 0 1 0 0
18549 4 0 0 0 0 0 0 0 0
18554 3 1 1 1 0 0 0 0 0
18563 1 1 1 0 0 0 1 0 0
18567 2 0 0 0 0 0 1 0 0
18568 16 2 2 0 0 0 7 0 0
18578 4 0 0 1 0 0 2 0 0
18579 3 0 0 0 0 0 1 0 0
18580 4 1 1 0 0 0 0 0 0
18585 3 1 1 1 0 0 0 0 0
18594 1 1 1 0 0 0 1 0 0
18598 2 0 0 0 0 0 1 0 0
18599 17 2 2 0 0 0 7 0 0
18609 4 0 0 0 0 0 1 0 0
18610 4 0 0 0 0 0 0 0 0
18617 2 1 1 0 0 0 1 0 0
18618 17 2 2 0 0 0 7 0 0
18628 4 0 0 0 0 0 1 0 0
18629 4 0 0 0 0 0 0 0 0
18636 2 1 1 0 0 0 1 0 0
18637 16 2 2 0 0 0 7 0 0
18647 4 0 0 1 0 0 2 0 0
18648 3 0 0 0 0 0 1 0 0
18649 4 0 0 0 0 0 0 0 0
18654 3 1 1 1 0 0 0 0 0
18663 1 1 1 0 0 0 1 0 0
18667 2 0 0 0 0 0 1 0 0
18668 16 1 1 0 0 0 7 0 0
18678 4 1 1 1 0 0 2 0 0
18679 3 0 0 0 0 0 1 0 0
18680 4 0 0 0 0 0 0 0 0
18685 3 1 1 1 0 0 0 0 0
18694 1 1 1 0 0 0 1 0 0
18698 2 0 0 0 0 0 1 0 0
18699 16 1 1 0 0 0 7 0 0
18709 4 0 0 1 0 0 2 0 0
18710 3 1 1 0 0 0 1 0 0
18711 4 0 0 0 0 0 0 0 0
18716 3 1 1 1 0 0 0 0 0
18725 1 1 1 0 0 0 1 0 0
18729 2 1 1 0 0 0 1 0 0
18730 16 1 1 0 0 0 7 0 0
18740 4 0 0 1 0 0 2 0 0
18741 3 1 1 0 0 0 1 0 0
18742 4 0 0 0 0 0 0 0 0
18747 3 1 1 1 0 0 0 0 0
18756 1 1 1 0 0 0 1 1 1
18760 2 0 0 0 0 0 1 0 0
18761 16 2 2 0 0 0 7 0 0
18771 4 0 0 1 0 0 2 0 0
18772 3 0 0 0 0 0 1 0 0
18773 4 1 1 0 0 0 0 0 0
18778 3 1 1 1 0 0 0 0 0
18787 1 1 1 0 0 0 1 0 0
18791 2 0 0 0 0 0 1 0 0
18792 17 2 2 0 0 0 7 0 0
18802 4 0 0 0 0 0 1 0 0
18803 4 0 0 0 0 0 0 0 0
18810 2 1 1 0 0 0 1 0 0
18811 17 2 2 0 0 0 7 0 0
18821 4 0 0 0 0 0 1 0 0
18822 4 0 0 0 0 0 0 0 0
18829 2 1 1 0 0 0 1 0 0
18830 17 2 2 0 0 0 7 0 0
18840 4 0 0 0 0 0 1 0 0
18841 4 0 0 0 0 0 0 0 0
18848 2 1 1 0 0 0 1 0 0
18849 16 1 1 0 0 0 7 0 0
18859 4 1 1 1 0 0 2 0 0
18860 3 0 0 0 0 0 1 0 0
18861 4 0 0 0 0 0 0 0 0
18866 3 1 1 1 0 0 0 0 0
18875 1 1 1 0 0 0 1 0 0
18879 2 0 0 0 0 0 1 0 0
18880 16 1 1 0 0 0 7 0 0
18890 4 1 1 1 0 0 2 0 0
18891 3 0 0 0 0 0 1 0 0
18892 4 0 0 0 0 0 0 0 0
18897 3 1 1 1 0 0 0 0 0
18906 1 1 1 0 0 0 1 0 0
18910 2 0 0 0 0 0 1 0 0
18911 16 1 1 0 0 0 7 0 0
18921 4 0 0 1 0 0 2 0 0
18922 3 0 0 0 0 0 1 0 0
18923 4 0 0 0 0 0 0 0 0
18928 3 1 1 1 0 0 0 0 0
18937 1 1 1 0 0 0 1 0 0
18941 2 1 1 0 0 0 1 0 0
18942 16 1 1 0 0 0 7 0 0
18952 4 0 0 1 0 0 2 0 0
18953 3 1 1 0 0 0 1 0 0
18954 4 0 0 0 0 0 0 0 0
18959 3 1 1 1 0 0 0 0 0
18968 1 1 1 0 0 0 1 0 0
18972 2 0 0 0 0 0 1 0 0
18973 16 2 2 0 0 0 7 0 0
18983 4 0 0 1 0 0 2 0 0
18984 3 0 0 0 0 0 1 0 0
18985 4 1 1 0 0 0 0 0 0
18990 3 2 2 1 0 0 0 0 0
18999 1 1 1 0 0 0 1 0 0
19003 2 0 0 0 0 0 1 0 0
19004 17 2 2 0 0 0 7 0 0
19014 4 0 0 0 0 0 1 0 0
19015 4 0 0 0 0 0 0 0 0
19022 2 1 1 0 0 0 1 0 0
19023 17 2 2 0 0 0 7 0 0
19033 4 0 0 0 0 0 1 0 0
19034 4 0 0 0 0 0 0 0 0
19041 2 1 1 0 0 0 1 0 0
19042 16 1 1 0 0 0 7 0 0
19052 4 1 1 1 0 0 2 0 0
19053 3 0 0 0 0 0 1 0 0
19054 4 0 0 0 0 0 0 0 0
19059 3 1 1 1 0 0 0 0 0
19068 1 1 1 0 0 0 1 0 0
19072 2 0 0 0 0 0 1 0 0
19073 16 1 1 0 0 0 7 0 0
19083 4 1 1 1 0 0 2 0 0
19084 3 0 0 0 0 0 1 0 0
19085 4 0 0 0 0 0 0 0 0
19090 3 1 1 1 0 0 0 0 0
19099 1 1 1 0 0 0 1 1 1
19103 2 0 0 0 0 0 1 0 0
19104 16 1 1 0 0 0 7 0 0
19114 4 0 0 1 0 0 2 0 0
19115 3 0 0 0 0 0 1 0 0
19116 4 0 0 0 0 0 0 0 0
19121 3 1 1 1 0 0 0 0 0
19130 1 1 1 0 0 0 1 0 0
19134 2 1 1 0 0 0 1 0 0
19135 16 1 1 0 0 0 7 0 0
19145 4 0 0 1 0 0 2 0 0
19146 3 1 1 0 0 0 1 0 0
19147 4 0 0 0 0 0 0 0 0
19152 3 1 1 1 0 0 0 0 0
19161 1 1 1 0 0 0 1 0 0
19165 2 0 0 0 0 0 1 0 0
19166 16 2 2 0 0 0 7 0 0
19176 4 0 0 1 0 0 2 0 0
19177 3 0 0 0 0 0 1 0 0
19178 4 1 1 0 0 0 0 0 0
19183 3 2 2 1 0 0 0 0 0
19192 1 1 1 0 0 0 1 0 0
19196 2 0 0 0 0 0 1 0 0
19197 17 2 2 0 0 0 7 0 0
19207 4 0 0 0 0 0 1 0 0
19208 4 0 0 0 0 0 0 0 0
19215 2 1 1 0 0 0 1 0 0
19216 17 2 2 0 0 0 7 0 0
19226 4 0 0 0 0 0 1 0 0
19227 4 0 0 0 0 0 0 0 0
19234 2 1 1 0 0 0 1 0 0
19235 16 1 1 0 0 0 7 0 0
19245 4 1 1 1 0 0 2 0 0
19246 3 0 0 0 0 0 1 0 0
19247 4 0 0 0 0 0 0 0 0
19252 3 1 1 1 0 0 0 0 0
19261 1 1 1 0 0 0 1 0 0
19265 2 0 0 0 0 0 1 0 0
19266 16 1 1 0 0 0 7 0 0
19276 4 1 1 1 0 0 2 0 0
19277 3 0 0 0 0 0 1 0 0
19278 4 0 0 0 0 0 0 0 0
19283 3 1 1 1 0 0 0 0 0
19292 1 1 1 0 0 0 1 0 0
19296 2 1 1 0 0 0 1 0 0
19297 16 1 1 0 0 0 7 0 0
19307 4 0 0 1 0 0 2 0 0
19308 3 0 0 0 0 0 1 0 0
19309 4 0 0 0 0 0 0 0 0
19314 3 1 1 1 0 0 0 0 0
19323 1 1 1 0 0 0 1 0 0
19327 2 1 1 0 0 0 1 0 0
19328 16 1 1 0 0 0 7 0 0
19338 4 0 0 1 0 0 2 0 0
19339 3 0 0 0 0 0 1 0 0
19340 4 1 1 0 0 0 0 0 0
19345 3 1 1 1 0 0 0 0 0
19354 1 1 1 0 0 0 1 0 0
19358 2 0 0 0 0 0 1 0 0
19359 16 2 2 0 0 0 7 0 0
19369 4 0 0 1 0 0 2 0 0
19370 3 0 0 0 0 0 1 0 0
19371 4 1 1 0 0 0 0 0 0
19376 3 2 2 1 0 0 0 0 0
19385 1 1 1 0 0 0 1 1 1
19389 2 0 0 0 0 0 1 0 0
19390 16 2 2 0 0 0 7 0 0
19400 4 0 0 1 0 0 2 0 0
19401 3 0 0 0 0 0 1 0 0
19402 4 0 0 0 0 0 0 0 0
19407 3 1 1 1 0 0 0 0 0
19416 1 1 1 0 0 0 1 0 0
19420 2 0 0 0 0 0 1 0 0
19421 16 1 1 0 0 0 7 0 0
19431 4 1 1 1 0 0 2 0 0
19432 3 0 0 0 0 0 1 0 0
19433 4 0 0 0 0 0 0 0 0
19438 3 1 1 1 0 0 0 0 0
19447 1 1 1 0 0 0 1 0 0
19451 2 0 0 0 0 0 1 0 0
19452 16 1 1 0 0 0 7 0 0
19462 4 0 0 1 0 0 2 0 0
19463 3 1 1 0 0 0 1 0 0
19464 4 0 0 0 0 0 0 0 0
19469 3 1 1 1 0 0 0 0 0
19478 1 1 1 0 0 0 1 0 0
19482 2 1 1 0 0 0 1 0 0
19483 16 1 1 0 0 0 7 0 0
19493 4 0 0 1 0 0 2 0 0
19494 3 0 0 0 0 0 1 0 0
19495 4 0 0 0 0 0 0 0 0
19500 3 1 1 1 0 0 0 0 0
19509 1 1 1 0 0 0 1 0 0
19513 2 0 0 0 0 0 1 0 0
19514 16 2 2 0 0 0 7 0 0
19524 4 0 0 1 0 0 2 0 0
19525 3 0 0 0 0 0 1 0 0
19526 4 1 1 0 0 0 0 0 0
19531 3 1 1 1 0 0 0 0 0
19540 1 1 1 0 0 0 1 0 0
19544 2 0 0 0 0 0 1 0 0
19545 16 2 2 0 0 0 7 0 0
19555 4 0 0 1 0 0 2 0 0
19556 3 0 0 0 0 0 1 0 0
19557 4 1 1 0 0 0 0 0 0
19562 3 1 1 1 0 0 0 0 0
19571 1 1 1 0 0 0 1 0 0
19575 2 0 0 0 0 0 1 0 0
19576 16 2 2 0 0 0 7 0 0
19586 4 0 0 1 0 0 2 0 0
19587 3 0 0 0 0 0 1 0 0
19588 4 0 0 0 0 0 0 0 0
19593 3 1 1 1 0 0 0 0 0
19602 1 1 1 0 0 0 1 0 0
19606 2 0 0 0 0 0 1 0 0
19607 16 1 1 0 0 0 7 0 0
19617 4 1 1 1 0 0 2 0 0
19618 3 0 0 0 0 0 1 0 0
19619 4 0 0 0 0 0 0 0 0
19624 3 1 1 1 0 0 0 0 0
19633 1 1 1 0 0 0 1 1 1
19637 2 0 0 0 0 0 1 0 0
19638 16 1 1 0 0 0 7 0 0
19648 4 0 0 1 0 0 2 0 0
19649 3 1 1 0 0 0 1 0 0
19650 4 0 0 0 0 0 0 0 0
19655 3 1 1 1 0 0 0 0 0
19664 1 1 1 0 0 0 1 0 0
19668 2 1 1 0 0 0 1 0 0
19669 16 1 1 0 0 0 7 0 0
19679 4 0 0 1 0 0 2 0 0
19680 3 1 1 0 0 0 1 0 0
19681 4 0 0 0 0 0 0 0 0
19686 3 1 1 1 0 0 0 0 0
19695 1 1 1 0 0 0 1 0 0
19699 2 0 0 0 0 0 1 0 0
19700 16 2 2 0 0 0 7 0 0
19710 4 0 0 1 0 0 2 0 0
19711 3 0 0 0 0 0 1 0 0
19712 4 1 1 0 0 0 0 0 0
19717 3 1 1 1 0 0 0 0 0
19726 1 1 1 0 0 0 1 0 0
19730 2 0 0 0 0 0 1 0 0
19731 16 2 2 0 0 0 7 0 0
19741 4 0 0 1 0 0 2 0 0
19742 3 0 0 0 0 0 1 0 0
19743 4 0 0 0 0 0 0 0 0
19748 3 1 1 1 0 0 0 0 0
19757 1 1 1 0 0 0 1 0 0
19761 2 0 0 0 0 0 1 0 0
19762 16 2 2 0 0 0 7 0 0
19772 4 0 0 1 0 0 2 0 0
19773 3 0 0 0 0 0 1 0 0
19774 4 0 0 0 0 0 0 0 0
19779 3 1 1 1 0 0 0 0 0
19788 1 1 1 0 0 0 1 0 0
19792 2 0 0 0 0 0 1 0 0
19793 16 1 1 0 0 0 7 0 0
19803 4 1 1 1 0 0 2 0 0
19804 3 0 0 0 0 0 1 0 0
19805 4 0 0 0 0 0 0 0 0
19810 3 1 1 1 0 0 0 0 0
19819 1 1 1 0 0 0 1 0 0
19823 2 0 0 0 0 0 1 0 0
19824 16 1 1 0 0 0 7 0 0
19834 4 0 0 1 0 0 2 0 0
19835 3 1 1 0 0 0 1 0 0
19836 4 0 0 0 0 0 0 0 0
19841 3 1 1 1 0 0 0 0 0
19850 1 1 1 0 0 0 1 0 0
19854 2 1 1 0 0 0 1 0 0
19855 17 1 1 0 0 0 7 0 0
19865 4 0 0 0 0 0 1 0 0
19866 4 1 1 0 0 0 0 0 0
19873 2 2 2 0 0 0 1 0 0
19874 17 1 1 0 0 0 7 0 0
19884 4 0 0 0 0 0 1 0 0
19885 4 0 0 0 0 0 0 0 0
19892 2 1 1 0 0 0 1 0 0
19893 17 2 2 0 0 0 7 0 0
19903 4 0 0 0 0 0 1 0 0
19904 4 0 0 0 0 0 0 0 0
19911 2 1 1 0 0 0 1 0 0
19912 16 2 2 0 0 0 7 0 0
19922 4 0 0 1 0 0 2 0 0
19923 3 0 0 0 0 0 1 0 0
19924 4 1 1 0 0 0 0 0 0
19929 3 2 2 1 0 0 0 0 0
19938 1 1 1 0 0 0 1 1 1
19942 2 0 0 0 0 0 1 0 0
19943 16 2 2 0 0 0 7 0 0
19953 4 0 0 1 0 0 2 0 0
19954 3 0 0 0 0 0 1 0 0
19955 4 0 0 0 0 0 0 0 0
19960 3 1 1 1 0 0 0 0 0
19969 1 1 1 0 0 0 1 0 0
19973 2 0 0 0 0 0 1 0 0
19974 16 1 1 0 0 0 7 0 0
19984 4 1 1 1 0 0 2 0 0
19985 3 0 0 0 0 0 1 0 0
19986 4 0 0 0 0 0 0 0 0
19991 3 1 1 1 0 0 0 0 0
20000 1 1 1 0 0 0 1 0 0
20004 2 0 0 0 0 0 1 0 0
20005 16 1 1 0 0 0 7 0 0
20015 4 1 1 1 0 0 2 0 0
20016 3 0 0 0 0 0 1 0 0
20017 4 0 0 0 0 0 0 0 0
20022 3 1 1 1 0 0 0 0 0
20031 1 1 1 0 0 0 1 0 0
20035 2 1 1 0 0 0 1 0 0
20036 16 1 1 0 0 0 7 0 0
20046 4 0 0 1 0 0 2 0 0
20047 3 0 0 0 0 0 1 0 0
20048 4 0 0 0 0 0 0 0 0
20053 3 1 1 1 0 0 0 0 0
20062 1 1 1 0 0 0 1 0 0
20066 2 0 0 0 0 0 1 0 0
20067 16 2 2 0 0 0 7 0 0
20077 4 0 0 1 0 0 2 0 0
20078 3 0 0 0 0 0 1 0 0
20079 4 1 1 0 0 0 0 0 0
20084 3 1 1 1 0 0 0 0 0
20093 1 1 1 0 0 0 1 0 0
20097 2 0 0 0 0 0 1 0 0
20098 16 2 2 0 0 0 7 0 0
20108 4 0 0 1 0 0 2 0 0
20109 3 0 0 0 0 0 1 0 0
20110 4 1 1 0 0 0 0 0 0
20115 3 1 1 1 0 0 0 0 0
20124 1 1 1 0 0 0 1 0 0
20128 2 0 0 0 0 0 1 0 0
20129 16 2 2 0 0 0 7 0 0
20139 4 0 0 1 0 0 2 0 0
20140 3 0 0 0 0 0 1 0 0
20141 4 0 0 0 0 0 0 0 0
20146 3 1 1 1 0 0 0 0 0
20155 1 1 1 0 0 0 1 0 0
20159 2 0 0 0 0 0 1 0 0
20160 16 1 1 0 0 0 7 0 0
20170 4 1 1 1 0 0 2 0 0
20171 3 0 0 0 0 0 1 0 0
20172 4 0 0 0 0 0 0 0 0
20177 3 1 1 1 0 0 0 0 0
20186 1 1 1 0 0 0 1 1 1
20190 2 0 0 0 0 0 1 0 0
20191 16 1 1 0 0 0 7 0 0
20201 4 0 0 1 0 0 2 0 0
20202 3 1 1 0 0 0 1 0 0
20203 4 0 0 0 0 0 0 0 0
20208 3 1 1 1 0 0 0 0 0
20217 1 1 1 0 0 0 1 0 0
20221 2 1 1 0 0 0 1 0 0
20222 16 1 1 0 0 0 7 0 0
20232 4 0 0 1 0 0 2 0 0
20233 3 1 1 0 0 0 1 0 0
20234 4 0 0 0 0 0 0 0 0
20239 3 1 1 1 0 0 0 0 0
20248 1 1 1 0 0 0 1 0 0
20252 2 0 0 0 0 0 1 0 0
20253 16 2 2 0 0 0 7 0 0
20263 4 0 0 1 0 0 2 0 0
20264 3 0 0 0 0 0 1 0 0
20265 4 1 1 0 0 0 0 0 0
20270 3 1 1 1 0 0 0 0 0
20279 1 1 1 0 0 0 1 0 0
20283 2 0 0 0 0 0 1 0 0
20284 16 2 2 0 0 0 7 0 0
20294 4 0 0 1 0 0 2 0 0
20295 3 0 0 0 0 0 1 0 0
20296 4 0 0 0 0 0 0 0 0
20301 3 1 1 1 0 0 0 0 0
20310 1 1 1 0 0 0 1 0 0
20314 2 0 0 0 0 0 1 0 0
20315 16 2 2 0 0 0 7 0 0
20325 4 0 0 1 0 0 2 0 0
20326 3 0 0 0 0 0 1 0 0
20327 4 0 0 0 0 0 0 0 0
20332 3 1 1 1 0 0 0 0 0
20341 1 1 1 0 0 0 1 0 0
20345 2 0 0 0 0 0 1 0 0
20346 16 1 1 0 0 0 7 0 0
20356 4 1 1 1 0 0 2 0 0
20357 3 0 0 0 0 0 1 0 0
20358 4 0 0 0 0 0 0 0 0
20363 3 1 1 1 0 0 0 0 0
20372 1 1 1 0 0 0 1 0 0
20376 2 0 0 0 0 0 1 0 0
20377 16 1 1 0 0 0 7 0 0
20387 4 0 0 1 0 0 2 0 0
20388 3 1 1 0 0 0 1 0 0
20389 4 0 0 0 0 0 0 0 0
20394 3 1 1 1 0 0 0 0 0
20403 1 1 1 0 0 0 1 0 0
20407 2 1 1 0 0 0 1 0 0
20408 16 1 1 0 0 0 7 0 0
20418 4 0 0 1 0 0 2 0 0
20419 3 1 1 0 0 0 1 0 0
20420 4 0 0 0 0 0 0 0 0
20425 3 1 1 1 0 0 0 0 0
20434 1 1 1 0 0 0 1 1 1
20438 2 0 0 0 0 0 1 0 0
20439 16 2 2 0 0 0 7 0 0
20449 4 0 0 1 0 0 2 0 0
20450 3 0 0 0 0 0 1 0 0
20451 4 1 1 0 0 0 0 0 0
20456 3 1 1 1 0 0 0 0 0
20465 1 1 1 0 0 0 1 0 0
20469 2 0 0 0 0 0 1 0 0
20470 16 2 2 0 0 0 7 0 0
20480 4 0 0 1 0 0 2 0 0
20481 3 0 0 0 0 0 1 0 0
20482 4 0 0 0 0 0 0 0 0
20487 3 1 1 1 0 0 0 0 0
20496 1 1 1 0 0 0 1 0 0
20500 2 0 0 0 0 0 1 0 0
20501 16 1 1 0 0 0 7 0 0
20511 4 1 1 1 0 0 2 0 0
20512 3 0 0 0 0 0 1 0 0
20513 4 0 0 0 0 0 0 0 0
20518 3 1 1 1 0 0 0 0 0
20527 1 1 1 0 0 0 1 0 0
20531 2 0 0 0 0 0 1 0 0
20532 16 1 1 0 0 0 7 0 0
20542 4 1 1 1 0 0 2 0 0
20543 3 0 0 0 0 0 1 0 0
20544 4 0 0 0 0 0 0 0 0
20549 3 1 1 1 0 0 0 0 0
20558 1 1 1 0 0 0 1 0 0
20562 2 0 0 0 0 0 1 0 0
20563 16 1 1 0 0 0 7 0 0
20573 4 0 0 1 0 0 2 0 0
20574 3 1 1 0 0 0 1 0 0
20575 4 0 0 0 0 0 0 0 0
20580 3 1 1 1 0 0 0 0 0
20589 1 1 1 0 0 0 1 0 0
20593 2 1 1 0 0 0 1 0 0
20594 16 1 1 0 0 0 7 0 0
20604 4 0 0 1 0 0 2 0 0
20605 3 1 1 0 0 0 1 0 0
20606 4 0 0 0 0 0 0 0 0
20611 3 1 1 1 0 0 0 0 0
20620 1 1 1 0 0 0 1 0 0
20624 2 0 0 0 0 0 1 0 0
20625 16 2 2 0 0 0 7 0 0
20635 4 0 0 1 0 0 2 0 0
20636 3 0 0 0 0 0 1 0 0
20637 4 1 1 0 0 0 0 0 0
20642 3 2 2 1 0 0 0 0 0
20651 1 1 1 0 0 0 1 0 0
20655 2 0 0 0 0 0 1 0 0
20656 16 2 2 0 0 0 7 0 0
20666 4 0 0 1 0 0 2 0 0
20667 3 0 0 0 0 0 1 0 0
20668 4 0 0 0 0 0 0 0 0
20673 3 1 1 1 0 0 0 0 0
20682 1 1 1 0 0 0 1 1 1
20686 2 0 0 0 0 0 1 0 0
20687 17 1 1 0 0 0 7 0 0
20697 4 1 1 0 0 0 1 0 0
20698 4 0 0 0 0 0 0 0 0
20705 2 1 1 0 0 0 1 0 0
20706 17 1 1 0 0 0 7 0 0
20716 4 1 1 0 0 0 1 0 0
20717 4 0 0 0 0 0 0 0 0
20724 2 1 1 0 0 0 1 0 0
20725 17 1 1 0 0 0 7 0 0
20735 4 1 1 1 0 0 2 0 0
20736 3 0 0 0 0 0 1 0 0
20737 4 0 0 0 0 0 0 0 0
20742 3 1 1 1 0 0 0 0 0
20743 2 0 0 0 0 0 2 1 0
20745 2 0 0 0 0 0 0 0 0
20754 3 1 1 0 0 0 0 0 0
20755 2 0 0 0 0 0 1 0 0
20756 16 1 1 0 0 0 7 0 0
20766 4 1 1 0 0 0 1 0 0
20767 4 0 0 0 0 0 0 0 0
20774 2 1 1 0 0 0 1 0 0
20775 16 1 1 0 0 0 7 0 0
20785 4 0 0 0 0 0 1 0 0
20786 4 1 1 0 0 0 0 0 0
20792 1 0 0 0 0 0 0 0 0
20793 2 0 0 0 0 0 1 0 0
20794 16 1 1 0 0 0 7 0 0
20804 4 0 0 0 0 0 1 0 0
20805 4 1 1 0 0 0 0 0 0
20812 2 1 1 0 0 0 1 0 0
20813 16 1 1 0 0 0 7 0 0
20823 4 0 0 0 0 0 1 0 0
20824 4 1 1 0 0 0 0 0 0
20830 1 1 1 0 0 0 0 0 0
20831 2 1 1 0 0 0 1 0 0
20832 17 1 1 0 0 0 7 0 0
20842 3 0 0 0 0 0 1 0 0
20843 4 0 0 0 0 0 0 0 0
20849 1 1 1 0 0 0 0 0 0
20850 2 1 1 0 0 0 1 0 0
20851 18 1 1 0 0 0 8 0 0
20861 3 0 0 0 0 0 1 0 0
20862 4 0 0 0 0 0 0 0 0
20869 2 1 1 0 0 0 1 0 0
20870 17 2 2 0 0 0 7 0 0
20880 3 0 0 0 0 0 1 0 0
20881 4 0 0 0 0 0 0 0 0
20887 1 1 1 0 0 0 0 0 0
20888 2 0 0 0 0 0 1 0 0
20889 18 2 2 0 0 0 8 0 0
20899 3 0 0 0 0 0 1 0 0
20900 4 0 0 0 0 0 0 0 0
20907 2 1 1 0 0 0 1 0 0
20908 17 2 2 0 0 0 7 0 0
20918 3 0 0 0 0 0 1 0 0
20919 4 0 0 0 0 0 0 0 0
20925 1 1 1 0 0 0 0 0 0
20926 2 0 0 0 0 0 1 0 0
20927 17 1 1 0 0 0 7 0 0
20937 3 1 1 0 0 0 1 0 0
20938 4 0 0 0 0 0 0 0 0
20944 1 1 1 0 0 0 0 0 0
20945 2 0 0 0 0 0 1 0 0
20946 17 1 1 0 0 0 7 0 0
20956 3 1 1 0 0 0 1 0 0
20957 4 0 0 0 0 0 0 0 0
20963 1 1 1 0 0 0 0 0 0
20964 2 0 0 0 0 0 1 0 0
20965 17 1 1 0 0 0 7 0 0
20975 3 0 0 0 0 0 1 0 0
20976 4 1 1 0 0 0 0 0 0
20982 1 1 1 0 0 0 0 0 0
20983 2 0 0 0 0 0 1 0 0
20984 17 1 1 0 0 0 7 0 0
20994 3 0 0 0 0 0 1 0 0
20995 4 1 1 0 0 0 0 0 0
21002 2 2 2 0 0 0 1 0 0
21003 18 1 1 1 0 0 7 0 0
21013 3 0 0 0 0 0 1 0 0
21014 4 0 0 0 0 0 0 0 0
21021 2 1 1 0 0 0 1 0 0
21022 17 2 2 0 0 0 7 0 0
21032 3 0 0 0 0 0 1 0 0
21033 4 0 0 0 0 0 0 0 0
21039 1 1 1 0 0 0 0 0 0
21040 2 0 0 0 0 0 1 0 0
21041 17 2 2 0 0 0 7 0 0
21051 3 0 0 0 0 0 1 0 0
21052 4 0 0 0 0 0 0 0 0
21059 2 1 1 0 0 0 1 0 0
21060 18 2 2 1 0 0 7 0 0
21070 3 0 0 0 0 0 1 0 0
21071 4 0 0 0 0 0 0 0 0
21077 1 1 1 0 0 0 0 0 0
21078 2 0 0 0 0 0 1 0 0
21079 17 1 1 0 0 0 7 0 0
21089 3 1 1 0 0 0 1 0 0
21090 4 0 0 0 0 0 0 0 0
21097 2 1 1 0 0 0 1 0 0
21098 18 1 1 1 0 0 7 0 0
21108 3 0 0 0 0 0 1 0 0
21109 4 1 1 0 0 0 0 0 0
21116 2 1 1 0 0 0 1 0 0
21117 17 1 1 0 0 0 7 0 0
21127 3 0 0 0 0 0 1 0 0
21128 4 0 0 0 0 0 0 0 0
21135 2 1 1 0 0 0 1 0 0
21136 18 2 2 1 0 0 7 0 0
21146 3 0 0 0 0 0 1 0 0
21147 4 0 0 0 0 0 0 0 0
21154 2 1 1 0 0 0 1 0 0
21155 16 2 2 0 0 0 7 0 0
21165 4 0 0 0 0 0 1 0 0
21166 4 0 0 0 0 0 0 0 0
21173 2 1 1 0 0 0 1 0 0
21174 16 2 2 0 0 0 7 0 0
21184 4 0 0 1 0 0 2 0 0
21185 3 0 0 0 0 0 1 0 0
21186 4 0 0 0 0 0 0 0 0
21191 3 1 1 1 0 0 0 0 0
21200 1 1 1 0 0 0 1 1 0
21204 2 0 0 0 0 0 1 0 0
21205 16 1 1 0 0 0 7 0 0
21215 4 1 1 0 0 0 1 0 0
21216 4 0 0 0 0 0 0 0 0
21223 2 1 1 0 0 0 1 0 0
21224 16 1 1 0 0 0 7 0 0
21234 4 1 1 0 0 0 1 0 0
21235 4 0 0 0 0 0 0 0 0
21242 2 1 1 0 0 0 1 0 0
21243 17 1 1 0 0 0 7 0 0
21253 4 0 0 0 0 0 1 0 0
21254 4 1 1 0 0 0 0 0 0
21261 2 1 1 0 0 0 1 0 0
21262 17 1 1 0 0 0 7 0 0
21272 4 0 0 0 0 0 1 0 0
21273 4 1 1 0 0 0 0 0 0
21280 2 1 1 0 0 0 1 0 0
21281 16 1 1 0 0 0 7 0 0
21291 4 0 0 0 0 0 1 0 0
21292 4 1 1 0 0 0 0 0 0
21299 2 2 2 0 0 0 1 0 0
21300 16 1 1 0 0 0 7 0 0
21310 4 0 0 1 0 0 2 0 0
21311 3 1 1 0 0 0 1 0 0
21312 4 0 0 0 0 0 0 0 0
21317 3 1 1 1 0 0 0 0 0
21326 1 1 1 0 0 0 1 0 0
21330 2 0 0 0 0 0 1 0 0
21331 16 2 2 0 0 0 7 0 0
21341 4 0 0 1 0 0 2 0 0
21342 3 0 0 0 0 0 1 0 0
21343 4 1 1 0 0 0 0 0 0
21348 3 2 2 1 0 0 0 0 0
21357 1 1 1 0 0 0 1 1 1
21361 2 0 0 0 0 0 1 0 0
21362 16 2 2 0 0 0 7 0 0
21372 4 0 0 1 0 0 2 0 0
21373 3 0 0 0 0 0 1 0 0
21374 4 0 0 0 0 0 0 0 0
21379 3 1 1 1 0 0 0 0 0
21388 1 1 1 0 0 0 1 0 0
21392 2 0 0 0 0 0 1 0 0
21393 16 1 1 0 0 0 7 0 0
21403 4 1 1 1 0 0 2 0 0
21404 3 0 0 0 0 0 1 0 0
21405 4 0 0 0 0 0 0 0 0
21410 3 1 1 1 0 0 0 0 0
21419 1 1 1 0 0 0 1 0 0
21423 2 0 0 0 0 0 1 0 0
21424 16 1 1 0 0 0 7 0 0
21434 4 1 1 1 0 0 2 0 0
21435 3 0 0 0 0 0 1 0 0
21436 4 0 0 0 0 0 0 0 0
21441 3 1 1 1 0 0 0 0 0
21450 1 1 1 0 0 0 1 0 0
21454 2 1 1 0 0 0 1 0 0
21455 16 1 1 0 0 0 7 0 0
21465 4 0 0 1 0 0 2 0 0
21466 3 0 0 0 0 0 1 0 0
21467 4 0 0 0 0 0 0 0 0
21472 3 1 1 1 0 0 0 0 0
21481 1 1 1 0 0 0 1 0 0
21485 2 1 1 0 0 0 1 0 0
21486 16 1 1 0 0 0 7 0 0
21496 4 0 0 1 0 0 2 0 0
21497 3 0 0 0 0 0 1 0 0
21498 4 1 1 0 0 0 0 0 0
21503 3 1 1 1 0 0 0 0 0
21512 1 1 1 0 0 0 1 0 0
21516 2 0 0 0 0 0 1 0 0
21517 16 2 2 0 0 0 7 0 0
21527 4 0 0 1 0 0 2 0 0
21528 3 0 0 0 0 0 1 0 0
21529 4 1 1 0 0 0 0 0 0
21534 3 2 2 1 0 0 0 0 0
21543 1 1 1 0 0 0 1 0 0
21547 2 0 0 0 0 0 1 0 0
21548 16 2 2 0 0 0 7 0 0
21558 4 0 0 1 0 0 2 0 0
21559 3 0 0 0 0 0 1 0 0
21560 4 0 0 0 0 0 0 0 0
21565 3 1 1 1 0 0 0 0 0
21574 1 1 1 0 0 0 1 0 0
21578 2 0 0 0 0 0 1 0 0
21579 17 1 1 0 0 0 7 0 0
21589 4 1 1 0 0 0 1 0 0
21590 4 0 0 0 0 0 0 0 0
21597 2 1 1 0 0 0 1 0 0
21598 17 1 1 0 0 0 7 0 0
21608 4 1 1 0 0 0 1 0 0
21609 4 0 0 0 0 0 0 0 0
21616 2 1 1 0 0 0 1 0 0
21617 17 1 1 0 0 0 7 0 0
21627 4 1 1 0 0 0 1 0 0
21628 4 0 0 0 0 0 0 0 0
21635 2 1 1 0 0 0 1 0 0
21636 17 1 1 0 0 0 7 0 0
21646 4 0 0 0 0 0 1 0 0
21647 4 1 1 0 0 0 0 0 0
21654 2 1 1 0 0 0 1 0 0
21655 17 1 1 0 0 0 7 0 0
21665 4 0 0 0 0 0 1 0 0
21666 4 1 1 0 0 0 0 0 0
21673 2 1 1 0 0 0 1 0 0
21674 17 1 1 0 0 0 7 0 0
21684 4 0 0 0 0 0 1 0 0
21685 4 1 1 0 0 0 0 0 0
21692 2 2 2 0 0 0 1 0 0
21693 16 1 1 0 0 0 7 0 0
21703 4 0 0 1 0 0 2 0 0
21704 3 1 1 0 0 0 1 0 0
21705 4 0 0 0 0 0 0 0 0
21710 3 1 1 1 0 0 0 0 0
21719 1 1 1 0 0 0 1 1 1
21723 2 0 0 0 0 0 1 0 0
21724 16 2 2 0 0 0 7 0 0
21734 4 0 0 1 0 0 2 0 0
21735 3 0 0 0 0 0 1 0 0
21736 4 1 1 0 0 0 0 0 0
21741 3 2 2 1 0 0 0 0 0
21750 1 1 1 0 0 0 1 0 0
21754 2 0 0 0 0 0 1 0 0
21755 16 2 2 0 0 0 7 0 0
21765 4 0 0 1 0 0 2 0 0
21766 3 0 0 0 0 0 1 0 0
21767 4 0 0 0 0 0 0 0 0
21772 3 1 1 1 0 0 0 0 0
21781 1 1 1 0 0 0 1 0 0
21785 2 0 0 0 0 0 1 0 0
21786 16 1 1 0 0 0 7 0 0
21796 4 1 1 0 0 0 1 0 0
21797 4 0 0 0 0 0 0 0 0
21804 2 1 1 0 0 0 1 0 0
21805 16 1 1 0 0 0 7 0 0
21815 4 1 1 0 0 0 1 0 0
21816 4 0 0 0 0 0 0 0 0
21823 2 1 1 0 0 0 1 0 0
21824 17 1 1 0 0 0 7 0 0
21834 4 1 1 0 0 0 1 0 0
21835 4 0 0 0 0 0 0 0 0
21842 2 1 1 0 0 0 1 0 0
21843 16 1 1 0 0 0 7 0 0
21853 4 0 0 0 0 0 1 0 0
21854 4 1 1 0 0 0 0 0 0
21861 2 1 1 0 0 0 1 0 0
21862 17 1 1 0 0 0 7 0 0
21872 4 0 0 0 0 0 1 0 0
21873 4 1 1 0 0 0 0 0 0
21880 2 2 2 0 0 0 1 0 0
21881 16 1 1 0 0 0 7 0 0
21891 4 0 0 0 0 0 1 0 0
21892 4 0 0 0 0 0 0 0 0
21899 2 1 1 0 0 0 1 0 0
21900 17 2 2 0 0 0 7 0 0
21910 4 0 0 0 0 0 1 0 0
21911 4 0 0 0 0 0 0 0 0
21918 2 1 1 0 0 0 1 0 0
21919 17 2 2 0 0 0 7 0 0
21929 4 0 0 0 0 0 1 0 0
21930 4 0 0 0 0 0 0 0 0
21937 2 1 1 0 0 0 1 0 0
21938 16 2 2 0 0 0 7 0 0
21948 4 0 0 0 0 0 1 0 0
21949 4 0 0 0 0 0 0 0 0
21956 2 1 1 0 0 0 1 0 0
21957 16 2 2 0 0 0 7 0 0
21967 4 0 0 1 0 0 2 0 0
21968 3 0 0 0 0 0 1 0 0
21969 4 0 0 0 0 0 0 0 0
21974 3 1 1 1 0 0 0 0 0
21983 1 1 1 0 0 0 1 0 0
21987 2 0 0 0 0 0 1 0 0
21988 16 1 1 0 0 0 7 0 0
21998 4 1 1 0 0 0 1 0 0
21999 4 0 0 0 0 0 0 0 0
22006 2 1 1 0 0 0 1 0 0
22007 17 1 1 0 0 0 7 0 0
22017 4 1 1 0 0 0 1 0 0
22018 4 0 0 0 0 0 0 0 0
22025 2 1 1 0 0 0 1 0 0
22026 17 1 1 0 0 0 7 0 0
22036 4 1 1 0 0 0 1 0 0
22037 4 0 0 0 0 0 0 0 0
22044 2 1 1 0 0 0 1 0 0
22045 17 1 1 0 0 0 7 0 0
22055 4 1 1 0 0 0 1 0 0
22056 4 0 0 0 0 0 0 0 0
22063 2 1 1 0 0 0 1 0 0
22064 17 1 1 0 0 0 7 0 0
22074 4 0 0 0 0 0 1 0 0
22075 4 1 1 0 0 0 0 0 0
22082 2 1 1 0 0 0 1 0 0
22083 17 1 1 0 0 0 7 0 0
22093 4 0 0 0 0 0 1 0 0
22094 4 1 1 0 0 0 0 0 0
22101 2 2 2 0 0 0 1 0 0
22102 17 1 1 0 0 0 7 0 0
22112 4 0 0 0 0 0 1 0 0
22113 4 0 0 0 0 0 0 0 0
22120 2 1 1 0 0 0 1 0 0
22121 16 2 2 0 0 0 7 0 0
22131 4 0 0 1 0 0 2 0 0
22132 3 0 0 0 0 0 1 0 0
22133 4 1 1 0 0 0 0 0 0
22138 3 1 1 1 0 0 0 0 0
22139 2 0 0 0 0 0 2 1 0
22141 2 0 0 0 0 0 0 0 0
22150 2 1 1 0 0 0 0 0 0
22151 2 0 0 0 0 0 1 0 0
22152 15 2 2 0 0 0 7 0 0
22162 4 0 0 0 0 0 1 0 0
22163 4 0 0 0 0 0 0 0 0
22170 2 1 1 0 0 0 1 0 0
22171 16 2 2 0 0 0 7 0 0
22181 4 0 0 1 0 0 2 0 0
22182 3 0 0 0 0 0 1 0 0
22183 4 0 0 0 0 0 0 0 0
22188 3 1 1 1 0 0 0 0 0
22189 2 0 0 0 0 0 2 1 0
22191 2 1 1 0 0 0 0 0 0
22201 2 1 1 0 0 0 1 0 0
22202 16 1 1 0 0 0 7 0 0
22212 4 1 1 1 0 0 2 0 0
22213 3 0 0 0 0 0 1 0 0
22214 4 0 0 0 0 0 0 0 0
22219 3 1 1 1 0 0 0 0 0
22220 2 0 0 0 0 0 2 0 0
22222 2 0 0 0 0 0 0 0 0
22232 2 1 1 0 0 0 1 0 0
22233 16 1 1 0 0 0 7 0 0
22243 4 0 0 1 0 0 2 0 0
22244 3 0 0 0 0 0 1 0 0
22245 4 0 0 0 0 0 0 0 0
22250 3 1 1 1 0 0 0 0 0
22251 2 0 0 0 0 0 2 0 0
22253 2 0 0 0 0 0 0 0 0
22262 5 3 3 0 0 0 0 0 0
22263 2 0 0 0 0 0 1 0 0
22264 15 1 1 0 0 0 7 0 0
22274 4 0 0 0 0 0 1 0 0
22275 4 0 0 0 0 0 0 0 0
22282 2 0 0 0 0 0 1 0 0
22283 15 1 1 0 0 0 7 0 0
22293 4 0 0 0 0 0 1 0 0
22294 4 1 1 0 0 0 0 0 0
22301 2 2 2 0 0 0 1 0 0
22302 16 1 1 0 0 0 7 0 0
22312 4 0 0 0 0 0 1 0 0
22313 4 0 0 0 0 0 0 0 0
22320 2 1 1 0 0 0 1 0 0
22321 17 2 2 0 0 0 7 0 0
22331 4 0 0 1 0 0 2 0 0
22332 3 0 0 0 0 0 1 0 0
22333 4 1 1 0 0 0 0 0 0
22338 3 1 1 1 0 0 0 0 0
22339 2 0 0 0 0 0 2 0 0
22341 2 0 0 0 0 0 0 0 0
22351 2 1 1 0 0 0 1 0 0
22352 16 2 2 0 0 0 7 0 0
22362 4 0 0 1 0 0 2 0 0
22363 3 0 0 0 0 0 1 0 0
22364 4 0 0 0 0 0 0 0 0
22369 3 1 1 1 0 0 0 0 0
22370 2 1 1 0 0 0 2 0 0
22372 2 0 0 0 0 0 0 0 0
22382 2 1 1 0 0 0 1 0 0
22383 15 1 1 0 0 0 7 0 0
22393 4 1 1 0 0 0 1 0 0
22394 4 0 0 0 0 0 0 0 0
22400 1 1 1 0 0 0 0 0 0
22401 2 0 0 0 0 0 1 0 0
22402 15 1 1 0 0 0 7 0 0
22412 4 0 0 0 0 0 1 0 0
22413 4 1 1 0 0 0 0 0 0
22420 2 1 1 0 0 0 1 0 0
22421 16 1 1 0 0 0 7 0 0
22431 4 0 0 1 0 0 2 0 0
22432 3 1 1 0 0 0 1 0 0
22433 4 0 0 0 0 0 0 0 0
22438 3 1 1 1 0 0 0 0 0
22439 2 0 0 0 0 0 2 0 0
22441 2 0 0 0 0 0 0 0 0
22451 2 1 1 0 0 0 1 0 0
22452 16 2 2 0 0 0 7 0 0
22462 4 0 0 1 0 0 2 0 0
22463 3 0 0 0 0 0 1 0 0
22464 4 0 0 0 0 0 0 0 0
22469 3 1 1 1 0 0 0 0 0
22470 2 1 1 0 0 0 2 1 0
22472 2 0 0 0 0 0 0 0 0
22481 3 1 1 0 0 0 0 0 0
22482 2 0 0 0 0 0 1 0 0
22483 17 2 2 0 0 0 7 0 0
22493 4 0 0 0 0 0 1 0 0
22494 4 0 0 0 0 0 0 0 0
22500 1 1 1 0 0 0 0 0 0
22501 2 0 0 0 0 0 1 0 0
22502 16 2 2 0 0 0 7 0 0
22512 4 0 0 0 0 0 1 0 0
22513 4 0 0 0 0 0 0 0 0
22520 2 1 1 0 0 0 1 0 0
22521 16 2 2 0 0 0 7 0 0
22531 4 0 0 0 0 0 1 0 0
22532 4 0 0 0 0 0 0 0 0
22539 2 1 1 0 0 0 1 0 0
22540 16 1 1 0 0 0 7 0 0
22550 4 1 1 0 0 0 1 0 0
22551 4 0 0 0 0 0 0 0 0
22558 2 1 1 0 0 0 1 0 0
22559 17 1 1 0 0 0 7 0 0
22569 4 1 1 1 0 0 2 0 0
22570 3 0 0 0 0 0 1 0 0
22571 4 0 0 0 0 0 0 0 0
22576 3 1 1 1 0 0 0 0 0
22577 2 0 0 0 0 0 2 0 0
22579 2 0 0 0 0 0 0 0 0
22588 2 1 1 0 0 0 0 0 0
22589 2 0 0 0 0 0 1 0 0
22590 16 1 1 0 0 0 7 0 0
22600 4 1 1 0 0 0 1 0 0
22601 4 0 0 0 0 0 0 0 0
22607 1 1 1 0 0 0 0 0 0
22608 2 0 0 0 0 0 1 0 0
22609 15 1 1 0 0 0 7 0 0
22619 4 0 0 0 0 0 1 0 0
22620 4 1 1 0 0 0 0 0 0
22627 2 1 1 0 0 0 1 0 0
22628 15 1 1 0 0 0 7 0 0
22638 4 0 0 0 0 0 1 0 0
22639 4 0 0 0 0 0 0 0 0
22646 2 1 1 0 0 0 1 0 0
22647 15 2 2 0 0 0 7 0 0
22657 4 0 0 0 0 0 1 0 0
22658 4 0 0 0 0 0 0 0 0
22665 2 1 1 0 0 0 1 0 0
22666 15 1 1 0 0 0 7 0 0
22676 4 1 1 0 0 0 1 0 0
22677 4 0 0 0 0 0 0 0 0
22684 2 1 1 0 0 0 1 0 0
22685 15 1 1 0 0 0 7 0 0
22695 4 0 0 0 0 0 1 0 0
22696 4 1 1 0 0 0 0 0 0
22703 2 1 1 0 0 0 1 0 0
22704 16 1 1 0 0 0 7 0 0
22714 4 0 0 1 0 0 2 0 0
22715 3 1 1 0 0 0 1 0 0
22716 4 0 0 0 0 0 0 0 0
22721 3 1 1 1 0 0 0 0 0
22722 2 0 0 0 0 0 2 0 0
22724 2 0 0 0 0 0 0 0 0
22733 3 1 1 0 0 0 0 0 0
22734 2 1 1 0 0 0 1 0 0
22735 16 1 1 0 0 0 7 0 0
22745 4 0 0 0 0 0 1 0 0
22746 4 0 0 0 0 0 0 0 0
22753 2 1 1 0 0 0 1 0 0
22754 16 2 2 0 0 0 7 0 0
22764 4 0 0 0 0 0 1 0 0
22765 4 0 0 0 0 0 0 0 0
22772 2 1 1 0 0 0 1 0 0
22773 16 2 2 0 0 0 7 0 0
22783 4 0 0 0 0 0 1 0 0
22784 4 0 0 0 0 0 0 0 0
22791 2 1 1 0 0 0 1 0 0
22792 16 1 1 0 0 0 7 0 0
22802 4 1 1 0 0 0 1 0 0
22803 4 0 0 0 0 0 0 0 0
22810 2 1 1 0 0 0 1 0 0
22811 16 1 1 0 0 0 7 0 0
22821 4 1 1 0 0 0 1 0 0
22822 4 0 0 0 0 0 0 0 0
22829 2 1 1 0 0 0 1 0 0
22830 16 1 1 0 0 0 7 0 0
22840 4 0 0 0 0 0 1 0 0
22841 4 1 1 0 0 0 0 0 0
22848 2 0 0 0 0 0 1 0 0
22849 15 1 1 0 0 0 7 0 0
22859 4 0 0 0 0 0 1 0 0
22860 4 1 1 0 0 0 0 0 0
22867 2 2 2 0 0 0 1 0 0
22868 15 1 1 0 0 0 7 0 0
22878 4 0 0 0 0 0 1 0 0
22879 4 0 0 0 0 0 0 0 0
22886 2 1 1 0 0 0 1 0 0
22887 16 2 2 0 0 0 7 0 0
22897 4 0 0 0 0 0 1 0 0
22898 4 0 0 0 0 0 0 0 0
22905 2 1 1 0 0 0 1 0 0
22906 15 1 1 0 0 0 7 0 0
22916 4 1 1 1 0 0 2 0 0
22917 3 0 0 0 0 0 1 0 0
22918 4 0 0 0 0 0 0 0 0
22923 3 1 1 1 0 0 0 0 0
22932 1 1 1 0 0 0 1 1 1
22936 2 0 0 0 0 0 1 0 0
22937 16 1 1 0 0 0 7 0 0
22947 4 0 0 1 0 0 2 0 0
22948 3 1 1 0 0 0 1 0 0
22949 4 0 0 0 0 0 0 0 0
22954 3 1 1 1 0 0 0 0 0
22955 2 0 0 0 0 0 2 1 0
22957 2 0 0 0 0 0 0 0 0
22967 2 2 2 0 0 0 1 0 0
22968 16 1 1 0 0 0 7 0 0
22978 4 0 0 1 0 0 2 0 0
22979 3 0 0 0 0 0 1 0 0
22980 4 1 1 0 0 0 0 0 0
22985 3 1 1 1 0 0 0 0 0
22986 2 0 0 0 0 0 2 0 0
22988 2 0 0 0 0 0 0 0 0
22998 2 1 1 0 0 0 1 0 0
22999 16 2 2 1 0 0 7 0 0
23009 4 0 0 0 0 0 1 0 0
23010 4 0 0 0 0 0 0 0 0
23017 2 1 1 0 0 0 1 0 0
23018 17 2 2 1 0 0 7 0 0
23028 4 0 0 0 0 0 1 0 0
23029 4 0 0 0 0 0 0 0 0
23036 2 1 1 0 0 0 1 0 0
23037 17 1 1 1 0 0 7 0 0
23047 4 1 1 0 0 0 1 0 0
23048 4 0 0 0 0 0 0 0 0
23055 2 1 1 0 0 0 1 0 0
23056 17 1 1 0 0 0 7 0 0
23066 4 1 1 1 0 0 2 0 0
23067 3 0 0 0 0 0 1 0 0
23068 4 0 0 0 0 0 0 0 0
23073 3 1 1 1 0 0 0 0 0
23074 2 0 0 0 0 0 2 0 0
23076 2 0 0 0 0 0 0 0 0
23086 2 1 1 0 0 0 1 0 0
23087 17 1 1 1 0 0 7 0 0
23097 4 1 1 0 0 0 1 0 0
23098 4 0 0 0 0 0 0 0 0
23105 2 1 1 0 0 0 1 0 0
23106 17 1 1 1 0 0 7 0 0
23116 4 0 0 0 0 0 1 0 0
23117 4 1 1 0 0 0 0 0 0
23124 2 1 1 0 0 0 1 0 0
23125 16 1 1 1 0 0 7 0 0
23135 4 0 0 0 0 0 1 0 0
23136 4 1 1 0 0 0 0 0 0
23142 1 1 1 0 0 0 0 0 0
23143 2 0 0 0 0 0 1 0 0
23144 17 1 1 0 0 0 7 0 0
23154 3 0 0 0 0 0 1 0 0
23155 4 0 0 0 0 0 0 0 0
23162 7 1 1 5 3 0 1 0 0
23165 8 1 1 7 1 0 0 0 0
fl=/build/impi/_buildspace/release/../../src/util/mpir_hwtopo.c
fn=MPII_hwtopo_finalize
244 1 0 0 0 0 0 0 0 0
256 2 1 1 1 0 0 0 0 0
260 1 1 1 1 0 0 0 0 0
fl=/build/impi/_buildspace/release/../../src/util/mpir_localproc.c
fn=MPIR_Find_external
0 115 12 4 25 0 0 35 0 0
139 60 7 2 0 0 0 30 0 0
147 10 0 0 0 0 0 5 0 0
158 35 0 0 5 0 0 10 0 0
160 35 0 0 0 0 0 10 0 0
163 10 0 0 0 0 0 5 0 0
164 10 0 0 0 0 0 0 0 0
166 30 0 0 5 0 0 5 0 0
170 35 0 0 10 0 0 0 0 0
171 5 2 1 0 0 0 5 5 2
176 30 0 0 10 0 0 0 0 0
177 20 2 1 0 0 0 5 0 0
178 10 0 0 0 0 0 0 0 0
182 15 0 0 5 0 0 0 0 0
187 15 0 0 5 0 0 0 0 0
188 15 2 1 5 0 0 0 0 0
190 5 0 0 0 0 0 5 0 0
191 10 0 0 0 0 0 5 5 2
192 5 0 0 0 0 0 0 0 0
196 10 0 0 5 0 0 5 5 2
219 10 2 1 5 0 0 5 0 0
220 5 0 0 0 0 0 5 0 0
221 25 0 0 5 0 0 10 0 0
222 10 0 0 0 0 0 0 0 0
224 15 0 0 5 0 0 0 0 0
225 10 2 1 0 0 0 5 0 0
230 20 4 1 0 0 0 5 0 0
231 45 0 0 35 0 0 0 0 0
fn=MPIR_Find_local
0 125 12 5 25 0 0 30 0 0
37 60 5 1 0 0 0 30 0 0
41 10 2 1 0 0 0 10 1 0
43 10 0 0 0 0 0 5 0 0
48 50 0 0 5 0 0 10 1 0
50 35 0 0 0 0 0 10 0 0
53 35 0 0 5 0 0 0 0 0
54 15 2 1 0 0 0 5 2 2
56 15 0 0 5 0 0 5 0 0
57 10 0 0 0 0 0 0 0 0
64 30 0 0 10 0 0 0 0 0
65 20 0 0 0 0 0 5 0 0
66 10 2 1 0 0 0 0 0 0
70 15 0 0 5 0 0 0 0 0
73 10 0 0 5 0 0 0 0 0
74 15 0 0 5 0 0 0 0 0
77 5 0 0 0 0 0 5 0 0
78 10 0 0 0 0 0 5 2 2
79 5 0 0 0 0 0 0 0 0
100 10 2 1 5 0 0 5 0 0
101 5 0 0 0 0 0 5 0 0
103 25 0 0 5 0 0 10 0 0
104 10 0 0 0 0 0 0 0 0
106 10 0 0 0 0 0 0 0 0
107 10 0 0 0 0 0 5 2 2
112 40 0 0 35 0 0 0 0 0
fn=MPIR_Get_intranode_rank
260 1 1 1 0 0 0 1 0 0
262 4 0 0 1 0 0 0 0 0
270 5 0 0 4 1 0 0 0 0
fl=/build/impi/_buildspace/release/../../src/util/mpir_nettopo.c
fn=MPII_nettopo_finalize
112 2 1 1 1 0 0 0 0 0
fl=/build/impi/_buildspace/release/../../src/util/mpir_pmi.c
fn=???
621 8 2 2 0 0 0 4 0 0
625 4 0 0 1 0 0 0 0 0
626 4 0 0 0 0 0 1 0 0
635 3 0 0 1 0 0 0 0 0
651 2 2 2 1 0 0 0 0 0
672 7 1 1 5 0 0 0 0 0
678 7 1 1 1 0 0 0 0 0
679 1 0 0 0 0 0 0 0 0
fn=MPIR_pmi_barrier
0 2 2 1 0 0 0 0 0 0
510 6 2 1 0 0 0 6 1 0
516 6 0 0 2 1 0 0 0 0
517 2 0 0 0 0 0 2 0 0
518 4 0 0 0 0 0 0 0 0
530 6 2 1 2 0 0 0 0 0
544 4 0 0 0 0 0 0 0 0
565 8 2 1 6 0 0 0 0 0
fn=MPIR_pmi_bcast
0 3 0 0 0 0 0 0 0 0
1307 2 0 0 0 0 0 1 1 0
1311 10 2 2 1 0 0 6 0 0
1314 2 0 0 1 0 0 0 0 0
1315 2 0 0 2 0 0 0 0 0
1316 2 0 0 2 0 0 0 0 0
1317 2 0 0 0 0 0 0 0 0
1320 4 0 0 0 0 0 0 0 0
1325 3 1 1 0 0 0 0 0 0
1333 8 1 1 0 0 0 0 0 0
1338 4 0 0 1 0 0 0 0 0
1349 2 1 1 0 0 0 0 0 0
1391 10 1 1 8 0 0 0 0 0
fn=MPIR_pmi_finalize
273 1 1 1 0 0 0 1 0 0
276 3 0 0 1 1 1 0 0 0
277 1 1 1 0 0 0 1 0 0
278 2 1 1 1 1 1 1 0 0
288 3 0 0 1 0 0 0 0 0
300 2 0 0 0 0 0 0 0 0
309 3 0 0 1 1 0 1 0 0
310 2 0 0 1 0 0 1 0 0
311 3 0 0 2 0 0 0 0 0
fn=MPIR_pmi_get_ex
0 5 1 1 3 0 0 1 0 0
895 7 0 0 1 0 0 0 0 0
904 4 0 0 0 0 0 0 0 0
909 5 0 0 0 0 0 1 0 0
1136 13 1 1 0 0 0 8 0 0
1138 4 0 0 2 0 0 1 0 0
1139 2 0 0 0 0 0 0 0 0
1141 5 1 1 1 0 0 0 0 0
1142 2 0 0 0 0 0 0 0 0
1148 1 0 0 1 0 0 0 0 0
1151 5 0 0 1 0 0 1 0 0
1152 2 0 0 0 0 0 0 0 0
1154 1 0 0 0 0 0 0 0 0
1159 5 1 1 0 0 0 1 0 0
1160 1 0 0 0 0 0 0 0 0
1163 5 2 2 0 0 0 1 0 0
1168 2 0 0 1 0 0 0 0 0
1169 2 0 0 0 0 0 1 0 0
1173 1 0 0 0 0 0 1 0 0
1177 2 0 0 0 0 0 1 0 0
1179 9 0 0 7 0 0 0 0 0
fn=MPIR_pmi_get_keyval_array
0 4 0 0 3 0 0 1 0 0
942 14 2 2 1 0 0 7 0 0
946 2 0 0 0 0 0 0 0 0
950 3 0 0 0 0 0 2 0 0
951 2 0 0 0 0 0 0 0 0
953 4 1 1 1 0 0 2 0 0
954 2 0 0 0 0 0 0 0 0
956 5 1 1 1 0 0 1 0 0
957 1 0 0 0 0 0 1 0 0
958 3 0 0 0 0 0 2 0 0
959 2 0 0 0 0 0 0 0 0
962 2 0 0 1 0 0 0 0 0
965 5 1 1 0 0 0 1 0 0
968 2 1 1 1 0 0 1 1 1
1010 2 0 0 0 0 0 1 0 0
1013 2 0 0 0 0 0 1 0 0
1016 9 0 0 7 0 0 0 0 0
fn=MPIR_pmi_init
0 21 4 4 0 0 0 1 0 0
110 9 1 1 1 0 0 7 0 0
119 3 0 0 0 0 0 1 0 0
123 2 1 1 0 0 0 1 0 0
124 2 0 0 0 0 0 0 0 0
129 3 0 0 1 0 0 0 0 0
131 1 0 0 0 0 0 1 0 0
132 2 0 0 0 0 0 0 0 0
134 1 0 0 0 0 0 1 0 0
135 2 0 0 0 0 0 0 0 0
137 1 0 0 0 0 0 1 0 0
138 2 0 0 0 0 0 0 0 0
140 1 0 0 0 0 0 1 0 0
141 2 1 1 0 0 0 0 0 0
144 2 0 0 0 0 0 1 0 0
145 2 0 0 0 0 0 0 0 0
148 3 1 1 1 0 0 2 0 0
149 3 0 0 1 0 0 1 0 0
150 2 1 1 0 0 0 0 0 0
153 2 0 0 0 0 0 1 0 0
154 2 0 0 0 0 0 0 0 0
157 2 1 1 0 0 0 1 0 0
158 2 0 0 0 0 0 0 0 0
168 3 1 1 1 0 0 0 0 0
188 2 1 1 0 0 0 0 0 0
218 3 2 2 1 0 0 1 1 0
219 2 0 0 1 0 0 1 0 0
220 2 0 0 1 0 0 1 0 0
221 2 0 0 1 0 0 1 0 0
224 4 0 0 0 0 0 2 0 0
226 2 0 0 1 0 0 0 0 0
228 2 1 1 0 0 0 1 0 0
235 2 0 0 0 0 0 1 1 0
236 2 0 0 0 0 0 1 0 0
238 6 1 1 1 0 0 1 0 0
252 1 1 1 0 0 0 1 0 0
253 4 0 0 0 0 0 1 0 0
259 7 1 1 0 0 0 1 0 0
270 11 1 1 9 0 0 0 0 0
1793 1 0 0 0 0 0 0 0 0
1903 1 0 0 0 0 0 1 1 1
1905 3 1 1 0 0 0 1 0 0
2076 1 0 0 1 0 0 0 0 0
2077 1 0 0 1 0 0 0 0 0
2078 1 1 1 1 0 0 0 0 0
2080 1 0 0 1 0 0 0 0 0
2082 4 0 0 0 0 0 1 0 0
2084 2 0 0 0 0 0 0 0 0
2088 4 0 0 0 0 0 0 0 0
2089 3 0 0 0 0 0 1 0 0
2092 6 0 0 0 0 0 0 0 0
2093 1 1 1 1 0 0 0 0 0
2094 2 0 0 1 0 0 0 0 0
2095 2 1 1 0 0 0 1 0 0
2097 4 0 0 0 0 0 0 0 0
2102 3 0 0 0 0 0 1 0 0
2104 2 0 0 0 0 0 0 0 0
2110 7 0 0 1 0 0 0 0 0
2112 2 0 0 1 0 0 0 0 0
2113 2 0 0 0 0 0 1 1 1
2114 2 0 0 0 0 0 0 0 0
2117 1 0 0 0 0 0 0 0 0
2121 1 0 0 0 0 0 1 0 0
2122 1 0 0 0 0 0 1 0 0
2123 1 0 0 0 0 0 1 0 0
2124 1 0 0 0 0 0 1 0 0
fn=MPIR_pmi_kvs_get
0 3 1 1 0 0 0 0 0 0
444 10 1 1 1 0 0 5 0 0
451 3 0 0 1 0 0 0 0 0
452 5 0 0 1 0 0 1 0 0
453 2 0 0 0 0 0 0 0 0
465 4 1 1 1 0 0 0 0 0
480 3 1 1 0 0 0 0 0 0
505 9 2 2 7 0 0 0 0 0
fn=MPIR_pmi_kvs_put
0 1 1 1 0 0 0 0 0 0
385 5 1 1 0 0 0 2 0 0
391 3 1 1 1 0 0 0 0 0
393 4 0 0 1 0 0 1 0 0
394 2 0 0 0 0 0 0 0 0
396 2 1 1 1 0 0 1 0 0
397 2 0 0 0 0 0 0 0 0
406 3 0 0 1 0 0 0 0 0
420 2 0 0 0 0 0 0 0 0
440 4 1 1 3 0 0 0 0 0
fn=MPIR_pmi_max_key_size
350 2 1 1 2 1 1 0 0 0
fn=MPIR_pmi_max_val_size
355 2 0 0 2 0 0 0 0 0
fn=MPIR_pmi_put_ex
0 15 2 2 1 0 0 1 0 0
895 8 0 0 2 1 1 0 0 0
903 3 0 0 0 0 0 0 0 0
904 3 0 0 0 0 0 0 0 0
1023 1 1 1 1 0 0 0 0 0
1024 4 0 0 0 0 0 0 0 0
1025 4 0 0 0 0 0 0 0 0
1026 3 0 0 1 0 0 0 0 0
1027 1 0 0 0 0 0 1 0 0
1029 3 1 1 1 0 0 0 0 0
1030 1 0 0 0 0 0 1 0 0
1042 12 1 1 0 0 0 6 0 0
1044 1 0 0 0 0 0 1 0 0
1045 1 0 0 0 0 0 1 0 0
1047 5 1 1 1 1 0 1 0 0
1051 10 1 1 0 0 0 4 0 0
1053 2 0 0 0 0 0 0 0 0
1055 3 0 0 1 0 0 0 0 0
1056 6 1 1 3 0 0 1 0 0
1057 14 2 2 0 0 0 0 0 0
1061 4 0 0 2 0 0 0 0 0
1075 9 0 0 7 0 0 0 0 0
fl=/build/impi/_buildspace/release/../../src/util/mpir_progress_hook.c
fn=MPIR_Progress_hook_deregister
84 4 1 1 0 0 0 1 1 1
87 1 0 0 1 0 0 0 0 0
89 2 0 0 1 0 0 0 0 0
fn=MPIR_Progress_hook_register
0 3 1 1 0 0 0 0 0 0
54 3 2 2 1 1 1 0 0 0
55 1 1 1 0 0 0 1 0 0
64 1 0 0 1 0 0 0 0 0
66 1 0 0 0 0 0 1 0 0
69 2 0 0 1 0 0 0 0 0
fl=/build/impi/_buildspace/release/src/binding/fortran/mpif_h/setbot.c
fn=mpirinitc2_
87 1 0 0 0 0 0 1 1 1
88 1 0 0 1 0 0 0 0 0
fn=mpirinitc_
70 4 1 1 3 0 0 1 0 0
71 2 1 1 1 1 0 1 1 1
72 2 0 0 1 1 0 1 0 0
73 2 0 0 1 1 0 1 0 0
74 2 0 0 1 0 0 1 0 0
75 2 0 0 1 0 0 1 0 0
76 2 0 0 1 0 0 1 0 0
77 2 1 1 1 1 0 1 1 1
78 2 0 0 1 1 0 1 0 0
79 2 0 0 1 0 0 1 0 0
80 2 0 0 2 0 0 0 0 0
fl=/build/impi/_buildspace/release/src/mpl/../../../../src/mpl/include/intel/mpl_dynlib.h
fn=MPL_tracing_init
85 4 0 0 0 0 0 1 0 0
87 1 0 0 0 0 0 0 0 0
153 13 1 1 1 1 0 6 1 1
fl=/build/impi/_buildspace/release/src/mpl/../../../../src/mpl/include/mpl_shm.h
fn=MPL_shm_hnd_finalize
134 4 0 0 1 0 0 0 0 0
138 2 0 0 0 0 0 1 0 0
fn=MPL_shm_hnd_init
110 9 0 0 0 0 0 6 2 2
111 6 0 0 0 0 0 0 0 0
112 3 0 0 0 0 0 3 2 2
124 3 0 0 0 0 0 3 0 0
126 6 0 0 0 0 0 3 0 0
fl=/build/impi/_buildspace/release/src/mpl/../../../../src/mpl/include/mpl_timer_linux86_cycle.h
fn=MPL_dbg_pre_init
19 1 0 0 0 0 0 0 0 0
20 3 0 0 0 0 0 1 0 0
fn=MPL_wtime_init
19 4 0 0 0 0 0 0 0 0
20 1 0 0 0 0 0 0 0 0
fl=/build/impi/_buildspace/release/src/mpl/../../../../src/mpl/src/dbg/mpl_dbg.c
fn=???
0 6 0 0 2 1 0 2 0 0
1069 14 4 4 2 0 0 8 0 0
1071 20 0 0 4 2 2 2 2 0
1072 2 2 2 2 1 0 0 0 0
1102 16 0 0 12 0 0 0 0 0
fn=MPL_dbg_class_alloc
508 6 0 0 0 0 0 2 0 0
512 6 0 0 2 0 0 2 0 0
514 4 0 0 0 0 0 2 0 0
516 8 0 0 4 0 0 0 0 0
fn=MPL_dbg_class_register
479 48 2 2 0 0 0 36 0 0
482 24 0 0 6 1 1 6 1 1
483 6 0 0 0 0 0 6 1 1
484 6 0 0 0 0 0 6 1 1
485 12 0 0 0 0 0 6 0 0
487 18 0 0 6 0 0 0 0 0
505 48 1 1 42 0 0 0 0 0
fn=MPL_dbg_init
0 3 1 1 1 1 1 1 0 0
119 1 1 1 1 1 1 0 0 0
725 8 1 1 1 0 0 6 0 0
733 6 0 0 1 1 1 0 0 0
736 2 0 0 0 0 0 0 0 0
743 1 1 1 0 0 0 1 0 0
744 1 0 0 0 0 0 1 0 0
746 5 0 0 1 0 0 0 0 0
753 4 1 1 1 1 1 0 0 0
803 11 1 1 8 0 0 0 0 0
fn=MPL_dbg_pre_init
0 2 0 0 0 0 0 0 0 0
100 5 0 0 0 0 0 1 0 0
512 9 0 0 1 1 0 2 0 0
514 4 1 1 0 0 0 2 0 0
516 3 0 0 0 0 0 0 0 0
535 2 1 1 0 0 0 0 0 0
536 2 0 0 1 1 0 0 0 0
614 21 5 5 0 0 0 5 0 0
615 11 1 1 0 0 0 5 0 0
627 2 0 0 0 0 0 0 0 0
636 2 0 0 0 0 0 0 0 0
643 2 0 0 0 0 0 0 0 0
650 2 0 0 0 0 0 0 0 0
660 2 0 0 0 0 0 0 0 0
682 14 1 1 0 0 0 12 0 0
686 6 1 1 2 1 0 2 1 1
690 4 0 0 2 1 1 0 0 0
704 1 1 1 0 0 0 1 0 0
706 3 0 0 0 0 0 1 0 0
709 2 0 0 1 1 0 1 0 0
710 2 1 1 1 1 0 1 0 0
714 3 0 0 2 1 0 1 0 0
715 4 0 0 0 0 0 1 0 0
717 5 1 1 2 1 0 1 0 0
719 2 0 0 0 0 0 1 0 0
722 16 0 0 14 0 0 0 0 0
fn=MPL_get_fp
0 3 0 0 0 0 0 0 0 0
112 6 0 0 3 0 0 0 0 0
114 4 0 0 2 0 0 2 0 0
119 1 1 1 1 0 0 0 0 0
128 4 0 0 2 0 0 0 0 0
129 6 1 1 1 0 0 1 0 0
134 1 1 1 0 0 0 1 0 0
396 6 2 2 0 0 0 3 0 0
399 3 0 0 0 0 0 3 0 0
400 6 1 1 0 0 0 0 0 0
401 2 0 0 0 0 0 2 0 0
402 4 0 0 0 0 0 0 0 0
404 2 0 0 2 0 0 0 0 0
407 9 0 0 6 0 0 0 0 0
fl=/build/impi/_buildspace/release/src/mpl/../../../../src/mpl/src/env/intel/mpl_get_env.c
fn=MPL_get_env_vars
0 1441 2 2 321 0 0 162 0 0
25 2 0 0 2 1 1 0 0 0
26 323 1 1 161 0 0 0 0 0
27 160 0 0 0 0 0 0 0 0
38 480 0 0 0 0 0 160 0 0
39 320 0 0 0 0 0 0 0 0
43 160 0 0 0 0 0 0 0 0
44 320 0 0 0 0 0 0 0 0
48 795 0 0 0 0 0 159 0 0
49 318 0 0 0 0 0 0 0 0
54 477 0 0 318 0 0 159 0 0
60 8 1 1 0 0 0 6 0 0
65 1 0 0 0 0 0 1 0 0
67 3 0 0 0 0 0 1 0 0
68 4 0 0 0 0 0 0 0 0
72 480 0 0 0 0 0 0 0 0
73 480 0 0 320 0 0 160 20 20
76 1 0 0 1 0 0 0 0 0
78 159 0 0 0 0 0 0 0 0
83 8 1 1 7 0 0 0 0 0
fl=/build/impi/_buildspace/release/src/mpl/../../../../src/mpl/src/env/mpl_env.c
fn=MPL_env2bool
0 120 14 4 0 0 0 0 0 0
84 360 7 2 0 0 0 300 0 0
87 60 0 0 0 0 0 60 0 0
88 120 0 0 0 0 0 0 0 0
115 360 2 1 300 0 0 0 0 0
fn=MPL_env2double
0 1 1 1 0 0 0 0 0 0
164 4 0 0 0 0 0 3 0 0
166 1 0 0 0 0 0 1 0 0
169 1 0 0 0 0 0 1 0 0
170 2 0 0 0 0 0 0 0 0
183 4 0 0 3 0 0 0 0 0
fn=MPL_env2int
0 355 3 1 0 0 0 0 0 0
46 3195 6 1 0 0 0 2485 0 0
49 357 0 0 0 0 0 355 0 0
50 710 0 0 0 0 0 0 0 0
54 24 2 1 6 1 0 2 0 0
56 6 1 0 0 0 0 0 0 0
60 6 1 1 0 0 0 0 0 0
62 32 0 0 6 0 0 0 0 0
63 6 1 1 0 0 0 0 0 0
68 6 0 0 0 0 0 2 0 0
72 3195 0 0 2485 0 0 0 0 0
fn=MPL_env2str
0 362 2 1 0 0 0 0 0 0
118 754 2 1 0 0 0 377 0 0
121 377 0 0 0 0 0 377 0 0
123 754 0 0 0 0 0 0 0 0
124 30 1 0 0 0 0 15 0 0
129 754 0 0 754 0 0 0 0 0
fn=MPL_setenv
146 25 0 0 0 0 0 0 0 0
fl=/build/impi/_buildspace/release/src/mpl/../../../../src/mpl/src/gpu/intel/src/mpl_gpu_common.c
fn=MPL_gpu_functable_init
0 5 1 1 0 0 0 1 0 0
93 2 1 1 1 1 0 1 0 0
94 2 0 0 1 1 1 1 0 0
101 4 1 1 0 0 0 3 0 0
104 3 1 1 2 2 1 0 0 0
109 2 0 0 1 1 1 1 1 1
111 2 0 0 0 0 0 0 0 0
146 2 0 0 0 0 0 1 0 0
153 4 0 0 3 0 0 0 0 0
fl=/build/impi/_buildspace/release/src/mpl/../../../../src/mpl/src/gpu/intel/src/mpl_gpu_memory.c
fn=MPL_gpu_memory_functable_init
0 17 1 1 9 4 2 8 1 1
30 3 1 1 2 1 1 0 0 0
34 4 0 0 0 0 0 0 0 0
45 3 1 1 2 1 0 1 1 1
46 2 1 1 1 1 1 1 0 0
47 2 0 0 1 1 1 1 0 0
87 2 0 0 1 0 0 0 0 0
fl=/build/impi/_buildspace/release/src/mpl/../../../../src/mpl/src/intel/mpl_profiling.c
fn=???
22 2 1 0 1 0 0 0 0 0
fn=MPL_tracing_init
37 1 0 0 0 0 0 0 0 0
41 2 0 0 1 0 0 0 0 0
44 2 1 1 0 0 0 1 0 0
45 2 0 0 0 0 0 1 0 0
52 3 1 1 0 0 0 3 0 0
54 5 0 0 3 0 0 0 0 0
fl=/build/impi/_buildspace/release/src/mpl/../../../../src/mpl/src/shm/mpl_shm.c
fn=MPL_shm_hnd_finalize
100 4 1 1 0 0 0 3 0 0
104 2 0 0 1 0 0 1 0 0
105 1 0 0 1 0 0 0 0 0
107 1 0 0 0 0 0 1 0 0
109 5 1 1 3 0 0 0 0 0
fn=MPL_shm_hnd_init
82 6 3 2 0 0 0 3 0 0
93 6 0 0 6 0 0 0 0 0
fl=/build/impi/_buildspace/release/src/mpl/../../../../src/mpl/src/shm/mpl_shm_mmap.c
fn=MPLI_shm_lhnd_close
0 1 0 0 0 0 0 0 0 0
89 2 1 1 0 0 0 1 0 0
91 1 0 0 1 1 0 0 0 0
92 2 0 0 0 0 0 0 0 0
101 2 0 0 2 0 0 0 0 0
fn=MPL_shm_get_page_size
325 2 1 1 0 0 0 0 0 0
fl=/build/impi/_buildspace/release/src/mpl/../../../../src/mpl/src/str/intel/mpl_str_maching.c
fn=MPL_closest_strings_get_default_settings
276 3 1 1 1 1 1 1 0 0
278 1 0 0 0 0 0 1 0 0
280 1 0 0 0 0 0 1 0 0
281 1 0 0 1 0 0 0 0 0
fl=/build/impi/_buildspace/release/src/mpl/../../../../src/mpl/src/str/mpl_argstr.c
fn=???
0 7 0 0 1 0 0 1 0 0
143 2 1 1 0 0 0 0 0 0
144 8 0 0 0 0 0 0 0 0
147 8 1 1 2 0 0 0 0 0
181 3 0 0 1 1 1 0 0 0
183 3 0 0 1 0 0 0 0 0
193 16 1 1 7 0 0 0 0 0
194 18 1 1 0 0 0 0 0 0
198 2 0 0 0 0 0 0 0 0
199 4 1 1 0 0 0 0 0 0
204 2 0 0 2 0 0 0 0 0
fn=MPL_str_add_binary_arg
0 35 0 0 0 0 0 0 0 0
20 2 0 0 0 0 0 0 0 0
33 68 1 1 0 0 0 0 0 0
34 147 1 1 32 1 0 16 0 0
35 32 0 0 0 0 0 0 0 0
41 15 0 0 0 0 0 0 0 0
42 15 0 0 0 0 0 0 0 0
714 9 1 1 0 0 0 7 0 0
719 2 0 0 0 0 0 0 0 0
724 3 0 0 1 0 0 0 0 0
728 11 1 1 0 0 0 2 0 0
729 1 0 0 1 0 0 0 0 0
732 8 1 1 1 0 0 1 0 0
734 2 0 0 2 0 0 0 0 0
735 1 0 0 0 0 0 0 0 0
740 3 1 1 0 0 0 1 0 0
743 1 0 0 0 0 0 1 0 0
744 4 0 0 1 0 0 2 0 0
745 3 0 0 1 0 0 1 0 0
753 1 0 0 0 0 0 0 0 0
755 5 1 1 2 0 0 1 0 0
756 3 0 0 1 0 0 1 0 0
757 2 0 0 0 0 0 0 0 0
764 1 0 0 0 0 0 1 0 0
765 3 0 0 1 0 0 1 0 0
766 1 0 0 0 0 0 1 0 0
767 3 0 0 1 0 0 0 0 0
770 8 1 1 7 0 0 0 0 0
fn=MPL_str_get_binary_arg
0 52 3 3 35 0 0 3 0 0
57 2 0 0 0 0 0 0 0 0
65 4 0 0 0 0 0 0 0 0
67 1 0 0 0 0 0 1 0 0
68 169 1 1 17 0 0 0 0 0
69 16 0 0 0 0 0 16 0 0
71 32 0 0 16 0 0 16 0 0
73 112 0 0 0 0 0 16 0 0
75 32 0 0 16 0 0 16 0 0
82 1 0 0 0 0 0 1 0 0
83 2 0 0 0 0 0 0 0 0
84 3 0 0 1 0 0 0 0 0
95 35 4 4 5 0 0 0 0 0
133 3 1 1 0 0 0 0 0 0
135 15 1 1 4 0 0 1 0 0
136 3 0 0 0 0 0 0 0 0
351 8 2 2 0 0 0 6 0 0
352 4 0 0 0 0 0 0 0 0
362 5 0 0 0 0 0 1 0 0
364 7 1 1 0 0 0 1 0 0
375 9 0 0 7 0 0 0 0 0
fl=/build/impi/_buildspace/release/src/mpl/../../../../src/mpl/src/str/mpl_str.c
fn=MPL_strjoin
0 29 2 2 5 1 0 1 0 0
442 8 1 1 0 0 0 7 1 1
443 2 0 0 0 0 0 0 0 0
448 3 1 1 0 0 0 1 0 0
449 6 2 2 2 0 0 2 0 0
452 3 0 0 0 0 0 1 0 0
454 8 0 0 0 0 0 0 0 0
455 2 0 0 2 0 0 0 0 0
456 6 0 0 0 0 0 1 0 0
457 2 1 1 1 0 0 1 0 0
458 3 0 0 0 0 0 1 0 0
463 8 0 0 7 0 0 0 0 0
fn=MPL_strncpy
0 1148 0 0 0 0 0 136 1 1
256 272 5 2 0 0 0 0 0 0
260 16571 9 4 1953 17 17 0 0 0
261 1817 0 0 0 0 0 1817 52 42
264 414 0 0 0 0 0 0 0 0
276 136 0 0 136 0 0 0 0 0
fl=/build/impi/_buildspace/release/src/mpl/../../../../src/mpl/src/timer/mpl_timer_linux86_cycle.c
fn=MPL_wtime_init
0 14 2 2 1 0 0 3 0 0
116 6 2 2 0 0 0 4 0 0
124 2 0 0 0 0 0 2 0 0
127 4 2 2 2 2 2 0 0 0
131 4 0 0 0 0 0 1 0 0
150 3 1 1 0 0 0 1 0 0
152 4 0 0 1 0 0 0 0 0
161 2 0 0 0 0 0 1 0 0
163 2 0 0 0 0 0 1 0 0
164 2 0 0 0 0 0 1 0 0
167 7 1 1 3 1 1 0 0 0
168 5 0 0 2 0 0 0 0 0
170 4 0 0 0 0 0 0 0 0
185 1 0 0 0 0 0 1 0 0
188 10 1 1 6 0 0 0 0 0
fn=MPL_wtime_todouble
218 15165 7 6 10110 3693 12 5055 0 0
220 10110 0 0 5055 0 0 0 0 0
fl=/build/impi/_libfabric_headers/rdma/fabric.h
fn=MPIDI_OFI_mpi_finalize_hook
593 10 1 1 10 5 5 5 0 0
fl=/build/impi/_libfabric_headers/rdma/fi_cm.h
fn=MPIDI_OFI_mpi_init_hook
0 1 1 1 0 0 0 0 0 0
81 4 0 0 2 1 0 1 0 0
fl=/build/impi/_libfabric_headers/rdma/fi_domain.h
fn=???
308 4 0 0 2 1 0 1 0 0
321 6 2 2 2 0 0 1 0 0
438 5 1 1 2 1 0 1 0 0
fn=MPIDI_OFI_mpi_init_hook
0 2 0 0 0 0 0 0 0 0
451 14 1 1 6 1 0 2 0 0
fl=/build/impi/_libfabric_headers/rdma/fi_endpoint.h
fn=???
164 6 1 1 2 2 0 1 0 0
176 6 0 0 4 1 0 2 0 0
191 4 0 0 2 0 0 1 0 0
fn=MPIDI_OFI_mpi_finalize_hook
197 2 0 0 2 2 2 1 0 0
fn=MPIDI_OFI_mpi_init_hook
0 2 1 1 0 0 0 0 0 0
205 6 0 0 2 2 0 1 0 0
284 5 0 0 2 2 0 1 0 0
fl=/build/impi/_libfabric_headers/rdma/fi_eq.h
fn=MPIDI_OFI_handle_cq_error
406 4 0 0 2 0 0 1 0 0
fn=MPIDI_OFI_progress
394 4 0 0 2 2 2 1 0 0
fl=/build/impi/src/mpl/include/intel/mpl_bitops.h
fn=MPIDI_OFI_init_tag_layout
59 2 0 0 0 0 0 0 0 0
fl=/build/impi/src/mpl/include/intel/mpl_dynlib.h
fn=MPIDI_OFI_mpi_finalize_hook
103 2 0 0 1 0 0 1 0 0
105 1 0 0 0 0 0 1 0 0
106 1 1 1 0 0 0 0 0 0
fn=MPIDI_OFI_mpi_init_hook
85 5 0 0 0 0 0 2 1 0
87 1 0 0 0 0 0 0 0 0
169 5 1 1 0 0 0 0 0 0
184 25 1 1 0 0 0 12 1 1
186 6 1 1 0 0 0 0 0 0
fn=MPIR_Numa_init
0 1 0 0 1 0 0 0 0 0
85 6 2 1 0 0 0 2 1 0
87 1 0 0 0 0 0 0 0 0
153 30 2 2 0 0 0 14 1 1
155 7 1 1 0 0 0 0 0 0
239 9 1 1 1 0 0 0 0 0
fl=/build/impi/src/mpl/include/intel/mpl_profiling.h
fn=MPID_Progress_idle_timer_init
0 1 0 0 0 0 0 0 0 0
80 4 0 0 2 2 0 0 0 0
81 2 0 0 0 0 0 1 0 0
fl=/build/impi/src/mpl/include/mpl_atomic_icc_sync.h
fn=???
131 4 0 0 0 0 0 4 0 0
170 285 1 1 0 0 0 0 0 0
fn=MPIDIG_am_init
139 2 0 0 0 0 0 2 1 1
fn=MPIDIU_alloc_lut
131 1 0 0 0 0 0 1 1 1
fn=MPIDIU_avt_add_ref
131 10 0 0 20 5 1 0 0 0
fn=MPIDIU_avt_release_ref
131 22 0 0 22 2 1 0 0 0
fn=MPIDIU_release_lut
131 2 1 1 2 1 1 0 0 0
fn=MPIDI_OFI_mpi_init_hook
131 2 1 1 0 0 0 2 1 1
fn=MPIDI_init_lw_reqs
131 4 0 0 0 0 0 4 0 0
fn=MPIDU_bc_allgather
160 1 0 0 0 0 0 0 0 0
fn=MPID_Init
131 3 0 0 0 0 0 2 1 1
fn=MPII_Finalize
131 3 0 0 0 0 0 2 2 0
fn=MPII_Init_thread
131 3 0 0 0 0 0 2 1 0
fn=MPII_init_builtin_infos
131 1 0 0 0 0 0 1 0 0
fn=MPIR_Comm_group_impl
131 16 0 0 32 5 0 0 0 0
fn=MPIR_Datatype_init_predefined
131 130 0 0 0 0 0 65 0 0
fn=MPIR_Group_create
131 9 0 0 0 0 0 9 0 0
fn=MPIR_Group_init
131 2 0 0 0 0 0 1 0 0
fn=MPIR_Group_release
131 50 4 2 50 5 5 0 0 0
fn=MPIR_Progress_hook_deregister
131 2 1 1 0 0 0 2 0 0
fn=MPIR_Progress_hook_register
131 3 1 1 0 0 0 1 0 0
fn=MPIR_Type_create_pairtype
131 5 1 1 0 0 0 5 0 0
fn=PMPI_Comm_free
131 3 0 0 0 0 0 0 0 0
fn=PMPI_Comm_rank
131 3 0 0 0 0 0 0 0 0
fn=PMPI_Comm_size
131 37 0 0 0 0 0 0 0 0
fn=PMPI_Comm_split
131 3 1 1 0 0 0 0 0 0
fn=PMPI_Finalize
131 1 0 0 0 0 0 0 0 0
fn=PMPI_Wtime
131 5054 0 0 0 0 0 0 0 0
fn=impi_calloc
170 25 0 0 0 0 0 0 0 0
fn=impi_malloc
170 4984 3 3 0 0 0 0 0 0
fn=impi_realloc
170 128 0 0 0 0 0 0 0 0
fl=/build/impi/src/mpl/include/mpl_initlock.h
fn=MPII_Finalize
28 2 0 0 0 0 0 1 0 0
40 2 1 1 0 0 0 1 0 0
fn=MPII_Init_thread
28 2 0 0 0 0 0 1 0 0
40 2 0 0 0 0 0 1 0 0
fn=MPIR_Add_finalize
28 14 0 0 0 0 0 7 0 0
40 35 4 2 21 0 0 0 0 0
fl=/build/impi/src/mpl/include/mpl_math.h
fn=MPID_Init
20 4 0 0 0 0 0 0 0 0
21 2 0 0 0 0 0 0 0 0
22 1 0 0 0 0 0 0 0 0
fn=MPIR_Comm_commit
20 20 0 0 0 0 0 0 0 0
21 10 0 0 0 0 0 0 0 0
22 5 0 0 0 0 0 0 0 0
fn=MPIR_Comm_create_subcomms
20 40 0 0 0 0 0 0 0 0
21 20 0 0 0 0 0 0 0 0
22 10 0 0 0 0 0 0 0 0
fl=/build/impi/src/mpl/include/mpl_timer_linux86_cycle.h
fn=PMPI_Wtime
0 10108 0 0 0 0 0 0 0 0
19 5054 0 0 0 0 0 0 0 0
20 15162 509 8 0 0 0 5054 5 0
fl=/build/impi/src/mpl/include/mpl_trmem.h
fn=???
313 616 3 1 0 0 0 462 0 0
315 34 0 0 0 0 0 0 0 0
316 866 0 0 0 0 0 255 0 0
317 611 4 1 0 0 0 255 0 0
318 510 0 0 0 0 0 0 0 0
322 616 0 0 462 0 0 0 0 0
fn=MPIR_T_CVAR_REGISTER_impl
315 3048 0 0 0 0 0 0 0 0
316 6096 0 0 0 0 0 1524 0 0
317 4572 0 0 0 0 0 1524 0 0
318 3048 0 0 0 0 0 0 0 0
fn=MPIR_T_PVAR_REGISTER_impl
315 8 0 0 0 0 0 0 0 0
316 16 2 2 0 0 0 4 0 0
317 12 0 0 0 0 0 4 0 0
318 8 0 0 0 0 0 0 0 0
fn=MPIR_T_cat_add_desc
315 22 0 0 0 0 0 0 0 0
316 44 1 1 0 0 0 11 0 0
317 33 0 0 0 0 0 11 0 0
318 22 0 0 0 0 0 0 0 0
fn=MPIR_T_cvar_init
316 12 2 2 0 0 0 3 0 0
317 9 1 1 0 0 0 3 0 0
318 6 0 0 0 0 0 0 0 0
fn=MPIR_get_supported_memory_kinds
0 2 0 0 0 0 0 0 0 0
315 4 0 0 0 0 0 0 0 0
316 8 0 0 0 0 0 2 1 1
317 6 0 0 0 0 0 2 0 0
318 4 0 0 0 0 0 0 0 0
fn=MPIR_pmi_get_keyval_array
315 2 0 0 0 0 0 0 0 0
316 8 0 0 0 0 0 2 0 0
317 6 1 1 0 0 0 2 0 0
318 5 0 0 1 0 0 0 0 0
fn=MPIU_check_spelling_env_vars
316 320 1 1 0 0 0 80 0 0
317 240 0 0 0 0 0 80 0 0
318 160 0 0 0 0 0 0 0 0
fn=VPMI_KVS_Get_my_name
315 2 0 0 0 0 0 0 0 0
316 4 0 0 0 0 0 1 0 0
317 3 0 0 0 0 0 1 0 0
318 2 0 0 0 0 0 0 0 0
fl=/build/impi/src/mpl/include/utarray.h
fn=???
243 504 2 1 0 0 0 420 0 0
245 336 0 0 84 0 0 84 13 12
246 504 0 0 420 0 0 0 0 0
251 252 1 1 84 12 12 0 0 0
fl=/build/impi/src/openpa/src/primitives/opa_gcc_intel_32_64_ops.h
fn=MPIDU_Init_shm_alloc
49 2 0 0 0 0 0 2 0 0
fn=MPIDU_Init_shm_init
49 2 0 0 0 0 0 2 1 1
fn=impi_calloc
166 46 0 0 46 0 0 0 0 0
fn=impi_free
166 10234 0 0 10234 0 0 0 0 0
fn=impi_malloc
166 10804 8 4 10804 0 0 0 0 0
fn=impi_realloc
166 156 0 0 156 0 0 0 0 0
fn=impi_shm_heap_init
166 2 0 0 2 0 0 0 0 0
fl=/localdisk/promo-build/20250910/tmp/lin_32e-rtl_int_5_nor_dyn.rel.c0.s0.tcm1.t1..h1.u1-anompclxlin01/../../src/kmp.h
fn=KMPNativeAffinity::Mask::end() const
4991 740 0 0 0 0 0 0 0 0
fn=_GLOBAL__sub_I_kmp_settings.cpp
5283 5 0 0 0 0 0 2 1 1
5286 2 0 0 0 0 0 2 0 0
5292 2 0 0 0 0 0 2 0 0
5299 8 2 2 0 0 0 6 2 2
5308 20 2 2 0 0 0 20 4 4
5317 2 0 0 0 0 0 2 0 0
5320 2 0 0 0 0 0 2 0 0
5329 4 0 0 2 0 0 2 1 1
fn=_GLOBAL__sub_I_ompt_general.cpp
5104 3 1 1 0 0 0 1 1 1
fn=__kmp_affinity_create_apicid_map(kmp_i18n_id*)
0 3 0 0 2 0 0 1 0 0
856 1 0 0 0 0 0 1 0 0
858 5 1 1 3 0 0 1 0 0
859 2 0 0 0 0 0 0 0 0
860 5 0 0 2 0 0 2 0 0
875 1 0 0 0 0 0 0 0 0
882 2 0 0 0 0 0 0 0 0
883 3 0 0 3 0 0 1 0 0
885 4 0 0 2 0 0 1 0 0
886 4 1 1 3 0 0 1 0 0
1559 83 1 1 0 0 0 0 0 0
fn=__kmp_affinity_create_cpuinfo_map(int*, kmp_i18n_id*)
0 2 1 1 1 1 0 1 0 0
5097 3 0 0 1 1 0 0 0 0
5098 2 0 0 0 0 0 1 0 0
5121 4 1 1 0 0 0 1 0 0
5130 4 0 0 0 0 0 1 0 0
5131 2 0 0 0 0 0 0 0 0
fn=__kmp_affinity_create_x2apicid_map(kmp_i18n_id*)
0 3 0 0 1 0 0 2 0 0
856 1 0 0 0 0 0 1 0 0
858 5 0 0 3 0 0 1 0 0
859 2 0 0 0 0 0 0 0 0
860 4 1 1 2 0 0 1 0 0
875 1 0 0 0 0 0 0 0 0
882 2 0 0 0 0 0 0 0 0
883 3 0 0 3 0 0 1 0 0
885 4 1 1 2 0 0 1 0 0
886 4 0 0 3 0 0 1 0 0
1559 127 1 1 0 0 0 0 0 0
3521 16 0 0 8 1 0 0 0 0
fn=__kmp_allocate_team
2348 24 1 1 12 0 0 12 0 0
fn=__kmp_aux_affinity_initialize_other_data(kmp_affinity_t&)
0 1 0 0 0 0 0 0 0 0
802 89 2 2 36 0 0 18 0 0
803 16 0 0 0 0 0 0 0 0
fn=__kmp_create_worker
3818 12 1 1 4 0 0 0 0 0
3819 1 0 0 1 0 0 0 0 0
fn=__kmp_do_serial_initialize(char const*)
0 3 0 0 1 0 0 1 0 0
854 3 0 0 1 0 0 0 0 0
856 1 0 0 0 0 0 1 0 0
858 5 1 1 3 2 0 1 0 0
859 2 0 0 0 0 0 0 0 0
860 4 0 0 2 1 0 1 0 0
863 2 0 0 0 0 0 0 0 0
875 6 1 1 1 0 0 0 0 0
882 2 0 0 0 0 0 0 0 0
883 4 0 0 3 0 0 1 0 0
885 4 0 0 2 1 0 1 0 0
886 5 1 1 3 0 0 1 0 0
1559 7 0 0 0 0 0 0 0 0
3211 4 0 0 1 1 1 2 1 1
3818 11 1 1 4 0 0 0 0 0
3819 1 0 0 1 0 0 0 0 0
fn=__kmp_internal_end_library
3818 13 0 0 4 3 3 0 0 0
3819 1 0 0 1 1 1 0 0 0
fn=__kmp_query_cpuid
1559 31 1 1 0 0 0 12 1 1
fn=__kmp_register_root
3824 2 0 0 2 0 0 0 0 0
fn=__kmp_runtime_initialize
0 6 1 1 0 0 0 0 0 0
4936 4 0 0 0 0 0 0 0 0
4938 4 0 0 0 0 0 0 0 0
fn=__kmp_set_stack_info(int, kmp_info*)
3818 13 1 1 4 0 0 0 0 0
3819 1 0 0 1 0 0 0 0 0
fn=__kmp_str_buf_cat
4991 156 0 0 0 0 0 0 0 0
5020 78 1 1 0 0 0 78 0 0
fn=__kmp_unregister_root_current_thread(int)
0 1 0 0 0 0 0 0 0 0
3818 10 1 1 3 0 0 0 0 0
3819 1 0 0 1 0 0 0 0 0
fn=__kmp_x2apicid_get_levels(int, cpuid_proc_info_t*, kmp_hw_t*, int*, cpuid_topo_desc_t*)
1559 108 0 0 0 0 0 0 0 0
fn=__ompt_get_task_info_internal(int, int*, ompt_data_t**, ompt_frame_t**, ompt_data_t**, int*)
3839 4 1 1 2 0 0 0 0 0
fn=kmp_hw_thread_t::compare_ids(void const*, void const*)
3521 48 0 0 24 0 0 0 0 0
fn=kmp_safe_raii_file_t::~kmp_safe_raii_file_t()
5097 3 0 0 1 1 0 0 0 0
5112 5 1 1 2 0 0 1 0 0
fn=kmp_topology_t::_gather_enumeration_information()
3521 16 0 0 8 0 0 0 0 0
fn=omp_in_parallel@@VERSION
3920 1996 0 0 0 0 0 1996 0 0
3922 7984 0 0 3992 1724 20 0 0 0
fl=/localdisk/promo-build/20250910/tmp/lin_32e-rtl_int_5_nor_dyn.rel.c0.s0.tcm1.t1..h1.u1-anompclxlin01/../../src/kmp_affinity.cpp
fn=KMPAffinity::pick_api()
1471 2 0 0 0 0 0 1 0 0
1476 7 1 1 1 1 1 3 0 0
1481 8 0 0 2 1 1 0 0 0
1490 2 0 0 0 0 0 1 1 0
1491 1 0 0 0 0 0 1 0 0
1492 4 0 0 4 0 0 0 0 0
fn=KMPNativeAffinity::Mask::~Mask()
1469 27 0 0 0 0 0 0 0 0
fn=KMPNativeAffinity::allocate_mask()
1467 135 3 1 0 0 0 54 0 0
fn=KMPNativeAffinity::allocate_mask_array(int)
1468 1 0 0 0 0 0 1 0 0
fn=KMPNativeAffinity::deallocate_mask_array(KMPAffinity::Mask*)
1470 5 0 0 3 0 0 0 0 0
fn=KMPNativeAffinity::~KMPNativeAffinity()
1472 2 1 1 0 0 0 0 0 0
fn=_GLOBAL__sub_I_kmp_affinity.cpp
0 2 1 1 0 0 0 0 0 0
fn=__kmp_affinity_cmp_ProcCpuInfo_phys_id(void const*, void const*)
3118 24 1 1 12 0 0 0 0 0
3119 12 0 0 12 0 0 0 0 0
3120 12 0 0 12 0 0 0 0 0
3121 152 1 1 64 0 0 0 0 0
3123 40 0 0 0 0 0 0 0 0
3125 40 0 0 0 0 0 0 0 0
3129 12 0 0 12 0 0 0 0 0
fn=__kmp_affinity_cmp_apicThreadInfo_phys_id(void const*, void const*)
0 12 0 0 0 0 0 0 0 0
2182 60 1 1 24 0 0 0 0 0
2184 12 0 0 0 0 0 0 0 0
2186 36 0 0 24 0 0 0 0 0
2188 12 0 0 0 0 0 0 0 0
2190 72 0 0 24 0 0 0 0 0
2195 12 0 0 12 0 0 0 0 0
fn=__kmp_affinity_create_apicid_map(kmp_i18n_id*)
0 104 4 4 2 0 0 19 0 0
2162 288 0 0 0 0 0 0 0 0
2163 72 0 0 0 0 0 0 0 0
2282 8 1 1 0 0 0 6 0 0
2284 1 0 0 0 0 0 1 0 0
2286 3 0 0 1 0 0 0 0 0
2292 2 0 0 0 0 0 0 0 0
2302 3 0 0 1 0 0 0 0 0
2388 7 1 1 1 0 0 1 0 0
2391 90 1 1 54 0 0 18 0 0
2393 48 1 1 24 0 0 8 0 0
2398 32 0 0 24 0 0 8 0 0
2399 40 1 1 0 0 0 8 0 0
2403 16 0 0 0 0 0 0 0 0
2408 40 0 0 0 0 0 8 0 0
2409 16 0 0 0 0 0 0 0 0
2410 24 0 0 0 0 0 0 0 0
2421 16 0 0 0 0 0 0 0 0
2423 16 0 0 0 0 0 0 0 0
2429 24 0 0 8 0 0 0 0 0
2430 40 0 0 8 0 0 8 0 0
2434 24 1 1 0 0 0 0 0 0
2443 24 0 0 0 0 0 0 0 0
2444 40 0 0 0 0 0 8 0 0
2446 24 0 0 0 0 0 0 0 0
2447 16 0 0 0 0 0 8 0 0
2449 8 0 0 0 0 0 0 0 0
2457 7 0 0 0 0 0 1 0 0
2473 1 0 0 0 0 0 1 0 0
2474 1 0 0 0 0 0 1 0 0
2475 2 1 1 0 0 0 1 0 0
2479 1 0 0 1 0 0 0 0 0
2481 1 0 0 1 0 0 0 0 0
2483 1 0 0 1 0 0 0 0 0
2486 1 0 0 1 0 0 0 0 0
2487 1 0 0 1 0 0 0 0 0
2489 6 0 0 0 0 0 1 0 0
2490 3 1 1 1 0 0 0 0 0
2510 3 0 0 1 0 0 0 0 0
2518 3 0 0 1 0 0 0 0 0
2522 2 1 1 0 0 0 1 0 0
2523 2 0 0 0 0 0 1 0 0
2595 8 1 1 7 0 0 0 0 0
fn=__kmp_affinity_create_cpuinfo_map(int*, kmp_i18n_id*)
0 1241 18 18 810 2 1 276 0 0
3203 5 0 0 1 0 0 0 0 0
3220 11 1 1 1 0 0 7 0 0
3223 1 1 1 0 0 0 1 0 0
3225 220 8 8 32 0 0 42 0 0
3235 964 0 0 0 0 0 241 0 0
3236 241 1 1 0 0 0 241 0 0
3237 1446 0 0 0 0 0 241 0 0
3242 480 0 0 0 0 0 480 0 0
3243 1440 1 1 0 0 0 240 0 0
3244 8 0 0 0 0 0 0 0 0
3250 1626 0 0 0 0 0 232 0 0
3252 4 1 1 0 0 0 2 0 0
3264 2 0 0 0 0 0 0 0 0
3268 2 0 0 1 0 0 0 0 0
3278 6 1 1 0 0 0 1 0 0
3286 5 0 0 0 0 0 1 0 0
3288 27 0 0 0 0 0 0 0 0
3289 18 0 0 0 0 0 9 0 0
3290 36 1 1 9 1 0 9 0 0
3307 33 0 0 0 0 0 0 0 0
3308 46 1 1 10 0 0 9 0 0
3312 2 0 0 1 0 0 1 0 0
3316 1109 0 0 208 0 0 226 0 0
3321 225 1 1 0 0 0 225 0 0
3323 1350 0 0 0 0 0 225 0 0
3328 19 0 0 1 0 0 0 0 0
3329 851 0 0 214 0 0 0 0 0
3333 2 0 0 0 0 0 0 0 0
3337 672 1 1 224 0 0 0 0 0
3349 224 0 0 224 0 0 0 0 0
3374 448 1 1 0 0 0 448 0 0
3376 1344 0 0 0 0 0 224 0 0
3377 16 0 0 0 0 0 0 0 0
3378 24 0 0 0 0 0 8 0 0
3380 80 1 1 0 0 0 8 0 0
3382 24 0 0 16 0 0 0 0 0
3392 16 0 0 8 0 0 8 0 0
3425 672 1 1 0 0 0 448 0 0
3426 1344 0 0 0 0 0 224 0 0
3427 16 1 1 0 0 0 0 0 0
3428 24 0 0 0 0 0 8 0 0
3430 88 1 1 8 0 0 8 0 0
3432 24 0 0 16 0 0 0 0 0
3434 16 0 0 8 0 0 8 0 0
3437 432 1 1 0 0 0 216 0 0
3438 1296 0 0 0 0 0 216 0 0
3439 16 0 0 0 0 0 0 0 0
3440 24 1 1 0 0 0 8 0 0
3442 88 1 1 8 0 0 8 0 0
3444 24 0 0 16 0 0 0 0 0
3446 24 0 0 8 0 0 8 0 0
3450 624 1 1 0 0 0 416 0 0
3451 1248 0 0 0 0 0 208 0 0
3463 1456 0 0 0 0 0 208 0 0
3482 1248 1 1 416 0 0 0 0 0
3485 400 1 1 0 0 0 0 0 0
3487 14168 0 0 0 0 0 2360 0 0
3495 16 0 0 8 0 0 0 0 0
3503 40 1 1 24 0 0 0 0 0
3508 24 0 0 16 0 0 0 0 0
3515 40 1 1 8 0 0 0 0 0
3516 32 0 0 24 0 0 8 0 0
3524 8 0 0 0 0 0 0 0 0
3525 16 0 0 8 0 0 0 0 0
3526 24 0 0 8 0 0 0 0 0
3540 1 0 0 0 0 0 1 0 0
3551 4 0 0 2 0 0 0 0 0
3552 3 1 1 0 0 0 1 0 0
3555 6 1 1 0 0 0 2 0 0
3568 5 0 0 1 0 0 1 0 0
3570 5 1 1 1 0 0 1 0 0
3572 5 0 0 1 0 0 1 0 0
3574 5 0 0 1 0 0 1 0 0
3578 7 0 0 0 0 0 2 0 0
3584 4 0 0 0 0 0 0 0 0
3585 3 0 0 1 0 0 0 0 0
3586 2 1 1 0 0 0 1 0 0
3591 18 1 1 1 0 0 1 0 0
3592 19 1 1 1 1 1 8 0 0
3593 4 0 0 0 0 0 2 0 0
3594 5 1 1 0 0 0 2 0 0
3595 9 0 0 3 0 0 2 0 0
3600 26 1 1 7 0 0 0 0 0
3603 46 0 0 0 0 0 0 0 0
3604 36 0 0 0 0 0 0 0 0
3606 59 0 0 4 0 0 8 0 0
3607 8 0 0 0 0 0 4 0 0
3615 162 9 9 57 0 0 1 0 0
3620 23 0 0 0 0 0 0 0 0
3621 17 2 2 6 0 0 1 0 0
3622 28 0 0 9 0 0 2 0 0
3623 2 0 0 0 0 0 1 0 0
3625 3 0 0 0 0 0 3 0 0
3626 24 0 0 6 0 0 5 0 0
3628 7 1 1 7 0 0 0 0 0
3629 7 0 0 7 0 0 0 0 0
3630 28 1 1 7 0 0 7 0 0
3632 56 0 0 21 0 0 0 0 0
3644 9 0 0 3 0 0 0 0 0
3645 9 0 0 0 0 0 3 0 0
3662 8 1 1 2 0 0 0 0 0
3685 4 1 1 0 0 0 0 0 0
3686 14 2 2 6 0 0 0 0 0
3687 1 0 0 0 0 0 1 0 0
3691 2 0 0 1 0 0 1 0 0
3692 2 0 0 1 0 0 1 0 0
3693 2 0 0 1 0 0 1 0 0
3699 2 1 1 1 0 0 1 0 0
3700 3 0 0 1 0 0 0 0 0
3722 2 0 0 1 0 0 1 0 0
3723 14 0 0 1 0 0 1 0 0
3724 12 1 1 3 0 0 0 0 0
3725 4 0 0 0 0 0 2 0 0
3727 2 1 1 1 0 0 1 0 0
3728 1 0 0 0 0 0 1 0 0
3730 1 0 0 0 0 0 1 0 0
3738 18 0 0 0 0 0 0 0 0
3739 6 0 0 3 0 0 0 0 0
3745 1 0 0 0 0 0 1 0 0
3753 1 0 0 0 0 0 1 0 0
3755 2 0 0 0 0 0 0 0 0
3758 3 0 0 0 0 0 2 0 0
3760 42 0 0 17 0 0 0 0 0
3761 32 1 1 16 0 0 8 0 0
3765 8 0 0 0 0 0 8 0 0
3766 8 0 0 0 0 0 8 0 0
3769 81 1 1 1 0 0 0 0 0
3770 104 1 1 32 0 0 0 0 0
3773 152 1 1 0 0 0 0 0 0
3783 1 0 0 0 0 0 1 0 0
3784 2 0 0 0 0 0 1 0 0
3785 1 0 0 0 0 0 1 0 0
3786 2 0 0 0 0 0 1 0 0
3787 2 0 0 0 0 0 1 0 0
3788 56 1 1 9 0 0 10 0 0
3789 1 0 0 1 0 0 0 0 0
3791 2 0 0 1 0 0 1 0 0
3793 1 0 0 1 0 0 0 0 0
3794 2 1 1 0 0 0 0 0 0
3796 2 0 0 1 0 0 0 0 0
3799 32 0 0 0 0 0 0 0 0
3801 28 0 0 7 0 0 0 0 0
3807 1 1 1 0 0 0 0 0 0
3818 5 1 1 0 0 0 1 0 0
3825 12 1 0 9 0 0 0 0 0
fn=__kmp_affinity_create_x2apicid_map(kmp_i18n_id*)
0 358 13 13 73 0 0 19 0 0
676 3 0 0 0 0 0 1 0 0
678 4 0 0 1 0 0 0 0 0
683 1 0 0 0 0 0 1 0 0
684 1 0 0 0 0 0 1 0 0
686 1 0 0 0 0 0 0 0 0
687 1 0 0 0 0 0 1 0 0
688 2 0 0 0 0 0 1 0 0
689 2 0 0 0 0 0 1 0 0
690 2 0 0 0 0 0 1 0 0
692 1 0 0 0 0 0 1 0 0
694 1 1 1 0 0 0 1 0 0
695 4 0 0 0 0 0 3 0 0
696 12 2 2 2 0 0 0 0 0
697 6 0 0 3 0 0 3 0 0
698 3 0 0 0 0 0 3 0 0
700 1 0 0 1 0 0 0 0 0
701 3 0 0 0 0 0 1 0 0
706 2 0 0 0 0 0 0 0 0
707 1 0 0 0 0 0 1 0 0
712 3 0 0 1 0 0 0 0 0
714 2 0 0 0 0 0 0 0 0
715 1 0 0 1 0 0 0 0 0
718 16 1 1 1 0 0 0 0 0
719 12 0 0 8 0 0 0 0 0
2155 184 0 0 0 0 0 0 0 0
2162 360 0 0 0 0 0 0 0 0
2203 63 0 0 63 0 0 0 0 0
2215 28 1 1 21 0 0 0 0 0
2217 119 0 0 14 0 0 0 0 0
2218 42 0 0 21 0 0 0 0 0
2237 18 1 1 3 1 1 0 0 0
2249 112 1 1 24 0 0 0 0 0
2255 112 1 1 0 0 0 0 0 0
2265 48 0 0 24 0 0 24 0 0
2266 72 1 1 0 0 0 24 0 0
2267 48 0 0 0 0 0 24 0 0
2648 8 0 0 3 0 0 0 0 0
2689 1 0 0 0 0 0 1 0 0
2695 32 0 0 32 0 0 24 0 0
2837 8 1 1 0 0 0 6 0 0
2843 1 0 0 0 0 0 1 0 0
2848 5 0 0 1 0 0 0 0 0
2849 3 1 1 0 0 0 1 0 0
2851 2 0 0 0 0 0 0 0 0
2855 1 0 0 0 0 0 1 0 0
2856 7 0 0 1 0 0 0 0 0
2867 7 0 0 1 0 0 1 0 0
2877 2 0 0 0 0 0 1 1 0
2883 3 0 0 0 0 0 3 0 0
2885 4 0 0 0 0 0 0 0 0
2886 4 0 0 2 0 0 0 0 0
2887 4 0 0 0 0 0 0 0 0
2890 2 0 0 0 0 0 0 0 0
2893 6 1 1 1 0 0 1 0 0
2895 3 0 0 1 0 0 0 0 0
2899 2 0 0 0 0 0 0 0 0
2904 2 0 0 0 0 0 0 0 0
2911 4 1 1 2 0 0 0 0 0
2941 96 0 0 54 0 0 20 0 0
2943 48 1 1 24 0 0 8 0 0
2949 32 0 0 24 0 0 8 0 0
2951 40 1 1 16 0 0 8 0 0
2952 8 0 0 0 0 0 8 0 0
2953 40 0 0 0 0 0 8 0 0
2955 16 0 0 8 0 0 0 0 0
2962 40 0 0 8 0 0 0 0 0
2966 8 0 0 0 0 0 0 0 0
2971 8 0 0 0 0 0 0 0 0
2973 3 1 1 2 0 0 0 0 0
2977 6 0 0 2 0 0 1 0 0
2980 49 0 0 8 0 0 0 0 0
2983 24 1 1 8 0 0 8 0 0
2984 8 0 0 0 0 0 8 0 0
2985 8 0 0 8 0 0 0 0 0
2987 240 1 1 33 0 0 4 0 0
2988 24 0 0 0 0 0 0 0 0
2990 40 1 1 8 0 0 24 0 0
2992 32 0 0 0 0 0 0 0 0
2994 32 0 0 16 0 0 0 0 0
2998 8 0 0 8 0 0 0 0 0
2999 8 0 0 8 0 0 0 0 0
3005 14 1 1 2 0 0 0 0 0
3007 2 1 1 2 0 0 0 0 0
3008 4 0 0 2 0 0 0 0 0
3009 2 0 0 0 0 0 2 0 0
3010 55 1 1 2 0 0 3 0 0
3012 98 4 4 28 0 0 0 0 0
3017 14 0 0 0 0 0 14 0 0
3026 4 0 0 1 0 0 2 0 0
3030 2 0 0 1 0 0 0 0 0
3031 17 0 0 6 0 0 1 0 0
3032 3 0 0 3 0 0 0 0 0
3033 3 0 0 3 0 0 0 0 0
3034 6 0 0 0 0 0 0 0 0
3036 6 0 0 3 0 0 0 0 0
3037 34 0 0 3 0 0 0 0 0
3039 12 0 0 6 0 0 0 0 0
3041 9 0 0 3 0 0 0 0 0
3066 8 1 1 4 0 0 0 0 0
3096 3 0 0 1 0 0 1 0 0
3097 1 0 0 0 0 0 1 0 0
3098 2 1 1 0 0 0 0 0 0
3103 8 0 0 7 0 0 0 0 0
fn=__kmp_affinity_get_init_mask
0 1 1 1 0 0 0 1 0 0
5271 6 1 1 0 0 0 3 0 0
5273 8 0 0 1 0 0 0 0 0
5281 16 1 1 4 2 0 0 0 0
5286 7 1 1 0 0 0 0 0 0
5296 4 1 1 1 1 0 0 0 0
5297 2 0 0 0 0 0 1 0 0
5325 4 1 1 4 0 0 0 0 0
fn=__kmp_affinity_get_mask_topology_info(KMPAffinity::Mask const*, kmp_affinity_ids_t&, kmp_affinity_attrs_t&)
0 76 1 1 0 0 0 1 0 0
4550 7 1 1 0 0 0 7 0 0
4551 31 0 0 1 0 0 0 0 0
4556 4 0 0 0 0 0 3 0 0
4557 1 0 0 0 0 0 1 0 0
4562 2 1 1 1 0 0 0 0 0
4563 102 1 1 36 0 0 18 0 0
4564 24 0 0 16 0 0 0 0 0
4565 8 0 0 0 0 0 8 0 0
4566 16 0 0 8 0 0 0 0 0
4567 86 1 1 0 0 0 0 0 0
4569 42 0 0 18 0 0 0 0 0
4570 88 0 0 18 0 0 0 0 0
4571 11 0 0 0 0 0 11 0 0
4575 7 1 1 0 0 0 7 0 0
4576 53 0 0 0 0 0 0 0 0
4578 13 0 0 0 0 0 13 0 0
4582 24 1 1 8 0 0 0 0 0
4583 1 0 0 0 0 0 0 0 0
4584 1 0 0 0 0 0 0 0 0
4585 2 0 0 0 0 0 0 0 0
4588 14 0 0 0 0 0 0 0 0
4590 14 1 1 0 0 0 0 0 0
4594 8 0 0 7 0 0 0 0 0
fn=__kmp_affinity_initialize
5184 8 2 1 2 0 0 2 0 0
5185 6 0 0 2 0 0 0 0 0
5187 2 2 1 0 0 0 0 0 0
5189 4 0 0 2 0 0 0 0 0
fn=__kmp_affinity_set_init_mask
0 7 0 0 1 0 0 1 0 0
5331 10 1 1 2 0 0 4 0 0
5335 4 0 0 0 0 0 3 0 0
5336 2 1 1 0 0 0 1 0 0
5338 3 0 0 1 0 0 0 0 0
5342 3 0 0 1 0 0 0 0 0
5343 5 1 1 3 2 0 2 0 0
5351 6 0 0 1 1 0 0 0 0
5357 3 0 0 0 0 0 1 0 0
5359 2 0 0 1 0 0 1 0 0
5360 4 1 1 0 0 0 0 0 0
5361 1 0 0 0 0 0 1 0 0
5362 1 0 0 0 0 0 1 0 0
5363 1 0 0 0 0 0 0 0 0
5371 2 0 0 0 0 0 0 0 0
5372 11 1 1 5 1 0 4 0 0
5373 3 1 1 2 1 0 1 0 0
5384 4 0 0 4 1 0 1 0 0
5385 6 0 0 5 0 0 0 0 0
fn=__kmp_affinity_uninitialize
707 1 0 0 0 0 0 1 0 0
1495 8 1 1 2 0 0 0 0 0
1496 2 0 0 2 1 1 1 0 0
1497 1 0 0 0 0 0 1 0 0
1498 2 0 0 0 0 0 1 0 0
1500 2 0 0 0 0 0 1 0 0
5195 14 1 1 4 1 1 6 0 0
5196 12 0 0 4 2 2 0 0 0
5197 4 0 0 3 0 0 1 0 0
5198 12 1 1 4 0 0 0 0 0
5200 12 1 1 4 1 1 0 0 0
5202 12 0 0 4 0 0 0 0 0
5203 1 0 0 0 0 0 1 0 0
5204 12 1 1 4 0 0 0 0 0
5205 1 0 0 0 0 0 1 0 0
5206 36 1 1 4 1 1 28 0 0
5208 8 1 1 2 1 1 0 0 0
5209 4 0 0 3 0 0 1 0 0
5210 1 0 0 0 0 0 1 0 0
5212 4 0 0 0 0 0 2 0 0
5213 8 1 1 2 0 0 0 0 0
5214 3 0 0 1 0 0 0 0 0
5215 4 0 0 2 1 1 1 0 0
5217 5 0 0 4 0 0 1 0 0
5218 1 0 0 0 0 0 1 0 0
5220 4 1 1 0 0 0 2 0 0
5221 4 0 0 0 0 0 2 0 0
5222 6 0 0 2 0 0 0 0 0
5226 6 0 0 2 1 1 0 0 0
5227 1 0 0 0 0 0 1 0 0
5228 1 1 1 0 0 0 1 0 0
5231 8 0 0 2 0 0 0 0 0
5235 4 0 0 0 0 0 2 0 0
5237 8 0 0 2 1 1 0 0 0
5241 8 1 1 2 0 0 0 0 0
5243 1 0 0 0 0 0 1 0 0
5245 4 0 0 0 0 0 2 0 0
5247 4 0 0 0 0 0 2 0 0
5248 8 1 1 6 0 0 0 0 0
fn=__kmp_aux_affinity_initialize(kmp_affinity_t&)
0 22 5 5 8 1 1 5 2 0
92 4 0 0 0 0 0 0 0 0
3139 2 0 0 0 0 0 1 1 0
3140 6 0 0 3 0 0 0 0 0
3141 2 1 1 1 0 0 1 0 0
3143 8 0 0 1 0 0 0 0 0
3148 1 0 0 0 0 0 1 0 0
3149 1 0 0 0 0 0 1 0 0
3150 1 0 0 0 0 0 1 0 0
3153 2 0 0 0 0 0 1 1 1
3154 1 0 0 0 0 0 1 0 0
3157 1 1 1 0 0 0 0 0 0
3164 1 0 0 0 0 0 1 0 0
3166 1 0 0 0 0 0 1 0 0
3168 2 0 0 0 0 0 1 0 0
4679 3 0 0 1 0 0 0 0 0
4680 1 0 0 1 0 0 0 0 0
4686 2 0 0 0 0 0 0 0 0
4687 5 0 0 3 1 1 2 1 0
4689 3 0 0 1 0 0 0 0 0
4690 5 1 1 3 0 0 2 0 0
4692 3 0 0 1 0 0 0 0 0
4693 4 0 0 3 1 1 1 0 0
4695 4 1 1 4 1 1 1 0 0
4696 2 0 0 1 0 0 0 0 0
4699 2 0 0 0 0 0 1 1 0
4700 89 1 1 54 0 0 18 0 0
4701 48 0 0 24 0 0 8 0 0
4704 16 0 0 8 0 0 0 0 0
4706 4 0 0 2 0 0 0 0 0
4713 3 2 2 1 0 0 0 0 0
4739 1 0 0 1 0 0 0 0 0
4740 1 1 1 0 0 0 1 0 0
4741 4 0 0 1 0 0 0 0 0
4745 7 0 0 2 0 0 0 0 0
4750 1 0 0 0 0 0 0 0 0
4755 1 0 0 0 0 0 0 0 0
4756 5 1 1 3 0 0 1 0 0
4770 2 1 0 0 0 0 1 0 0
4771 4 0 0 0 0 0 0 0 0
4775 2 0 0 0 0 0 0 0 0
4776 2 1 0 0 0 0 1 0 0
4777 4 0 0 0 0 0 0 0 0
4784 2 1 1 0 0 0 0 0 0
4785 1 0 0 0 0 0 1 0 0
4786 2 1 0 0 0 0 1 0 0
4787 4 0 0 0 0 0 0 0 0
4802 2 1 1 0 0 0 0 0 0
4875 3 1 1 1 0 0 0 0 0
4892 1 0 0 0 0 0 1 0 0
4893 2 0 0 0 0 0 0 0 0
4895 1 0 0 0 0 0 1 0 0
4901 20 2 1 2 0 0 14 0 0
4902 1 1 1 1 1 1 0 0 0
4904 2 0 0 2 0 0 0 0 0
4906 4 0 0 0 0 0 0 0 0
4907 3 1 1 1 1 0 0 0 0
4911 9 1 1 2 0 0 0 0 0
4914 1 0 0 0 0 0 0 0 0
4916 3 0 0 1 0 0 0 0 0
4917 5 2 2 3 0 0 0 0 0
4927 2 0 0 1 0 0 0 0 0
4928 2 1 1 0 0 0 1 0 0
5173 22 3 1 18 0 0 0 0 0
fn=__kmp_aux_affinity_initialize_other_data(kmp_affinity_t&)
0 10 0 0 2 0 0 0 0 0
4609 3 1 1 1 0 0 0 0 0
4611 2 0 0 1 0 0 0 0 0
4615 2 1 1 1 0 0 0 0 0
4616 2 0 0 1 0 0 0 0 0
4617 4 0 0 1 0 0 0 0 0
4620 2 0 0 1 0 0 0 0 0
4623 2 0 0 1 0 0 0 0 0
4624 4 1 1 1 0 0 2 0 0
4627 2 0 0 1 0 0 0 0 0
4628 4 0 0 1 0 0 2 0 0
4631 2 0 0 1 0 0 0 0 0
4633 1 0 0 0 0 0 1 0 0
4634 4 1 1 0 0 0 1 0 0
4638 34 0 0 0 0 0 0 0 0
4639 24 0 0 16 0 0 0 0 0
4640 48 1 1 24 0 0 8 0 0
4641 32 0 0 8 0 0 8 0 0
4644 8 0 0 2 0 0 0 0 0
4646 1 0 0 0 0 0 0 0 0
4647 7 1 1 4 0 0 1 0 0
4648 4 0 0 0 0 0 1 0 0
4653 7 1 1 0 0 0 7 0 0
4655 6 0 0 1 0 0 0 0 0
4656 2 0 0 0 0 0 1 0 0
4659 8 1 1 7 0 0 0 0 0
fn=__kmp_cleanup_hierarchy
62 1 0 0 1 0 0 0 0 0
fn=__kmp_create_affinity_none_places(kmp_affinity_t&)
4663 4 1 1 0 0 0 3 0 0
4664 3 0 0 1 0 0 0 0 0
4665 2 0 0 1 0 0 0 0 0
4666 6 1 1 3 0 0 0 0 0
4667 1 1 1 0 0 0 1 0 0
4668 6 0 0 3 0 0 2 0 0
4669 5 0 0 3 0 0 1 0 0
4670 4 0 0 3 0 0 1 0 0
4671 5 0 0 3 0 0 0 0 0
fn=__kmp_hw_get_keyword
0 6 2 2 0 0 0 0 0 0
171 2 1 1 0 0 0 0 0 0
172 12 0 0 2 1 1 0 0 0
192 6 1 1 0 0 0 0 0 0
203 2 0 0 2 0 0 0 0 0
fn=__kmp_x2apicid_get_levels(int, cpuid_proc_info_t*, kmp_hw_t*, int*, cpuid_topo_desc_t*)
0 29 1 1 0 0 0 0 0 0
2155 81 0 0 0 0 0 0 0 0
2648 17 0 0 4 1 1 0 0 0
2692 10 0 0 0 0 0 10 0 0
2705 27 0 0 9 0 0 0 0 0
2707 40 0 0 60 0 0 40 1 0
2731 144 1 1 0 0 0 90 0 0
2751 135 1 1 0 0 0 0 0 0
2756 54 0 0 0 0 0 0 0 0
2758 54 1 1 0 0 0 0 0 0
2759 81 0 0 0 0 0 27 0 0
2760 27 0 0 0 0 0 27 0 0
2761 27 0 0 0 0 0 27 0 0
2762 27 0 0 0 0 0 0 0 0
2770 27 0 0 0 0 0 0 0 0
2771 81 0 0 0 0 0 0 0 0
2772 18 1 1 0 0 0 0 0 0
2773 18 0 0 9 0 0 0 0 0
2774 18 0 0 9 0 0 9 0 0
2778 36 1 1 27 0 0 0 0 0
2779 1 0 0 0 0 0 1 0 0
2781 16 1 1 1 0 0 0 0 0
2782 3 0 0 0 0 0 3 0 0
2783 8 2 2 3 0 0 0 0 0
2790 36 0 0 9 0 0 0 0 0
2794 144 1 1 0 0 0 0 0 0
2795 108 1 1 27 0 0 0 0 0
2796 144 0 0 18 0 0 18 0 0
2797 18 0 0 0 0 0 18 0 0
2798 72 0 0 0 0 0 0 0 0
2799 18 1 1 9 0 0 9 0 0
2802 54 0 0 9 0 0 9 0 0
2803 9 0 0 0 0 0 9 0 0
2813 9 0 0 0 0 0 0 0 0
2835 72 1 1 63 0 0 0 0 0
fn=kmp_hw_thread_t::compare_ids(void const*, void const*)
0 72 0 0 0 0 0 0 0 0
237 72 2 1 24 0 0 0 0 0
240 24 0 0 0 0 0 0 0 0
247 204 2 1 0 0 0 0 0 0
248 256 0 0 128 0 0 0 0 0
252 24 0 0 0 0 0 0 0 0
254 48 0 0 0 0 0 0 0 0
261 72 1 1 24 0 0 0 0 0
266 24 1 0 24 0 0 0 0 0
fn=kmp_topology_t::_gather_enumeration_information()
0 24 0 0 0 0 0 0 0 0
501 9 1 1 0 0 0 6 0 0
505 16 0 0 4 0 0 1 0 0
506 3 1 1 0 0 0 3 0 0
507 3 0 0 0 0 0 3 0 0
508 6 0 0 1 0 0 3 0 0
509 4 0 0 1 0 0 3 0 0
512 49 0 0 10 0 0 1 0 0
513 16 0 0 8 0 0 0 0 0
514 81 2 2 0 0 0 0 0 0
515 19 0 0 19 0 0 0 0 0
516 38 0 0 19 0 0 0 0 0
518 111 0 0 13 0 0 0 0 0
519 26 1 1 13 0 0 0 0 0
520 29 0 0 21 0 0 0 0 0
523 24 0 0 8 0 0 0 0 0
524 8 0 0 8 0 0 0 0 0
525 50 0 0 1 0 0 0 0 0
526 23 1 1 14 0 0 0 0 0
527 1 0 0 0 0 0 1 0 0
528 5 0 0 0 0 0 5 0 0
532 8 1 1 0 0 0 0 0 0
533 16 0 0 0 0 0 0 0 0
556 40 0 0 0 0 0 0 0 0
557 16 0 0 0 0 0 8 0 0
560 18 1 1 2 0 0 0 0 0
561 12 1 1 7 0 0 0 0 0
562 2 0 0 0 0 0 2 0 0
564 8 0 0 7 0 0 0 0 0
fn=kmp_topology_t::_remove_radix1_layers()
0 92 5 5 17 0 0 7 0 0
392 10 1 1 1 0 0 7 0 0
401 2 0 0 1 1 1 1 0 0
403 2 0 0 1 0 0 1 0 0
406 24 1 1 4 0 0 0 0 0
407 15 0 0 6 0 0 3 0 0
408 6 0 0 3 0 0 0 0 0
409 3 0 0 0 0 0 0 0 0
410 6 0 0 0 0 0 0 0 0
413 6 0 0 0 0 0 0 0 0
415 6 0 0 0 0 0 0 0 0
422 1 0 0 1 0 0 0 0 0
424 1 0 0 1 0 0 0 0 0
425 1 0 0 1 0 0 0 0 0
426 32 1 1 1 0 0 0 0 0
427 21 0 0 7 0 0 0 0 0
428 21 0 0 0 0 0 0 0 0
432 28 0 0 0 0 0 0 0 0
441 7 1 1 0 0 0 0 0 0
452 3 0 0 0 0 0 0 0 0
457 32 2 2 1 0 0 0 0 0
459 56 1 1 0 0 0 0 0 0
460 48 0 0 16 0 0 16 0 0
462 14 0 0 1 0 0 0 0 0
463 7 1 1 4 0 0 3 0 0
464 2 1 1 0 0 0 1 0 0
469 2 0 0 0 0 0 0 0 0
470 8 0 0 7 0 0 0 0 0
fn=kmp_topology_t::_set_globals()
0 2 0 0 0 0 0 1 0 0
642 7 1 1 0 0 0 5 0 0
653 2 0 0 0 0 0 0 0 0
654 2 1 1 0 0 0 0 0 0
656 1 0 0 0 0 0 1 0 0
657 2 0 0 0 0 0 0 0 0
658 1 0 0 0 0 0 1 0 0
666 1 0 0 0 0 0 1 0 0
668 6 1 1 5 0 0 0 0 0
fn=kmp_topology_t::_set_last_level_cache()
473 2 0 0 0 0 0 0 0 0
475 2 0 0 0 0 0 0 0 0
478 3 1 1 1 0 0 0 0 0
488 2 0 0 0 0 0 0 0 0
491 2 0 0 0 0 0 0 0 0
492 2 0 0 0 0 0 0 0 0
497 2 1 1 0 0 0 0 0 0
498 1 0 0 1 0 0 0 0 0
fn=kmp_topology_t::allocate(int, int, kmp_hw_t const*)
0 8 1 1 0 0 0 1 0 0
671 8 1 1 0 0 0 5 0 0
674 3 0 0 0 0 0 0 0 0
676 1 0 0 0 0 0 1 0 0
678 2 0 0 0 0 0 0 0 0
683 1 0 0 0 0 0 1 0 0
684 1 0 0 0 0 0 1 0 0
686 2 1 1 0 0 0 0 0 0
687 1 0 0 0 0 0 1 0 0
688 2 0 0 0 0 0 1 0 0
689 2 0 0 0 0 0 1 0 0
690 2 0 0 0 0 0 1 0 0
692 1 0 0 0 0 0 1 0 0
694 1 0 0 0 0 0 1 0 0
695 4 1 1 0 0 0 3 0 0
696 14 0 0 0 0 0 0 0 0
697 6 0 0 3 0 0 3 0 0
698 3 0 0 0 0 0 3 0 0
700 1 0 0 1 0 0 0 0 0
701 3 0 0 0 0 0 1 0 0
702 6 0 0 5 0 0 0 0 0
fn=kmp_topology_t::canonicalize()
0 24 2 2 7 1 1 1 0 0
605 12 0 0 1 0 0 0 0 0
606 8 2 2 4 0 0 0 0 0
607 8 0 0 3 0 0 1 0 0
615 3 0 0 0 0 0 0 0 0
616 3 1 1 0 0 0 1 0 0
617 3 0 0 0 0 0 1 0 0
619 43 1 1 9 0 0 2 0 0
620 49 1 1 1 0 0 0 0 0
622 41 0 0 0 0 0 0 0 0
623 57 0 0 38 0 0 0 0 0
624 8 1 1 8 0 0 0 0 0
625 48 0 0 4 0 0 4 0 0
626 8 0 0 0 0 0 4 0 0
633 24 0 0 0 0 0 8 0 0
637 32 0 0 0 0 0 8 0 0
907 9 1 1 0 0 0 6 0 0
911 1 0 0 0 0 0 1 0 0
912 2 0 0 0 0 0 1 0 0
915 2 1 1 0 0 0 1 0 0
916 2 0 0 0 0 0 1 0 0
920 3 0 0 1 0 0 0 0 0
929 4 2 2 1 0 0 0 0 0
930 12 0 0 3 0 0 0 0 0
932 18 1 1 12 0 0 0 0 0
933 12 0 0 6 0 0 0 0 0
935 12 0 0 3 0 0 0 0 0
940 2 0 0 0 0 0 0 0 0
941 4 1 1 1 0 0 1 0 0
943 8 0 0 7 0 0 0 0 0
fn=kmp_topology_t::check_ids() const
0 39 0 0 0 0 0 0 0 0
712 5 1 1 1 0 0 0 0 0
714 31 0 0 0 0 0 0 0 0
715 1 0 0 1 0 0 0 0 0
718 57 1 1 1 0 0 0 0 0
719 50 0 0 50 0 0 0 0 0
729 1 0 0 1 0 0 0 0 0
fn=kmp_topology_t::filter_hw_subset()
0 1 1 1 0 0 0 0 0 0
1020 11 1 1 1 0 0 7 0 0
1022 4 0 0 1 0 0 0 0 0
1359 12 0 0 9 0 0 0 0 0
fn=kmp_topology_t::insert_layer(kmp_hw_t, int const*)
0 82 6 3 6 0 0 2 0 0
317 18 2 1 0 0 0 14 0 0
326 22 4 2 2 0 0 0 0 0
329 36 0 0 0 0 0 0 0 0
330 28 2 1 18 0 0 2 0 0
331 16 0 0 16 0 0 0 0 0
332 80 0 0 0 0 0 0 0 0
337 64 2 1 0 0 0 0 0 0
351 26 0 0 2 0 0 0 0 0
352 14 0 0 8 0 0 6 0 0
353 2 0 0 0 0 0 2 0 0
354 88 0 0 0 0 0 0 0 0
355 162 0 0 0 0 0 0 0 0
356 98 2 1 50 0 0 48 0 0
357 64 0 0 16 0 0 16 0 0
359 4 0 0 0 0 0 2 0 0
360 4 0 0 0 0 0 2 0 0
361 14 0 0 14 0 0 0 0 0
fl=/localdisk/promo-build/20250910/tmp/lin_32e-rtl_int_5_nor_dyn.rel.c0.s0.tcm1.t1..h1.u1-anompclxlin01/../../src/kmp_affinity.h
fn=KMPAffinity::pick_api()
351 3 1 1 0 0 0 1 0 0
fn=KMPNativeAffinity::Mask::begin() const
0 5 0 0 0 0 0 0 0 0
420 25 3 1 0 0 0 15 0 0
422 55 0 0 20 1 1 10 0 0
424 25 3 1 15 0 0 0 0 0
fn=KMPNativeAffinity::Mask::copy(KMPAffinity::Mask const*)
0 12 0 0 0 0 0 0 0 0
358 15 3 1 3 0 0 0 0 0
392 21 0 0 0 0 0 0 0 0
393 36 3 1 9 2 0 3 0 0
394 3 3 1 3 0 0 0 0 0
fn=KMPNativeAffinity::Mask::empty() const
0 4 0 0 0 0 0 0 0 0
358 6 2 1 2 0 0 0 0 0
384 4 0 0 0 0 0 0 0 0
385 6 0 0 4 0 0 0 0 0
388 2 0 0 2 0 0 0 0 0
fn=KMPNativeAffinity::Mask::end() const
358 1480 2 1 370 0 0 370 0 0
428 1110 0 0 0 0 0 0 0 0
429 1110 0 0 740 0 0 0 0 0
fn=KMPNativeAffinity::Mask::get_system_affinity(bool)
445 32 2 1 0 0 0 16 0 0
446 16 0 0 4 0 0 0 0 0
450 24 2 1 4 0 0 4 0 0
456 8 0 0 0 0 0 0 0 0
465 28 0 0 20 0 0 0 0 0
fn=KMPNativeAffinity::Mask::is_set(int) const
371 392 2 1 0 0 0 0 0 0
372 2744 0 0 1568 0 0 392 3 0
fn=KMPNativeAffinity::Mask::next(int) const
0 320 0 0 0 0 0 0 0 0
431 200 2 1 0 0 0 120 0 0
433 3885 0 0 1270 0 0 635 0 0
435 200 0 0 120 0 0 0 0 0
fn=KMPNativeAffinity::Mask::set(int)
368 105 3 1 0 0 0 0 0 0
369 140 0 0 70 0 0 0 0 0
370 35 0 0 35 0 0 0 0 0
fn=KMPNativeAffinity::Mask::set_system_affinity(bool) const
466 184 4 2 0 0 0 92 0 0
467 92 0 0 23 0 0 0 0 0
471 138 4 2 23 0 0 23 0 0
477 46 0 0 0 0 0 0 0 0
486 161 0 0 115 0 0 0 0 0
fn=KMPNativeAffinity::Mask::zero()
358 63 3 1 21 0 0 0 0 0
379 63 0 0 0 0 0 0 0 0
380 63 0 0 21 0 0 0 0 0
fn=KMPNativeAffinity::Mask::~Mask()
0 54 0 0 27 0 0 0 0 0
364 108 4 2 0 0 0 27 0 0
365 135 0 0 27 0 0 27 0 0
366 54 0 0 0 0 0 27 0 0
fn=KMPNativeAffinity::allocate_mask()
363 189 0 0 27 0 0 81 0 0
494 81 0 0 54 0 0 0 0 0
fn=KMPNativeAffinity::allocate_mask_array(int)
363 9 1 1 1 0 0 3 0 0
502 28 2 2 6 0 0 6 0 0
fn=KMPNativeAffinity::bind_thread(int)
491 57 3 1 0 0 0 0 0 0
fn=KMPNativeAffinity::deallocate_mask(KMPAffinity::Mask*)
499 162 4 2 54 3 3 0 0 0
fn=KMPNativeAffinity::deallocate_mask_array(KMPAffinity::Mask*)
0 1 0 0 0 0 0 0 0 0
364 4 0 0 0 0 0 1 0 0
365 3 1 1 1 0 0 0 0 0
366 1 0 0 0 0 0 1 0 0
506 13 1 1 1 1 1 3 0 0
fn=KMPNativeAffinity::determine_capable(char const*)
488 2 1 1 0 0 0 0 0 0
489 1 0 0 0 0 0 0 0 0
fn=KMPNativeAffinity::get_api_type() const
513 3 1 1 1 0 0 0 0 0
fn=KMPNativeAffinity::index_mask_array(KMPAffinity::Mask*, int)
511 10 1 1 2 0 0 0 0 0
fn=_GLOBAL__sub_I_kmp_affinity.cpp
1250 1 0 0 0 0 0 1 0 0
1261 3 0 0 1 0 0 1 0 0
1271 3 0 0 0 0 0 3 1 1
fn=__kmp_affinity_create_cpuinfo_map(int*, kmp_i18n_id*)
0 32 0 0 16 0 0 8 0 0
770 24 0 0 0 0 0 8 0 0
830 98 2 2 8 0 0 32 0 0
831 8 0 0 0 0 0 8 0 0
933 4 1 1 2 0 0 0 0 0
939 2 0 0 1 0 0 0 0 0
941 5 0 0 2 0 0 1 0 0
1009 1 0 0 1 0 0 0 0 0
1010 3 1 1 1 0 0 0 0 0
1012 6 0 0 1 0 0 0 0 0
1013 9 0 0 5 0 0 0 0 0
fn=__kmp_affinity_create_x2apicid_map(kmp_i18n_id*)
0 1 1 1 1 0 0 0 0 0
756 56 0 0 0 0 0 8 0 0
768 16 0 0 16 0 0 0 0 0
830 33 1 1 0 0 0 24 0 0
831 8 0 0 0 0 0 8 0 0
832 24 1 1 8 0 0 0 0 0
933 1 0 0 1 0 0 0 0 0
939 2 0 0 1 0 0 0 0 0
941 4 1 1 1 0 0 1 0 0
976 12 0 0 6 0 0 0 0 0
977 12 1 1 0 0 0 0 0 0
979 6 0 0 0 0 0 6 0 0
983 150 5 5 72 0 0 0 0 0
984 3 0 0 0 0 0 3 0 0
1005 17 1 1 17 0 0 0 0 0
fn=__kmp_affinity_get_mask_topology_info(KMPAffinity::Mask const*, kmp_affinity_ids_t&, kmp_affinity_attrs_t&)
759 8 0 0 8 0 0 0 0 0
933 8 0 0 8 0 0 0 0 0
1002 1 0 0 1 0 0 0 0 0
1005 57 0 0 39 0 0 0 0 0
fn=__kmp_affinity_insert_numa_nodes(kmp_topology_t*)
933 16 0 0 16 0 0 0 0 0
939 4 0 0 2 0 0 0 0 0
fn=__kmp_aux_affinity_initialize_other_data(kmp_affinity_t&)
933 8 0 0 8 0 0 0 0 0
939 2 0 0 2 0 0 0 0 0
fn=__kmp_cleanup_hierarchy
1274 7 1 1 2 0 0 1 0 0
1275 1 0 0 0 0 0 1 0 0
1276 1 0 0 0 0 0 1 0 0
1277 2 0 0 0 0 0 1 0 0
fn=__kmp_do_serial_initialize(char const*)
964 1 0 0 1 1 0 0 0 0
fn=hierarchy_info::init(int)
0 25 3 3 2 1 1 0 0 0
1000 6 2 2 4 0 0 0 0 0
1002 2 0 0 1 0 0 0 0 0
1266 7 0 0 0 0 0 3 0 0
1281 6 1 1 0 0 0 3 0 0
1282 2 0 0 1 0 0 0 0 0
1284 6 1 1 0 0 0 0 0 0
1296 2 0 0 0 0 0 1 0 0
1297 1 0 0 0 0 0 1 0 0
1298 1 0 0 0 0 0 1 0 0
1299 2 0 0 0 0 0 1 0 0
1300 4 1 1 1 0 0 1 0 0
1301 22 0 0 7 0 0 0 0 0
1302 7 0 0 0 0 0 0 0 0
1303 7 0 0 0 0 0 7 0 0
1304 7 0 0 0 0 0 7 0 0
1308 5 0 0 1 0 0 0 0 0
1317 1 0 0 0 0 0 1 0 0
1318 18 0 0 1 0 0 0 0 0
1320 24 1 1 7 0 0 0 0 0
1321 4 0 0 0 0 0 2 0 0
1324 3 0 0 1 0 0 0 0 0
1326 4 0 0 0 0 0 0 0 0
1328 12 0 0 0 0 0 0 0 0
1329 12 1 1 2 0 0 0 0 0
1330 4 0 0 0 0 0 0 0 0
1338 12 0 0 0 0 0 0 0 0
1345 10 1 1 2 0 0 0 0 0
1346 7 0 0 3 0 0 2 0 0
1348 20 0 0 5 0 0 0 0 0
1349 16 0 0 4 0 0 4 0 0
1351 1 0 0 0 0 0 1 0 0
1364 4 0 0 4 0 0 0 0 0
fn=kmp_hw_thread_t::compare_ids(void const*, void const*)
1002 24 0 0 24 0 0 0 0 0
fn=kmp_topology_t::_gather_enumeration_information()
0 7 2 2 0 0 0 1 0 0
1009 1 0 0 1 0 0 0 0 0
1010 4 0 0 0 0 0 0 0 0
1013 7 0 0 3 0 0 0 0 0
fn=kmp_topology_t::_remove_radix1_layers()
976 2 0 0 1 0 0 0 0 0
977 2 0 0 0 0 0 0 0 0
979 2 0 0 0 0 0 1 0 0
983 25 2 2 13 0 0 0 0 0
fn=kmp_topology_t::_set_globals()
0 8 1 1 0 0 0 0 0 0
994 8 0 0 0 0 0 0 0 0
995 6 2 2 4 0 0 0 0 0
1009 3 0 0 3 0 0 0 0 0
1010 22 1 1 0 0 0 0 0 0
1012 12 1 1 3 0 0 0 0 0
1013 50 5 5 11 1 1 0 0 0
1019 3 0 0 3 0 0 0 0 0
fn=kmp_topology_t::_set_last_level_cache()
0 2 1 1 0 0 0 0 0 0
970 9 6 6 5 0 0 0 0 0
979 1 0 0 0 0 0 1 0 0
983 23 4 4 7 0 0 0 0 0
fn=kmp_topology_t::canonicalize()
1009 1 1 1 1 0 0 0 0 0
1010 4 0 0 0 0 0 0 0 0
1013 9 1 1 2 0 0 0 0 0
1019 5 0 0 2 0 0 0 0 0
fl=/localdisk/promo-build/20250910/tmp/lin_32e-rtl_int_5_nor_dyn.rel.c0.s0.tcm1.t1..h1.u1-anompclxlin01/../../src/kmp_alloc.cpp
fn=___kmp_allocate
2719 321 4 1 0 0 0 107 0 0
2724 428 0 0 214 1 0 107 0 0
fn=___kmp_free
2763 432 5 2 0 0 0 108 0 0
2767 324 0 0 216 1 1 0 0 0
fn=___kmp_page_allocate
2739 3 1 1 0 0 0 1 0 0
2746 3 0 0 1 0 0 1 0 0
fn=__kmp_finalize_bget
1053 5 1 1 0 0 0 3 0 0
1060 1 0 0 1 0 0 0 0 0
1062 1 0 0 1 0 0 0 0 0
1069 5 0 0 1 1 1 0 0 0
1091 1 1 1 0 0 0 1 0 0
1093 4 0 0 3 0 0 0 0 0
2767 2 1 1 1 0 0 1 0 0
fn=__kmp_fini_memkind
1631 2 1 1 0 0 0 1 0 0
1635 3 0 0 1 1 1 0 0 0
1639 1 0 0 0 0 0 1 0 0
1640 2 0 0 1 1 0 1 1 0
1641 2 1 1 1 1 1 1 0 0
1642 2 0 0 0 0 0 1 0 0
1643 1 0 0 0 0 0 1 0 0
1645 1 0 0 0 0 0 1 1 1
1646 1 0 0 0 0 0 1 0 0
1650 1 1 1 0 0 0 1 0 0
1651 1 0 0 0 0 0 1 0 0
1653 2 0 0 0 0 0 1 0 0
1655 2 0 0 2 0 0 0 0 0
fn=__kmp_fini_target_mem
1495 8 1 1 1 1 1 5 0 0
1496 2 0 0 0 0 0 0 0 0
fn=__kmp_free_fast_memory
0 43 1 1 20 15 15 0 0 0
315 1 0 0 1 0 0 0 0 0
317 2 0 0 0 0 0 0 0 0
3056 5 1 1 1 1 1 3 0 0
3065 60 0 0 0 0 0 0 0 0
3066 60 1 1 0 0 0 0 0 0
3067 40 0 0 0 0 0 0 0 0
3076 2 0 0 0 0 0 0 0 0
3091 4 1 1 4 0 0 0 0 0
fn=__kmp_init_memkind
1569 6 1 1 0 0 0 3 0 0
1574 4 0 0 0 0 0 2 1 0
1575 2 1 1 0 0 0 0 0 0
1614 1 1 1 0 0 0 1 0 0
1615 1 0 0 0 0 0 1 0 0
1616 2 0 0 1 1 0 1 1 0
1617 2 0 0 1 0 0 1 0 0
1618 2 1 1 0 0 0 1 0 0
1619 1 0 0 0 0 0 1 0 0
1621 1 0 0 0 0 0 1 1 1
1622 1 0 0 0 0 0 1 0 0
1626 1 0 0 0 0 0 1 0 0
1627 1 1 1 0 0 0 1 0 0
1629 4 0 0 3 0 0 0 0 0
fn=__kmp_init_target_mem
1411 2 0 0 0 0 0 1 0 0
1412 3 0 0 0 0 0 1 0 0
1413 4 0 0 0 0 0 2 0 0
1414 4 1 1 0 0 0 2 0 0
1415 9 0 0 2 0 0 1 0 0
1742 6 1 1 0 0 0 3 1 1
1743 1 0 0 0 0 0 1 0 0
1744 3 0 0 0 0 0 1 0 0
1745 1 1 1 0 0 0 1 0 0
1746 3 0 0 0 0 0 1 0 0
1747 4 0 0 0 0 0 2 0 0
1748 1 0 0 0 0 0 1 0 0
1749 3 0 0 0 0 0 1 0 0
1750 9 1 1 5 0 0 1 0 0
1751 3 0 0 0 0 0 1 0 0
1752 1 0 0 0 0 0 1 0 0
1753 14 1 1 0 0 0 0 0 0
1757 4 0 0 0 0 0 2 1 1
1758 4 1 1 0 0 0 2 0 0
fn=__kmp_initialize_bget
281 3 0 0 1 0 0 0 0 0
288 39 4 4 0 0 0 20 0 0
289 20 2 2 0 0 0 20 0 0
292 1 0 0 0 0 0 1 0 0
293 1 0 0 0 0 0 1 0 0
922 1 1 1 0 0 0 1 0 0
923 2 0 0 1 1 0 1 0 0
924 2 0 0 1 1 0 1 0 0
925 1 0 0 0 0 0 1 0 0
1044 5 1 1 0 0 0 3 0 0
1050 2 0 0 1 0 0 0 0 0
1051 4 0 0 3 0 0 0 0 0
2724 6 0 0 2 0 0 1 0 0
fn=__kmp_initialize_fast_memory
3049 1 0 0 1 0 0 0 0 0
fn=__kmpc_destroy_allocator
1926 4 1 1 2 1 1 0 0 0
1928 1 0 0 1 0 0 0 0 0
fl=/localdisk/promo-build/20250910/tmp/lin_32e-rtl_int_5_nor_dyn.rel.c0.s0.tcm1.t1..h1.u1-anompclxlin01/../../src/kmp_atomic.h
fn=__kmp_do_serial_initialize(char const*)
430 26 2 2 0 0 0 13 0 0
fl=/localdisk/promo-build/20250910/tmp/lin_32e-rtl_int_5_nor_dyn.rel.c0.s0.tcm1.t1..h1.u1-anompclxlin01/../../src/kmp_dispatch.cpp
fn=__kmp_dispatch_free_hierarchies(kmp_team*)
0 6 0 0 0 0 0 0 0 0
920 27 1 1 0 0 0 21 0 0
921 11 0 0 4 0 0 0 0 0
922 42 0 0 0 0 0 0 0 0
926 11 1 1 11 0 0 0 0 0
927 44 0 0 11 11 11 0 0 0
932 24 1 1 21 0 0 0 0 0
fl=/localdisk/promo-build/20250910/tmp/lin_32e-rtl_int_5_nor_dyn.rel.c0.s0.tcm1.t1..h1.u1-anompclxlin01/../../src/kmp_dispatch_hier.h
fn=__kmp_cleanup
136 3 0 0 1 1 1 0 0 0
146 1 1 1 0 0 0 1 0 0
fl=/localdisk/promo-build/20250910/tmp/lin_32e-rtl_int_5_nor_dyn.rel.c0.s0.tcm1.t1..h1.u1-anompclxlin01/../../src/kmp_environment.cpp
fn=___kmp_env_var_cmp(__kmp_env_var const*, __kmp_env_var const*)
488 3852 1 1 1926 4 0 0 0 0
fn=__kmp_env_blk_free
553 6 2 1 0 0 0 2 0 0
555 6 0 0 4 1 0 2 0 0
556 4 0 0 0 0 0 2 0 0
560 4 0 0 0 0 0 2 0 0
562 4 0 0 4 0 0 0 0 0
fn=__kmp_env_blk_init
0 344 4 2 326 0 0 10 1 0
101 10 0 0 4 2 0 4 0 0
102 8 0 0 0 0 0 0 0 0
419 1288 2 1 322 41 0 0 0 0
420 1600 0 0 0 0 0 320 1 0
421 320 0 0 0 0 0 0 0 0
436 976 2 1 324 0 0 2 0 0
437 644 2 1 2 0 0 0 0 0
438 640 0 0 0 0 0 0 0 0
440 1600 0 0 320 2 0 320 0 0
441 2240 2 1 320 0 0 320 0 0
443 1600 0 0 0 0 0 320 0 0
444 640 0 0 320 0 0 320 80 40
445 640 0 0 320 0 0 320 0 0
447 640 0 0 0 0 0 0 0 0
452 4 0 0 2 0 0 2 1 0
453 4 0 0 2 0 0 2 0 0
454 4 0 0 2 0 0 2 0 0
455 4 0 0 0 0 0 2 0 0
461 18 2 1 0 0 0 12 0 0
463 6 0 0 0 0 0 2 0 0
467 4 2 1 4 4 0 0 0 0
484 16 2 1 14 0 0 0 0 0
fn=__kmp_env_blk_sort
495 7 1 1 2 0 0 0 0 0
fn=__kmp_env_blk_var
0 140 1 1 0 0 0 0 0 0
571 6720 1 1 20 0 0 140 0 0
572 16060 1 1 3220 0 0 3200 0 0
578 160 0 0 140 0 0 0 0 0
fn=__kmp_env_get
0 1 0 0 0 0 0 0 0 0
113 7 1 1 0 0 0 4 0 0
114 2 0 0 0 0 0 0 0 0
115 6 0 0 0 0 0 1 0 0
116 4 0 0 1 0 0 1 0 0
117 2 1 1 0 0 0 0 0 0
120 7 0 0 0 0 0 1 0 0
161 6 0 0 4 0 0 0 0 0
fl=/localdisk/promo-build/20250910/tmp/lin_32e-rtl_int_5_nor_dyn.rel.c0.s0.tcm1.t1..h1.u1-anompclxlin01/../../src/kmp_ftn_entry.h
fn=omp_get_max_threads@@VERSION
370 3992 114 12 0 0 0 1996 0 0
376 5988 0 0 1996 0 0 0 0 0
379 1996 0 0 0 0 0 1996 0 0
380 7984 0 0 3992 0 0 0 0 0
383 7984 0 0 7984 1694 20 0 0 0
fn=omp_get_num_procs@@VERSION
742 2 1 1 0 0 0 1 0 0
746 3 0 0 1 1 1 0 0 0
747 2 0 0 0 0 0 1 0 0
749 4 1 0 3 0 0 0 0 0
fn=omp_in_parallel@@VERSION
0 5988 0 0 0 0 0 0 0 0
804 3992 310 12 0 0 0 1996 0 0
809 3992 0 0 1996 865 11 0 0 0
816 1996 0 0 1996 0 0 0 0 0
818 3992 0 0 3992 0 0 0 0 0
fl=/localdisk/promo-build/20250910/tmp/lin_32e-rtl_int_5_nor_dyn.rel.c0.s0.tcm1.t1..h1.u1-anompclxlin01/../../src/kmp_global.cpp
fn=__kmp_deallocate_and_reset_settings
80 4 1 1 0 0 0 2 1 1
81 2 0 0 0 0 0 1 0 0
82 2 0 0 0 0 0 1 0 0
83 2 0 0 0 0 0 1 0 0
84 2 1 1 0 0 0 1 0 0
85 2 0 0 0 0 0 1 0 0
86 2 0 0 0 0 0 1 0 0
87 2 0 0 0 0 0 1 0 0
88 2 0 0 0 0 0 1 0 0
89 2 1 1 0 0 0 1 0 0
90 2 0 0 0 0 0 1 0 0
91 2 0 0 0 0 0 1 0 0
92 2 0 0 0 0 0 1 0 0
93 2 0 0 0 0 0 1 0 0
94 2 1 1 0 0 0 1 0 0
95 2 0 0 0 0 0 1 0 0
96 2 0 0 0 0 0 1 0 0
97 2 0 0 0 0 0 1 0 0
98 2 0 0 0 0 0 1 0 0
99 2 1 1 0 0 0 1 0 0
100 2 0 0 0 0 0 1 0 0
101 2 0 0 0 0 0 1 1 0
102 2 0 0 0 0 0 1 0 0
103 2 0 0 0 0 0 1 0 0
105 2 1 1 0 0 0 1 0 0
106 2 0 0 0 0 0 1 0 0
108 2 0 0 0 0 0 1 0 0
112 2 0 0 0 0 0 1 0 0
117 2 0 0 0 0 0 1 0 0
118 2 1 1 0 0 0 1 0 0
119 2 0 0 0 0 0 1 0 0
121 2 0 0 0 0 0 1 0 0
122 2 0 0 0 0 0 1 0 0
131 3 0 0 0 0 0 2 1 0
133 2 1 1 0 0 0 1 0 0
134 2 0 0 0 0 0 1 0 0
136 2 0 0 0 0 0 1 0 0
137 2 0 0 0 0 0 1 0 0
138 2 0 0 0 0 0 1 0 0
142 3 1 1 0 0 0 1 0 0
145 4 0 0 1 0 0 0 0 0
146 2 0 0 1 0 0 1 0 0
148 2 0 0 0 0 0 1 0 0
152 3 1 1 0 0 0 1 0 0
155 2 0 0 0 0 0 1 1 1
156 2 0 0 0 0 0 1 0 0
157 2 0 0 0 0 0 1 0 0
158 2 0 0 0 0 0 1 0 0
159 2 1 1 0 0 0 1 0 0
162 2 0 0 0 0 0 1 0 0
163 2 0 0 0 0 0 1 0 0
164 2 0 0 0 0 0 1 0 0
165 2 0 0 0 0 0 1 0 0
168 2 1 1 0 0 0 1 0 0
169 2 0 0 0 0 0 1 0 0
170 2 0 0 0 0 0 1 0 0
171 2 0 0 0 0 0 1 0 0
175 4 0 0 1 0 0 0 0 0
181 4 1 1 1 0 0 0 0 0
182 2 0 0 1 0 0 1 0 0
184 2 0 0 0 0 0 1 1 1
186 2 0 0 0 0 0 1 0 0
187 4 1 1 1 0 0 0 0 0
188 2 0 0 1 0 0 1 0 0
189 1 0 0 0 0 0 1 0 0
191 2 0 0 0 0 0 1 0 0
192 2 0 0 0 0 0 1 0 0
193 2 0 0 0 0 0 1 0 0
194 2 1 1 0 0 0 1 0 0
195 2 0 0 0 0 0 1 0 0
196 2 0 0 0 0 0 1 1 1
197 2 0 0 0 0 0 1 0 0
202 2 1 1 0 0 0 1 0 0
203 2 0 0 0 0 0 1 0 0
205 2 0 0 0 0 0 1 0 0
206 2 0 0 0 0 0 1 0 0
208 2 0 0 0 0 0 1 0 0
209 2 1 1 0 0 0 1 0 0
219 2 0 0 0 0 0 1 0 0
220 2 0 0 0 0 0 1 0 0
221 2 0 0 0 0 0 1 0 0
222 2 0 0 0 0 0 1 1 0
223 4 1 1 1 0 0 0 0 0
228 2 0 0 0 0 0 1 0 0
237 2 0 0 0 0 0 1 0 0
238 2 1 1 0 0 0 1 0 0
239 2 0 0 0 0 0 1 0 0
240 2 0 0 0 0 0 1 0 0
241 2 0 0 0 0 0 1 0 0
243 2 0 0 0 0 0 1 0 0
244 2 1 1 0 0 0 1 0 0
245 2 0 0 0 0 0 1 0 0
246 2 0 0 0 0 0 1 0 0
249 2 0 0 0 0 0 1 0 0
256 2 0 0 0 0 0 1 0 0
258 2 1 1 0 0 0 1 0 0
259 2 0 0 0 0 0 1 0 0
260 2 0 0 0 0 0 1 0 0
261 2 0 0 0 0 0 1 0 0
264 2 0 0 0 0 0 1 0 0
266 2 1 1 0 0 0 1 0 0
268 2 0 0 0 0 0 1 0 0
269 2 0 0 0 0 0 1 0 0
270 4 0 0 1 0 0 0 0 0
271 2 0 0 1 0 0 1 0 0
272 1 1 1 0 0 0 1 0 0
276 2 0 0 0 0 0 1 0 0
283 2 0 0 0 0 0 1 0 0
284 2 0 0 0 0 0 1 0 0
294 2 0 0 2 0 0 0 0 0
fl=/localdisk/promo-build/20250910/tmp/lin_32e-rtl_int_5_nor_dyn.rel.c0.s0.tcm1.t1..h1.u1-anompclxlin01/../../src/kmp_i18n.cpp
fn=__kmp_i18n_catclose
203 4 1 1 1 1 1 0 0 0
208 1 0 0 0 0 0 1 0 0
209 1 0 0 1 0 0 0 0 0
fn=__kmp_i18n_catgets
0 9 0 0 0 0 0 0 0 0
213 72 1 1 0 0 0 45 0 0
214 9 0 0 0 0 0 0 0 0
217 54 0 0 0 0 0 0 0 0
218 36 0 0 9 1 0 0 0 0
219 18 0 0 9 1 0 0 0 0
222 27 1 1 9 0 0 0 0 0
227 27 0 0 18 1 1 0 0 0
231 18 1 1 0 0 0 0 0 0
234 54 0 0 45 0 0 0 0 0
fn=__kmp_i18n_catopen
0 2 0 0 0 0 0 0 0 0
86 10 1 1 1 0 0 7 0 0
87 2 0 0 1 0 0 0 0 0
89 2 0 0 1 0 0 0 0 0
94 11 0 0 9 0 0 0 0 0
115 4 0 0 0 0 0 2 1 0
121 2 0 0 0 0 0 0 0 0
122 7 1 1 1 0 0 1 0 0
125 9 0 0 0 0 0 2 0 0
127 1 0 0 0 0 0 0 0 0
130 1 1 1 0 0 0 1 1 0
131 5 0 0 0 0 0 1 0 0
132 5 0 0 1 0 0 1 0 0
133 5 1 1 1 0 0 1 0 0
134 6 0 0 1 0 0 1 0 0
137 3 0 0 1 0 0 1 0 0
141 1 0 0 0 0 0 0 0 0
147 4 1 1 0 0 0 2 1 1
149 5 0 0 0 0 0 1 0 0
151 3 0 0 1 0 0 0 0 0
152 3 1 1 1 0 0 0 0 0
fn=__kmp_msg_format
0 3 1 1 0 0 0 0 0 0
213 1 0 0 0 0 0 0 0 0
214 1 0 0 0 0 0 0 0 0
217 6 0 0 0 0 0 0 0 0
218 4 0 0 1 1 1 0 0 0
219 2 0 0 1 1 0 0 0 0
220 1 0 0 0 0 0 1 0 0
222 3 1 1 1 0 0 0 0 0
227 3 0 0 2 1 1 0 0 0
231 2 0 0 0 0 0 0 0 0
647 17 2 2 1 0 0 10 0 0
652 5 1 1 0 0 0 3 0 0
654 5 1 1 0 0 0 3 0 0
664 2 0 0 0 0 0 1 0 0
682 2 0 0 0 0 0 1 0 0
684 1 0 0 0 0 0 1 1 0
685 1 0 0 0 0 0 1 0 0
686 2 0 0 1 0 0 1 0 0
687 2 0 0 1 0 0 1 0 0
691 11 1 1 8 0 0 0 0 0
fl=/localdisk/promo-build/20250910/tmp/lin_32e-rtl_int_5_nor_dyn.rel.c0.s0.tcm1.t1..h1.u1-anompclxlin01/../../src/kmp_itt.cpp
fn=__kmp_itt_destroy()
120 2 1 1 0 0 0 0 0 0
fn=__kmp_itt_initialize()
0 1 0 0 0 0 0 0 0 0
92 5 1 1 1 0 0 2 0 0
100 4 0 0 0 0 0 1 0 0
105 4 1 1 0 0 0 3 0 0
106 7 0 0 1 1 0 1 0 0
107 4 0 0 2 0 0 0 0 0
108 4 1 1 1 1 0 0 0 0
111 4 0 0 1 1 0 0 0 0
112 4 1 1 1 0 0 0 0 0
113 1 0 0 0 0 0 1 0 0
116 6 0 0 4 0 0 0 0 0
fl=/localdisk/promo-build/20250910/tmp/lin_32e-rtl_int_5_nor_dyn.rel.c0.s0.tcm1.t1..h1.u1-anompclxlin01/../../src/kmp_itt.inl
fn=__kmp_register_root
0 4 0 0 0 0 0 1 0 0
924 3 0 0 1 1 0 0 0 0
926 4 1 1 0 0 0 3 0 0
927 5 1 1 1 0 0 0 0 0
933 6 0 0 3 0 0 1 0 0
935 1 0 0 0 0 0 1 0 0
fl=/localdisk/promo-build/20250910/tmp/lin_32e-rtl_int_5_nor_dyn.rel.c0.s0.tcm1.t1..h1.u1-anompclxlin01/../../src/kmp_lock.cpp
fn=__kmp_acquire_ticket_lock
671 12 4 3 0 0 0 6 0 0
672 24 0 0 12 0 0 6 0 0
fn=__kmp_acquire_ticket_lock_timed_template(kmp_ticket_lock*, int)
0 21 4 3 6 0 0 0 0 0
649 54 4 2 0 0 0 42 1 0
661 12 0 0 0 0 0 0 0 0
662 18 0 0 6 4 2 0 0 0
669 40 0 0 35 0 0 0 0 0
fn=__kmp_cleanup_indirect_user_locks
0 7 1 1 0 0 0 0 0 0
3529 9 1 1 0 0 0 7 0 0
3534 30 0 0 0 0 0 0 0 0
3535 12 0 0 10 2 2 0 0 0
3536 20 0 0 0 0 0 0 0 0
3544 10 0 0 0 0 0 10 0 0
3548 2 0 0 0 0 0 0 0 0
3549 36 1 1 2 1 1 0 0 0
3550 24 0 0 16 1 1 0 0 0
3552 3072 0 0 0 0 0 0 0 0
3553 2048 1 1 2048 0 0 0 0 0
3554 3072 0 0 1024 256 256 0 0 0
3556 2 0 0 0 0 0 0 0 0
3563 3 0 0 2 0 0 1 0 0
3565 2 1 1 1 0 0 1 0 0
3566 1 0 0 1 0 0 0 0 0
3567 2 0 0 0 0 0 0 0 0
3572 2 0 0 0 0 0 1 0 0
3573 8 0 0 7 0 0 0 0 0
fn=__kmp_destroy_ticket_lock
775 4 1 1 0 0 0 1 1 1
779 1 0 0 0 0 0 1 0 0
780 1 0 0 1 0 0 0 0 0
fn=__kmp_init_dynamic_user_locks
0 16 1 1 0 0 0 8 2 2
3433 30 3 3 1 1 0 3 0 0
3455 3 1 1 1 0 0 0 0 0
3459 2 0 0 0 0 0 1 0 0
3460 3 0 0 0 0 0 2 0 0
3462 4 0 0 1 0 0 2 0 0
3464 1 0 0 0 0 0 1 0 0
3465 1 0 0 0 0 0 1 0 0
3468 2 1 1 1 1 1 1 0 0
3475 3 0 0 1 0 0 1 0 0
3482 1 0 0 0 0 0 1 0 0
3510 11 1 1 0 0 0 7 2 2
3514 11 1 1 0 0 0 7 1 1
3518 11 1 1 0 0 0 7 1 1
3522 11 1 1 0 0 0 7 1 1
3525 1 0 0 0 0 0 1 0 0
3526 4 0 0 3 0 0 0 0 0
fn=__kmp_init_futex_lock
509 2 1 1 0 0 0 1 1 1
510 1 0 0 1 0 0 0 0 0
fn=__kmp_init_queuing_lock
1483 26 1 1 0 0 0 13 13 13
1484 13 0 0 0 0 0 13 0 0
1485 13 0 0 0 0 0 13 0 0
1486 13 0 0 0 0 0 13 0 0
1487 13 0 0 0 0 0 13 0 0
1488 13 0 0 0 0 0 13 0 0
1489 13 0 0 0 0 0 13 0 0
1490 13 0 0 0 0 0 13 0 0
1493 13 0 0 13 0 0 0 0 0
fn=__kmp_init_ticket_lock
765 12 2 1 0 0 0 6 6 6
769 6 0 0 0 0 0 6 0 0
770 6 0 0 0 0 0 6 0 0
771 6 0 0 6 0 0 0 0 0
fn=__kmp_release_ticket_lock
725 18 3 2 0 0 0 6 0 0
728 24 0 0 6 3 0 0 0 0
740 18 0 0 12 0 0 0 0 0
fn=__kmp_validate_locks
80 2 1 1 1 0 0 0 0 0
fl=/localdisk/promo-build/20250910/tmp/lin_32e-rtl_int_5_nor_dyn.rel.c0.s0.tcm1.t1..h1.u1-anompclxlin01/../../src/kmp_lock.h
fn=__kmp_do_serial_initialize(char const*)
527 8 1 1 0 0 0 4 0 0
559 2 0 0 0 0 0 1 0 0
fn=__kmp_fini_target_mem
563 8 1 1 4 0 0 0 0 0
fn=__kmp_i18n_catopen
515 3 1 1 0 0 0 1 0 0
523 3 1 1 0 0 0 1 0 0
fn=__kmp_init_target_mem
559 4 0 0 1 0 0 0 0 0
fn=__kmp_internal_end_library
515 7 0 0 0 0 0 2 0 0
523 6 1 1 0 0 0 2 0 0
fn=__kmp_register_root
515 3 0 0 0 0 0 1 1 0
523 3 0 0 0 0 0 1 0 0
fn=__kmp_serial_initialize
515 3 0 0 0 0 0 1 0 0
523 6 1 1 2 1 0 0 0 0
fn=__kmp_unregister_root_current_thread(int)
515 3 0 0 0 0 0 1 0 0
523 3 1 1 0 0 0 1 0 0
fl=/localdisk/promo-build/20250910/tmp/lin_32e-rtl_int_5_nor_dyn.rel.c0.s0.tcm1.t1..h1.u1-anompclxlin01/../../src/kmp_runtime.cpp
fn=__kmp_allocate_team
0 25 4 4 0 0 0 3 0 0
3573 6 1 1 0 0 0 0 0 0
3575 3 1 1 0 0 0 3 0 0
3579 6 0 0 0 0 0 3 0 0
3580 6 0 0 3 0 0 0 0 0
5203 6 0 0 3 0 0 0 0 0
5205 27 1 1 12 1 1 3 0 0
5207 21 0 0 6 0 0 3 0 0
5208 3 0 0 3 0 0 0 0 0
5228 3 0 0 0 0 0 3 0 0
5230 15 1 1 3 0 0 3 0 0
5231 3 0 0 0 0 0 3 0 0
5234 3 0 0 0 0 0 3 0 0
5238 9 0 0 3 0 0 3 0 0
5242 6 0 0 3 0 0 3 0 0
5245 3 0 0 0 0 0 3 0 0
5246 3 1 1 0 0 0 3 0 0
5247 3 0 0 0 0 0 3 0 0
5252 3 0 0 0 0 0 3 0 0
5253 3 0 0 0 0 0 3 0 0
5262 3 0 0 0 0 0 3 0 0
5616 42 1 1 6 0 0 21 0 0
5620 6 0 0 3 0 0 0 0 0
5630 12 1 1 0 0 0 6 0 0
5663 12 1 1 0 0 0 0 0 0
6010 12 1 1 3 0 0 0 0 0
6090 9 1 1 0 0 0 3 0 0
6093 3 0 0 0 0 0 3 0 0
6094 8 0 0 1 0 0 0 0 0
6102 9 1 1 0 0 0 3 0 0
6112 6 0 0 0 0 0 3 0 0
6115 9 0 0 3 0 0 0 0 0
6121 3 1 1 0 0 0 3 0 0
6131 24 1 1 3 0 0 18 0 0
6137 3 0 0 0 0 0 3 0 0
6140 9 0 0 0 0 0 3 0 0
6141 3 0 0 0 0 0 3 0 0
6148 18 1 1 6 0 0 0 0 0
6164 27 1 1 21 0 0 0 0 0
fn=__kmp_allocate_team_arrays(kmp_team*, int)
0 3 0 0 0 0 0 0 0 0
3607 15 1 1 0 0 0 15 0 0
3609 12 0 0 3 0 0 0 0 0
3610 3 0 0 0 0 0 3 0 0
3611 9 0 0 0 0 0 3 0 0
3612 18 1 1 0 0 0 6 0 0
3614 3 0 0 0 0 0 3 0 0
3615 12 0 0 0 0 0 3 0 0
3616 3 0 0 0 0 0 3 0 0
3617 6 0 0 0 0 0 3 0 0
3618 3 0 0 0 0 0 3 0 0
3621 50 1 1 0 0 0 0 0 0
3622 30 1 1 11 0 0 11 0 0
3623 22 0 0 11 0 0 11 0 0
3625 18 1 1 18 0 0 0 0 0
fn=__kmp_check_stack_overlap
0 3 1 1 0 0 0 0 0 0
322 7 1 1 0 0 0 4 0 0
329 3 0 0 1 0 0 0 0 0
351 3 1 1 1 0 0 0 0 0
384 6 1 1 5 0 0 0 0 0
fn=__kmp_cleanup
8946 7 1 1 1 0 0 3 0 0
8956 1 0 0 0 0 0 1 0 0
8958 1 0 0 0 0 0 1 0 0
8960 3 0 0 1 0 0 0 0 0
8961 1 0 0 0 0 0 1 0 0
8962 1 0 0 0 0 0 1 0 0
8965 1 0 0 0 0 0 1 0 0
8967 134 1 1 2 0 0 0 0 0
8968 100 0 0 33 0 0 0 0 0
8969 1 0 0 0 0 0 1 0 0
8970 2 1 1 1 0 0 1 0 0
8973 3 0 0 1 0 0 1 0 0
8976 1 0 0 0 0 0 1 0 0
8977 2 0 0 0 0 0 1 0 0
8978 1 0 0 0 0 0 1 0 0
8981 2 0 0 1 0 0 0 0 0
8982 2 1 1 0 0 0 0 0 0
8988 1 0 0 0 0 0 1 0 0
8991 1 0 0 0 0 0 1 0 0
8996 4 1 1 1 1 0 0 0 0
8997 1 0 0 0 0 0 1 0 0
8998 1 0 0 0 0 0 1 0 0
8999 2 0 0 0 0 0 1 1 0
9008 1 0 0 0 0 0 1 0 0
9010 1 0 0 0 0 0 1 0 0
9022 3 0 0 1 1 0 0 0 0
9028 4 1 1 1 0 0 1 0 0
9029 3 0 0 2 2 2 1 0 0
9031 2 0 0 0 0 0 1 0 0
9032 2 0 0 0 0 0 1 0 0
9033 4 1 1 3 0 0 0 0 0
fn=__kmp_do_serial_initialize(char const*)
0 16 2 2 1 0 0 4 1 0
654 2 0 0 1 1 1 0 0 0
656 2 0 0 1 1 1 0 0 0
661 2 0 0 0 0 0 0 0 0
662 1 0 0 0 0 0 1 0 0
664 1 0 0 0 0 0 1 1 0
665 7 1 1 0 0 0 1 0 0
667 1 0 0 0 0 0 1 1 0
668 3 0 0 0 0 0 1 0 0
669 2 0 0 1 0 0 1 0 0
671 1 0 0 0 0 0 1 0 0
7681 10 1 1 0 0 0 0 0 0
7696 5 1 1 0 0 0 1 0 0
7697 7 0 0 1 0 0 1 0 0
7698 7 0 0 1 0 0 1 0 0
7738 8 1 1 0 0 0 6 0 0
7755 1 0 0 0 0 0 1 0 0
7758 1 1 0 0 0 0 1 0 0
7769 1 1 1 0 0 0 1 0 0
7775 3 1 0 1 1 1 0 0 0
7776 1 0 0 0 0 0 1 0 0
7779 2 0 0 1 1 1 0 0 0
7783 1 0 0 0 0 0 1 0 0
7784 1 0 0 0 0 0 1 0 0
7810 2 1 1 0 0 0 1 0 0
7840 1 0 0 0 0 0 1 0 0
7851 2 1 1 0 0 0 1 1 1
7855 2 0 0 1 0 0 0 0 0
7859 2 1 1 1 0 0 0 0 0
7862 2 0 0 0 0 0 1 1 1
7863 2 0 0 0 0 0 1 0 0
7871 2 0 0 0 0 0 1 0 0
7879 2 0 0 0 0 0 1 0 0
7881 2 0 0 0 0 0 1 0 0
7895 5 0 0 1 0 0 2 0 0
7896 5 1 1 1 1 1 2 0 0
7897 5 1 1 1 0 0 2 0 0
7898 5 0 0 1 0 0 2 0 0
7902 1 0 0 0 0 0 1 0 0
7903 1 0 0 0 0 0 1 0 0
7904 1 0 0 0 0 0 1 0 0
7905 1 0 0 0 0 0 1 0 0
7916 2 0 0 1 0 0 0 0 0
7936 2 1 1 0 0 0 1 1 1
7940 2 0 0 0 0 0 1 0 0
7942 1 0 0 0 0 0 1 0 0
7947 2 0 0 0 0 0 1 0 0
7950 1 1 0 0 0 0 1 0 0
7951 1 1 0 0 0 0 1 0 0
7962 1 1 1 0 0 0 1 0 0
7963 2 0 0 0 0 0 1 0 0
7964 5 0 0 1 0 0 0 0 0
7969 3 1 1 2 0 0 0 0 0
7971 2 1 1 1 0 0 0 0 0
7972 4 1 1 1 0 0 0 0 0
7978 2 0 0 1 0 0 0 0 0
7984 5 1 1 1 0 0 0 0 0
7999 3 0 0 0 0 0 0 0 0
8002 8 0 0 1 1 0 1 0 0
8019 3 1 1 1 0 0 0 0 0
8041 1 0 0 0 0 0 0 0 0
8060 2 0 0 0 0 0 1 0 0
8061 2 0 0 1 0 0 1 0 0
8063 3 0 0 0 0 0 2 0 0
8064 5 1 1 3 0 0 0 0 0
8073 2 0 0 0 0 0 1 0 0
8080 3 0 0 1 0 0 0 0 0
8082 3 1 1 0 0 0 2 1 1
8083 3 0 0 0 0 0 1 0 0
8084 1 0 0 1 0 0 0 0 0
8090 2 0 0 0 0 0 1 0 0
8091 2 0 0 0 0 0 1 0 0
8094 3 1 1 1 0 0 0 0 0
8099 3 0 0 0 0 0 1 0 0
8101 1 0 0 0 0 0 0 0 0
8102 2 0 0 0 0 0 0 0 0
8108 5 1 1 1 0 0 0 0 0
8112 1 0 0 0 0 0 1 0 0
8114 3 0 0 1 0 0 0 0 0
8119 1 1 1 0 0 0 1 0 0
8142 2 0 0 0 0 0 1 0 0
8149 2 0 0 1 0 0 0 0 0
8153 5 0 0 1 0 0 0 0 0
8158 2 0 0 0 0 0 1 0 0
8160 3 1 1 1 0 0 0 0 0
8164 3 0 0 1 0 0 0 0 0
8168 5 0 0 2 0 0 0 0 0
8173 1 0 0 0 0 0 1 0 0
8179 8 0 0 7 1 0 0 0 0
9940 2 0 0 0 0 0 1 0 0
9941 5 1 1 1 0 0 2 1 0
9943 4 0 0 0 0 0 3 1 1
9944 3 0 0 1 0 0 0 0 0
9945 1 0 0 0 0 0 1 0 0
9946 4 0 0 2 0 0 1 0 0
9947 7 1 1 1 0 0 0 0 0
9948 2 0 0 0 0 0 1 0 0
9949 1 0 0 0 0 0 1 0 0
10017 5 0 0 0 0 0 1 0 0
fn=__kmp_fini_allocator()
683 1 1 1 0 0 0 1 0 0
684 1 0 0 0 0 0 1 0 0
685 2 0 0 1 1 1 0 0 0
687 2 0 0 0 0 0 1 0 0
688 1 0 0 0 0 0 1 0 0
689 2 0 0 1 0 0 0 0 0
fn=__kmp_free_team
6171 20 1 1 0 0 0 14 0 0
6182 4 0 0 2 0 0 0 0 0
6184 4 0 0 0 0 0 0 0 0
6207 2 1 1 0 0 0 2 1 1
6215 2 0 0 0 0 0 0 0 0
6216 6 0 0 2 1 1 0 0 0
6218 4 0 0 2 0 0 0 0 0
6248 4 2 2 4 2 2 0 0 0
6249 8 1 1 0 0 0 0 0 0
6266 6 1 1 2 1 1 0 0 0
6274 10 1 1 4 3 3 0 0 0
6279 2 0 0 0 0 0 2 0 0
6282 2 1 1 0 0 0 2 0 0
6283 2 0 0 0 0 0 2 1 1
6284 2 0 0 0 0 0 2 2 2
6287 6 0 0 2 0 0 0 0 0
6296 6 1 1 2 1 1 0 0 0
6317 4 1 1 0 0 0 0 0 0
6321 6 1 1 2 0 0 0 0 0
6328 6 1 1 2 1 1 2 0 0
6329 2 0 0 0 0 0 2 0 0
6359 16 0 0 14 0 0 0 0 0
fn=__kmp_get_global_thread_id
176 14 1 1 2 0 0 4 0 0
180 8 0 0 2 0 0 0 0 0
182 8 0 0 2 1 0 2 0 0
277 10 1 1 6 0 0 0 0 0
fn=__kmp_get_global_thread_id_reg
282 19960 12 8 3992 850 11 3992 0 0
286 15968 0 0 3992 927 11 0 0 0
288 11976 0 0 3992 871 11 3992 338 0
301 7984 0 0 0 0 0 0 0 0
318 7984 510 11 7984 0 0 0 0 0
fn=__kmp_initialize_info(kmp_info*, kmp_team*, int, int)
0 3 1 1 0 0 0 1 0 0
4671 11 1 1 0 0 0 7 0 0
4680 2 0 0 2 0 0 0 0 0
4686 1 0 0 0 0 0 1 0 0
4688 1 0 0 0 0 0 1 0 0
4689 1 0 0 0 0 0 1 0 0
4690 4 0 0 1 0 0 0 0 0
4696 1 0 0 0 0 0 1 0 0
4699 2 0 0 1 0 0 1 0 0
4701 2 0 0 1 0 0 1 0 0
4704 2 0 0 1 0 0 1 0 0
4705 1 0 0 0 0 0 1 0 0
4706 2 0 0 1 0 0 1 0 0
4713 6 1 1 1 0 0 1 0 0
4716 7 1 1 4 1 0 1 0 0
4723 4 0 0 1 0 0 1 0 0
4725 1 0 0 0 0 0 1 0 0
4727 2 0 0 1 0 0 0 0 0
4728 1 0 0 0 0 0 1 0 0
4729 2 0 0 0 0 0 1 0 0
4730 3 1 1 1 0 0 0 0 0
4735 1 0 0 0 0 0 1 0 0
4738 2 0 0 0 0 0 0 0 0
4767 1 1 1 1 0 0 0 0 0
4770 2 1 1 0 0 0 0 0 0
4771 5 0 0 1 0 0 0 0 0
4774 2 0 0 0 0 0 0 0 0
4778 1 0 0 0 0 0 1 0 0
4779 1 0 0 0 0 0 1 0 0
4780 2 0 0 1 0 0 0 0 0
4781 1 0 0 0 0 0 1 0 0
4782 2 0 0 0 0 0 1 0 0
4784 3 1 1 1 0 0 0 0 0
4798 1 1 1 0 0 0 1 0 0
4799 1 0 0 0 0 0 1 0 0
4801 1 0 0 0 0 0 1 0 0
4802 1 0 0 0 0 0 1 0 0
4805 1 0 0 0 0 0 1 0 0
4811 8 1 1 7 0 0 0 0 0
fn=__kmp_internal_end()
0 3 0 0 0 0 0 0 0 0
6573 2 0 0 2 0 0 0 0 0
6574 2 0 0 0 0 0 0 0 0
6980 3 1 1 0 0 0 3 0 0
6984 1 0 0 0 0 0 1 0 0
6995 100 0 0 1 1 1 0 0 0
6996 100 1 1 33 3 3 0 0 0
6997 2 0 0 1 0 0 0 0 0
7000 2 0 0 0 0 0 1 0 0
7046 11 2 2 3 0 0 0 0 0
7049 4 0 0 2 0 0 2 0 0
7051 2 0 0 0 0 0 2 0 0
7052 2 0 0 0 0 0 2 0 0
7055 1 0 0 0 0 0 1 0 0
7062 131 0 0 1 0 0 0 0 0
7063 66 1 1 64 3 3 0 0 0
7064 96 0 0 0 0 0 0 0 0
7076 2 0 0 0 0 0 1 0 0
7095 2 1 1 0 0 0 1 0 0
7098 1 0 0 0 0 0 1 0 0
7100 4 0 0 2 1 0 0 0 0
fn=__kmp_internal_end_dtor
6834 3 1 1 0 0 0 0 0 0
fn=__kmp_internal_end_fini
6834 3 1 1 0 0 0 0 0 0
fn=__kmp_internal_end_library
0 1 0 0 0 0 0 0 0 0
7111 14 1 1 2 2 1 6 0 0
7116 7 0 0 3 1 1 0 0 0
7122 3 0 0 1 0 0 0 0 0
7134 4 2 2 0 0 0 1 0 0
7137 5 0 0 0 0 0 0 0 0
7149 1 0 0 0 0 0 0 0 0
7151 2 0 0 1 0 0 0 0 0
7160 1 1 1 0 0 0 1 0 0
7164 2 0 0 0 0 0 1 0 0
7186 2 0 0 1 0 0 0 0 0
7192 4 1 1 2 0 0 0 0 0
7205 1 0 0 0 0 0 1 0 0
7221 4 0 0 3 0 0 0 0 0
7223 4 0 0 4 0 0 0 0 0
fn=__kmp_itthash_clean(kmp_info*)
6955 6 1 1 0 0 0 5 0 0
6957 3 0 0 1 1 1 0 0 0
6967 3 1 1 1 1 1 0 0 0
6978 6 2 2 5 0 0 0 0 0
fn=__kmp_reap_team
0 9 0 0 0 0 0 0 0 0
3630 101 0 0 4 1 1 0 0 0
3631 72 1 1 36 18 18 0 0 0
3632 1 0 0 0 0 0 1 0 0
3633 2 0 0 1 0 0 1 0 0
3637 6 0 0 0 0 0 3 0 0
3639 6 0 0 3 2 1 3 0 0
3640 6 1 1 3 0 0 3 0 0
3641 6 0 0 3 0 0 3 0 0
3642 6 0 0 3 0 0 3 0 0
3644 3 0 0 0 0 0 3 0 0
3645 3 0 0 0 0 0 3 0 0
3646 6 1 1 0 0 0 3 0 0
6362 21 1 1 0 0 0 15 0 0
6363 3 0 0 3 1 1 0 0 0
6375 12 0 0 3 1 1 0 0 0
6377 6 0 0 0 0 0 3 0 0
6380 21 0 0 15 0 0 0 0 0
fn=__kmp_reap_thread(kmp_info*, int)
0 2 0 0 1 0 0 0 0 0
6840 4 1 1 0 0 0 2 0 0
6847 1 0 0 1 1 1 0 0 0
6848 2 0 0 0 0 0 0 0 0
6888 2 1 1 0 0 0 1 0 0
6892 2 0 0 0 0 0 1 0 0
6895 2 0 0 0 0 0 1 0 0
6898 3 0 0 1 0 0 1 0 0
6900 2 0 0 1 0 0 0 0 0
6906 5 1 1 1 1 1 0 0 0
6908 4 0 0 1 0 0 0 0 0
6909 2 0 0 0 0 0 1 1 1
6915 3 0 0 1 0 0 0 0 0
6922 3 1 1 1 1 1 0 0 0
6923 1 0 0 0 0 0 1 0 0
6924 1 0 0 0 0 0 1 0 0
6928 2 0 0 1 0 0 0 0 0
6929 2 1 1 0 0 0 1 0 0
6934 3 0 0 1 1 1 0 0 0
6935 4 0 0 3 3 3 1 0 0
6936 1 0 0 0 0 0 1 0 0
6941 3 0 0 1 0 0 0 0 0
6947 2 1 1 1 1 1 1 0 0
6948 1 0 0 0 0 0 1 0 0
6949 2 0 0 0 0 0 1 0 0
6953 4 0 0 3 0 0 0 0 0
fn=__kmp_register_library_startup()
0 6 3 3 1 0 0 1 0 0
7376 15 1 1 0 0 0 8 0 0
7377 1 0 0 0 0 0 1 0 0
7399 1 0 0 0 0 0 1 0 0
7401 1 0 0 0 0 0 1 0 0
7402 5 0 0 1 0 0 1 1 1
7403 1 1 1 0 0 0 1 0 0
7404 4 0 0 0 0 0 1 0 0
7410 2 0 0 0 0 0 0 0 0
7417 3 0 0 0 0 0 2 0 0
7418 2 0 0 0 0 0 0 0 0
7420 5 1 1 1 0 0 1 0 0
7422 5 0 0 0 0 0 1 0 0
7423 2 0 0 0 0 0 0 0 0
7434 2 1 1 1 0 0 0 0 0
7435 5 1 1 0 0 0 1 0 0
7440 2 0 0 1 0 0 0 0 0
7441 8 0 0 0 0 0 1 0 0
7443 2 1 1 0 0 0 0 0 0
7448 2 0 0 1 0 0 0 0 0
7449 2 0 0 0 0 0 0 0 0
7450 5 0 0 1 0 0 1 0 0
7453 5 1 1 0 0 0 1 0 0
7454 3 0 0 0 0 0 1 0 0
7456 2 0 0 0 0 0 0 0 0
7457 2 1 1 0 0 0 1 0 0
7459 2 0 0 1 0 0 0 0 0
7522 7 2 2 1 0 0 1 0 0
7569 2 0 0 0 0 0 0 0 0
7592 2 0 0 1 1 1 1 0 0
7594 2 0 0 0 0 0 0 0 0
7595 2 1 1 1 0 0 1 0 0
7598 1 0 0 1 0 0 1 0 0
7600 8 0 0 7 0 0 0 0 0
fn=__kmp_register_root
0 23 2 2 3 0 0 2 1 0
3536 8 0 0 2 0 0 0 0 0
3537 2 0 0 0 0 0 0 0 0
3538 8 1 1 0 0 0 0 0 0
3540 3 0 0 1 0 0 0 0 0
3547 2 0 0 1 0 0 0 0 0
3549 13 1 1 2 0 0 0 0 0
3557 2 0 0 0 0 0 0 0 0
3670 22 4 4 0 0 0 22 0 0
3672 4 1 1 2 0 0 0 0 0
3674 4 0 0 2 0 0 0 0 0
3676 4 1 1 2 0 0 0 0 0
3681 4 0 0 2 0 0 0 0 0
3684 3 0 0 2 0 0 0 0 0
3685 4 0 0 2 0 0 0 0 0
3687 4 1 1 2 0 0 0 0 0
3689 2 0 0 0 0 0 2 0 0
3691 6 0 0 4 0 0 0 0 0
3692 4 0 0 0 0 0 2 0 0
3721 2 0 0 0 0 0 1 0 0
3724 1 0 0 0 0 0 1 0 0
3738 10 1 1 0 0 0 4 1 0
3749 3 0 0 2 0 0 0 0 0
3756 1 0 0 0 0 0 1 0 0
3761 1 0 0 0 0 0 1 0 0
3762 1 0 0 0 0 0 1 0 0
3765 2 1 1 1 0 0 1 0 0
3766 1 0 0 0 0 0 1 0 0
3767 1 0 0 0 0 0 1 0 0
3769 1 0 0 0 0 0 1 0 0
3770 2 0 0 0 0 0 1 0 0
3780 8 1 1 0 0 0 4 0 0
3782 3 0 0 1 0 0 0 0 0
3791 2 0 0 2 0 0 0 0 0
3797 1 0 0 0 0 0 1 0 0
3798 1 0 0 0 0 0 1 0 0
3801 1 0 0 0 0 0 1 0 0
3804 2 1 1 1 0 0 0 0 0
3805 7 0 0 0 0 0 0 0 0
3806 32 2 2 16 0 0 16 0 0
3808 1 0 0 0 0 0 1 0 0
3810 1 0 0 0 0 0 1 0 0
3811 1 0 0 1 0 0 0 0 0
3812 2 1 1 0 0 0 1 0 0
4043 1 0 0 0 0 0 1 0 0
4044 4 0 0 1 1 1 0 0 0
4045 4 1 1 0 0 0 1 0 0
4180 11 1 1 1 0 0 7 0 0
4203 2 1 1 1 0 0 0 0 0
4204 4 1 1 1 0 0 0 0 0
4211 3 0 0 1 0 0 0 0 0
4216 4 1 1 1 0 0 0 0 0
4232 3 0 0 1 1 0 0 0 0
4247 3 0 0 1 0 0 0 0 0
4256 2 0 0 1 0 0 0 0 0
4260 1 0 0 1 0 0 0 0 0
4261 2 1 1 1 0 0 0 0 0
4265 3 0 0 1 0 0 0 0 0
4280 5 1 1 1 1 0 0 0 0
4281 3 0 0 1 0 0 0 0 0
4288 6 1 1 2 0 0 0 0 0
4289 5 0 0 1 0 0 2 0 0
4303 6 0 0 2 0 0 0 0 0
4306 3 1 1 0 0 0 1 0 0
4307 3 0 0 1 0 0 0 0 0
4310 1 0 0 0 0 0 1 0 0
4312 1 0 0 0 0 0 1 0 0
4314 1 0 0 0 0 0 1 0 0
4315 3 0 0 1 0 0 0 0 0
4319 2 1 1 0 0 0 1 0 0
4324 2 0 0 0 0 0 1 0 0
4330 2 0 0 1 0 0 0 0 0
4333 1 0 0 0 0 0 1 0 0
4334 11 1 1 0 0 0 4 0 0
4345 2 0 0 0 0 0 0 0 0
4350 2 1 1 1 0 0 1 1 0
4352 3 0 0 2 0 0 1 1 0
4353 3 0 0 2 0 0 1 0 0
4354 3 0 0 2 0 0 1 0 0
4356 2 1 1 1 0 0 1 0 0
4357 1 0 0 0 0 0 1 0 0
4360 5 0 0 1 0 0 1 0 0
4361 2 0 0 0 0 0 1 0 0
4364 2 0 0 0 0 0 1 0 0
4371 3 1 1 0 0 0 2 1 0
4373 5 0 0 1 0 0 1 0 0
4384 3 0 0 0 0 0 3 0 0
4386 3 1 1 0 0 0 3 0 0
4394 2 0 0 1 1 1 1 0 0
4399 3 0 0 0 0 0 1 0 0
4400 2 0 0 0 0 0 0 0 0
4404 3 1 1 1 0 0 0 0 0
4409 3 0 0 1 1 0 1 0 0
4410 2 0 0 0 0 0 1 0 0
4413 2 1 1 0 0 0 1 0 0
4414 1 0 0 0 0 0 1 0 0
4415 2 0 0 1 0 0 1 0 0
4416 1 0 0 0 0 0 1 0 0
4420 1 0 0 0 0 0 1 0 0
4421 1 0 0 0 0 0 1 0 0
4423 2 0 0 1 0 0 0 0 0
4426 1 0 0 0 0 0 0 0 0
4449 3 1 1 1 1 0 0 0 0
4456 12 1 1 9 2 0 0 0 0
fn=__kmp_serial_initialize
0 1 0 0 0 0 0 0 0 0
8182 7 1 1 1 0 0 3 0 0
8186 2 0 0 1 0 0 0 0 0
8190 2 0 0 0 0 0 1 0 0
fn=__kmp_unregister_library
0 1 0 0 0 0 0 0 0 0
7376 16 1 1 0 0 0 9 0 0
7377 1 0 0 0 0 0 1 0 0
7610 3 1 1 1 1 1 0 0 0
7611 6 0 0 0 0 0 1 0 0
7612 6 0 0 0 0 0 1 0 0
7613 2 0 0 0 0 0 0 0 0
7614 7 1 1 0 0 0 1 0 0
7615 2 0 0 0 0 0 0 0 0
7616 6 0 0 0 0 0 1 0 0
7617 3 0 0 0 0 0 1 0 0
7619 2 1 1 0 0 0 1 0 0
7640 7 0 0 1 0 0 1 0 0
7643 2 0 0 1 0 0 0 0 0
7644 2 0 0 0 0 0 1 0 0
7656 2 1 1 0 0 0 0 0 0
7657 3 0 0 1 0 0 1 0 0
7658 4 0 0 1 0 0 0 0 0
7662 3 1 1 2 0 0 1 0 0
7663 2 0 0 1 0 0 1 0 0
7664 2 0 0 1 0 0 1 0 0
7666 1 0 0 0 0 0 1 0 0
7667 1 0 0 0 0 0 1 0 0
7669 8 0 0 7 0 0 0 0 0
fn=__kmp_unregister_root_current_thread(int)
0 4 0 0 0 0 0 0 0 0
4487 1 0 0 1 0 0 0 0 0
4488 1 0 0 1 0 0 0 0 0
4495 2 1 1 0 0 0 1 0 0
4498 3 0 0 0 0 0 1 0 0
4499 3 0 0 1 1 1 0 0 0
4501 6 0 0 2 1 1 0 0 0
4502 2 1 1 2 2 2 0 0 0
4503 3 0 0 1 0 0 0 0 0
4506 3 0 0 1 1 1 0 0 0
4512 4 1 1 0 0 0 1 0 0
4517 3 0 0 1 0 0 0 0 0
4518 1 0 0 0 0 0 1 0 0
4532 3 0 0 1 1 1 0 0 0
4539 5 1 1 0 0 0 1 0 0
4541 4 0 0 1 1 1 0 0 0
4545 2 1 1 0 0 0 0 0 0
4551 2 0 0 1 0 0 0 0 0
4553 5 0 0 3 2 2 1 0 0
4558 2 0 0 0 0 0 0 0 0
4563 3 1 1 2 0 0 1 0 0
4564 2 0 0 1 0 0 1 0 0
4566 3 0 0 1 0 0 1 0 0
4570 1 0 0 0 0 0 1 0 0
4585 9 1 1 0 0 0 6 0 0
4591 6 1 1 2 0 0 0 0 0
4598 4 0 0 2 0 0 0 0 0
4601 1 0 0 0 0 0 0 0 0
4602 3 1 1 2 1 1 0 0 0
4603 2 0 0 1 0 0 0 0 0
4607 3 1 1 2 0 0 0 0 0
4609 1 0 0 1 1 1 0 0 0
4612 2 0 0 0 0 0 0 0 0
4627 8 0 0 7 0 0 0 0 0
fl=/localdisk/promo-build/20250910/tmp/lin_32e-rtl_int_5_nor_dyn.rel.c0.s0.tcm1.t1..h1.u1-anompclxlin01/../../src/kmp_settings.cpp
fn=_GLOBAL__sub_I_kmp_settings.cpp
77 9 1 1 0 0 0 2 0 0
96 6 1 1 0 0 0 3 1 1
fn=__kmp_check_stksize
440 2 1 1 0 0 0 0 0 0
446 3 0 0 1 0 0 0 0 0
468 1 0 0 1 0 0 0 0 0
fn=__kmp_default_tp_capacity(int, int, int)
712 3 1 1 0 0 0 0 0 0
716 1 0 0 0 0 0 0 0 0
718 8 0 0 1 0 0 0 0 0
721 4 0 0 1 0 0 0 0 0
725 1 0 0 1 0 0 0 0 0
fn=__kmp_device_env_fini
135 52 6 6 0 0 0 26 0 0
136 53 3 3 0 0 0 25 0 0
172 2 1 1 0 0 0 1 0 0
fn=__kmp_device_env_init
130 159 14 13 52 10 8 53 3 2
169 2 0 0 2 0 0 0 0 0
fn=__kmp_env_affinity_init(__kmp_env_blk*)
0 3 0 0 0 0 0 3 0 0
6665 8 1 1 0 0 0 5 0 0
6681 3 0 0 1 1 0 0 0 0
6689 1 1 1 0 0 0 1 0 0
6690 4 0 0 0 0 0 1 0 0
6691 2 0 0 0 0 0 0 0 0
6719 38 3 3 0 0 0 8 0 0
6731 32 4 4 0 0 0 8 0 0
6732 24 0 0 0 0 0 8 0 0
6734 3 0 0 1 1 1 0 0 0
6738 1 1 1 0 0 0 1 0 0
6743 3 0 0 1 0 0 0 0 0
6749 2 2 2 1 0 0 0 0 0
6751 3 1 1 1 0 0 0 0 0
6752 5 1 1 3 1 1 1 0 0
6753 2 0 0 1 0 0 0 0 0
6767 2 0 0 1 0 0 0 0 0
6769 5 0 0 2 0 0 0 0 0
6838 5 1 1 1 0 0 0 0 0
6845 3 1 1 0 0 0 1 0 0
6848 4 0 0 1 0 0 0 0 0
6856 2 0 0 1 0 0 0 0 0
6858 3 0 0 1 0 0 0 0 0
6863 1 1 1 0 0 0 1 0 0
6874 3 0 0 1 1 1 0 0 0
6875 1 0 0 0 0 0 1 0 0
6876 4 0 0 2 0 0 0 0 0
6879 4 1 1 1 0 0 0 0 0
6887 4 0 0 2 0 0 0 0 0
6890 4 0 0 1 0 0 0 0 0
6898 2 0 0 1 0 0 0 0 0
6899 1 0 0 0 0 0 1 0 0
6921 2 1 1 0 0 0 1 0 0
6922 7 1 0 6 1 0 0 0 0
fn=__kmp_env_dump()
0 10 0 0 0 0 0 0 0 0
7166 10 1 1 1 0 0 7 0 0
7171 1 0 0 0 0 0 1 1 0
7172 4 1 1 0 0 0 3 0 0
7173 4 0 0 0 0 0 3 1 0
7174 5 1 1 0 0 0 3 1 0
7176 3 0 0 0 0 0 1 0 0
7177 2 0 0 0 0 0 1 0 0
7179 7 1 1 0 0 0 2 0 0
7181 288 0 0 0 0 0 0 0 0
7182 197 1 1 96 47 0 0 0 0
7184 184 0 0 0 0 0 92 0 0
7185 276 0 0 184 0 0 92 0 0
7186 92 0 0 92 10 0 0 0 0
7187 276 0 0 92 0 0 0 0 0
7189 510 1 1 170 0 0 85 0 0
7191 35 0 0 7 0 0 7 0 0
7193 546 0 0 0 0 0 78 0 0
7196 5 1 1 1 0 0 2 1 1
7197 8 0 0 2 0 0 1 0 0
7198 7 1 1 1 0 0 2 1 0
7200 1 0 0 0 0 0 1 0 0
7201 1 0 0 0 0 0 1 0 0
7202 1 0 0 0 0 0 1 0 0
7203 1 0 0 0 0 0 1 0 0
7204 11 1 1 9 2 0 0 0 0
fn=__kmp_env_initialize(char const*)
0 489 2 2 0 0 0 1 0 0
691 1 0 0 0 0 0 0 0 0
693 8 0 0 1 0 0 0 0 0
698 5 1 1 1 1 0 0 0 0
702 4 0 0 1 0 0 0 0 0
6231 30880 1 1 0 0 0 0 0 0
6232 76800 0 0 15360 40 0 15360 0 0
6926 9 1 1 0 0 0 6 0 0
6933 4 0 0 2 0 0 0 0 0
6935 1 0 0 0 0 0 1 0 0
6938 6 0 0 1 1 0 2 0 0
6940 2 0 0 0 0 0 1 0 0
6941 2 1 1 1 0 0 0 0 0
6952 2 0 0 0 0 0 1 0 0
6956 643 0 0 1 0 0 0 0 0
6957 1124 2 2 321 10 0 0 0 0
6960 320 0 0 160 0 0 0 0 0
6973 5 0 0 0 0 0 2 1 1
6977 4 1 1 0 0 0 2 0 0
6982 3 0 0 0 0 0 0 0 0
6984 3 0 0 0 0 0 1 0 0
6985 3 0 0 0 0 0 1 0 0
6989 3 1 1 1 1 1 0 0 0
6990 1 0 0 0 0 0 1 0 0
6991 3 0 0 1 1 0 1 0 0
6992 2 0 0 0 0 0 0 0 0
6995 1 0 0 0 0 0 1 1 1
6998 1 0 0 0 0 0 1 1 1
7009 1 1 1 0 0 0 1 0 0
7015 8 1 0 0 0 0 1 0 0
7018 4 0 0 1 0 0 0 0 0
7019 1 0 0 0 0 0 1 0 0
7020 4 1 1 1 0 0 1 0 0
7022 5 0 0 1 0 0 1 0 0
7023 2 0 0 0 0 0 1 0 0
7026 802 0 0 161 1 0 0 0 0
7027 640 0 0 480 39 0 160 0 0
7031 5 1 1 2 2 1 0 0 0
7033 1 0 0 0 0 0 1 0 0
7035 3 0 0 1 1 0 0 0 0
7038 7 1 1 0 0 0 1 0 0
7039 1 0 0 0 0 0 1 0 0
7063 2 0 0 0 0 0 0 0 0
7068 1 0 0 0 0 0 1 0 0
7072 8 0 0 7 2 0 0 0 0
fn=__kmp_initial_threads_capacity(int)
691 2 1 1 0 0 0 0 0 0
693 8 0 0 1 0 0 0 0 0
698 5 0 0 1 0 0 0 0 0
702 4 1 1 1 0 0 0 0 0
705 1 0 0 1 0 0 0 0 0
fn=__kmp_print_affinity_env(kmp_str_buf*, char const*, kmp_affinity_t const&)
0 45 3 2 0 0 0 10 0 0
2991 16 1 1 0 0 0 10 0 0
2992 2 0 0 2 2 0 0 0 0
2993 6 0 0 2 0 0 0 0 0
2996 10 1 1 0 0 0 2 0 0
2998 8 4 2 2 2 0 0 0 0
3003 8 0 0 2 0 0 0 0 0
3008 6 2 1 2 1 0 0 0 0
3011 2 0 0 0 0 0 0 0 0
3012 4 0 0 1 0 0 0 0 0
3017 4 0 0 1 0 0 0 0 0
3022 4 0 0 1 0 0 0 0 0
3027 4 0 0 1 0 0 0 0 0
3033 8 1 1 0 0 0 2 0 0
3034 6 0 0 2 0 0 0 0 0
3036 4 0 0 0 0 0 0 0 0
3039 10 0 0 0 0 0 2 0 0
3040 6 0 0 2 0 0 2 0 0
3043 4 1 1 2 0 0 0 0 0
3046 2 0 0 2 0 0 0 0 0
3047 2 0 0 2 0 0 0 0 0
3048 12 0 0 4 1 1 0 0 0
3050 6 0 0 0 0 0 0 0 0
3082 18 2 1 8 0 0 0 0 0
fn=__kmp_stg_cmp(void const*, void const*)
0 2451 0 0 490 20 20 490 0 0
6241 3430 1 1 0 0 0 2450 0 0
6247 3920 0 0 490 40 40 490 0 0
6248 56 0 0 0 0 0 0 0 0
6252 952 0 0 0 0 0 0 0 0
6255 3800 1 1 1900 0 0 0 0 0
6256 90 0 0 75 0 0 0 0 0
fn=__kmp_stg_init()
0 27 3 2 0 0 0 1 0 0
6231 1008 4 4 0 0 0 0 0 0
6232 3331 11 11 659 0 0 659 0 0
6258 10 2 1 0 0 0 10 1 0
6262 4 0 0 2 2 1 0 0 0
6265 6 0 0 0 0 0 1 0 0
6292 2 0 0 0 0 0 1 0 0
6294 2 0 0 0 0 0 0 0 0
6295 1 0 0 0 0 0 1 0 0
6298 1 1 1 0 0 0 1 0 0
6299 1 0 0 0 0 0 1 0 0
6301 3 0 0 0 0 0 1 0 0
6307 4 1 1 0 0 0 1 0 0
6322 1 0 0 0 0 0 1 0 0
6324 1 0 0 0 0 0 1 0 0
6326 1 0 0 0 0 0 1 1 1
6328 2 0 0 0 0 0 1 0 0
6330 4 1 1 0 0 0 1 0 0
6344 2 0 0 0 0 0 1 0 0
6345 1 0 0 0 0 0 1 0 0
6346 1 1 1 0 0 0 1 0 0
6348 1 0 0 0 0 0 1 0 0
6349 2 0 0 0 0 0 1 0 0
6362 2 0 0 0 0 0 1 0 0
6363 1 0 0 0 0 0 1 0 0
6364 1 1 1 0 0 0 1 1 1
6366 1 0 0 0 0 0 1 0 0
6367 2 0 0 0 0 0 1 0 0
6390 2 1 1 0 0 0 1 0 0
6393 1 0 0 0 0 0 1 0 0
6394 1 0 0 0 0 0 1 0 0
6397 1 0 0 0 0 0 1 0 0
6398 1 0 0 0 0 0 1 0 0
6399 2 0 0 0 0 0 1 0 0
6407 2 1 1 0 0 0 1 0 0
6409 1 0 0 0 0 0 1 0 0
6411 1 0 0 0 0 0 1 1 1
6412 1 0 0 0 0 0 1 0 0
6413 2 0 0 0 0 0 1 0 0
6434 3 1 1 0 0 0 1 0 0
6436 1 0 0 0 0 0 1 0 0
6438 1 0 0 0 0 0 1 0 0
6440 2 1 1 0 0 0 1 0 0
6442 4 0 0 0 0 0 1 0 0
6446 1 0 0 0 0 0 1 0 0
6450 72 2 1 0 0 0 0 0 0
6451 4 0 0 0 0 0 0 0 0
6452 192 2 1 192 14 1 0 0 0
6455 12 0 0 12 0 0 0 0 0
fn=__kmp_stg_parse(char const*, char const*)
0 1485 2 1 845 0 0 0 0 0
116 12480 6 6 4160 10 0 0 0 0
118 8320 2 2 0 0 0 4160 0 0
119 8320 4 4 0 0 0 0 0 0
6231 30720 0 0 0 0 0 0 0 0
6232 76800 1 1 15360 55 0 15360 0 0
6461 1690 2 1 169 26 0 845 0 0
6485 169 0 0 169 0 0 0 0 0
fn=__kmp_stg_print_abort_delay(kmp_str_buf*, char const*, void*)
2184 4 1 1 1 1 0 0 0 0
fn=__kmp_stg_print_adaptive_lock_props(kmp_str_buf*, char const*, void*)
0 1 0 0 0 0 0 0 0 0
5475 6 1 1 0 0 0 3 0 0
5476 3 0 0 1 0 0 0 0 0
5479 5 1 1 0 0 0 1 0 0
5481 7 1 1 2 0 0 0 0 0
5482 2 1 1 1 1 0 0 0 0
5483 1 0 0 1 0 0 0 0 0
fn=__kmp_stg_print_affinity(kmp_str_buf*, char const*, void*)
3087 3 1 1 0 0 0 0 0 0
fn=__kmp_stg_print_affinity_format(kmp_str_buf*, char const*, void*)
0 1 0 0 0 0 0 0 0 0
4042 6 1 1 0 0 0 3 0 0
4043 3 0 0 1 0 0 0 0 0
4046 5 1 1 0 0 0 1 0 0
4048 6 2 2 1 0 0 1 0 0
4049 2 0 0 1 0 0 0 0 0
4051 4 0 0 4 0 0 0 0 0
fn=__kmp_stg_print_align_alloc(kmp_str_buf*, char const*, void*)
2002 4 1 1 1 1 0 0 0 0
fn=__kmp_stg_print_all_threadprivate(kmp_str_buf*, char const*, void*)
2316 4 1 1 1 1 0 0 0 0
fn=__kmp_stg_print_allocator(kmp_str_buf*, char const*, void*)
0 2 1 1 0 0 0 0 0 0
4406 6 1 1 3 3 2 0 0 0
fn=__kmp_stg_print_atomic_mode(kmp_str_buf*, char const*, void*)
4993 4 1 1 1 1 1 0 0 0
fn=__kmp_stg_print_available_devices(kmp_str_buf*, char const*, void*)
1747 3 1 1 0 0 0 0 0 0
1748 2 0 0 0 0 0 0 0 0
fn=__kmp_stg_print_barrier_branch_bit(kmp_str_buf*, char const*, void*)
2052 30 1 1 0 0 0 21 0 0
2054 27 0 0 0 0 0 0 0 0
2055 12 1 1 9 1 0 0 0 0
2056 45 0 0 0 0 0 9 0 0
2057 9 1 1 3 0 0 0 0 0
2060 15 0 0 0 0 0 3 0 0
2063 21 0 0 0 0 0 3 0 0
2064 6 0 0 3 1 0 0 0 0
2065 6 0 0 3 0 0 0 0 0
2068 24 1 1 21 0 0 0 0 0
fn=__kmp_stg_print_barrier_pattern(kmp_str_buf*, char const*, void*)
0 6 0 0 3 0 0 0 0 0
2150 30 1 1 0 0 0 24 0 0
2152 27 0 0 0 0 0 0 0 0
2153 18 1 1 9 1 1 0 0 0
2154 45 0 0 0 0 0 9 0 0
2155 6 1 1 3 0 0 0 0 0
2156 6 0 0 3 0 0 0 0 0
2157 9 0 0 3 0 0 0 0 0
2160 15 0 0 0 0 0 3 0 0
2164 15 0 0 3 1 0 3 0 0
2165 3 0 0 3 0 0 0 0 0
2168 24 1 1 21 0 0 0 0 0
fn=__kmp_stg_print_blocktime(kmp_str_buf*, char const*, void*)
978 8 1 1 0 0 0 5 0 0
979 2 0 0 1 0 0 0 0 0
980 10 1 1 1 0 0 0 0 0
983 3 0 0 1 0 0 0 0 0
986 5 2 2 0 0 0 1 0 0
988 5 0 0 0 0 0 1 0 0
989 10 1 1 6 0 0 0 0 0
fn=__kmp_stg_print_bool(kmp_str_buf*, char const*, int)
731 114 1 1 0 0 0 57 0 0
732 57 0 0 19 0 0 0 0 0
736 228 2 2 57 0 0 0 0 0
fn=__kmp_stg_print_composability(kmp_str_buf*, char const*, void*)
1243 2 1 1 0 0 0 0 0 0
1246 6 0 0 1 0 0 0 0 0
1256 1 1 1 1 0 0 0 0 0
fn=__kmp_stg_print_consistency_check(kmp_str_buf*, char const*, void*)
5034 2 1 1 1 0 0 0 0 0
fn=__kmp_stg_print_cpuinfo_file(kmp_str_buf*, char const*, void*)
0 6 0 0 2 0 0 0 0 0
2203 6 1 1 0 0 0 3 0 0
2205 3 0 0 1 0 0 0 0 0
2208 5 1 1 0 0 0 1 0 0
2210 4 1 1 1 1 0 0 0 0
2213 5 1 1 0 0 0 1 0 0
fn=__kmp_stg_print_default_device(kmp_str_buf*, char const*, void*)
1735 3 1 1 0 0 0 0 0 0
1736 2 0 0 0 0 0 0 0 0
fn=__kmp_stg_print_device_thread_limit(kmp_str_buf*, char const*, void*)
813 4 1 1 1 1 0 0 0 0
fn=__kmp_stg_print_disp_buffers(kmp_str_buf*, char const*, void*)
1832 4 1 1 1 0 0 0 0 0
fn=__kmp_stg_print_display_affinity(kmp_str_buf*, char const*, void*)
4032 4 1 1 1 0 0 0 0 0
fn=__kmp_stg_print_duplicate_lib_ok(kmp_str_buf*, char const*, void*)
1004 4 1 1 1 0 0 0 0 0
fn=__kmp_stg_print_force_reduction(kmp_str_buf*, char const*, void*)
0 1 0 0 0 0 0 0 0 0
2258 6 1 1 2 1 1 0 0 0
2259 8 0 0 1 0 0 0 0 0
2264 3 0 0 0 0 0 3 0 0
2266 4 0 0 1 0 0 0 0 0
2269 5 1 1 0 0 0 1 0 0
2271 10 1 1 2 0 0 1 0 0
2274 3 1 1 1 1 0 0 0 0
fn=__kmp_stg_print_foreign_threads_threadprivate(kmp_str_buf*, char const*, void*)
2331 4 1 1 1 0 0 0 0 0
fn=__kmp_stg_print_forkjoin_frames(kmp_str_buf*, char const*, void*)
5792 4 1 1 1 0 0 0 0 0
fn=__kmp_stg_print_forkjoin_frames_mode(kmp_str_buf*, char const*, void*)
5806 4 1 1 1 0 0 0 0 0
fn=__kmp_stg_print_gtid_mode(kmp_str_buf*, char const*, void*)
0 1 0 0 0 0 0 0 0 0
5126 7 1 1 2 0 0 0 0 0
fn=__kmp_stg_print_handle_signals(kmp_str_buf*, char const*, void*)
1879 4 1 1 1 1 0 0 0 0
fn=__kmp_stg_print_hh_affinity(kmp_str_buf*, char const*, void*)
3091 3 1 1 0 0 0 0 0 0
fn=__kmp_stg_print_hot_teams_level(kmp_str_buf*, char const*, void*)
1850 4 1 1 1 0 0 0 0 0
fn=__kmp_stg_print_hot_teams_mode(kmp_str_buf*, char const*, void*)
1865 4 1 1 1 0 0 0 0 0
fn=__kmp_stg_print_hw_subset(kmp_str_buf*, char const*, void*)
5749 20 1 1 2 0 0 14 0 0
5752 6 0 0 2 1 0 0 0 0
5779 22 1 1 18 0 0 0 0 0
fn=__kmp_stg_print_inherit_fp_control(kmp_str_buf*, char const*, void*)
1022 2 1 1 1 0 0 0 0 0
fn=__kmp_stg_print_init_at_fork(kmp_str_buf*, char const*, void*)
4590 4 1 1 1 0 0 0 0 0
fn=__kmp_stg_print_int(kmp_str_buf*, char const*, int)
741 156 1 1 0 0 0 78 0 0
742 78 0 0 26 1 0 0 0 0
746 234 3 1 78 0 0 0 0 0
fn=__kmp_stg_print_itt_prepare_delay(kmp_str_buf*, char const*, void*)
752 3 0 0 1 0 0 0 0 0
755 8 1 1 3 0 0 0 0 0
5052 5 1 1 0 0 0 3 0 0
5053 2 0 0 1 1 0 0 0 0
fn=__kmp_stg_print_kmp_dynamic_mode(kmp_str_buf*, char const*, void*)
4505 2 1 1 1 0 0 0 0 0
fn=__kmp_stg_print_kmp_force_monotonic(kmp_str_buf*, char const*, void*)
4967 4 1 1 1 0 0 0 0 0
fn=__kmp_stg_print_kmp_hand_thread(kmp_str_buf*, char const*, void*)
4954 4 1 1 1 0 0 0 0 0
fn=__kmp_stg_print_ld_balance_interval(kmp_str_buf*, char const*, void*)
4528 2 1 1 1 0 0 0 0 0
fn=__kmp_stg_print_lock_block(kmp_str_buf*, char const*, void*)
5143 4 1 1 1 1 1 0 0 0
fn=__kmp_stg_print_lock_kind(kmp_str_buf*, char const*, void*)
5246 8 1 1 2 2 0 0 0 0
5294 1 0 0 0 0 0 0 0 0
fn=__kmp_stg_print_malloc_pool_incr(kmp_str_buf*, char const*, void*)
5072 4 1 1 1 0 0 0 0 0
fn=__kmp_stg_print_max_active_levels(kmp_str_buf*, char const*, void*)
1724 4 1 1 1 0 0 0 0 0
fn=__kmp_stg_print_max_task_priority(kmp_str_buf*, char const*, void*)
1801 4 1 1 1 0 0 0 0 0
fn=__kmp_stg_print_mwait_hints(kmp_str_buf*, char const*, void*)
5960 4 1 1 1 0 0 0 0 0
fn=__kmp_stg_print_nested(kmp_str_buf*, char const*, void*)
0 1 0 0 0 0 0 0 0 0
1458 6 1 1 0 0 0 3 0 0
1459 3 0 0 1 0 0 0 0 0
1462 5 1 1 0 0 0 1 0 0
1464 7 1 1 2 0 0 0 0 0
1465 2 1 1 1 0 0 0 0 0
fn=__kmp_stg_print_nesting_mode(kmp_str_buf*, char const*, void*)
0 1 0 0 0 0 0 0 0 0
1431 6 1 1 0 0 0 3 0 0
1432 3 0 0 1 0 0 0 0 0
1435 5 1 1 0 0 0 1 0 0
1437 9 2 2 3 0 0 0 0 0
fn=__kmp_stg_print_nteams(kmp_str_buf*, char const*, void*)
841 4 1 1 1 0 0 0 0 0
fn=__kmp_stg_print_num_hidden_helper_threads(kmp_str_buf*, char const*, void*)
0 1 0 0 0 0 0 0 0 0
1616 6 1 1 1 1 0 0 0 0
fn=__kmp_stg_print_num_threads(kmp_str_buf*, char const*, void*)
0 1 0 0 0 0 0 0 0 0
1648 12 1 1 1 0 0 7 0 0
1649 3 0 0 1 0 0 0 0 0
1652 5 1 1 0 0 0 1 0 0
1654 4 1 1 1 0 0 0 0 0
1666 7 1 1 0 0 0 2 0 0
1668 3 0 0 1 0 0 0 0 0
1670 11 1 1 9 0 0 0 0 0
fn=__kmp_stg_print_omp_cancellation(kmp_str_buf*, char const*, void*)
5855 4 1 1 1 0 0 0 0 0
fn=__kmp_stg_print_omp_debug(kmp_str_buf*, char const*, void*)
5927 6 1 1 0 0 0 3 0 0
5928 3 0 0 1 0 0 0 0 0
5931 8 1 1 2 0 0 0 0 0
5932 5 1 1 1 0 0 0 0 0
fn=__kmp_stg_print_omp_display_env(kmp_str_buf*, char const*, void*)
5837 4 1 1 1 0 0 0 0 0
5840 3 0 0 1 0 0 0 0 0
fn=__kmp_stg_print_omp_dynamic(kmp_str_buf*, char const*, void*)
4440 4 1 1 1 1 0 0 0 0
fn=__kmp_stg_print_omp_schedule(kmp_str_buf*, char const*, void*)
0 8 1 1 2 0 0 0 0 0
4869 6 1 1 0 0 0 3 0 0
4870 3 0 0 1 0 0 0 0 0
4873 5 1 1 0 0 0 1 0 0
4875 3 1 1 1 0 0 0 0 0
4876 2 0 0 0 0 0 0 0 0
4878 2 1 1 0 0 0 0 0 0
4881 4 0 0 1 0 0 0 0 0
4912 6 2 2 1 1 1 0 0 0
4928 3 0 0 0 0 0 0 0 0
fn=__kmp_stg_print_omp_tool(kmp_str_buf*, char const*, void*)
5867 6 1 1 0 0 0 3 0 0
5868 3 0 0 1 0 0 0 0 0
5871 8 1 1 2 0 0 0 0 0
5872 5 1 1 1 0 0 0 0 0
fn=__kmp_stg_print_omp_tool_libraries(kmp_str_buf*, char const*, void*)
0 1 0 0 0 0 0 0 0 0
5884 6 1 1 0 0 0 3 0 0
5885 4 0 0 1 1 0 0 0 0
5888 3 0 0 1 0 0 0 0 0
5891 5 1 1 0 0 0 1 0 0
5893 10 1 1 2 0 0 1 0 0
fn=__kmp_stg_print_omp_tool_verbose_init(kmp_str_buf*, char const*, void*)
0 1 0 0 0 0 0 0 0 0
5907 6 1 1 0 0 0 3 0 0
5908 4 0 0 1 0 0 0 0 0
5911 3 0 0 1 0 0 0 0 0
5914 5 1 1 0 0 0 1 0 0
5916 10 1 1 2 0 0 1 0 0
fn=__kmp_stg_print_places(kmp_str_buf*, char const*, void*)
0 10 2 2 1 0 0 2 0 0
3599 10 1 1 0 0 0 7 0 0
3600 2 0 0 1 0 0 0 0 0
3601 1 0 0 1 0 0 0 0 0
3602 1 0 0 1 0 0 0 0 0
3604 3 0 0 1 0 0 0 0 0
3607 5 1 1 0 0 0 1 0 0
3609 6 1 1 1 0 0 0 0 0
3611 1 0 0 1 1 0 0 0 0
3666 2 0 0 1 0 0 0 0 0
3668 8 1 1 7 0 0 0 0 0
fn=__kmp_stg_print_proc_bind(kmp_str_buf*, char const*, void*)
0 5 0 0 1 0 0 1 0 0
3974 10 1 1 0 0 0 7 0 0
3975 2 0 0 1 0 0 0 0 0
3976 3 0 0 1 0 0 0 0 0
3979 5 2 2 0 0 0 1 0 0
3981 2 0 0 0 0 0 0 0 0
3985 6 1 1 0 0 0 2 0 0
3986 5 0 0 0 0 0 0 0 0
3987 8 1 1 3 0 0 0 0 0
4016 3 0 0 0 0 0 0 0 0
4017 3 0 0 0 0 0 0 0 0
4020 4 1 1 0 0 0 1 0 0
4022 2 0 0 1 0 0 0 0 0
4024 8 1 1 7 0 0 0 0 0
fn=__kmp_stg_print_schedule(kmp_str_buf*, char const*, void*)
0 12 1 1 0 0 0 2 0 0
4650 6 1 1 0 0 0 3 0 0
4651 3 0 0 1 0 0 0 0 0
4654 5 1 1 0 0 0 1 0 0
4656 6 2 2 1 0 0 0 0 0
4661 4 0 0 1 0 0 0 0 0
4666 2 0 0 1 0 0 0 0 0
4668 4 0 0 4 0 0 0 0 0
fn=__kmp_stg_print_settings(kmp_str_buf*, char const*, void*)
1300 4 1 1 1 0 0 0 0 0
fn=__kmp_stg_print_size(kmp_str_buf*, char const*, unsigned long)
0 36 2 2 9 0 0 3 0 0
770 18 1 1 0 0 0 9 0 0
771 9 0 0 3 0 0 0 0 0
776 15 1 1 0 0 0 3 0 0
fn=__kmp_stg_print_spin_backoff_params(kmp_str_buf*, char const*, void*)
0 1 0 0 0 0 0 0 0 0
5380 6 1 1 0 0 0 3 0 0
5381 3 0 0 1 0 0 0 0 0
5384 5 1 1 0 0 0 1 0 0
5386 9 2 2 3 1 1 0 0 0
5387 1 0 0 1 0 0 0 0 0
fn=__kmp_stg_print_stackoffset(kmp_str_buf*, char const*, void*)
1337 4 1 1 1 0 0 0 0 0
fn=__kmp_stg_print_stackpad(kmp_str_buf*, char const*, void*)
1318 4 1 1 1 0 0 0 0 0
fn=__kmp_stg_print_stacksize(kmp_str_buf*, char const*, void*)
1368 14 1 1 0 0 0 6 0 0
1370 6 0 0 2 0 0 0 0 0
1378 10 1 1 0 0 0 2 0 0
1379 14 1 1 2 0 0 2 0 0
1382 14 1 1 6 0 0 0 0 0
fn=__kmp_stg_print_storage_map(kmp_str_buf*, char const*, void*)
2297 6 1 1 2 0 0 0 0 0
2300 3 0 0 1 0 0 0 0 0
fn=__kmp_stg_print_str(kmp_str_buf*, char const*, char const*)
760 36 1 1 0 0 0 18 0 0
761 18 0 0 6 0 0 0 0 0
765 54 1 1 18 0 0 0 0 0
fn=__kmp_stg_print_target_offload(kmp_str_buf*, char const*, void*)
0 1 0 0 0 0 0 0 0 0
1774 6 1 1 0 0 0 3 0 0
1776 8 0 0 2 0 0 0 0 0
1783 3 1 1 1 0 0 0 0 0
1786 5 1 1 0 0 0 1 0 0
1788 8 1 1 3 0 0 0 0 0
fn=__kmp_stg_print_task_stealing(kmp_str_buf*, char const*, void*)
1699 4 1 1 1 0 0 0 0 0
fn=__kmp_stg_print_task_throttling(kmp_str_buf*, char const*, void*)
5820 4 1 1 1 1 0 0 0 0
fn=__kmp_stg_print_tasking(kmp_str_buf*, char const*, void*)
1688 4 1 1 1 0 0 0 0 0
fn=__kmp_stg_print_taskloop_min_tasks(kmp_str_buf*, char const*, void*)
752 3 0 0 1 0 0 0 0 0
755 8 1 1 3 0 0 0 0 0
1814 5 1 1 0 0 0 3 0 0
1815 2 0 0 1 0 0 0 0 0
fn=__kmp_stg_print_tcm_enable(kmp_str_buf*, char const*, void*)
0 1 0 0 0 0 0 0 0 0
4550 3 1 1 1 1 0 0 0 0
fn=__kmp_stg_print_teams_proc_bind(kmp_str_buf*, char const*, void*)
3843 6 1 1 0 0 0 3 0 0
3844 2 0 0 0 0 0 1 0 0
3847 8 0 0 2 1 1 0 0 0
3848 3 1 1 1 1 1 0 0 0
3852 7 0 0 2 0 0 0 0 0
fn=__kmp_stg_print_teams_th_limit(kmp_str_buf*, char const*, void*)
855 4 1 1 1 0 0 0 0 0
fn=__kmp_stg_print_teams_thread_limit(kmp_str_buf*, char const*, void*)
867 4 1 1 1 0 0 0 0 0
fn=__kmp_stg_print_thread_limit(kmp_str_buf*, char const*, void*)
828 4 1 1 1 1 0 0 0 0
fn=__kmp_stg_print_topology_method(kmp_str_buf*, char const*, void*)
3764 8 1 1 2 1 0 0 0 0
3809 1 0 0 0 0 0 0 0 0
fn=__kmp_stg_print_tpause(kmp_str_buf*, char const*, void*)
5982 4 1 1 1 0 0 0 0 0
fn=__kmp_stg_print_umf_enable(kmp_str_buf*, char const*, void*)
0 1 0 0 0 0 0 0 0 0
4571 3 1 1 1 0 0 0 0 0
fn=__kmp_stg_print_use_hidden_helper(kmp_str_buf*, char const*, void*)
1644 4 1 1 1 0 0 0 0 0
fn=__kmp_stg_print_use_yield(kmp_str_buf*, char const*, void*)
880 4 1 1 1 0 0 0 0 0
fn=__kmp_stg_print_user_level_mwait(kmp_str_buf*, char const*, void*)
5947 4 1 1 1 0 0 0 0 0
fn=__kmp_stg_print_version(kmp_str_buf*, char const*, void*)
1396 4 1 1 1 1 0 0 0 0
fn=__kmp_stg_print_wait_policy(kmp_str_buf*, char const*, void*)
0 5 0 0 2 0 0 0 0 0
1094 6 1 1 2 0 0 0 0 0
1095 4 0 0 0 0 0 0 0 0
1108 7 0 0 1 1 1 0 0 0
1124 2 1 1 0 0 0 0 0 0
fn=__kmp_stg_print_warnings(kmp_str_buf*, char const*, void*)
1415 4 1 1 1 0 0 0 0 0
fn=kmp_device_trait_t::fini()
7208 14 1 1 0 0 0 10 0 0
7209 2 0 0 0 0 0 2 0 0
7210 6 0 0 2 2 2 0 0 0
7219 12 1 1 10 0 0 0 0 0
fn=kmp_device_trait_t::get_default_device()
0 2 0 0 2 0 0 0 0 0
7745 8 1 1 2 0 0 0 0 0
7748 2 0 0 2 0 0 0 0 0
fn=kmp_device_trait_t::print(kmp_str_buf*, char const*)
0 1 0 0 0 0 0 0 0 0
7354 10 1 1 0 0 0 6 0 0
7355 4 0 0 2 2 2 0 0 0
7357 8 0 0 3 1 1 0 0 0
7360 3 0 0 1 1 0 0 0 0
7363 3 1 1 1 0 0 0 0 0
7366 4 1 1 0 0 0 1 0 0
7368 10 1 1 2 0 0 1 0 0
fl=/localdisk/promo-build/20250910/tmp/lin_32e-rtl_int_5_nor_dyn.rel.c0.s0.tcm1.t1..h1.u1-anompclxlin01/../../src/kmp_str.cpp
fn=__kmp_str_buf_cat
158 702 1 1 0 0 0 390 0 0
163 390 0 0 78 1 0 78 0 0
164 234 0 0 156 0 0 78 0 0
165 624 1 1 156 0 0 78 0 0
166 156 0 0 78 0 0 0 0 0
168 468 0 0 390 0 0 0 0 0
fn=__kmp_str_buf_clear
97 276 1 1 92 1 0 0 0 0
98 84 0 0 0 0 0 84 0 0
99 168 0 0 84 0 0 84 0 0
102 92 0 0 92 0 0 0 0 0
fn=__kmp_str_buf_detach
134 4 1 1 0 0 0 1 0 0
138 3 0 0 1 0 0 0 0 0
139 3 0 0 1 0 0 2 0 0
140 2 0 0 0 0 0 0 0 0
143 11 1 1 3 0 0 0 0 0
fn=__kmp_str_buf_free
147 15 2 1 0 0 0 5 0 0
149 10 0 0 5 0 0 0 0 0
150 3 0 0 2 0 0 1 0 0
152 10 0 0 0 0 0 5 0 0
153 5 0 0 0 0 0 5 0 0
156 10 0 0 10 0 0 0 0 0
fn=__kmp_str_buf_print
0 148 0 0 148 0 0 0 0 0
191 296 0 0 296 1 0 0 0 0
207 888 2 1 444 0 0 444 0 0
210 444 0 0 296 0 0 0 0 0
218 592 0 0 0 0 0 0 0 0
219 296 0 0 0 0 0 148 0 0
244 2220 4 2 0 0 0 1184 0 0
247 1036 2 1 0 0 0 444 1 0
250 888 2 1 740 0 0 0 0 0
fn=__kmp_str_buf_print_size
0 15 0 0 0 0 0 0 0 0
259 15 1 1 0 0 0 0 0 0
260 27 0 0 0 0 0 0 0 0
261 3 1 1 0 0 0 0 0 0
266 30 2 2 5 1 1 0 0 0
fn=__kmp_str_buf_reserve
0 9 0 0 0 0 0 0 0 0
108 546 1 1 78 0 0 156 0 0
111 9 0 0 0 0 0 3 0 0
112 12 0 0 0 0 0 0 0 0
115 12 0 0 3 0 0 0 0 0
116 4 0 0 1 0 0 2 0 0
117 2 0 0 0 0 0 0 0 0
120 11 1 1 4 0 0 0 0 0
122 8 0 0 2 0 0 4 0 0
123 4 0 0 0 0 0 0 0 0
132 308 1 1 231 0 0 0 0 0
fn=__kmp_str_buf_vprint
0 1 0 0 1 0 0 0 0 0
186 12 1 1 0 0 0 5 0 0
191 2 0 0 2 0 0 0 0 0
207 4 1 1 2 0 0 2 0 0
210 3 0 0 2 0 0 0 0 0
218 4 0 0 0 0 0 0 0 0
219 2 0 0 0 0 0 1 0 0
240 7 0 0 6 0 0 0 0 0
fn=__kmp_str_format
474 528 4 4 0 0 0 363 0 0
481 231 2 2 33 2 1 33 0 0
482 66 1 0 0 0 0 0 0 0
488 165 2 2 0 0 0 99 1 0
489 33 0 0 0 0 0 0 0 0
493 132 0 0 0 0 0 0 0 0
508 66 0 0 0 0 0 0 0 0
514 297 0 0 231 2 0 0 0 0
fn=__kmp_str_free
517 171 3 2 0 0 0 57 0 0
519 171 0 0 114 11 11 57 0 0
520 57 0 0 0 0 0 57 0 0
521 114 0 0 114 0 0 0 0 0
fn=__kmp_str_match
0 3 0 0 0 0 0 0 0 0
528 2 1 1 0 0 0 0 0 0
530 4 0 0 0 0 0 0 0 0
533 38 0 0 11 2 2 0 0 0
534 55 1 1 0 0 0 0 0 0
538 5 1 1 0 0 0 0 0 0
539 1 0 0 1 0 0 0 0 0
fn=__kmp_str_split
0 2 0 0 0 0 0 0 0 0
598 2261 3 1 0 0 0 969 0 0
601 646 0 0 0 0 0 0 0 0
602 969 0 0 0 0 0 323 0 0
603 646 0 0 0 0 0 0 0 0
604 321 0 0 0 0 0 321 0 0
605 321 0 0 0 0 0 0 0 0
608 646 0 0 0 0 0 0 0 0
609 323 0 0 0 0 0 323 0 0
611 646 2 1 0 0 0 0 0 0
612 323 0 0 0 0 0 323 0 0
614 1292 0 0 1292 0 0 0 0 0
fl=/localdisk/promo-build/20250910/tmp/lin_32e-rtl_int_5_nor_dyn.rel.c0.s0.tcm1.t1..h1.u1-anompclxlin01/../../src/kmp_tasking.cpp
fn=__kmp_free_implicit_task
1174 5 1 1 1 0 0 3 0 0
1175 5 0 0 1 1 1 0 0 0
1179 4 1 1 4 0 0 0 0 0
fn=__kmp_init_implicit_task
0 4 1 1 0 0 0 0 0 0
456 2 0 0 0 0 0 0 0 0
457 4 1 1 2 0 0 0 0 0
458 1 0 0 0 0 0 1 0 0
460 2 0 0 1 0 0 1 0 0
1079 36 1 1 4 0 0 12 0 0
1086 16 0 0 8 0 0 4 1 0
1087 4 0 0 0 0 0 4 0 0
1090 4 0 0 0 0 0 4 0 0
1092 12 0 0 0 0 0 4 0 0
1096 4 0 0 4 0 0 0 0 0
1100 8 0 0 0 0 0 4 0 0
1101 32 1 1 4 0 0 4 0 0
1102 20 0 0 4 0 0 0 0 0
1105 8 0 0 0 0 0 0 0 0
1107 4 0 0 0 0 0 4 0 0
1109 4 0 0 0 0 0 4 0 0
1110 4 1 1 0 0 0 4 0 0
1111 4 0 0 0 0 0 4 0 0
1113 8 0 0 0 0 0 0 0 0
1118 1 0 0 0 0 0 1 0 0
1126 12 1 1 4 0 0 0 0 0
1132 16 0 0 16 0 0 0 0 0
fn=__kmp_reap_task_teams
3710 3 1 1 1 1 1 0 0 0
3728 1 1 1 1 0 0 0 0 0
fn=__kmp_wait_to_unref_task_teams
0 10 1 1 2 1 1 7 0 0
3782 2 0 0 0 0 0 0 0 0
3826 8 1 1 7 0 0 0 0 0
fl=/localdisk/promo-build/20250910/tmp/lin_32e-rtl_int_5_nor_dyn.rel.c0.s0.tcm1.t1..h1.u1-anompclxlin01/../../src/kmp_threadprivate.cpp
fn=__kmp_cleanup_threadprivate_caches
0 5 1 1 1 0 0 1 0 0
808 2 0 0 0 0 0 0 0 0
822 2 1 1 0 0 0 1 0 0
823 2 0 0 2 0 0 0 0 0
fn=__kmp_common_initialize
154 5 1 1 1 0 0 1 0 0
160 2 0 0 0 0 0 1 0 0
176 4 0 0 0 0 0 1 0 0
178 1 0 0 0 0 0 1 0 0
180 2 0 0 2 0 0 0 0 0
fl=/localdisk/promo-build/20250910/tmp/lin_32e-rtl_int_5_nor_dyn.rel.c0.s0.tcm1.t1..h1.u1-anompclxlin01/../../src/kmp_umf.cpp
fn=__kmp_fini_umf()
458 4 1 1 1 1 0 0 0 0
552 1 0 0 1 0 0 0 0 0
fn=__kmp_init_umf()
104 3 1 1 0 0 0 1 1 1
107 2 0 0 0 0 0 1 1 1
108 2 0 0 0 0 0 1 0 0
110 2 0 0 0 0 0 1 0 0
112 2 1 1 0 0 0 1 0 0
114 2 0 0 0 0 0 1 0 0
116 2 0 0 1 1 1 1 1 1
117 2 0 0 1 1 0 1 0 0
118 2 1 1 1 1 1 1 0 0
119 2 0 0 1 1 0 1 1 1
120 2 0 0 1 0 0 1 0 0
125 2 0 0 0 0 0 1 0 0
126 2 0 0 0 0 0 1 1 1
127 2 1 1 0 0 0 1 0 0
128 2 0 0 0 0 0 1 0 0
455 2 0 0 1 0 0 0 0 0
fl=/localdisk/promo-build/20250910/tmp/lin_32e-rtl_int_5_nor_dyn.rel.c0.s0.tcm1.t1..h1.u1-anompclxlin01/../../src/kmp_utility.cpp
fn=__kmp_query_cpuid
0 10 1 1 3 2 2 1 0 0
121 1 0 0 0 0 0 1 0 0
124 2 0 0 0 0 0 0 0 0
127 2 1 1 0 0 0 1 0 0
128 4 0 0 0 0 0 0 0 0
130 6 1 1 1 0 0 1 0 0
132 5 0 0 0 0 0 1 0 0
139 7 0 0 1 0 0 0 0 0
145 6 1 1 0 0 0 3 0 0
152 1 0 0 0 0 0 1 0 0
154 1 0 0 1 0 0 0 0 0
164 1 0 0 0 0 0 1 0 0
166 2 0 0 0 0 0 0 0 0
178 1 0 0 0 0 0 1 0 0
179 8 1 1 0 0 0 1 0 0
180 1 0 0 0 0 0 1 0 0
181 7 0 0 0 0 0 0 0 0
182 2 0 0 0 0 0 1 0 0
190 1 0 0 0 0 0 0 0 0
194 6 1 1 1 0 0 0 0 0
250 2 0 0 0 0 0 0 0 0
252 1 0 0 0 0 0 1 0 0
270 1 0 0 0 0 0 1 0 0
271 2 0 0 0 0 0 0 0 0
275 5 0 0 1 0 0 0 0 0
276 4 1 1 0 0 0 1 0 0
288 1 0 0 0 0 0 0 0 0
294 1 0 0 0 0 0 1 0 0
298 3 0 0 0 0 0 2 0 0
303 5 0 0 4 0 0 0 0 0
fl=/localdisk/promo-build/20250910/tmp/lin_32e-rtl_int_5_nor_dyn.rel.c0.s0.tcm1.t1..h1.u1-anompclxlin01/../../src/ompd-specific.cpp
fn=ompd_dll_locations_valid
190 2 1 1 1 0 0 0 0 0
fn=ompd_init()
93 3 1 1 1 0 0 0 0 0
102 110 12 12 0 0 0 55 7 7
112 22 2 2 0 0 0 11 3 3
121 110 12 12 0 0 0 55 6 6
125 54 6 6 0 0 0 27 2 2
129 3 0 0 1 0 0 0 0 0
133 1 1 1 0 0 0 1 0 0
134 3 0 0 0 0 0 1 0 0
138 1 0 0 0 0 0 0 0 0
fl=/localdisk/promo-build/20250910/tmp/lin_32e-rtl_int_5_nor_dyn.rel.c0.s0.tcm1.t1..h1.u1-anompclxlin01/../../src/ompt-general.cpp
fn=_GLOBAL__sub_I_ompt_general.cpp
0 3 0 0 0 0 0 0 0 0
fn=ompt_fini
565 5 1 1 1 0 0 1 0 0
574 3 1 1 1 1 1 0 0 0
577 3 0 0 1 0 0 0 0 0
580 2 0 0 2 0 0 0 0 0
fn=ompt_post_init
523 8 1 1 1 1 0 5 0 0
526 1 0 0 0 0 0 1 0 0
531 3 0 0 1 0 0 0 0 0
562 1 0 0 1 0 0 0 0 0
fn=ompt_pre_init
0 13 3 3 9 1 0 0 0 0
300 2 0 0 1 0 0 0 0 0
307 6 1 1 0 0 0 1 0 0
313 2 0 0 0 0 0 0 0 0
322 2 1 1 0 0 0 0 0 0
323 3 1 1 0 0 0 1 0 0
324 2 0 0 0 0 0 0 0 0
388 2 1 1 0 0 0 0 0 0
403 4 1 1 0 0 0 1 0 0
404 2 1 0 0 0 0 0 0 0
405 2 0 0 1 1 0 0 0 0
407 3 2 2 0 0 0 1 0 0
408 2 0 0 0 0 0 0 0 0
409 4 0 0 0 0 0 1 0 0
410 2 0 0 0 0 0 0 0 0
419 2 1 1 0 0 0 0 0 0
424 2 1 1 0 0 0 1 0 0
428 2 0 0 1 0 0 0 0 0
439 10 1 1 1 1 1 6 0 0
442 1 0 0 0 0 0 1 0 0
447 3 0 0 0 0 0 1 0 0
450 2 0 0 0 0 0 0 0 0
457 2 2 2 0 0 0 1 0 0
460 2 0 0 0 0 0 0 0 0
479 1 0 0 0 0 0 1 0 0
484 5 1 1 1 1 1 0 0 0
495 1 1 1 0 0 0 1 0 0
496 2 0 0 1 1 1 0 0 0
508 2 0 0 1 0 0 0 0 0
513 1 0 0 1 0 0 0 0 0
fn=ompt_start_tool
203 6 1 1 0 0 0 3 0 0
210 3 0 0 0 0 0 1 0 0
211 2 0 0 0 0 0 0 0 0
214 5 0 0 3 0 0 0 0 0
fl=/localdisk/promo-build/20250910/tmp/lin_32e-rtl_int_5_nor_dyn.rel.c0.s0.tcm1.t1..h1.u1-anompclxlin01/../../src/ompt-specific.cpp
fn=__ompt_get_task_info_internal(int, int*, ompt_data_t**, ompt_frame_t**, ompt_data_t**, int*)
0 5 1 1 1 0 0 0 0 0
391 14 1 1 0 0 0 8 0 0
392 3 0 0 0 0 0 1 0 0
404 2 0 0 0 0 0 0 0 0
405 1 0 0 1 0 0 0 0 0
406 2 0 0 0 0 0 0 0 0
408 1 0 0 1 0 0 0 0 0
409 2 0 0 0 0 0 0 0 0
414 2 0 0 0 0 0 0 0 0
450 1 0 0 0 0 0 0 0 0
451 1 0 0 0 0 0 0 0 0
452 2 0 0 0 0 0 0 0 0
462 2 1 1 0 0 0 0 0 0
463 4 0 0 0 0 0 1 0 0
465 2 0 0 0 0 0 0 0 0
469 2 0 0 0 0 0 0 0 0
470 1 0 0 0 0 0 1 0 0
472 2 0 0 0 0 0 0 0 0
489 4 1 1 0 0 0 0 0 0
492 9 1 1 7 0 0 0 0 0
fn=__ompt_team_assign_id(kmp_team*, ompt_data_t)
518 6 1 1 0 0 0 3 0 0
519 3 0 0 3 0 0 0 0 0
fl=/localdisk/promo-build/20250910/tmp/lin_32e-rtl_int_5_nor_dyn.rel.c0.s0.tcm1.t1..h1.u1-anompclxlin01/../../src/ompt-specific.h
fn=__ompt_get_task_info_internal(int, int*, ompt_data_t**, ompt_frame_t**, ompt_data_t**, int*)
148 2 0 0 0 0 0 0 0 0
152 1 0 0 0 0 0 1 0 0
fn=ompt_post_init
0 5 1 1 4 0 0 0 0 0
fl=/localdisk/promo-build/20250910/tmp/lin_32e-rtl_int_5_nor_dyn.rel.c0.s0.tcm1.t1..h1.u1-anompclxlin01/../../src/thirdparty/ittnotify/ittnotify_config.h
fn=__kmp_itt_init_ittlib
384 2 1 1 1 0 0 0 0 0
fl=/localdisk/promo-build/20250910/tmp/lin_32e-rtl_int_5_nor_dyn.rel.c0.s0.tcm1.t1..h1.u1-anompclxlin01/../../src/thirdparty/ittnotify/ittnotify_static.cpp
fn=__itt_get_lib_name()
0 2 1 1 0 0 0 0 0 0
1239 2 0 0 0 0 0 1 0 0
1240 2 0 0 0 0 0 0 0 0
1259 3 1 1 0 0 0 3 0 0
1261 5 0 0 3 0 0 0 0 0
fn=__kmp_itt_fini_ittlib
1341 467 1 1 156 40 40 0 0 0
1342 462 0 0 308 58 58 154 19 18
1373 7 1 1 1 1 1 3 0 0
1375 29 2 2 9 3 3 1 0 0
1376 2 0 0 1 0 0 0 0 0
1378 2 0 0 1 1 1 0 0 0
1380 4 1 1 0 0 0 2 0 0
1381 3 0 0 1 0 0 0 0 0
1397 1 0 0 0 0 0 1 0 0
1398 1 0 0 0 0 0 1 0 0
1401 5 1 1 0 0 0 1 0 0
1403 4 0 0 3 0 0 0 0 0
fn=__kmp_itt_init_ittlib
0 14 2 2 3 2 2 1 0 0
1239 6 2 2 0 0 0 3 0 0
1240 6 0 0 0 0 0 0 0 0
1341 467 1 1 156 39 39 0 0 0
1342 462 0 0 308 58 58 154 18 18
1477 11 1 1 1 0 0 7 0 0
1485 3 0 0 1 0 0 0 0 0
1488 47 4 4 9 4 4 6 0 0
1491 2 0 0 1 0 0 0 0 0
1493 2 0 0 1 1 1 0 0 0
1495 4 1 1 0 0 0 2 0 0
1496 2 0 0 0 0 0 0 0 0
1498 2 0 0 0 0 0 1 0 0
1501 8 2 2 1 0 0 0 0 0
1583 1 0 0 0 0 0 1 0 0
1586 1 0 0 0 0 0 1 0 0
1587 1 0 0 0 0 0 1 0 0
1589 1 0 0 0 0 0 1 0 0
1594 4 0 0 0 0 0 1 0 0
1599 468 1 1 156 0 0 0 0 0
1601 616 0 0 462 0 0 0 0 0
1608 11 1 1 9 0 0 0 0 0
fn=__kmp_itt_thr_name_set_init_3_0(char const*, int)
0 1 1 1 0 0 0 0 0 0
1083 5 1 1 1 1 0 1 0 0
1093 6 0 0 1 0 0 0 0 0
1112 3 0 0 2 0 0 0 0 0
fl=/localdisk/promo-build/20250910/tmp/lin_32e-rtl_int_5_nor_dyn.rel.c0.s0.tcm1.t1..h1.u1-anompclxlin01/../../src/thirdparty/ittnotify/ittnotify_static.h
fn=__kmp_itt_fsync_acquired_init_3_0(void*)
0 2 0 0 0 0 0 0 0 0
125 16 2 2 5 2 2 2 0 0
fl=/localdisk/promo-build/20250910/tmp/lin_32e-rtl_int_5_nor_dyn.rel.c0.s0.tcm1.t1..h1.u1-anompclxlin01/../../src/thirdparty/safeclib/src/mem/mem_primitives_lib.c
fn=mem_prim_move(void*, void const*, unsigned int)
0 2740 4 1 0 0 0 226 0 0
594 2261 2 1 0 0 0 1615 0 0
608 3046 2 1 0 0 0 0 0 0
622 1088 0 0 0 0 0 0 0 0
626 2948 0 0 0 0 0 0 0 0
632 268 0 0 0 0 0 0 0 0
637 536 1 1 0 0 0 0 0 0
638 416 0 0 208 0 0 208 0 0
639 624 0 0 0 0 0 0 0 0
645 344 1 0 0 0 0 0 0 0
647 544 2 1 0 0 0 0 0 0
649 144 0 0 0 0 0 0 0 0
651 830 2 1 415 0 0 415 50 29
656 510 0 0 0 0 0 0 0 0
664 544 1 1 0 0 0 0 0 0
666 300 2 1 150 0 0 150 4 2
667 484 0 0 0 0 0 0 0 0
679 102 3 1 0 0 0 0 0 0
680 51 0 0 0 0 0 0 0 0
690 204 0 0 0 0 0 0 0 0
692 400 0 0 0 0 0 0 0 0
698 50 0 0 0 0 0 0 0 0
703 150 0 0 0 0 0 0 0 0
704 306 2 1 6 0 0 54 0 0
705 12 0 0 0 0 0 0 0 0
711 6 3 1 0 0 0 0 0 0
713 102 0 0 0 0 0 0 0 0
714 27 2 1 0 0 0 0 0 0
719 592 1 0 296 0 0 296 0 0
721 168 0 0 0 0 0 0 0 0
728 102 2 1 0 0 0 0 0 0
737 1938 3 1 1615 0 0 0 0 0
fl=/localdisk/promo-build/20250910/tmp/lin_32e-rtl_int_5_nor_dyn.rel.c0.s0.tcm1.t1..h1.u1-anompclxlin01/../../src/thirdparty/safeclib/src/mem/memcpy_s.c
fn=_memcpy_s_chk
0 323 0 0 0 0 0 0 0 0
99 1615 3 1 0 0 0 969 0 0
104 646 0 0 0 0 0 0 0 0
111 646 0 0 0 0 0 0 0 0
112 646 0 0 0 0 0 0 0 0
113 646 0 0 0 0 0 0 0 0
114 646 3 1 0 0 0 0 0 0
122 646 0 0 0 0 0 0 0 0
123 646 0 0 0 0 0 0 0 0
125 323 0 0 0 0 0 0 0 0
134 3230 2 1 0 0 0 0 0 0
145 969 0 0 0 0 0 323 0 0
148 1615 0 0 969 0 0 0 0 0
fl=/localdisk/promo-build/20250910/tmp/lin_32e-rtl_int_5_nor_dyn.rel.c0.s0.tcm1.t1..h1.u1-anompclxlin01/../../src/thirdparty/safeclib/src/safeclib_private.h
fn=safec_out_buffer(char, void*, unsigned long, unsigned long)
664 684 2 1 0 0 0 0 0 0
665 456 0 0 0 0 0 228 0 0
672 228 0 0 228 0 0 0 0 0
fn=safec_vsnprintf_s(int (*)(char, void*, unsigned long, unsigned long), char const*, char*, unsigned long, char const*, __va_list_tag*)
0 12 0 0 6 0 0 0 0 0
664 12 0 0 0 0 0 0 0 0
665 6 0 0 0 0 0 6 0 0
fl=/localdisk/promo-build/20250910/tmp/lin_32e-rtl_int_5_nor_dyn.rel.c0.s0.tcm1.t1..h1.u1-anompclxlin01/../../src/thirdparty/safeclib/src/str/snprintf_s.c
fn=_snprintf_s_chk
95 42 4 2 0 0 0 12 0 0
98 36 0 0 0 0 0 18 0 0
100 6 0 0 0 0 0 6 0 0
105 12 2 1 6 0 0 0 0 0
fl=/localdisk/promo-build/20250910/tmp/lin_32e-rtl_int_5_nor_dyn.rel.c0.s0.tcm1.t1..h1.u1-anompclxlin01/../../src/thirdparty/safeclib/src/str/strcpy_s.c
fn=_strcpy_s_chk
0 16 2 1 0 0 0 2 0 0
113 16 4 2 0 0 0 6 0 0
114 4 0 0 0 0 0 0 0 0
115 4 0 0 0 0 0 0 0 0
116 4 2 1 0 0 0 0 0 0
121 4 0 0 0 0 0 0 0 0
123 4 0 0 0 0 0 0 0 0
131 2 0 0 0 0 0 0 0 0
134 210 0 0 0 0 0 0 0 0
135 218 0 0 0 0 0 0 0 0
143 174 0 0 87 0 0 87 1 1
144 176 3 2 0 0 0 0 0 0
147 2 1 0 0 0 0 0 0 0
177 10 0 0 0 0 0 0 0 0
208 10 0 0 6 0 0 0 0 0
fl=/localdisk/promo-build/20250910/tmp/lin_32e-rtl_int_5_nor_dyn.rel.c0.s0.tcm1.t1..h1.u1-anompclxlin01/../../src/thirdparty/safeclib/src/str/strncat_s.c
fn=_strncat_s_chk
0 732 3 3 0 0 0 78 0 0
128 546 1 1 0 0 0 234 0 0
133 861 1 1 0 0 0 0 0 0
137 78 0 0 0 0 0 0 0 0
138 156 0 0 0 0 0 0 0 0
139 156 0 0 0 0 0 0 0 0
140 156 1 1 0 0 0 0 0 0
145 156 0 0 0 0 0 0 0 0
147 156 1 1 0 0 0 0 0 0
148 78 0 0 0 0 0 0 0 0
155 78 0 0 0 0 0 0 0 0
166 156 0 0 0 0 0 0 0 0
170 536 1 1 63 0 0 0 0 0
191 2508 0 0 0 0 0 0 0 0
192 6165 1 1 0 0 0 0 0 0
203 3752 1 1 0 0 0 0 0 0
221 3406 1 1 1703 0 0 1703 22 22
222 3406 0 0 0 0 0 0 0 0
247 108 1 1 15 0 0 0 0 0
264 615 0 0 0 0 0 0 0 0
265 1516 1 1 0 0 0 0 0 0
276 940 2 2 0 0 0 0 0 0
294 838 1 1 419 0 0 419 6 0
295 1090 0 0 0 0 0 0 0 0
326 390 0 0 312 0 0 0 0 0
fl=/localdisk/promo-build/20250910/tmp/lin_32e-rtl_int_5_nor_dyn.rel.c0.s0.tcm1.t1..h1.u1-anompclxlin01/../../src/thirdparty/safeclib/src/str/strncpy_s.c
fn=_strncpy_s_chk
0 11 0 0 0 0 0 1 0 0
117 6 1 1 0 0 0 3 0 0
122 4 0 0 0 0 0 0 0 0
126 2 1 1 0 0 0 0 0 0
127 2 0 0 0 0 0 0 0 0
128 2 0 0 0 0 0 0 0 0
129 2 1 1 0 0 0 0 0 0
134 2 0 0 0 0 0 0 0 0
136 2 0 0 0 0 0 0 0 0
137 1 0 0 0 0 0 0 0 0
148 2 0 0 0 0 0 0 0 0
151 9 0 0 0 0 0 0 0 0
152 28 1 1 0 0 0 0 0 0
160 16 0 0 0 0 0 0 0 0
181 16 0 0 8 0 0 8 1 0
182 18 1 1 0 0 0 0 0 0
184 1 1 1 0 0 0 0 0 0
236 4 1 1 0 0 0 0 0 0
266 5 0 0 3 0 0 0 0 0
fl=/localdisk/promo-build/20250910/tmp/lin_32e-rtl_int_5_nor_dyn.rel.c0.s0.tcm1.t1..h1.u1-anompclxlin01/../../src/thirdparty/safeclib/src/str/strnlen_s.c
fn=_strnlen_s_chk
0 85722 3 1 0 0 0 0 0 0
76 1284 3 1 0 0 0 642 0 0
79 1284 0 0 0 0 0 0 0 0
85 1284 0 0 0 0 0 0 0 0
90 1284 0 0 0 0 0 0 0 0
110 208848 0 0 42540 352 77 0 0 0
115 83796 0 0 0 0 0 0 0 0
123 1284 0 0 1284 0 0 0 0 0
fl=/localdisk/promo-build/20250910/tmp/lin_32e-rtl_int_5_nor_dyn.rel.c0.s0.tcm1.t1..h1.u1-anompclxlin01/../../src/thirdparty/safeclib/src/str/vsnprintf_s.c
fn=_vsnprintf_s_chk
0 30 0 0 0 0 0 0 0 0
1480 42 2 1 0 0 0 30 0 0
1484 24 0 0 0 0 0 0 0 0
1489 12 0 0 0 0 0 0 0 0
1494 12 0 0 0 0 0 0 0 0
1499 6 2 1 0 0 0 0 0 0
1508 30 0 0 0 0 0 6 0 0
1517 12 0 0 0 0 0 12 0 0
1519 42 2 1 0 0 0 6 0 0
1529 12 0 0 0 0 0 0 0 0
1532 18 0 0 0 0 0 0 0 0
1535 6 0 0 0 0 0 0 0 0
1548 36 2 1 30 0 0 0 0 0
fn=safec_ntoa_format(int (*)(char, void*, unsigned long, unsigned long), char const*, char*, unsigned long, unsigned long, char*, unsigned long, bool, unsigned int, unsigned int, unsigned int, unsigned int)
0 72 6 3 18 0 0 6 0 0
216 18 0 0 6 0 0 0 0 0
217 30 0 0 6 0 0 0 0 0
225 42 2 1 0 0 0 0 0 0
226 42 2 1 12 0 0 6 0 0
227 12 0 0 0 0 0 0 0 0
232 6 0 0 0 0 0 0 0 0
248 120 4 2 36 0 0 60 3 0
250 24 0 0 6 0 0 0 0 0
251 12 0 0 0 0 0 0 0 0
255 42 0 0 0 0 0 0 0 0
258 12 2 1 0 0 0 0 0 0
265 12 2 1 0 0 0 0 0 0
287 12 2 1 0 0 0 0 0 0
288 12 0 0 0 0 0 0 0 0
290 12 0 0 0 0 0 0 0 0
292 12 0 0 0 0 0 0 0 0
296 12 0 0 0 0 0 0 0 0
304 72 2 1 54 0 0 0 0 0
fn=safec_vsnprintf_s(int (*)(char, void*, unsigned long, unsigned long), char const*, char*, unsigned long, char const*, __va_list_tag*)
0 508 12 6 36 0 0 66 0 0
197 12 0 0 0 0 0 0 0 0
316 6 0 0 0 0 0 0 0 0
317 8 0 0 0 0 0 0 0 0
321 8 0 0 0 0 0 0 0 0
323 36 0 0 0 0 0 0 0 0
324 12 0 0 0 0 0 6 0 0
325 42 2 1 0 0 0 0 0 0
326 36 2 1 0 0 0 0 0 0
328 12 0 0 0 0 0 0 0 0
331 6 0 0 0 0 0 0 0 0
857 78 2 1 6 0 0 48 0 0
865 1158 2 1 234 0 0 0 0 0
866 456 0 0 0 0 0 0 0 0
869 456 0 0 0 0 0 0 0 0
871 1554 2 1 222 0 0 222 0 0
872 444 0 0 0 0 0 0 0 0
874 222 0 0 0 0 0 0 0 0
886 6 1 1 0 0 0 0 0 0
887 24 0 0 6 0 0 0 0 0
921 18 0 0 0 0 0 0 0 0
923 12 2 1 0 0 0 0 0 0
936 12 0 0 0 0 0 0 0 0
949 42 2 1 6 1 1 0 0 0
998 48 2 1 6 1 1 6 0 0
1009 12 0 0 0 0 0 0 0 0
1017 42 2 1 6 1 1 0 0 0
1025 6 2 1 0 0 0 0 0 0
1028 12 0 0 0 0 0 0 0 0
1033 24 0 0 0 0 0 0 0 0
1038 12 2 1 0 0 0 0 0 0
1043 30 0 0 0 0 0 6 0 0
1045 12 0 0 0 0 0 0 0 0
1053 12 0 0 0 0 0 0 0 0
1061 12 0 0 0 0 0 0 0 0
1062 12 2 1 0 0 0 0 0 0
1063 48 2 1 12 0 0 6 0 0
1066 18 0 0 0 0 0 0 0 0
1412 18 2 1 0 0 0 0 0 0
1413 18 2 1 0 0 0 0 0 0
1420 72 4 2 54 0 0 0 0 0
fl=/localdisk/promo-build/20250910/tmp/lin_32e-rtl_int_5_nor_dyn.rel.c0.s0.tcm1.t1..h1.u1-anompclxlin01/../../src/thirdparty/tbb/dynamic_link.cpp
fn=_GLOBAL__sub_I_omp_dynamic_link.cpp
390 2 0 0 0 0 0 0 0 0
fn=__kmp::dynamic_link(char const*, __kmp::dynamic_link_descriptor const*, unsigned long, void**, int)
0 1 1 1 0 0 0 0 0 0
118 2 1 1 0 0 0 0 0 0
132 3 0 0 0 0 0 1 0 0
133 2 0 0 0 0 0 0 0 0
418 2 0 0 0 0 0 1 0 0
475 4 0 0 0 0 0 1 0 0
484 1 0 0 1 1 1 0 0 0
543 13 1 1 0 0 0 7 0 0
544 1 0 0 0 0 0 1 0 0
547 2 0 0 0 0 0 0 0 0
549 2 1 1 0 0 0 0 0 0
550 4 0 0 0 0 0 1 0 0
552 2 0 0 0 0 0 0 0 0
560 8 0 0 7 2 0 0 0 0
fn=__kmp::dynamic_load(char const*, __kmp::dynamic_link_descriptor const*, unsigned long)
0 4 0 0 0 0 0 0 0 0
364 3 0 0 1 1 1 0 0 0
367 1 0 0 0 0 0 1 1 0
368 1 1 1 0 0 0 0 0 0
369 2 0 0 0 0 0 0 0 0
509 9 1 1 1 0 0 6 0 0
522 3 1 1 0 0 0 1 0 0
526 2 0 0 0 0 0 0 0 0
533 1 0 0 0 0 0 1 0 0
541 10 1 1 8 0 0 0 0 0
fn=__kmp::init_dynamic_link_data()
0 2 0 0 0 0 0 0 0 0
301 3 1 1 0 0 0 1 0 0
302 2 0 0 0 0 0 0 0 0
310 4 0 0 1 0 0 1 0 0
312 5 0 0 0 0 0 0 0 0
318 2 1 1 1 0 0 0 0 0
321 1 0 0 0 0 0 1 1 1
333 2 0 0 0 0 0 0 0 0
339 2 1 1 0 0 0 0 0 0
340 2 0 0 1 0 0 1 0 0
341 1 0 0 0 0 0 1 0 0
382 14 1 1 12 1 0 0 0 0
fl=/localdisk/promo-build/20250910/tmp/lin_32e-rtl_int_5_nor_dyn.rel.c0.s0.tcm1.t1..h1.u1-anompclxlin01/../../src/thirdparty/tbb/machine/linux_intel64.h
fn=__kmp::init_dynamic_link_data()
72 2 0 0 1 0 0 0 0 0
fl=/localdisk/promo-build/20250910/tmp/lin_32e-rtl_int_5_nor_dyn.rel.c0.s0.tcm1.t1..h1.u1-anompclxlin01/../../src/thirdparty/tbb/tbb_machine.h
fn=__kmp::init_dynamic_link_data()
607 18 2 2 2 2 2 10 0 0
613 1 0 0 0 0 0 1 0 0
fl=/localdisk/promo-build/20250910/tmp/lin_32e-rtl_int_5_nor_dyn.rel.c0.s0.tcm1.t1..h1.u1-anompclxlin01/../../src/thirdparty/tbb/tbb_misc.h
fn=__kmp::init_dynamic_link_data()
0 2 0 0 0 0 0 0 0 0
220 4 0 0 0 0 0 0 0 0
221 3 1 1 1 0 0 0 0 0
222 2 0 0 0 0 0 0 0 0
fl=/localdisk/promo-build/20250910/tmp/lin_32e-rtl_int_5_nor_dyn.rel.c0.s0.tcm1.t1..h1.u1-anompclxlin01/../../src/z_Linux_util.cpp
fn=__kmp_affinity_bind_thread
167 95 2 1 0 0 0 57 0 0
168 57 0 0 19 0 0 0 0 0
172 95 2 1 57 0 0 19 0 0
173 57 0 0 38 1 0 19 0 0
174 76 0 0 38 0 0 19 0 0
175 76 0 0 38 1 0 19 0 0
176 152 0 0 114 0 0 0 0 0
fn=__kmp_affinity_determine_capable
0 12 1 1 7 1 0 1 0 0
182 9 1 1 0 0 0 6 0 0
192 4 0 0 1 0 0 0 0 0
193 1 0 0 0 0 0 0 0 0
194 1 0 0 1 0 0 0 0 0
199 4 1 1 1 0 0 1 0 0
203 6 0 0 0 0 0 1 0 0
208 2 0 0 0 0 0 0 0 0
224 1 0 0 0 0 0 0 0 0
fn=__kmp_affinity_insert_numa_nodes(kmp_topology_t*)
0 68 4 2 40 0 0 6 0 0
352 22 1 1 2 0 0 16 0 0
360 52 6 3 0 0 0 6 0 0
364 6 0 0 0 0 0 2 0 0
365 12 2 1 0 0 0 0 0 0
367 6 0 0 0 0 0 2 0 0
369 12 2 1 0 0 0 2 0 0
377 6 0 0 0 0 0 2 0 0
380 8 0 0 0 0 0 2 0 0
383 8 0 0 0 0 0 0 0 0
385 8 0 0 0 0 0 2 0 0
386 8 0 0 0 0 0 2 0 0
390 10 0 0 6 0 0 4 0 0
391 6 2 1 0 0 0 2 0 0
392 4 0 0 0 0 0 2 0 0
393 10 0 0 6 0 0 2 0 0
400 4 0 0 0 0 0 0 0 0
409 2 0 0 0 0 0 0 0 0
413 4 2 1 0 0 0 0 0 0
420 4 0 0 0 0 0 2 0 0
423 50 0 0 0 0 0 0 0 0
424 38 2 1 18 0 0 0 0 0
425 144 0 0 64 0 0 16 0 0
426 16 0 0 0 0 0 16 0 0
431 8 0 0 2 0 0 2 0 0
434 14 0 0 0 0 0 0 0 0
435 10 2 1 2 0 0 0 0 0
436 6 0 0 6 0 0 2 0 0
437 6 0 0 2 0 0 0 0 0
438 4 2 1 0 0 0 2 0 0
439 4 0 0 0 0 0 0 0 0
440 4 0 0 0 0 0 2 0 0
442 24 0 0 18 0 0 0 0 0
fn=__kmp_create_worker
0 1 0 0 0 0 0 0 0 0
927 13 1 1 1 0 0 7 0 0
932 1 0 0 0 0 0 1 0 0
934 1 0 0 0 0 0 1 0 0
956 1 0 0 0 0 0 0 0 0
958 2 1 1 0 0 0 2 0 0
959 3 0 0 0 0 0 1 0 0
960 12 1 1 8 0 0 0 0 0
fn=__kmp_detect_shm
3562 5 1 1 0 0 0 2 0 0
3563 4 0 0 0 0 0 0 0 0
3564 2 0 0 0 0 0 1 0 0
3571 2 0 0 2 0 0 0 0 0
fn=__kmp_gtid_get_specific
2262 5 1 1 1 0 0 1 0 0
2267 4 0 0 1 1 1 1 0 0
2268 4 0 0 0 0 0 0 0 0
2276 1 0 0 1 0 0 0 0 0
fn=__kmp_gtid_set_specific
2250 6 1 1 1 0 0 1 0 0
2252 4 0 0 1 1 0 1 0 0
2253 2 0 0 0 0 0 0 0 0
2254 2 0 0 0 0 0 0 0 0
2258 3 0 0 2 0 0 0 0 0
fn=__kmp_initialize_system_tick
0 4 0 0 1 0 0 0 0 0
2541 4 0 0 0 0 0 2 0 0
2542 5 0 0 2 0 0 0 0 0
2543 2 0 0 2 0 0 0 0 0
2549 7 1 1 0 0 0 4 0 0
2553 4 0 0 0 0 0 1 0 0
2554 23859 1 1 0 0 0 7953 0 0
2558 2 1 1 0 0 0 0 0 0
2559 17 1 1 3 2 2 0 0 0
2560 2 0 0 0 0 0 0 0 0
2561 11 1 1 1 1 1 1 1 1
2562 9 0 0 0 0 0 1 0 0
2565 6 1 1 5 0 0 0 0 0
fn=__kmp_install_one_handler(int, void (*)(int), int)
0 11 1 1 0 0 0 0 0 0
1343 33 0 0 0 0 0 11 1 0
1344 22 0 0 0 0 0 0 0 0
1348 33 1 1 0 0 0 11 0 0
1352 22 0 0 0 0 0 0 0 0
1367 22 1 1 11 0 0 0 0 0
1370 33 1 1 22 0 0 0 0 0
fn=__kmp_install_signals
1391 3 1 1 0 0 0 1 0 0
1393 5 0 0 1 0 0 0 0 0
1396 2 0 0 0 0 0 1 0 0
1397 3 0 0 0 0 0 1 0 0
1398 3 0 0 0 0 0 1 0 0
1399 3 1 1 0 0 0 1 0 0
1400 3 0 0 0 0 0 1 0 0
1401 3 0 0 0 0 0 1 0 0
1402 3 0 0 0 0 0 1 0 0
1403 3 0 0 0 0 0 1 0 0
1404 3 1 1 0 0 0 1 0 0
1406 3 0 0 0 0 0 1 0 0
1408 3 0 0 0 0 0 1 0 0
1410 4 0 0 1 0 0 0 0 0
fn=__kmp_is_file_unsafe_link
0 1 0 0 0 0 0 0 0 0
2878 5 1 1 0 0 0 1 0 0
2882 2 0 0 0 0 0 0 0 0
2885 6 1 1 2 0 0 0 0 0
2889 3 0 0 2 0 0 0 0 0
fn=__kmp_read_csv_list_file(_IO_FILE*, KMPAffinity::Mask*)
0 42 0 0 0 0 0 6 0 0
309 20 2 1 0 0 0 14 0 0
312 6 0 0 4 0 0 2 0 0
316 18 2 1 0 0 0 2 0 0
321 8 0 0 0 0 0 2 0 0
325 4 0 0 0 0 0 0 0 0
326 16 2 1 0 0 0 2 0 0
331 18 0 0 0 0 0 4 0 0
337 70 2 1 20 0 0 0 0 0
338 132 2 1 48 0 0 16 0 0
339 64 0 0 32 0 0 16 0 0
341 8 0 0 0 0 0 0 0 0
348 18 0 0 14 0 0 0 0 0
fn=__kmp_read_system_time
0 2 1 1 1 1 1 0 0 0
2319 5 1 1 0 0 0 1 0 0
2325 2 0 0 0 0 0 1 0 0
2326 2 0 0 0 0 0 0 0 0
2327 2 0 0 2 0 0 0 0 0
2328 3 0 0 1 0 0 0 0 0
2329 2 0 0 1 0 0 1 0 0
2330 3 0 0 2 0 0 0 0 0
fn=__kmp_register_atfork
1849 6 1 1 1 1 0 1 0 0
1851 4 0 0 0 0 0 1 1 0
1853 2 0 0 0 0 0 0 0 0
1855 1 0 0 0 0 0 1 0 0
1857 3 1 1 2 0 0 0 0 0
fn=__kmp_runtime_destroy
2467 6 1 1 1 0 0 2 0 0
2472 1 0 0 0 0 0 1 0 0
2475 3 0 0 1 0 0 1 0 0
2476 2 0 0 0 0 0 0 0 0
2478 2 1 1 0 0 0 1 0 0
2479 2 0 0 0 0 0 0 0 0
2482 2 0 0 0 0 0 1 0 0
2483 2 0 0 0 0 0 0 0 0
2487 1 0 0 0 0 0 1 0 0
2492 4 0 0 1 0 0 0 0 0
2501 2 1 1 0 0 0 0 0 0
2508 1 1 1 0 0 0 1 0 0
2509 4 0 0 3 0 0 0 0 0
fn=__kmp_runtime_initialize
0 10 1 1 0 0 0 2 1 1
2346 3 0 0 0 0 0 1 0 0
2364 3 0 0 0 0 0 0 0 0
2389 5 1 1 1 0 0 1 0 0
2394 3 0 0 1 1 1 0 0 0
2395 2 0 0 0 0 0 1 0 0
2399 3 1 1 0 0 0 1 1 1
2405 2 0 0 0 0 0 1 0 0
2406 2 0 0 0 0 0 0 0 0
2407 3 0 0 1 0 0 1 1 0
2408 1 0 0 0 0 0 1 0 0
2412 4 1 1 0 0 0 1 0 0
2415 3 0 0 0 0 0 1 0 0
2423 1 0 0 0 0 0 0 0 0
2433 2 0 0 0 0 0 1 0 0
2434 3 0 0 0 0 0 0 0 0
2440 2 1 1 0 0 0 1 0 0
2442 3 0 0 0 0 0 1 0 0
2444 2 0 0 0 0 0 0 0 0
2445 1 0 0 0 0 0 1 0 0
2446 2 0 0 0 0 0 0 0 0
2447 3 1 1 0 0 0 1 0 0
2448 2 0 0 0 0 0 0 0 0
2449 1 0 0 0 0 0 1 0 0
2450 2 0 0 0 0 0 0 0 0
2451 1 0 0 0 0 0 1 0 0
2452 2 0 0 0 0 0 0 0 0
2453 3 0 0 0 0 0 1 0 0
2454 2 1 1 0 0 0 0 0 0
2455 1 0 0 0 0 0 1 0 0
2456 2 0 0 0 0 0 0 0 0
2458 1 0 0 0 0 0 1 0 0
2461 1 0 0 0 0 0 1 0 0
2462 3 0 0 2 0 0 0 0 0
fn=__kmp_set_stack_info(int, kmp_info*)
0 1 0 0 0 0 0 1 0 0
610 5 1 1 1 0 0 2 0 0
615 1 0 0 0 0 0 1 1 0
616 1 0 0 0 0 0 1 0 0
621 1 0 0 0 0 0 0 0 0
667 2 1 1 0 0 0 1 0 0
668 2 1 1 0 0 0 1 0 0
671 6 0 0 4 0 0 0 0 0
fn=__kmp_suspend_uninitialize_thread
1894 2 0 0 1 1 1 0 0 0
1911 3 1 1 2 0 0 0 0 0
fl=/usr/include/bits/stdio2.h
fn=MPIU_Selection_tree_load
295 4 0 0 0 0 0 1 0 0
fn=__kmp_str_buf_print
82 444 0 0 0 0 0 148 0 0
fn=__kmp_str_buf_vprint
82 3 0 0 0 0 0 1 0 0
fn=__kmp_str_format
82 132 2 2 0 0 0 33 0 0
fl=/usr/include/bits/string2.h
fn=MPIU_Selection_init
0 2 1 1 0 0 0 1 0 0
fl=/usr/include/bits/string3.h
fn=???
0 255 1 1 0 0 0 0 0 0
51 1174 0 0 0 0 0 255 0 0
84 279 13 6 0 0 0 176 71 71
fn=I_MPI_Get_cpu_info
120 12 0 0 0 0 0 3 0 0
fn=I_MPI_Get_pin_map
104 3 0 0 0 0 0 1 0 0
fn=MPIDI_Coll_selection_get_codename_and_fabric
104 3 1 1 0 0 0 3 0 0
fn=MPIDI_GPU_msg_size_info_free
84 3 1 1 0 0 0 2 0 0
fn=MPIDI_OFI_handle_cq_error
84 6 0 0 0 0 0 5 0 0
fn=MPIDI_OFI_mpi_init_hook
0 2 1 1 0 0 0 0 0 0
fn=MPIDI_OFI_mr_key_allocator_init
84 3 0 0 0 0 0 1 0 0
fn=MPIDU_bc_allgather
0 1 0 0 0 0 0 1 0 0
51 3 0 0 1 0 0 1 0 0
84 4 0 0 0 0 0 2 0 0
fn=MPIDU_bc_table_create
0 1 0 0 1 0 0 0 0 0
84 8 1 1 0 0 0 2 0 0
fn=MPID_Init
0 1 0 0 0 0 0 0 0 0
84 3 1 1 0 0 0 2 1 0
fn=MPID_Progress_idle_timer_init
84 2 0 0 0 0 0 1 1 1
fn=MPII_Comm_init
84 77 8 4 0 0 0 77 11 11
fn=MPIR_Get_contextid_sparse_group
84 12 0 0 0 0 0 3 2 0
fn=MPIR_T_CVAR_REGISTER_impl
0 2439 0 0 1524 3 0 0 0 0
51 6096 0 0 0 0 0 1524 0 0
84 1541 4 2 0 0 0 770 1 1
104 459 0 0 0 0 0 153 0 0
fn=MPIR_T_PVAR_REGISTER_impl
0 6 0 0 2 0 0 0 0 0
51 16 0 0 0 0 0 4 0 0
84 20 1 1 0 0 0 12 2 2
fn=MPIR_T_cat_add_cvar
0 754 0 0 0 0 0 0 0 0
51 760 0 0 0 0 0 760 0 0
fn=MPIR_T_cat_add_desc
0 11 0 0 0 0 0 0 0 0
51 44 0 0 0 0 0 11 0 0
fn=MPIR_T_cat_add_pvar
0 2 0 0 0 0 0 0 0 0
51 2 0 0 0 0 0 2 0 0
fn=MPIR_T_cvar_init
0 20 9 9 4 0 0 0 0 0
51 12 0 0 0 0 0 3 0 0
84 6 0 0 0 0 0 4 2 2
fn=MPIR_T_env_init
84 9 0 0 0 0 0 6 3 3
fn=MPIR_T_pvar_env_init
84 3 0 0 0 0 0 2 1 1
fn=MPIR_get_supported_memory_kinds
0 7 1 1 0 0 0 1 1 1
51 8 0 0 0 0 0 2 0 0
fn=MPIR_pmi_get_keyval_array
0 7 0 0 2 0 0 1 0 0
51 8 1 1 0 0 0 2 0 0
fn=MPIU_check_spelling_env_vars
0 160 0 0 160 0 0 0 0 0
51 320 0 0 0 0 0 80 0 0
fn=MPL_get_env_vars
51 795 1 1 0 0 0 159 0 0
fn=MPL_strjoin
0 2 1 1 1 0 0 0 0 0
104 4 0 0 0 0 0 2 0 0
fn=VPMI_KVS_Get_my_name
0 1 0 0 0 0 0 0 0 0
51 4 0 0 0 0 0 1 0 0
fl=/usr/include/bits/string_fortified.h
fn=___kmp_allocate
74 535 0 0 107 0 0 0 0 0
fn=___kmp_page_allocate
74 5 0 0 1 0 0 0 0 0
fn=__kmp::dynamic_load(char const*, __kmp::dynamic_link_descriptor const*, unsigned long)
0 1 0 0 0 0 0 0 0 0
94 4 0 0 0 0 0 1 0 0
143 4 0 0 0 0 0 1 0 0
fn=__kmp::init_dynamic_link_data()
110 3 1 1 0 0 0 1 0 0
fn=__kmp_initialize_bget
74 8 1 1 0 0 0 2 0 0
fn=__kmp_initialize_fast_memory
74 8 1 1 0 0 0 6 0 0
fn=_vsnprintf_s_chk
0 12 0 0 0 0 0 0 0 0
74 18 0 0 0 0 0 6 0 0
fn=ompt_fini
74 1 0 0 0 0 0 1 0 0
fn=ompt_pre_init
74 2 0 0 0 0 0 1 1 1
fn=rml::internal::BootStrapBlocks::allocate(rml::internal::MemoryPool*, unsigned long)
74 8 0 0 4 0 0 0 0 0
fn=rml::internal::LargeObjectCache::reset()
74 6957 17 17 0 0 0 6954 1466 1459
fn=rml::internal::MemoryPool::destroy()
74 31 3 3 0 0 0 31 0 0
fn=rml::internal::initBackRefMain(rml::internal::Backend*)
74 17 1 1 0 0 0 9 0 0
fn=rml::internal::reallocAligned(rml::internal::MemoryPool*, void*, unsigned long, unsigned long)
34 8 0 0 0 0 0 2 0 0
fl=/usr/include/pthread.h
fn=rml::internal::freeSmallObject(void*)
1156 151 0 0 0 0 0 0 0 0
fl=/usr/include/stdlib.h
fn=???
280 12 1 1 0 0 0 3 0 0
fn=MPIR_Numa_init_HBW_mem_policy
280 8 1 1 0 0 0 2 0 0
fn=VPMI_Get_appnum
0 3 1 1 0 0 0 1 0 0
280 4 0 0 0 0 0 1 0 0
fn=VPMI_Init
0 1 0 0 0 0 0 0 0 0
280 12 2 2 0 0 0 3 0 0
fn=VPMI_KVS_Get
0 1 0 0 0 0 0 0 0 0
280 5 1 1 0 0 0 1 0 0
fl=/usr/include/sys/stat.h
fn=MPIU_Coll_selection_get_tuning_dir
456 3 1 1 0 0 0 1 0 0
fn=MPIU_Selection_init
456 9 1 1 0 0 0 3 0 0
fn=MPIU_Selection_tree_load
0 2 0 0 1 0 0 0 0 0
456 3 0 0 0 0 0 1 0 0
fn=__kmp_is_file_unsafe_link
462 2 0 0 0 0 0 1 0 0
fl=/usr/lib/gcc/x86_64-linux-gnu/11/include/emmintrin.h
fn=__strcspn_sse42
703 58 0 0 29 2 0 0 0 0
fn=__strspn_sse42
703 44 0 0 22 10 1 0 0 0
fl=/usr/lib/gcc/x86_64-linux-gnu/11/include/smmintrin.h
fn=__strcspn_sse42
634 63 19 1 22 0 0 0 0 0
687 70 0 0 0 0 0 0 0 0
711 42 0 0 0 0 0 0 0 0
fn=__strspn_sse42
634 29 0 0 1 0 0 0 0 0
687 12 0 0 12 0 0 0 0 0
fl=/usr/lib/gcc/x86_64-linux-gnu/11/include/tmmintrin.h
fn=__strcspn_sse42
138 58 0 0 29 0 0 0 0 0
fn=__strspn_sse42
138 44 0 0 22 0 0 0 0 0
fl=/usr/lib/gcc/x86_64-redhat-linux/8/../../../../include/c++/8/bits/atomic_base.h
fn=__TBB_mallocProcessShutdownNotification
0 1 0 0 0 0 0 0 0 0
176 2 0 0 2 1 1 0 0 0
193 1 1 1 0 0 0 1 0 0
374 2 0 0 0 0 0 2 2 0
396 5 1 1 1 1 0 3 0 0
514 2 0 0 2 0 0 0 0 0
fn=__kmp_acquire_ticket_lock_timed_template(kmp_ticket_lock*, int)
396 6 0 0 6 0 0 0 0 0
514 6 0 0 12 5 4 0 0 0
fn=__kmp_allocate_team
374 3 0 0 6 0 0 0 0 0
fn=__kmp_deallocate_and_reset_settings
0 1 0 0 0 0 0 0 0 0
374 2 0 0 2 0 0 0 0 0
fn=__kmp_destroy_ticket_lock
374 5 0 0 6 0 0 0 0 0
fn=__kmp_init_implicit_task
374 2 0 0 0 0 0 2 0 0
fn=__kmp_init_ticket_lock
0 6 0 0 0 0 0 0 0 0
374 30 0 0 36 0 0 0 0 0
fn=__kmp_register_root
374 1 0 0 2 0 0 0 0 0
fn=__kmp_release_ticket_lock
374 6 0 0 6 4 0 0 0 0
fn=__kmp_suspend_uninitialize_thread
396 4 1 1 1 0 0 1 0 0
fn=omp_in_parallel@@VERSION
396 1996 0 0 1996 834 11 0 0 0
fn=rml::internal::AllLocalCaches::markUnused()
176 4 0 0 4 1 0 0 0 0
193 2 0 0 0 0 0 2 0 0
374 2 0 0 0 0 0 2 0 0
fn=rml::internal::BackRefIdx::newBackRef(bool)
176 54 5 1 36 0 0 0 0 0
193 35 1 1 0 0 0 18 0 0
374 18 0 0 18 0 0 0 0 0
396 72 0 0 72 9 0 0 0 0
713 38 6 1 38 5 0 0 0 0
fn=rml::internal::Backend::IndexedBins::findBlock(int, rml::internal::BackendSync*, unsigned long, bool, bool, int*)
396 58 0 0 48 6 1 0 0 0
fn=rml::internal::Backend::IndexedBins::getFromBin(int, rml::internal::BackendSync*, unsigned long, bool, bool, bool, int*)
193 9 0 0 0 0 0 9 0 0
396 18 0 0 18 9 0 0 0 0
477 45 10 2 18 0 0 0 0 0
514 9 0 0 18 0 0 0 0 0
534 18 0 0 18 0 0 0 0 0
691 9 0 0 0 0 0 9 0 0
713 63 0 0 36 3 0 0 0 0
fn=rml::internal::Backend::IndexedBins::lockRemoveBlock(int, rml::internal::FreeBlock*)
176 96 1 1 32 2 2 0 0 0
193 16 0 0 0 0 0 16 0 0
534 22 0 0 22 1 1 0 0 0
691 12 0 0 0 0 0 12 0 0
713 64 1 1 32 1 1 0 0 0
fn=rml::internal::Backend::addNewRegion(unsigned long, rml::internal::MemRegionType, bool)
176 12 0 0 12 0 0 0 0 0
193 6 0 0 0 0 0 6 0 0
514 6 0 0 12 0 0 0 0 0
fn=rml::internal::Backend::allocRawMem(unsigned long&)
176 12 0 0 12 0 0 0 0 0
193 6 0 0 0 0 0 6 0 0
374 3 0 0 0 0 0 3 0 0
396 12 0 0 12 0 0 0 0 0
514 6 0 0 12 0 0 0 0 0
fn=rml::internal::Backend::askMemFromOS(unsigned long, long, int*, int, bool*, bool)
0 1 0 0 0 0 0 0 0 0
396 11 3 3 11 0 0 0 0 0
477 3 0 0 1 0 0 0 0 0
524 2 0 0 2 0 0 0 0 0
fn=rml::internal::Backend::coalescAndPutList(rml::internal::FreeBlock*, bool, bool)
0 27 5 2 27 0 0 0 0 0
176 81 7 2 54 17 17 0 0 0
193 27 0 0 0 0 0 27 0 0
374 50 0 0 0 0 0 50 0 0
544 75 7 2 50 1 1 0 0 0
691 25 0 0 0 0 0 25 0 0
713 25 6 2 25 2 2 0 0 0
fn=rml::internal::Backend::destroy()
374 18 3 3 0 0 0 16 2 0
691 1024 0 0 0 0 0 1024 256 247
fn=rml::internal::Backend::doCoalesc(rml::internal::FreeBlock*, rml::internal::MemRegion**)
0 122 13 3 0 0 0 27 0 0
374 59 10 4 0 0 0 59 12 9
396 79 1 1 79 11 1 0 0 0
477 95 1 1 37 0 0 0 0 0
fn=rml::internal::Backend::freeRawMem(void*, unsigned long)
0 1 0 0 0 0 0 0 0 0
176 12 0 0 12 0 0 0 0 0
193 6 0 0 0 0 0 6 0 0
374 2 1 1 0 0 0 2 0 0
396 12 0 0 12 0 0 0 0 0
524 12 0 0 12 2 1 0 0 0
fn=rml::internal::Backend::genericGetBlock(int, unsigned long, bool)
0 44 5 0 0 0 0 11 0 0
176 2 0 0 2 0 0 0 0 0
193 1 0 0 0 0 0 1 0 0
374 2 0 0 4 0 0 0 0 0
396 47 6 2 47 12 0 0 0 0
477 8 0 0 2 0 0 0 0 0
514 11 0 0 22 0 0 0 0 0
524 11 0 0 22 0 0 0 0 0
713 13 0 0 13 5 0 0 0 0
fn=rml::internal::Backend::init(rml::internal::ExtMemoryPool*)
374 1 0 0 0 0 0 1 1 1
fn=rml::internal::Backend::putLargeBlock(rml::internal::LargeMemoryBlock*)
514 6 0 0 12 1 1 0 0 0
524 3 0 0 6 0 0 0 0 0
fn=rml::internal::Backend::putSlabBlock(rml::internal::BlockI*)
514 28 0 0 56 0 0 0 0 0
524 14 0 0 28 0 0 0 0 0
fn=rml::internal::Backend::releaseCachesToLimit()
396 10 0 0 2 0 0 6 0 0
fn=rml::internal::Backend::splitBlock(rml::internal::FreeBlock*, int, unsigned long, bool, bool)
0 8 0 0 0 0 0 0 0 0
374 44 3 0 0 0 0 34 17 17
fn=rml::internal::Backend::startUseBlock(rml::internal::MemRegion*, rml::internal::FreeBlock*, bool)
0 4 0 0 0 0 0 0 0 0
176 20 0 0 8 2 2 0 0 0
193 4 0 0 0 0 0 4 0 0
374 42 2 1 0 0 0 42 11 11
396 4 1 0 4 0 0 0 0 0
477 10 0 0 4 0 0 0 0 0
514 2 1 1 4 0 0 0 0 0
544 8 2 1 16 3 2 0 0 0
691 4 0 0 0 0 0 4 0 0
713 4 2 2 4 0 0 0 0 0
fn=rml::internal::Bin::getPrivatizedFreeListBlock()
713 26 5 1 13 1 0 0 0 0
fn=rml::internal::Block::initEmptyBlock(rml::internal::TLSData*, unsigned long)
374 14 0 0 0 0 0 14 0 0
691 56 15 2 0 0 0 56 2 0
fn=rml::internal::BootStrapBlocks::allocate(rml::internal::MemoryPool*, unsigned long)
176 2 0 0 2 0 0 0 0 0
193 1 1 1 0 0 0 1 0 0
fn=rml::internal::CacheBinFunctor<rml::internal::LargeObjectCacheProps<rml::internal::LargeBinStructureProps<8192ul, 8388608ul>, 2, 2, 16> >::operator()(rml::internal::CacheBinOperation*)
0 63 4 3 39 0 0 3 0 0
374 9 0 0 6 2 2 3 0 0
396 12 1 1 12 0 0 0 0 0
514 12 3 2 12 0 0 0 0 0
534 6 0 0 6 2 2 0 0 0
544 9 0 0 6 3 1 0 0 0
691 3 0 0 6 0 0 0 0 0
713 9 5 3 9 0 0 0 0 0
fn=rml::internal::ExtMemoryPool::softCachesCleanup()
374 2 0 0 0 0 0 2 0 0
396 4 0 0 2 0 0 0 0 0
413 2 0 0 4 0 0 0 0 0
fn=rml::internal::HugePagesStatus::init()
176 2 0 0 2 0 0 0 0 0
193 1 0 0 0 0 0 1 0 0
fn=rml::internal::LargeObjectCache::doCleanup(unsigned long, bool)
374 4 0 0 0 0 0 4 0 0
396 53 1 1 50 5 2 0 0 0
713 3 0 0 3 1 0 0 0 0
fn=rml::internal::LargeObjectCache::get(unsigned long)
0 3 0 0 0 0 0 0 0 0
374 6 0 0 6 0 0 0 0 0
587 9 0 0 0 0 0 3 0 0
fn=rml::internal::LargeObjectCache::putList(rml::internal::LargeMemoryBlock*)
374 6 1 1 6 0 0 0 0 0
587 6 0 0 0 0 0 3 0 0
fn=rml::internal::LargeObjectCache::reset()
374 25 4 4 0 0 0 21 4 1
fn=rml::internal::LargeObjectCacheImpl<rml::internal::LargeObjectCacheProps<rml::internal::LargeBinStructureProps<8192ul, 8388608ul>, 2, 2, 16> >::CacheBin::ExecuteOperation(rml::internal::CacheBinOperation*, rml::internal::ExtMemoryPool*, rml::internal::BitMaskMax<1023u>*, int, bool)
0 6 0 0 0 0 0 0 0 0
374 18 3 2 0 0 0 12 0 0
396 12 3 2 12 0 0 0 0 0
691 6 0 0 0 0 0 6 0 0
713 6 0 0 6 5 5 0 0 0
730 6 0 0 12 0 0 0 0 0
752 18 0 0 6 0 0 0 0 0
fn=rml::internal::MemoryPool::destroy()
176 2 0 0 2 0 0 0 0 0
193 1 1 1 0 0 0 1 0 0
587 31 6 6 0 0 0 31 7 7
fn=rml::internal::MemoryPool::getEmptyBlock(unsigned long)
0 23 5 1 0 0 0 8 0 0
691 28 0 0 0 0 0 28 0 0
730 27 0 0 40 0 0 0 0 0
fn=rml::internal::MemoryPool::getFromLLOCache(rml::internal::TLSData*, unsigned long, unsigned long)
0 2 0 0 0 0 0 0 0 0
374 5 0 0 0 0 0 5 0 0
691 3 0 0 0 0 0 3 0 0
713 5 0 0 5 0 0 0 0 0
730 3 0 0 6 0 0 0 0 0
fn=rml::internal::MemoryPool::getTLS(bool)
170 31 4 4 0 0 0 31 0 0
176 4 0 0 4 1 1 0 0 0
193 3 0 0 0 0 0 2 0 0
374 1 0 0 0 0 0 1 0 0
691 2 1 1 0 0 0 2 0 0
fn=rml::internal::MemoryPool::onThreadShutdown(rml::internal::TLSData*)
176 5 0 0 4 1 0 0 0 0
193 2 0 0 0 0 0 2 0 0
374 1 0 0 0 0 0 1 0 0
691 2 0 0 0 0 0 2 0 0
fn=rml::internal::MemoryPool::putToLLOCache(rml::internal::TLSData*, void*)
0 5 0 0 0 0 0 0 0 0
374 5 0 0 0 0 0 5 0 0
691 5 0 0 0 0 0 5 0 0
730 10 0 0 10 0 0 0 0 0
fn=rml::internal::OrphanedBlocks::get(rml::internal::TLSData*, unsigned int)
713 13 0 0 13 13 7 0 0 0
fn=rml::internal::TLSData::release()
176 2 0 0 2 1 1 0 0 0
193 1 0 0 0 0 0 1 0 0
396 1 0 0 1 0 0 0 0 0
691 39 0 0 0 0 0 39 10 7
730 2 0 0 4 0 0 0 0 0
fn=rml::internal::allocateAligned(rml::internal::MemoryPool*, unsigned long, unsigned long)
396 109 0 0 109 0 0 0 0 0
fn=rml::internal::destroyBackRefMain(rml::internal::Backend*)
713 5 1 1 4 1 0 0 0 0
fn=rml::internal::doInitialization()
0 2 0 0 0 0 0 0 0 0
176 5 0 0 4 0 0 0 0 0
193 2 1 1 0 0 0 2 0 0
374 4 0 0 0 0 0 4 2 0
396 1 1 1 1 0 0 0 0 0
691 2 0 0 0 0 0 2 0 0
fn=rml::internal::freeSmallObject(void*)
374 151 0 0 0 0 0 151 1 1
396 151 0 0 151 0 0 0 0 0
713 320 13 4 320 0 0 0 0 0
fn=rml::internal::getBackRef(rml::internal::BackRefIdx)
396 10 0 0 5 2 1 0 0 0
713 25 4 2 20 6 3 0 0 0
fn=rml::internal::initBackRefMain(rml::internal::Backend*)
374 8 1 1 2 0 0 7 0 0
396 4 0 0 4 0 0 0 0 0
691 6 0 0 0 0 0 6 0 0
713 3 2 2 3 0 0 0 0 0
fn=rml::internal::internalMalloc(unsigned long)
396 45 4 2 45 5 2 0 0 0
713 45 0 0 45 6 2 0 0 0
fn=rml::internal::internalPoolMalloc(rml::internal::MemoryPool*, unsigned long)
0 151 0 0 0 0 0 0 0 0
374 151 0 0 0 0 0 151 2 0
fn=rml::internal::removeBackRef(rml::internal::BackRefIdx)
176 34 0 0 34 2 1 0 0 0
193 17 0 0 0 0 0 17 0 0
374 17 0 0 17 0 0 0 0 0
396 17 0 0 17 0 0 0 0 0
691 17 1 1 0 0 0 17 2 1
713 119 1 1 51 0 0 51 0 0
fn=rml::internal::setBackRef(rml::internal::BackRefIdx, void*)
691 20 0 0 0 0 0 20 9 0
713 40 0 0 20 0 0 0 0 0
fl=???
fn=(below main)
0 12 2 2 2 1 0 3 0 0
fn=???
0 2105567 20902 2980 1330650 70900 1229 14102 389 205
fn=DAXPY
0 60049 1389 29 24009 3176 13 16514 0 0
fn=DCOPY
0 160361 1709 29 64135 12371 13 44099 2067 0
fn=DGEMM
0 185534 2688 91 72718 4447 56 81628 2861 36
fn=DGEMV
0 1560 21 21 590 118 9 624 32 2
fn=DGER
0 83046 2730 48 26008 3076 14 23014 0 0
fn=DSCAL
0 70039 2216 33 28006 6598 14 18011 9 0
fn=DTRSM
0 60034 3659 92 21002 1145 39 26508 66 24
fn=DTRSV
0 864 11 11 266 55 3 327 21 0
fn=HPL_all_reduce
0 150 8 4 24 0 0 36 0 0
fn=HPL_barrier
0 10 0 0 2 0 0 3 0 0
fn=HPL_bcast
0 104 0 0 32 0 0 16 0 0
fn=HPL_binit
0 40 8 6 24 8 0 0 0 0
fn=HPL_broadcast
0 510 8 4 136 0 0 153 0 0
fn=HPL_bwait
0 40 8 6 24 0 0 0 0 0
fn=HPL_daxpy
0 24000 0 0 1500 0 0 7500 0 0
fn=HPL_dcopy
0 40080 61 13 4008 1832 0 16032 0 0
fn=HPL_dgemm
0 97944 923 48 17808 608 11 37100 375 0
fn=HPL_dgemv
0 588 8 8 98 14 1 238 0 0
fn=HPL_dger
0 29000 1379 18 5000 216 0 11000 0 0
fn=HPL_dlamch
0 2 1 1 2 1 1 0 0 0
fn=HPL_dlaswp00N
0 10392829 217 184 4794808 1770399 981930 3497494 0 0
fn=HPL_dlatcpy
0 4697768 2382 53 1288288 590241 0 1269224 132513 8
fn=HPL_dlocmax
0 98000 2500 30 30000 3709 0 24000 602 1
fn=HPL_dlocswpT
0 4064172 17911 300 2007910 78865 0 1648908 983374 49913
fn=HPL_dscal
0 24000 1001 12 2000 0 0 8000 0 0
fn=HPL_dtrsm
0 33000 2609 63 4500 46 0 11000 7 4
fn=HPL_dtrsv
0 360 3 2 32 0 0 96 0 0
fn=HPL_fprintf
0 2543 41 31 249 0 0 1132 2 2
fn=HPL_grid_exit
0 30 1 1 4 1 0 11 0 0
fn=HPL_grid_info
0 100 5 5 50 7 4 40 1 0
fn=HPL_grid_init
0 91 8 7 12 1 0 25 1 1
fn=HPL_idamax
0 22066 491 1 4012 0 0 8024 0 0
fn=HPL_indxg2p
0 24 2 2 3 0 0 0 0 0
fn=HPL_infog2l
0 297 25 19 135 0 0 90 0 0
fn=HPL_jumpit
0 828782 2 2 144136 0 0 216204 0 0
fn=HPL_ladd
0 249412732 4 4 40227860 0 0 16091144 0 0
fn=HPL_lmul
0 579679200 8 8 72459900 0 0 48306600 0 0
fn=HPL_numroc
0 22 1 1 4 0 0 6 0 0
fn=HPL_numrocI
0 140 8 7 40 0 0 0 0 0
fn=HPL_pdfact
0 480 48 34 152 31 6 72 0 0
fn=HPL_pdgesv
0 23 3 3 6 4 4 5 0 0
fn=HPL_pdgesv0
0 697 67 49 204 61 36 136 0 0
fn=HPL_pdinfo
0 1598 126 126 314 7 4 248 13 12
fn=HPL_pdlamch
0 26 3 3 6 1 1 7 0 0
fn=HPL_pdlange
0 25136570 18 18 6008112 1000638 1000264 2007092 271 268
fn=HPL_pdmatgen
0 19986756 42 42 148218 2 2 16096282 1000500 991901
fn=HPL_pdmxswp
0 214000 4349 67 68000 7537 0 48000 2834 193
fn=HPL_pdpanel_disp
0 17 1 0 5 1 0 6 0 0
fn=HPL_pdpanel_free
0 171 17 11 72 24 16 36 0 0
fn=HPL_pdpanel_init
0 1638 120 90 342 8 7 603 11 9
fn=HPL_pdpanel_new
0 43 2 2 12 0 0 15 0 0
fn=HPL_pdpanrlT
0 209000 6947 116 52500 11175 6 36500 863 0
fn=HPL_pdrpancrT
0 137968 4854 86 37972 4743 13 30568 1406 0
fn=HPL_pdtest
0 546 42 42 115 27 19 93 3 2
fn=HPL_pdtrsv
0 1477 39 39 423 79 2 249 14 0
fn=HPL_pdupdateTT
0 6064 104 76 1336 335 35 772 133 111
fn=HPL_ptimer
0 88410 1749 30 35364 17435 69 27786 2312 1
fn=HPL_ptimer_boot
0 95 2 2 3 1 1 68 16 16
fn=HPL_ptimer_combine
0 139 14 8 29 3 2 33 0 0
fn=HPL_ptimer_cputime
0 50520 11 8 20208 4579 12 5052 1751 9
fn=HPL_ptimer_walltime
0 5054 149 8 0 0 0 0 0 0
fn=HPL_rand
0 160080000 2 2 48024000 0 0 16008000 0 0
fn=HPL_reduce
0 510 18 10 136 0 0 136 5 3
fn=HPL_setran
0 176340280 6 6 40128120 4 4 40056040 3 2
fn=HPL_timer_walltime
0 149 16 12 54 7 6 18 0 0
fn=HPL_xjumpm
0 79464 22 22 5704 0 0 22276 0 0
fn=IDAMAX
0 70241 1244 31 28089 3948 25 18063 277 10
fn=Init_MKL_Loader
0 80 9 7 14 0 0 18 1 0
fn=MKLLoadLibrary
0 1428 18 7 197 7 0 213 6 2
fn=MKL_GetModuleHandle
0 470 5 5 62 2 1 67 1 0
fn=MKL_GetPathViaHandle
0 154 9 9 18 1 0 34 2 2
fn=MKL_Intel_CPU_Internal
0 212 8 8 87 14 2 32 0 0
fn=MKL_Intel_CPU_True_Internal
0 48 3 3 17 1 1 11 0 0
fn=MKL_Load_Lib
0 48 6 1 9 3 0 15 1 0
fn=MKL_Load_Lib_Ex
0 36 7 1 8 2 0 10 0 0
fn=MKL_Load_OMP_Lib
0 57 5 4 6 1 0 12 1 0
fn=MKL_Read_ThreadENV_Count_Cores
0 7674 58 57 1298 7 2 647 10 5
fn=_GLOBAL__I_000100
0 10 2 2 1 0 0 2 0 0
fn=_GLOBAL__sub_I__jit_hashtable.cpp
0 219 34 34 1 1 0 214 14 14
fn=_GLOBAL__sub_I_fast_mem_ops.c
0 216 21 21 54 3 2 57 7 2
fn=_GLOBAL__sub_I_ompt_tsan.cpp
0 9 2 2 0 0 0 3 2 0
fn=_Init_MKL_Loader
0 154 19 19 18 0 0 34 0 0
fn=__I_MPI___intel_avx_rep_memcpy
0 55358 91 32 14497 420 59 8823 2977 2927
fn=__I_MPI___intel_avx_rep_memset
0 70224 97 25 1664 56 16 52952 2256 1519
fn=__I_MPI___intel_cpu_features_init_x
0 6 1 1 1 0 0 2 0 0
fn=__I_MPI___libirc_get_feature_bitpos
0 401 1 1 125 0 0 51 0 0
fn=__I_MPI___libirc_libc_close
0 6 0 0 1 0 0 1 0 0
fn=__I_MPI___libirc_libc_getenv_from_proc
0 65130 7 7 10209 0 0 1470 17 0
fn=__I_MPI___libirc_libc_memset
0 2738 1 1 3 0 0 544 0 0
fn=__I_MPI___libirc_libc_open
0 7 0 0 1 0 0 1 0 0
fn=__I_MPI___libirc_libc_read
0 77 0 0 0 0 0 0 0 0
fn=__I_MPI___libirc_libc_strlen
0 58 1 1 20 2 2 1 0 0
fn=__I_MPI___libirc_libc_strncmp
0 2815 0 0 509 0 0 0 0 0
fn=__I_MPI__intel_fast_memcpy
0 14019 5 2 2804 12 2 0 0 0
fn=__I_MPI__intel_fast_memset
0 4089 8 2 818 20 1 0 0 0
fn=__cpu_indicator_init
0 367 34 34 47 4 2 13 0 0
fn=__cxa_guard_acquire
0 228 5 5 52 0 0 52 0 0
fn=__cxa_guard_release
0 88 2 2 16 0 0 28 0 0
fn=__detect_real_cpu
0 65 7 7 16 3 1 13 0 0
fn=__intel_avx_rep_memcpy
0 7724 92 42 2060 86 40 1373 324 193
fn=__intel_avx_rep_memset
0 11432 66 27 562 45 27 4055 1783 1705
fn=__intel_cpu_features_init_body
0 896 88 88 125 0 0 193 3 0
fn=__intel_cpu_features_init_x
0 12 2 2 2 0 0 4 0 0
fn=__intel_get_fast_memcpy_impl
0 37 3 3 4 1 1 4 0 0
fn=__intel_get_fast_memcpy_impl.V
0 4 1 1 2 0 0 0 0 0
fn=__intel_get_fast_memset_impl
0 27 3 3 2 1 1 2 0 0
fn=__intel_get_fast_memset_impl.V
0 4 0 0 2 0 0 0 0 0
fn=__intel_mkl_features_init_body
0 476 47 47 65 0 0 102 0 0
fn=__intel_mkl_features_init_x
0 6 2 2 1 0 0 2 0 0
fn=__kmp_hardware_timestamp
0 39770 1 1 7954 0 0 0 0 0
fn=__libirc_get_feature_bitpos
0 866 4 4 270 1 1 110 0 0
fn=__libirc_init_cache_tbl()
0 789 29 29 120 3 3 186 5 3
fn=__libirc_isa_init_once
0 1984 116 116 8 0 0 788 75 75
fn=__libirc_libc_close
0 12 0 0 2 0 0 2 0 0
fn=__libirc_libc_getenv_from_proc
0 130264 16 16 20418 0 0 2940 5 0
fn=__libirc_libc_memset
0 5476 2 2 6 0 0 1088 7 1
fn=__libirc_libc_open
0 14 0 0 2 0 0 2 0 0
fn=__libirc_libc_read
0 154 0 0 0 0 0 0 0 0
fn=__libirc_libc_strlen
0 116 2 2 40 2 2 2 0 0
fn=__libirc_libc_strncmp
0 5630 0 0 1018 0 0 0 0 0
fn=__libirc_set_cpu_feature
0 1026 2 2 270 0 0 270 0 0
fn=__libmkl_get_feature_bitpos
0 465 1 1 145 0 0 59 0 0
fn=__libmkl_isa_init_once
0 1077 63 63 4 0 0 428 41 41
fn=__libmkl_libc_close
0 6 0 0 1 0 0 1 0 0
fn=__libmkl_libc_getenv_from_proc
0 65132 7 7 10209 0 0 1470 7 0
fn=__libmkl_libc_memset
0 2738 1 1 3 0 0 544 0 0
fn=__libmkl_libc_open
0 7 0 0 1 0 0 1 0 0
fn=__libmkl_libc_read
0 77 0 0 0 0 0 0 0 0
fn=__libmkl_libc_strlen
0 58 0 0 20 1 1 1 0 0
fn=__libmkl_libc_strncmp
0 2815 0 0 509 0 0 0 0 0
fn=__libmkl_set_cpu_feature
0 551 2 2 145 0 0 145 0 0
fn=__mkl_cpu_detect_and_load_dll
0 127 16 15 14 3 1 35 5 1
fn=__nl_cache_ops_lookup
0 694 2 2 180 1 0 90 0 0
fn=__read_enable_instructions_env
0 26 5 5 9 1 0 5 0 0
fn=__real_memcpy_impl_setup
0 30 1 1 6 0 0 10 0 0
fn=__real_memset_impl_setup
0 30 0 0 6 0 0 10 0 0
fn=__trans_list_add
0 320 2 2 60 1 0 120 0 0
fn=__trans_list_clear
0 136 3 3 32 7 7 30 0 0
fn=_intel_fast_memcpy
0 1598 26 7 320 11 3 0 0 0
fn=_intel_fast_memset
0 1258 5 4 252 1 1 0 0 0
fn=_nl_socket_is_local_port_unspecified
0 12 2 1 4 0 0 0 0 0
fn=_nl_socket_set_local_port_no_release
0 28 2 1 6 0 0 8 0 0
fn=_nl_socket_used_ports_release_all
0 470 6 3 72 0 0 6 0 0
fn=blas_initialize_matrix
0 858 82 60 142 15 12 224 7 5
fn=check_load_errors
0 37386 941 21 10385 0 0 6231 93 0
fn=check_strategy
0 45644 710 38 10486 0 0 9728 0 0
fn=coll_fini
0 1 1 1 1 0 0 0 0 0
fn=copy_bitmask_to_bitmask
0 19 1 1 7 0 0 3 0 0
fn=dll_cpu_version
0 12 1 1 4 0 0 0 0 0
fn=efa_device_list_initialize
0 81 3 3 9 1 0 56 2 0
fn=efa_env_define
0 209 16 16 4 2 0 34 0 0
fn=efa_env_initialize
0 5 1 1 0 0 0 1 0 0
fn=efa_env_param_get
0 193 14 14 18 6 2 44 0 0
fn=efa_fork_support_request_initialize
0 24 3 3 5 2 0 6 1 0
fn=efa_win_lib_initialize
0 2 1 0 1 0 0 0 0 0
fn=fi_coll_ini
0 2 1 1 1 0 0 0 0 0
fn=fi_dupinfo@@FABRIC_1.8
0 17751 202 19 7484 152 26 7772 308 0
fn=fi_dupinfo@FABRIC_1.3
0 446 28 14 177 11 0 201 0 0
fn=fi_fabric@@FABRIC_1.1
0 90 8 8 22 1 0 16 0 0
fn=fi_fd_nonblock
0 51 2 2 6 0 0 9 0 0
fn=fi_fini
0 351 4 4 135 27 18 116 0 0
fn=fi_free_param
0 1958 1 1 712 4 0 712 0 0
fn=fi_freeinfo@@FABRIC_1.8
0 6042 53 9 2440 285 14 1583 0 0
fn=fi_freeinfo@FABRIC_1.0
0 2 2 1 0 0 0 0 0 0
fn=fi_freeinfo@FABRIC_1.3
0 4 3 2 0 0 0 0 0 0
fn=fi_getinfo@@FABRIC_1.8
0 5570 159 32 1815 448 0 558 7 0
fn=fi_getinfo@FABRIC_1.3
0 67 7 2 13 2 0 16 0 0
fn=fi_hook_noop_ini
0 2 1 1 1 0 0 0 0 0
fn=fi_ini
0 455 22 18 71 11 1 126 3 0
fn=fi_log_enabled@@FABRIC_1.0
0 1404 16 2 1053 73 6 0 0 0
fn=fi_log_fini
0 2 0 0 0 0 0 0 0 0
fn=fi_log_init
0 192 7 7 28 2 0 30 1 0
fn=fi_param_define@@FABRIC_1.0
0 48770 122 10 17499 150 44 8027 6 0
fn=fi_param_fini
0 842 3 3 336 1 0 250 36 13
fn=fi_param_get@@FABRIC_1.0
0 74996 147 8 27981 4555 0 3033 3 0
fn=fi_param_init
0 16 2 2 0 0 0 4 1 0
fn=fi_param_undefine
0 8275 2 2 2740 1310 251 315 78 30
fn=fi_prov_ini
0 1129 104 103 87 24 6 247 10 4
fn=fi_version@@FABRIC_1.0
0 12 6 1 6 0 0 0 0 0
fn=fid_list_insert2
0 29 2 2 7 1 0 7 0 0
fn=fid_list_remove2
0 53 3 3 20 2 2 15 0 0
fn=fid_list_search
0 26 3 3 7 0 0 8 0 0
fn=getPointer_buffer
0 1373148 751 19 392328 0 0 0 0 0
fn=getPointer_notrans
0 391932 15 11 261288 0 0 0 0 0
fn=getPointer_trans
0 3102 363 7 2068 0 0 0 0 0
fn=get_env_str_value
0 36 6 3 10 0 0 14 0 0
fn=get_mempolicy
0 11 1 1 1 0 0 1 0 0
fn=get_mkl_cbwr_from_env
0 26 3 3 8 0 0 7 0 0
fn=get_tls
0 19978 647 26 9983 1002 11 3997 0 0
fn=ibv_free_device_list
0 26 4 2 8 0 0 6 0 0
fn=ibv_get_device_list
0 207 28 17 41 3 1 49 1 0
fn=ibv_get_sysfs_path
0 20 2 2 3 1 1 5 0 0
fn=lib_filter
0 218 2 2 130 0 0 22 0 0
fn=load_conf
0 20 3 3 5 0 0 7 1 0
fn=main
0 323 35 32 66 11 3 67 2 0
fn=memcpy_forward
0 426 4 4 72 0 0 66 0 0
fn=mkl__blas_clean_jit_hashtable
0 57369 6 6 16389 1028 768 4103 0 0
fn=mkl_blas_avx2_d_generic_fullacopybcopy
0 3346418 11846 316 1036790 13613 73 1065205 9672 106
fn=mkl_blas_avx2_dgemm_copyan
0 520048 370 11 162515 0 0 130012 0 0
fn=mkl_blas_avx2_dgemm_copybn
0 640 14 10 200 0 0 160 0 0
fn=mkl_blas_avx2_dgemm_copybt
0 5808 726 12 1815 0 0 1452 0 0
fn=mkl_blas_avx2_dgemm_dcopy_down12_ea
0 5530446 7554 350 1348747 701622 197278 1186232 224848 200524
fn=mkl_blas_avx2_dgemm_dcopy_down4_ea
0 112499 3161 60 36035 31295 0 34220 16843 11160
fn=mkl_blas_avx2_dgemm_dcopy_right12_ea
0 326844 245 218 60774 30576 21623 60004 30002 23930
fn=mkl_blas_avx2_dgemm_dcopy_right4_ea
0 2160165 210 176 455334 227232 160336 453884 226942 31623
fn=mkl_blas_avx2_dgemm_free_bufs
0 3080 0 0 1155 8 0 1155 0 0
fn=mkl_blas_avx2_dgemm_get_bufs
0 18095 2420 69 3465 385 10 2695 15 4
fn=mkl_blas_avx2_dgemm_initialize_buffers
0 44653 4566 134 5550 1110 16 11840 1308 24
fn=mkl_blas_avx2_dgemm_initialize_kernel_info
0 107248 3246 145 31497 5272 119 35985 1332 18
fn=mkl_blas_avx2_dgemm_initialize_strategy
0 14980 508 11 2996 833 10 5992 644 5
fn=mkl_blas_avx2_dgemm_ker0
0 780864 725 17 227752 1865 0 130144 0 0
fn=mkl_blas_avx2_dgemm_kernel_0
0 1087288918 12245 551 343318481 38550170 1579177 3070792 608 0
fn=mkl_blas_avx2_dgemm_kernel_nocopy_NT_b1
0 65318242 7173 550 20044489 4058891 83781 766365 423 30
fn=mkl_blas_avx2_dtrsm_copya_a4
0 194036 5610 90 66246 9583 6 61604 7962 1648
fn=mkl_blas_avx2_dtrsm_ker_ruu_a4_b4
0 38134 2713 63 12256 373 0 6832 536 12
fn=mkl_blas_avx2_dtrsm_ker_ruu_a4_b8
0 1378968 4097 111 520124 17192 0 63020 4161 372
fn=mkl_blas_avx2_dtrsm_kernel_left_lower
0 3740 14 12 1309 174 0 935 0 0
fn=mkl_blas_avx2_dtrsm_kernel_ll_0
0 110906637 623 614 35773709 3007447 132251 876701 181195 26334
fn=mkl_blas_avx2_dtrsm_kernel_right_upper
0 160 16 14 56 8 0 40 0 0
fn=mkl_blas_avx2_dtrsm_kernel_ru_0
0 3922540 384 321 1205864 112585 3970 62808 10292 7542
fn=mkl_blas_avx2_dtrsm_right
0 80828 6517 102 27588 541 5 22748 470 5
fn=mkl_blas_avx2_dtrsm_right_ker
0 52838 5849 81 17228 1979 26 9690 674 0
fn=mkl_blas_avx2_dtrsm_scale_left_unit
0 19768 56 48 2002 63 0 3178 0 0
fn=mkl_blas_avx2_dtrsm_scale_right_unit
0 13270 88 73 1838 24 7 1120 434 0
fn=mkl_blas_avx2_dtrsv_unn
0 174351 12 12 61891 5022 3841 14161 7 0
fn=mkl_blas_avx2_dtrsv_utu
0 9275 13 13 2796 484 0 441 0 0
fn=mkl_blas_avx2_dtrxm_copy_left_lower
0 14658 84 77 3227 434 0 2618 0 0
fn=mkl_blas_avx2_dtrxm_copy_right_upper
0 8892 72 59 1128 16 0 1104 0 0
fn=mkl_blas_avx2_dtrxm_initialize_buffers
0 2013 218 154 210 46 13 465 51 24
fn=mkl_blas_avx2_get_kernel_api_version
0 5946 18 11 1982 0 0 0 0 0
fn=mkl_blas_avx2_xdaxpy
0 3151362 3883 60 3769000 404060 2982 753000 0 0
fn=mkl_blas_avx2_xdcopy
0 4575623 6501 104 1052612 991616 103342 1036580 113170 643
fn=mkl_blas_avx2_xdgemm
0 346985 13437 381 89498 934 10 110468 5394 5
fn=mkl_blas_avx2_xdgemm_nocopy_driver
0 59529 3892 115 17285 1295 5 9369 1390 5
fn=mkl_blas_avx2_xdgemv
0 7119 23 22 2388 268 3 1275 90 2
fn=mkl_blas_avx2_xdgemv_n
0 2962227 32 32 6368805 903459 727594 375078 38 4
fn=mkl_blas_avx2_xdgemv_t
0 12416 18 18 20452 2328 0 350 0 0
fn=mkl_blas_avx2_xdger
0 90500 3031 42 31500 920 0 16000 2737 18
fn=mkl_blas_avx2_xdscal
0 1345877 4539 62 513495 211930 18 503999 0 0
fn=mkl_blas_avx2_xdtrsm
0 32557 2867 193 11739 52 29 9424 42 30
fn=mkl_blas_avx2_xdtrsm_left_lower_fullacopybcopy
0 19836 245 245 6066 1614 0 6282 785 23
fn=mkl_blas_avx2_xdtrsm_right_upper_fullacopybcopy
0 1568 168 147 440 65 0 400 17 0
fn=mkl_blas_avx2_xdtrsm_v1
0 87604 9407 140 16456 47 0 26136 23 0
fn=mkl_blas_avx2_xdtrsv
0 4052 23 23 1061 134 1 878 7 0
fn=mkl_blas_avx2_xidamax
0 83370 1630 32 29775 0 0 25805 1902 9
fn=mkl_blas_avx2_xidamax_nonan
0 4193226 3556 58 527275 56685 1504 0 0 0
fn=mkl_blas_daxpy
0 60032 2500 33 19506 1376 0 12009 2471 0
fn=mkl_blas_dcopy
0 140306 2024 32 48101 5551 0 32071 3875 0
fn=mkl_blas_dgemm
0 168692 5536 187 54910 1527 15 56374 1953 5
fn=mkl_blas_dgemv
0 4458 12 11 1419 147 3 1368 0 0
fn=mkl_blas_dger
0 106532 7286 97 31506 1694 6 21009 3377 0
fn=mkl_blas_dscal
0 66020 2758 41 22004 1785 6 14006 4738 0
fn=mkl_blas_dtrsm
0 103070 11301 253 25999 1567 32 23992 1411 19
fn=mkl_blas_dtrsv
0 126 3 1 45 9 0 63 0 0
fn=mkl_blas_errchk_dgemm
0 174112 1141 101 43036 0 0 28196 707 5
fn=mkl_blas_errchk_dgemv
0 994 10 10 252 0 0 168 2 2
fn=mkl_blas_errchk_dger
0 32000 1476 18 12000 0 0 2000 0 0
fn=mkl_blas_errchk_dtrsm
0 69500 5000 107 12500 0 0 11000 16 8
fn=mkl_blas_errchk_dtrsv
0 832 8 8 128 0 0 128 0 0
fn=mkl_blas_get_kernel_api_version
0 15872 510 13 3965 822 12 1986 1 0
fn=mkl_blas_idamax
0 82838 2373 44 22316 1966 10 12020 2358 12
fn=mkl_blas_xdaxpy
0 28527 977 14 10501 1122 1 10504 0 0
fn=mkl_blas_xdcopy
0 60145 1005 17 24049 2270 8 20044 0 0
fn=mkl_blas_xdgemm
0 28204 105 14 10382 828 11 10385 0 0
fn=mkl_blas_xdgemv
0 1452 4 4 526 54 2 529 0 0
fn=mkl_blas_xdger
0 19027 995 14 7001 963 8 7004 876 0
fn=mkl_blas_xdscal
0 30008 502 8 9996 1836 8 9999 0 0
fn=mkl_blas_xdtrsm
0 9508 106 12 3494 500 12 3497 0 0
fn=mkl_blas_xdtrsv
0 198 5 5 64 10 1 67 0 0
fn=mkl_blas_xidamax
0 21856 500 9 7941 1822 11 5959 0 0
fn=mkl_core_fini
0 8 1 1 1 0 0 3 0 0
fn=mkl_determine_interface_layer
0 32 3 3 11 1 0 9 0 0
fn=mkl_sdl_load_function
0 137 9 6 34 0 0 23 0 0
fn=mkl_sdl_load_libraries
0 67 9 8 10 4 4 16 4 1
fn=mkl_sdl_lock
0 66 4 3 22 7 2 0 0 0
fn=mkl_sdl_unlock
0 33 1 1 11 0 0 11 0 0
fn=mkl_serv_allocate
0 86912 3283 86 13140 1606 16 13047 907 18
fn=mkl_serv_call_sycl_destructors
0 4 1 1 2 0 0 0 0 0
fn=mkl_serv_cbwr_get
0 60115 26 18 21859 874 9 5467 0 0
fn=mkl_serv_cbwr_get_nolock
0 14 1 1 4 0 0 1 0 0
fn=mkl_serv_check_ptr_and_warn
0 8704 603 17 1740 532 11 5 0 0
fn=mkl_serv_core_cleanup
0 42 3 3 11 2 1 8 0 0
fn=mkl_serv_core_register_cleanup
0 75 6 6 12 0 0 24 0 0
fn=mkl_serv_core_reset_sycl_destructors
0 5 2 2 1 0 0 3 2 2
fn=mkl_serv_cpu_detect
0 37206 885 24 16536 1847 22 12402 739 6
fn=mkl_serv_deallocate
0 44960 351 42 9861 1019 15 11297 361 1
fn=mkl_serv_domain_get_max_threads
0 147704 576 62 27944 856 17 11976 0 0
fn=mkl_serv_enable_instructions
0 25 4 4 6 0 0 5 0 0
fn=mkl_serv_free
0 120 4 4 30 0 0 21 0 0
fn=mkl_serv_free_buffers
0 7928 9 9 1098 1038 1034 1090 1026 0
fn=mkl_serv_get_cpu
0 42 2 2 14 0 0 0 0 0
fn=mkl_serv_get_cpu_true
0 6 1 0 2 0 0 0 0 0
fn=mkl_serv_get_fast_mm_status
0 20856 16 13 10428 880 10 1738 0 0
fn=mkl_serv_get_num_stripes
0 7418 115 22 4449 802 5 2 0 0
fn=mkl_serv_getenv
0 386 8 3 84 4 1 99 1 1
fn=mkl_serv_iface_verbose_mode
0 109 12 7 19 7 3 13 0 0
fn=mkl_serv_ignore_handler_s
0 2 0 0 1 0 0 0 0 0
fn=mkl_serv_invoke_safe_str_constraint_handler
0 4 1 1 1 1 1 0 0 0
fn=mkl_serv_libc_is_static
0 85 10 2 25 5 1 10 0 0
fn=mkl_serv_load_dll
0 180 13 5 73 14 1 63 1 0
fn=mkl_serv_load_fun
0 100 3 1 30 0 0 20 0 0
fn=mkl_serv_load_thread_fun
0 157 11 7 33 7 2 37 1 0
fn=mkl_serv_lock
0 264 5 3 66 0 0 88 0 0
fn=mkl_serv_lsame
0 308044 737 24 42006 850 12 0 0 0
fn=mkl_serv_malloc
0 187 5 5 35 2 0 32 0 0
fn=mkl_serv_mpi_get_ppn
0 42 6 6 7 0 0 8 0 0
fn=mkl_serv_set_xerbla_interface
0 12033 500 10 6013 1749 10 3 0 0
fn=mkl_serv_strncat_s
0 6428 63 22 1077 7 5 296 0 0
fn=mkl_serv_strncpy_s
0 6332 43 10 563 10 0 565 5 2
fn=mkl_serv_strnlen_s
0 82684 26 15 26132 16 9 13268 3 0
fn=mkl_serv_thr_cleanup
0 22 1 1 5 1 1 4 0 0
fn=mkl_serv_thr_register_cleanup
0 25 2 2 4 0 0 8 0 0
fn=mkl_serv_trylock
0 198 6 3 66 12 11 0 0 0
fn=mkl_serv_unlock
0 66 1 0 22 0 0 22 3 0
fn=mkl_serv_verbose_mode
0 64 5 4 19 5 1 4 0 0
fn=mkl_set_xerbla_interface
0 21056 1010 17 3008 1771 13 5 0 0
fn=mkl_thr_fini
0 3 1 1 0 0 0 0 0 0
fn=mkl_tls_destroy
0 18 2 2 6 3 2 3 0 0
fn=mlx_cleanup
0 4 2 2 2 1 1 0 0 0
fn=mlx_getinfo
0 436 16 8 24 2 0 310 12 1
fn=mm_account_ptr_by_tid
0 78534 1826 44 17448 1786 22 10487 1270 23
fn=mm_change_statistics
0 9 5 3 6 0 0 0 0 0
fn=mm_free_all_banks
0 103 8 8 31 4 3 30 2 1
fn=mm_get_tinfo
0 34917 945 40 13958 854 10 5242 0 0
fn=mm_init
0 26248 652 31 12232 1244 25 5251 136 5
fn=mm_internal_free
0 112 4 4 32 7 6 24 0 0
fn=mm_internal_malloc
0 296 20 12 80 3 1 88 5 2
fn=mm_set_tinfo
0 24 4 4 9 0 0 4 0 0
fn=mpirinitf_
0 23 3 3 7 3 0 6 0 0
fn=nl_cache_mngt_register
0 476 4 4 148 35 0 120 0 0
fn=nl_cache_mngt_unregister
0 504 5 5 144 26 26 108 0 0
fn=nl_cb_alloc
0 252 6 3 8 0 0 34 1 0
fn=nl_cb_err
0 54 2 1 8 2 0 12 0 0
fn=nl_cb_get
0 8 0 0 4 0 0 0 0 0
fn=nl_cb_put
0 28 2 1 6 0 0 0 0 0
fn=nl_cb_set
0 352 2 1 46 12 1 48 0 0
fn=nl_complete_msg
0 76 6 3 22 0 0 20 0 0
fn=nl_connect
0 212 18 9 38 0 0 74 0 0
fn=nl_recv
0 215 24 12 50 0 0 48 0 0
fn=nl_recvmsgs
0 16 4 2 2 0 0 2 0 0
fn=nl_recvmsgs_default
0 6 2 1 2 0 0 0 0 0
fn=nl_recvmsgs_report
0 308 42 21 86 0 0 72 0 0
fn=nl_send
0 58 6 3 20 0 0 16 0 0
fn=nl_send_auto
0 26 0 0 4 0 0 6 0 0
fn=nl_send_iovec
0 76 6 3 14 0 0 26 0 0
fn=nl_send_simple
0 64 6 3 10 0 0 14 0 0
fn=nl_sendmsg
0 74 8 4 22 0 0 12 0 0
fn=nl_socket_alloc
0 38 4 2 8 2 0 10 0 0
fn=nl_socket_disable_auto_ack
0 6 2 1 4 0 0 0 0 0
fn=nl_socket_disable_msg_peek
0 12 2 1 4 0 0 2 0 0
fn=nl_socket_free
0 38 4 2 10 0 0 8 0 0
fn=nl_socket_get_local_port
0 10 0 0 4 0 0 0 0 0
fn=nl_socket_modify_cb
0 6 2 1 2 0 0 0 0 0
fn=nl_socket_modify_err_cb
0 12 2 1 4 0 0 0 0 0
fn=nl_socket_set_buffer_size
0 84 6 3 16 0 0 20 0 0
fn=nl_syserr2nlerr
0 12 2 2 2 1 1 0 0 0
fn=nlmsg_alloc
0 6 2 1 2 2 0 0 0 0
fn=nlmsg_alloc_simple
0 58 4 2 18 0 0 16 0 0
fn=nlmsg_convert
0 42 2 1 12 0 0 8 0 0
fn=nlmsg_free
0 132 10 5 44 0 0 28 0 0
fn=nlmsg_get_creds
0 12 2 1 4 0 0 0 0 0
fn=nlmsg_get_dst
0 6 2 1 2 0 0 0 0 0
fn=nlmsg_hdr
0 18 2 1 12 0 0 0 0 0
fn=nlmsg_inherit
0 38 2 1 14 0 0 12 0 0
fn=nlmsg_next
0 16 2 1 6 0 0 0 0 0
fn=nlmsg_ok
0 32 2 1 6 0 0 0 0 0
fn=nlmsg_set_proto
0 6 2 1 2 0 0 2 0 0
fn=nlmsg_set_src
0 24 2 1 12 0 0 8 0 0
fn=nlmsg_size
0 12 2 1 4 0 0 0 0 0
fn=nlmsg_total_size
0 28 0 0 4 0 0 4 0 0
fn=numa_allocate_cpumask
0 24 1 1 0 0 0 4 0 0
fn=numa_allocate_nodemask
0 36 2 1 0 0 0 6 0 0
fn=numa_bitmask_alloc
0 300 4 2 36 0 0 72 0 0
fn=numa_bitmask_clearall
0 649 1 1 131 0 0 0 0 0
fn=numa_bitmask_free
0 120 4 3 24 4 3 24 0 0
fn=numa_bitmask_isbitset
0 26 2 1 8 0 0 0 0 0
fn=numa_bitmask_nbytes
0 6 1 1 2 0 0 0 0 0
fn=numa_bitmask_setbit
0 132 1 1 44 0 0 0 0 0
fn=numa_bitmask_weight
0 11988 1 1 1094 0 0 0 0 0
fn=numa_max_node
0 6 1 1 4 0 0 0 0 0
fn=numa_node_of_cpu
0 38 3 3 5 0 0 10 0 0
fn=numa_node_size64
0 2645 9 9 505 0 0 200 0 0
fn=numa_node_to_cpus
0 100 9 9 21 0 0 25 0 0
fn=numa_num_configured_nodes
0 23 1 1 6 0 0 3 0 0
fn=numa_num_possible_cpus
0 15 2 1 10 0 0 0 0 0
fn=numa_num_possible_nodes
0 24 2 2 16 0 0 0 0 0
fn=numa_parse_bitmap
0 77 7 7 18 0 0 12 0 0
fn=ofi_addr_cmp
0 472 18 3 120 0 0 96 0 0
fn=ofi_alloc_prov
0 500 2 1 75 0 0 125 0 0
fn=ofi_allocinfo_internal
0 1820 22 4 210 0 0 560 0 0
fn=ofi_alter_info
0 2900 105 28 780 2 0 551 0 0
fn=ofi_apply_filter
0 240 11 2 90 9 0 30 0 0
fn=ofi_array_destroy
0 12308 1 1 2054 0 0 4 0 0
fn=ofi_array_iter
0 16428 3 3 2062 256 256 12 0 0
fn=ofi_av_addr_context
0 11 1 1 8 1 0 0 0 0
fn=ofi_av_close
0 33 3 3 12 2 2 9 0 0
fn=ofi_av_close_lightweight
0 22 2 2 9 0 0 6 0 0
fn=ofi_av_init
0 72 6 6 16 0 0 26 0 0
fn=ofi_av_init_lightweight
0 69 8 8 17 0 0 14 0 0
fn=ofi_av_insert_addr
0 521 30 30 73 4 2 114 8 1
fn=ofi_bufpool_create_attr
0 248 5 5 68 2 0 76 0 0
fn=ofi_bufpool_destroy
0 92 2 2 32 8 8 22 0 0
fn=ofi_bufpool_grow
0 25375 16 12 7756 11 5 5569 1536 973
fn=ofi_bufpool_region_free
0 15 1 1 9 5 5 0 0 0
fn=ofi_cap_mr_mode
0 70 6 3 10 0 0 10 0 0
fn=ofi_check_bind_cq_flags
0 28 3 3 10 1 0 4 0 0
fn=ofi_check_cq_attr
0 23 4 4 7 0 0 3 0 0
fn=ofi_check_domain_attr
0 1245 82 26 429 35 6 91 2 0
fn=ofi_check_ep_attr
0 921 78 23 331 12 3 100 0 0
fn=ofi_check_ep_type
0 1320 23 8 352 27 3 253 3 0
fn=ofi_check_fabric_attr
0 367 20 5 155 9 0 70 0 0
fn=ofi_check_info
0 2022 77 26 589 59 1 341 3 0
fn=ofi_check_mr_mode
0 420 30 9 101 0 0 88 4 0
fn=ofi_check_rx_attr
0 535 34 12 214 16 3 66 0 0
fn=ofi_check_tx_attr
0 507 36 11 213 12 1 57 0 0
fn=ofi_cleanup_prov
0 396 4 3 79 10 10 71 0 0
fn=ofi_compare_addr_entry
0 792 12 2 336 0 0 0 0 0
fn=ofi_cpu_supports
0 132 3 3 18 0 0 30 0 0
fn=ofi_cq_cleanup
0 28 3 3 10 0 0 5 0 0
fn=ofi_cq_init
0 155 18 18 27 6 2 42 3 0
fn=ofi_cq_read
0 4 1 1 2 0 0 0 0 0
fn=ofi_cq_readerr
0 81 10 10 31 2 2 15 0 0
fn=ofi_cq_readfrom
0 61 7 7 19 0 0 12 0 0
fn=ofi_cq_write_error
0 22 2 2 7 2 2 6 0 0
fn=ofi_create_filter
0 45 3 2 12 0 0 15 1 1
fn=ofi_domain_close
0 36 3 3 15 2 2 9 0 0
fn=ofi_domain_init
0 82 6 6 28 0 0 30 0 0
fn=ofi_dump_sysconfig
0 18 1 1 7 0 0 5 0 0
fn=ofi_dup_addr
0 980 12 3 280 0 0 252 0 0
fn=ofi_dynpoll_add_epoll
0 32 2 2 6 0 0 8 0 0
fn=ofi_dynpoll_close
0 5 1 1 2 0 0 0 0 0
fn=ofi_dynpoll_create
0 24 3 3 2 0 0 9 0 0
fn=ofi_dynpoll_del_epoll
0 12 1 1 2 0 0 1 0 0
fn=ofi_dynpoll_wait_epoll
0 7 1 1 2 1 1 1 0 0
fn=ofi_endpoint_close
0 91 6 6 33 4 4 10 0 0
fn=ofi_endpoint_init
0 78 7 7 24 3 0 28 0 0
fn=ofi_ep_bind
0 47 3 3 12 0 0 8 0 0
fn=ofi_ep_bind_av
0 34 3 3 14 1 0 12 0 0
fn=ofi_ep_bind_cq
0 37 4 4 9 1 0 8 0 0
fn=ofi_ep_bind_valid
0 45 3 3 12 1 0 8 0 0
fn=ofi_ep_fid_bind
0 2 1 1 0 0 0 0 0 0
fn=ofi_fabric_close
0 17 1 1 5 0 0 5 0 0
fn=ofi_fabric_init
0 37 2 2 7 0 0 16 0 0
fn=ofi_fabric_insert
0 20 1 1 5 1 0 7 0 0
fn=ofi_fabric_remove
0 17 2 2 5 0 0 5 1 1
fn=ofi_free_filter
0 4 2 2 2 0 0 0 0 0
fn=ofi_free_list_of_addr
0 512 16 1 184 0 0 128 0 0
fn=ofi_free_node
0 6 1 1 1 0 0 1 0 0
fn=ofi_free_string_array
0 72 9 2 11 0 0 11 0 0
fn=ofi_genlock_destroy
0 64 1 1 10 2 2 0 0 0
fn=ofi_genlock_init
0 146 4 4 16 0 0 48 0 0
fn=ofi_get_caps
0 1952 22 7 119 0 0 0 0 0
fn=ofi_get_core_info
0 300 24 6 82 11 0 84 6 0
fn=ofi_get_hugepage_size
0 4308 23 23 336 0 0 648 0 0
fn=ofi_get_list_of_addr
0 5848 175 28 872 31 0 1272 0 0
fn=ofi_get_mem_size
0 152 12 12 12 0 0 28 0 0
fn=ofi_getifaddrs
0 128 8 2 32 1 0 32 0 0
fn=ofi_getinfo_filter
0 215 18 2 94 4 0 50 0 0
fn=ofi_getprov
0 1382 20 1 311 39 0 206 0 0
fn=ofi_hmem_cleanup
0 224 10 10 45 25 25 21 0 0
fn=ofi_hmem_cleanup_noop
0 10 5 5 5 0 0 0 0 0
fn=ofi_hmem_init
0 738 39 39 132 8 0 130 0 0
fn=ofi_hmem_init_noop
0 12 6 6 6 0 0 0 0 0
fn=ofi_hmem_is_initialized
0 42 2 2 18 6 6 0 0 0
fn=ofi_hmem_set_iface_filter
0 366 32 32 36 0 0 120 0 0
fn=ofi_ifaddr_get_speed
0 2320 26 3 360 0 0 760 0 0
fn=ofi_import_monitor_cleanup
0 3 3 3 0 0 0 0 0 0
fn=ofi_import_monitor_init
0 4 4 4 0 0 0 0 0 0
fn=ofi_ini_dir
0 298 24 5 81 21 0 55 0 0
fn=ofi_insert_prov
0 3751 9 5 824 2 0 549 0 0
fn=ofi_ip_av_insert
0 84 4 4 15 0 0 18 0 0
fn=ofi_ip_av_insertv
0 126 11 11 31 2 0 31 0 0
fn=ofi_ip_av_straddr
0 6 1 1 0 0 0 0 0 0
fn=ofi_ip_getinfo
0 3711 104 14 762 23 0 821 12 0
fn=ofi_is_wildcard_listen_addr
0 168 27 9 39 0 0 21 2 0
fn=ofi_layering_ok
0 1850 29 5 446 0 0 340 0 0
fn=ofi_log_enabled
0 6318 52 4 702 30 1 0 0 0
fn=ofi_mask_addr
0 6992 33 7 1784 0 0 280 0 0
fn=ofi_match_addr_format
0 162 5 1 33 0 0 0 0 0
fn=ofi_max_tag
0 1206 1 1 6 0 0 0 0 0
fn=ofi_mem_fini
0 8 4 4 4 4 4 0 0 0
fn=ofi_mem_init
0 924 48 48 184 2 0 176 6 2
fn=ofi_monitor_cleanup
0 33 3 3 33 0 0 0 0 0
fn=ofi_monitor_init
0 176 4 4 44 0 0 132 0 0
fn=ofi_monitors_cleanup
0 546 12 12 153 40 40 96 0 0
fn=ofi_monitors_init
0 1630 76 76 400 89 4 322 5 3
fn=ofi_mr_map_close
0 2 1 1 1 0 0 0 0 0
fn=ofi_mr_map_init
0 24 2 2 4 0 0 8 0 0
fn=ofi_must_use_util_prov
0 108 14 3 36 11 0 0 0 0
fn=ofi_mutex_lock_noop
0 3 1 1 3 0 0 0 0 0
fn=ofi_mutex_lock_op
0 17 3 2 0 0 0 0 0 0
fn=ofi_mutex_unlock_noop
0 3 1 1 3 0 0 0 0 0
fn=ofi_mutex_unlock_op
0 17 0 0 0 0 0 0 0 0
fn=ofi_nic_close
0 3280 21 6 1680 70 3 1040 0 0
fn=ofi_nic_control
0 11 0 0 2 0 0 3 0 0
fn=ofi_nic_dup
0 5369 85 22 1096 21 0 1446 0 0
fn=ofi_nolock_lock_op
0 2 1 1 2 0 0 0 0 0
fn=ofi_nolock_unlock_op
0 2 0 0 2 0 0 0 0 0
fn=ofi_pep_close
0 5 1 1 2 0 0 0 0 0
fn=ofi_pep_init
0 5 1 1 1 0 0 3 0 0
fn=ofi_perf_init
0 17 2 2 2 0 0 3 0 0
fn=ofi_pmem_init
0 52 7 7 2 0 0 10 1 0
fn=ofi_prov_check_dup_info
0 697 31 8 146 6 0 122 0 0
fn=ofi_prov_check_info
0 177 3 2 36 5 0 24 0 0
fn=ofi_rbmap_cleanup
0 22 2 2 8 2 2 4 0 0
fn=ofi_rbmap_create
0 17 2 2 2 0 0 9 0 0
fn=ofi_rbmap_destroy
0 6 1 1 1 0 0 2 0 0
fn=ofi_rbmap_find
0 19 2 2 6 1 0 4 0 0
fn=ofi_rbmap_foreach
0 84 2 2 21 0 0 18 0 0
fn=ofi_rbmap_init
0 9 1 1 1 0 0 7 0 0
fn=ofi_rbmap_insert
0 55 7 7 10 0 0 16 0 0
fn=ofi_reg_dl_prov
0 288 24 3 54 10 0 72 0 0
fn=ofi_register_provider
0 968 95 10 144 8 0 225 0 0
fn=ofi_rma_target_allowed
0 70 13 3 10 0 0 0 0 0
fn=ofi_set_netmask_str
0 1688 13 3 320 0 0 400 0 0
fn=ofi_set_prov_attr.isra.8
0 1975 12 0 676 38 0 595 0 0
fn=ofi_set_prov_type
0 270 27 3 49 0 0 54 0 0
fn=ofi_shm_p2p_no_cleanup
0 4 1 1 2 0 0 0 0 0
fn=ofi_shm_p2p_no_init
0 4 1 0 2 0 0 0 0 0
fn=ofi_split_and_alloc
0 1348 5 5 194 1 1 15 0 0
fn=ofi_straddr
0 57 6 6 10 1 0 8 0 0
fn=ofi_straddr_log_internal
0 476 13 2 119 0 0 136 0 0
fn=ofi_strdup_append
0 56 1 1 0 0 0 0 0 0
fn=ofi_strdup_append_internal
0 868 3 3 140 0 0 224 0 0
fn=ofi_valid_addr_format
0 102 14 4 13 0 0 0 0 0
fn=ofi_verify_av_insert
0 44 2 2 10 0 0 8 0 0
fn=ofi_xpmem_cleanup
0 2 1 1 1 0 0 0 0 0
fn=ofi_xpmem_init
0 2 1 1 1 0 0 0 0 0
fn=ofix_getinfo
0 1867 40 10 721 16 0 384 7 0
fn=ompt_start_tool
0 51 6 6 14 2 1 17 0 0
fn=operator delete(void*)
0 2 1 1 0 0 0 0 0 0
fn=operator delete(void*, unsigned long)
0 2 1 1 0 0 0 0 0 0
fn=operator new(unsigned long)
0 11 1 1 2 0 0 2 0 0
fn=psmx2_fini
0 18 3 3 5 1 1 3 0 0
fn=psmx2_getinfo
0 662 45 12 136 1 0 238 10 0
fn=psmx2_init_prov_info
0 888 43 15 162 0 0 194 3 0
fn=pthread_atfork
0 8 2 2 2 2 1 0 0 0
fn=rtnl_ematch_lookup_ops
0 101 1 1 30 1 0 0 0 0
fn=rtnl_ematch_register
0 125 3 3 40 3 0 40 5 0
fn=rtnl_link_af_register
0 108 3 3 33 3 2 27 0 0
fn=rtnl_link_af_unregister
0 108 3 3 33 5 5 24 0 0
fn=rtnl_link_register_info
0 2794 5 5 693 10 0 462 36 4
fn=rtnl_link_unregister_info
0 2047 4 4 460 46 46 189 0 0
fn=rtnl_tc_lookup_ops
0 2010 3 3 466 0 0 248 0 0
fn=rtnl_tc_read_classid_file
0 59 6 6 15 0 0 15 0 0
fn=rtnl_tc_register
0 973 4 4 240 26 1 219 38 3
fn=rtnl_tc_type_register
0 28 1 1 8 3 0 4 1 1
fn=rtnl_tc_type_unregister
0 28 1 1 8 4 4 4 1 1
fn=rtnl_tc_unregister
0 180 2 2 90 12 12 60 25 25
fn=rxm_av_add_peers
0 77 4 4 19 0 0 22 0 0
fn=rxm_av_close
0 26 3 3 7 1 1 7 0 0
fn=rxm_av_insert
0 102 4 4 16 1 0 20 0 0
fn=rxm_av_max_peers
0 16 1 1 8 4 4 5 0 0
fn=rxm_av_straddr
0 1 1 1 0 0 0 0 0 0
fn=rxm_fini
0 4 1 1 0 0 0 1 0 0
fn=rxm_getinfo
0 731 20 12 300 135 0 80 2 0
fn=rxm_info_to_core
0 313 36 8 91 16 0 45 1 0
fn=rxm_info_to_core_mr_modes
0 36 8 2 12 0 0 4 0 0
fn=rxm_info_to_rxm
0 4928 44 11 2772 75 8 1736 0 0
fn=rxm_util_av_open
0 104 7 7 15 0 0 44 0 0
fn=set_mempolicy
0 14 2 2 0 0 0 0 0 0
fn=set_verbose_from_env
0 39 4 4 8 1 1 16 0 0
fn=smr_calculate_size_offsets
0 69 5 5 8 0 0 4 0 0
fn=smr_cleanup
0 18 2 2 7 2 2 4 0 0
fn=smr_dsa_cleanup
0 1 1 1 1 0 0 0 0 0
fn=smr_fini
0 8 2 2 2 1 1 3 0 0
fn=smr_getinfo
0 196 14 11 46 5 0 43 0 0
fn=smr_resolve_addr
0 140 4 4 16 0 0 40 0 0
fn=std::__1::DoIOSInit::DoIOSInit()
0 153 14 14 40 10 3 59 9 9
fn=std::__1::DoIOSInit::~DoIOSInit()
0 12 2 2 2 0 0 5 0 0
fn=std::__1::__call_once(unsigned long volatile&, void*, void (*)(void*))
0 1320 5 5 330 0 0 480 0 0
fn=std::__1::__stdinbuf<char>::imbue(std::__1::locale const&)
0 20 2 2 8 2 0 7 0 0
fn=std::__1::__stdinbuf<wchar_t>::imbue(std::__1::locale const&)
0 20 1 1 8 1 0 7 0 0
fn=std::__1::__stdoutbuf<char>::sync()
0 108 3 3 34 4 4 20 0 0
fn=std::__1::__stdoutbuf<wchar_t>::sync()
0 108 4 4 34 5 5 20 0 0
fn=std::__1::basic_ostream<char, std::__1::char_traits<char> >::flush()
0 66 3 3 30 7 7 12 0 0
fn=std::__1::basic_ostream<char, std::__1::char_traits<char> >::sentry::sentry(std::__1::basic_ostream<char, std::__1::char_traits<char> >&)
0 24 2 2 10 2 2 6 0 0
fn=std::__1::basic_ostream<char, std::__1::char_traits<char> >::sentry::~sentry()
0 26 1 1 16 0 0 2 0 0
fn=std::__1::basic_ostream<wchar_t, std::__1::char_traits<wchar_t> >::flush()
0 66 3 3 30 7 7 12 0 0
fn=std::__1::basic_ostream<wchar_t, std::__1::char_traits<wchar_t> >::sentry::sentry(std::__1::basic_ostream<wchar_t, std::__1::char_traits<wchar_t> >&)
0 24 2 2 10 2 2 6 0 0
fn=std::__1::basic_ostream<wchar_t, std::__1::char_traits<wchar_t> >::sentry::~sentry()
0 26 2 2 16 0 0 2 0 0
fn=std::__1::codecvt<char, char, __mbstate_t>::do_always_noconv() const
0 12 0 0 4 0 0 0 0 0
fn=std::__1::codecvt<char, char, __mbstate_t>::do_encoding() const
0 3 1 1 1 0 0 0 0 0
fn=std::__1::codecvt<char, char, __mbstate_t>::do_unshift(__mbstate_t&, char*, char*, char*&) const
0 8 1 1 2 0 0 2 0 0
fn=std::__1::codecvt<wchar_t, char, __mbstate_t>::codecvt(unsigned long)
0 14 2 2 4 0 0 4 0 0
fn=std::__1::codecvt<wchar_t, char, __mbstate_t>::do_always_noconv() const
0 12 1 1 4 0 0 0 0 0
fn=std::__1::codecvt<wchar_t, char, __mbstate_t>::do_encoding() const
0 38 2 2 6 0 0 9 0 0
fn=std::__1::codecvt<wchar_t, char, __mbstate_t>::do_unshift(__mbstate_t&, char*, char*, char*&) const
0 96 4 4 22 0 0 20 0 0
fn=std::__1::ctype<char>::ctype(unsigned short const*, bool, unsigned long)
0 35 3 3 5 1 0 10 0 0
fn=std::__1::ios_base::Init::Init()
0 17 2 2 2 1 1 4 0 0
fn=std::__1::ios_base::Init::~Init()
0 2 1 1 1 0 0 0 0 0
fn=std::__1::ios_base::init(void*)
0 152 2 2 0 0 0 88 5 5
fn=std::__1::locale::__imp::__imp(unsigned long)
0 726 58 58 73 8 8 241 14 14
fn=std::__1::locale::__imp::install(std::__1::locale::facet*, long)
0 1590 5 5 450 0 0 300 0 0
fn=std::__1::locale::classic()
0 19 2 2 3 0 0 5 0 0
fn=std::__1::locale::locale()
0 219 2 2 64 1 1 36 2 2
fn=std::__1::locale::locale(std::__1::locale const&)
0 63 1 1 18 0 0 9 0 0
fn=std::__1::locale::use_facet(std::__1::locale::id&) const
0 240 4 4 96 0 0 32 0 0
fn=std::__1::locale::~locale()
0 48 1 1 16 0 0 0 0 0
fn=std::__1::numpunct<char>::numpunct(unsigned long)
0 11 1 1 1 0 0 5 1 1
fn=std::__1::numpunct<wchar_t>::numpunct(unsigned long)
0 12 1 1 1 0 0 5 0 0
fn=std::__1::stream_data<std::__1::basic_ostream<char, std::__1::char_traits<char> >, std::__1::__stdoutbuf<char> >::init(_IO_FILE*)
0 195 6 6 33 0 0 81 9 9
fn=std::__1::stream_data<std::__1::basic_ostream<wchar_t, std::__1::char_traits<wchar_t> >, std::__1::__stdoutbuf<wchar_t> >::init(_IO_FILE*)
0 195 6 6 33 0 0 81 8 8
fn=std::__1::unordered_map<unsigned long, std::__1::mutex, std::__1::hash<unsigned long>, std::__1::equal_to<unsigned long>, std::__1::allocator<std::__1::pair<unsigned long const, std::__1::mutex> > >::~unordered_map[abi:ne210101]()
0 16 3 3 5 2 2 4 0 0
fn=thread_checker
0 38558 623 33 13347 2 0 11864 0 0
fn=ucm_bistro_apply_patch
0 336 3 3 32 0 0 64 0 0
fn=ucm_bistro_create_restore_point
0 128 2 2 40 0 0 32 0 0
fn=ucm_bistro_patch
0 472 8 8 112 0 0 160 0 0
fn=ucm_brk
0 125 8 4 25 0 0 39 0 0
fn=ucm_brk_syscall
0 30 2 1 10 0 0 5 0 0
fn=ucm_event_dispatch
0 2269 26 12 772 27 10 361 4 0
fn=ucm_event_enter
0 432 24 10 72 0 0 72 1 0
fn=ucm_event_enter_exclusive
0 24 2 2 4 0 0 4 0 0
fn=ucm_event_handler_add
0 21 2 2 5 2 0 6 0 0
fn=ucm_event_handler_remove
0 13 2 2 4 0 0 4 0 0
fn=ucm_event_leave
0 114 1 1 0 0 0 0 0 0
fn=ucm_get_current_brk
0 32 2 1 24 1 0 0 0 0
fn=ucm_get_page_size
0 147 2 2 56 1 1 2 0 0
fn=ucm_get_tid
0 182 1 1 26 0 0 26 0 0
fn=ucm_library_init
0 28 2 2 7 1 0 8 1 1
fn=ucm_mmap
0 324 18 16 72 0 0 120 6 0
fn=ucm_mmap_init
0 60 3 3 21 9 1 2 0 0
fn=ucm_mmap_install
0 330 9 9 110 6 1 27 0 0
fn=ucm_mremap
0 100 3 3 22 0 0 40 0 0
fn=ucm_munmap
0 680 12 8 160 0 0 260 3 0
fn=ucm_orig_brk
0 60 2 1 15 0 0 15 0 0
fn=ucm_orig_mmap
0 30 4 4 12 12 6 0 0 0
fn=ucm_orig_mmap_syscall
0 96 9 4 24 0 0 18 2 0
fn=ucm_orig_mremap
0 10 1 1 4 0 0 0 0 0
fn=ucm_orig_mremap_syscall
0 16 2 2 0 0 0 0 0 0
fn=ucm_orig_munmap
0 100 6 4 40 14 4 0 0 0
fn=ucm_orig_munmap_syscall
0 180 4 2 20 0 0 20 1 0
fn=ucm_orig_sbrk
0 42 2 2 10 0 0 8 0 0
fn=ucm_orig_shmat
0 10 1 1 4 0 0 0 0 0
fn=ucm_orig_shmat_syscall
0 14 1 1 0 0 0 0 0 0
fn=ucm_orig_shmdt
0 5 1 1 2 0 0 0 0 0
fn=ucm_orig_shmdt_syscall
0 8 0 0 1 0 0 1 0 0
fn=ucm_override_brk
0 36 4 2 9 2 0 6 0 0
fn=ucm_override_mmap
0 204 9 8 48 10 6 42 3 0
fn=ucm_override_mremap
0 52 2 2 12 2 1 10 0 0
fn=ucm_override_munmap
0 360 15 8 80 17 4 60 1 0
fn=ucm_override_sbrk
0 24 1 1 6 0 0 4 0 0
fn=ucm_override_shmat
0 40 2 2 10 0 0 8 0 0
fn=ucm_override_shmdt
0 12 1 1 3 0 0 2 0 0
fn=ucm_prevent_dl_unload
0 46 3 3 13 2 0 11 1 0
fn=ucm_sbrk
0 71 3 3 13 0 0 22 0 0
fn=ucm_shmat
0 248 12 12 55 0 0 49 0 0
fn=ucm_shmdt
0 36 3 3 8 0 0 12 0 0
fn=ucs_arch_get_cpu_flag
0 118 7 7 34 1 0 10 0 0
fn=ucs_arch_get_cpu_model
0 124 8 7 40 0 0 16 0 0
fn=ucs_arch_get_cpu_vendor
0 150 4 4 36 0 0 18 0 0
fn=ucs_async_global_cleanup
0 25 3 3 10 6 6 7 0 0
fn=ucs_async_global_init
0 23 2 2 6 4 0 7 0 0
fn=ucs_calloc
0 44 2 2 10 0 0 12 0 0
fn=ucs_config_memunits_get
0 7 1 1 1 0 0 0 0 0
fn=ucs_config_parse_config_file
0 136 5 5 40 3 1 28 2 1
fn=ucs_config_parse_config_files
0 33 2 2 1 0 0 7 0 0
fn=ucs_config_parser_fill_opts
0 177 10 5 36 2 0 41 1 0
fn=ucs_config_parser_set_default_values
0 804 7 3 194 36 1 53 0 0
fn=ucs_config_release_array
0 24 2 2 10 0 0 4 0 0
fn=ucs_config_release_nop
0 6 1 1 3 0 0 0 0 0
fn=ucs_config_release_string
0 3 0 0 1 0 0 0 0 0
fn=ucs_config_sscanf_allow_list
0 38 3 3 9 1 1 9 1 0
fn=ucs_config_sscanf_array
0 205 7 5 43 2 0 44 1 0
fn=ucs_config_sscanf_bitmap
0 234 10 4 43 0 0 50 0 0
fn=ucs_config_sscanf_bool
0 229 12 4 43 0 0 62 2 1
fn=ucs_config_sscanf_enum
0 182 4 2 26 0 0 39 1 0
fn=ucs_config_sscanf_memunits
0 56 2 1 7 0 0 7 0 0
fn=ucs_config_sscanf_signo
0 204 5 3 72 2 0 30 0 0
fn=ucs_config_sscanf_string
0 81 1 1 18 0 0 27 3 0
fn=ucs_config_sscanf_table
0 45 5 5 12 0 0 16 0 0
fn=ucs_config_sscanf_ternary
0 17 1 1 4 0 0 5 0 0
fn=ucs_config_sscanf_uint
0 54 2 2 6 0 0 9 0 0
fn=ucs_config_sscanf_ulong
0 5 0 0 0 0 0 0 0 0
fn=ucs_cpu_init
0 47 5 5 10 2 1 10 0 0
fn=ucs_debug_cleanup
0 140 6 6 38 3 3 11 1 1
fn=ucs_debug_disable_signal
0 26 2 2 6 0 0 9 0 0
fn=ucs_debug_init
0 148 14 14 28 0 0 76 4 4
fn=ucs_debug_is_handle_errors
0 5 1 1 3 0 0 0 0 0
fn=ucs_empty_function
0 8 2 2 4 0 0 0 0 0
fn=ucs_free
0 220 4 2 22 0 0 44 0 0
fn=ucs_generate_uuid
0 76 7 6 16 0 0 16 0 0
fn=ucs_get_host_name
0 22 3 2 6 1 1 4 0 0
fn=ucs_get_prime
0 77 2 2 14 2 2 0 0 0
fn=ucs_get_tid
0 7 1 1 1 0 0 1 0 0
fn=ucs_global_opts_init
0 26 3 3 4 0 0 4 0 0
fn=ucs_load_modules
0 155 12 12 32 2 2 39 0 0
fn=ucs_log_cleanup
0 27 3 3 7 2 2 11 1 1
fn=ucs_log_early_init
0 12 2 2 1 0 0 8 2 2
fn=ucs_log_flush
0 11 2 2 3 0 0 1 0 0
fn=ucs_log_get_buffer_size
0 6 1 1 2 0 0 0 0 0
fn=ucs_log_init
0 55 5 5 14 3 0 17 2 2
fn=ucs_log_push_handler
0 9 1 1 2 0 0 2 1 1
fn=ucs_malloc
0 102 6 2 24 0 0 30 0 0
fn=ucs_memtrack_cleanup
0 5 1 1 2 0 0 0 0 0
fn=ucs_memtrack_init
0 11 1 1 6 1 0 1 0 0
fn=ucs_memtrack_is_enabled
0 156 4 2 104 5 2 0 0 0
fn=ucs_profile_cleanup
0 31 4 4 6 0 0 12 0 0
fn=ucs_profile_dump
0 38 6 6 11 1 1 9 0 0
fn=ucs_profile_init
0 43 4 4 6 0 0 16 0 0
fn=ucs_rand_seed_init
0 8 2 1 2 0 0 2 1 1
fn=ucs_read_file_str
0 38 3 3 6 0 0 11 0 0
fn=ucs_recursive_spinlock_destroy
0 5 1 1 1 0 0 0 0 0
fn=ucs_snprintf_safe
0 161 7 4 28 0 0 63 3 3
fn=ucs_spinlock_destroy
0 35 2 2 5 0 0 5 0 0
fn=ucs_str_to_memunits
0 251 11 6 55 1 0 58 2 0
fn=ucs_strdup
0 418 4 2 88 0 0 132 0 0
fn=ucs_string_find_in_list
0 1062 4 2 159 10 0 143 0 0
fn=ucs_string_quantity_prefix_value
0 9 0 0 2 1 1 0 0 0
fn=ucs_sys_get_boot_id
0 128 8 8 23 0 0 22 1 1
fn=ucs_sys_get_lib_info
0 12 2 2 2 0 0 3 0 0
fn=ucs_sys_get_lib_path
0 16 2 2 5 1 0 2 0 0
fn=ucs_topo_cleanup
0 17 2 2 5 3 3 5 0 0
fn=ucs_topo_init
0 12 2 2 1 0 0 5 2 2
fn=ucs_vfs_obj_add_dir
0 47 5 5 9 0 0 16 0 0
fn=ucs_vfs_obj_add_rw_file
0 58 5 5 13 0 0 20 0 0
fn=ucs_vsnprintf_safe
0 180 5 1 30 0 0 40 2 1
fn=ucs_x86_init_tsc_freq
0 48 5 4 11 0 0 9 0 0
fn=ucs_x86_tsc_freq_from_cpu_model
0 3334 6 6 28 1 1 515 0 0
fn=util_cq_insert_aux
0 23 3 3 7 2 2 6 0 0
fn=util_cq_insert_error
0 48 4 4 17 0 0 17 0 0
fn=util_get_peer
0 85 7 7 26 3 0 24 0 0
fn=util_getinfo
0 879 75 23 313 16 0 162 0 0
fn=util_peer_cq_cleanup
0 15 2 2 7 2 2 3 0 0
fn=util_peer_cq_close
0 5 0 0 1 0 0 1 0 0
fn=util_set_netif_names.isra.3
0 1734 18 3 561 0 0 510 0 0
fn=verbs_register_driver_34
0 16 2 2 3 1 1 7 0 0
fn=void std::__1::__call_once_proxy[abi:ne210101]<std::__1::tuple<std::__1::locale::id::__get()::$_0&&> >(void*)
0 300 1 1 180 0 0 30 0 0
fn=vrb_devs_free
0 15 1 1 6 1 0 4 0 0
fn=vrb_fini
0 26 4 4 4 2 2 14 0 0
fn=vrb_get_matching_info
0 160 20 4 45 4 0 60 1 0
fn=vrb_get_param_bool
0 63 2 2 9 0 0 12 0 0
fn=vrb_get_param_int
0 189 2 2 27 0 0 36 0 0
fn=vrb_get_param_str
0 63 2 2 9 0 0 12 0 0
fn=vrb_getinfo
0 382 37 7 89 12 0 114 6 0
fn=vrb_init
0 3846805 22 22 384680 4 0 577025 1 0
fn=vrb_init_info
0 40 4 4 10 1 0 15 0 0
fn=vrb_param_define
0 6904 11 10 861 3 1 765 27 0
fn=xnet_alloc_srx_xfer
0 38 3 3 11 4 1 13 2 2
fn=xnet_alter_defaults
0 112 12 1 56 6 0 12 0 0
fn=xnet_av_open
0 7 1 1 1 0 0 2 0 0
fn=xnet_close_progress
0 27 4 4 6 0 0 9 0 0
fn=xnet_cq_close
0 13 0 0 3 0 0 4 0 0
fn=xnet_cq_open
0 46 5 5 9 1 0 11 2 0
fn=xnet_cq_progress
0 4 1 1 1 0 0 0 0 0
fn=xnet_cq_readerr
0 24 2 2 10 0 0 6 0 0
fn=xnet_cq_readfrom
0 30 1 1 11 0 0 7 0 0
fn=xnet_create_fabric
0 38 3 3 5 0 0 11 0 0
fn=xnet_del_domain_progress
0 27 3 3 9 1 1 8 0 0
fn=xnet_domain_close
0 17 2 2 3 0 0 6 0 0
fn=xnet_domain_multiplexed
0 5 1 1 2 0 0 0 0 0
fn=xnet_domain_open
0 65 5 5 14 0 0 15 0 0
fn=xnet_fabric_close
0 13 2 2 3 0 0 4 0 0
fn=xnet_fini
0 1 1 1 1 0 0 0 0 0
fn=xnet_freeall_conns
0 728 3 3 71 2 2 5 0 0
fn=xnet_get_cq_info
0 9 2 2 3 0 0 2 0 0
fn=xnet_getinfo
0 66 9 1 6 2 0 12 0 0
fn=xnet_halt_sock
0 14 1 1 5 0 0 4 0 0
fn=xnet_handle_event_list
0 19 2 2 8 1 1 6 0 0
fn=xnet_init_infos
0 20 2 2 8 6 1 3 3 3
fn=xnet_init_progress
0 142 13 13 24 4 0 48 0 0
fn=xnet_listen
0 43 6 6 11 0 0 10 0 0
fn=xnet_monitor_sock
0 18 2 2 6 1 0 5 0 0
fn=xnet_open_ep
0 9 1 1 3 3 0 0 0 0
fn=xnet_passive_ep
0 69 5 5 9 0 0 20 0 0
fn=xnet_pep_close
0 33 3 3 13 1 1 9 0 0
fn=xnet_pep_getname
0 32 2 2 12 0 0 6 0 0
fn=xnet_pep_sock_create.isra.2
0 76 9 9 22 2 0 12 0 0
fn=xnet_rdm_cancel
0 4 1 1 3 3 3 0 0 0
fn=xnet_rdm_close
0 37 5 5 16 4 4 12 0 0
fn=xnet_rdm_ctrl
0 92 9 9 31 3 0 22 0 0
fn=xnet_rdm_ep
0 120 10 10 38 2 0 31 0 0
fn=xnet_rdm_getname
0 4 2 2 3 0 0 0 0 0
fn=xnet_rdm_recvmsg
0 4 1 1 3 2 0 0 0 0
fn=xnet_rdm_setopt
0 29 2 2 7 1 0 6 1 0
fn=xnet_report_error
0 48 6 6 10 1 1 16 0 0
fn=xnet_run_progress
0 31 4 4 9 2 2 9 0 0
fn=xnet_set_zerocopy
0 1 1 1 1 0 0 0 0 0
fn=xnet_setup_socket
0 43 4 4 7 1 0 7 0 0
fn=xnet_srx_bind
0 23 2 2 6 0 0 2 0 0
fn=xnet_srx_cancel
0 28 2 2 9 2 2 6 0 0
fn=xnet_srx_cancel_rx.isra.7
0 37 4 4 11 4 4 6 0 0
fn=xnet_srx_cleanup.isra.8
0 24 2 2 8 0 0 4 0 0
fn=xnet_srx_close
0 46 3 3 17 2 2 12 0 0
fn=xnet_srx_context
0 60 5 5 10 0 0 26 0 0
fn=xnet_srx_msg
0 13 3 3 4 2 2 3 0 0
fn=xnet_srx_recvmsg
0 52 4 4 15 5 3 14 1 1
fn=xnet_stop_progress
0 16 2 2 8 1 1 4 0 0
fl=build_lin_32e_RelWithDebInfo/src/tbbmalloc/src/tbb/itt_notify.cpp
fn=tbb::detail::r1::__TBB_load_ittnotify()
54 3 1 1 1 1 0 0 0 0
57 3 0 0 0 0 0 0 0 0
fl=build_lin_32e_RelWithDebInfo/src/tbbmalloc/src/tbb/tools_api/ittnotify_config.h
fn=__itt_init_ittlib
408 2 0 0 1 0 0 0 0 0
fn=__itt_release_resources
408 2 0 0 1 0 0 0 0 0
fl=build_lin_32e_RelWithDebInfo/src/tbbmalloc/src/tbb/tools_api/ittnotify_static.c
fn=__itt_fini_ittlib
1464 467 2 2 156 40 40 0 0 0
1465 462 0 0 308 58 58 154 19 18
1492 5 2 2 1 0 0 2 0 0
1496 2 0 0 1 1 1 0 0 0
1498 29 2 2 9 4 0 1 0 0
1499 2 0 0 1 0 0 0 0 0
1501 2 0 0 1 1 1 0 0 0
1503 4 1 1 0 0 0 2 0 0
1504 3 0 0 1 0 0 0 0 0
1520 1 0 0 0 0 0 1 0 0
1521 1 0 0 0 0 0 1 0 0
1524 4 0 0 0 0 0 1 0 0
1526 6 0 0 4 0 0 0 0 0
fn=__itt_free_allocated_resources()
1530 3 1 1 0 0 0 3 0 0
1531 1 0 0 1 0 0 0 0 0
1532 2 1 1 0 0 0 0 0 0
1542 1 1 1 0 0 0 1 0 0
1544 1 0 0 1 0 0 0 0 0
1545 2 0 0 0 0 0 0 0 0
1555 1 1 1 0 0 0 1 0 0
1557 1 0 0 1 0 0 0 0 0
1558 2 0 0 0 0 0 0 0 0
1570 1 1 1 0 0 0 1 0 0
1572 1 0 0 1 1 1 0 0 0
1573 2 0 0 0 0 0 0 0 0
1583 1 1 1 0 0 0 1 0 0
1586 1 0 0 1 0 0 0 0 0
1587 2 0 0 0 0 0 0 0 0
1597 1 1 1 0 0 0 1 0 0
1598 4 0 0 3 0 0 0 0 0
fn=__itt_get_lib_name()
0 2 1 1 0 0 0 0 0 0
1248 2 0 0 0 0 0 1 0 0
1249 2 1 1 0 0 0 0 0 0
1268 3 1 1 0 0 0 3 0 0
1384 5 1 1 3 0 0 0 0 0
fn=__itt_init_ittlib
0 14 3 3 3 2 0 1 0 0
1248 6 2 2 0 0 0 3 0 0
1249 6 1 1 0 0 0 0 0 0
1464 466 1 1 156 39 39 0 0 0
1465 462 0 0 308 58 58 154 19 19
1601 11 2 2 1 0 0 7 0 0
1609 2 0 0 1 1 1 0 0 0
1612 47 4 4 9 3 0 6 0 0
1615 2 0 0 1 0 0 0 0 0
1617 2 0 0 1 1 1 0 0 0
1619 4 0 0 0 0 0 2 0 0
1620 2 0 0 0 0 0 0 0 0
1622 2 1 1 0 0 0 1 0 0
1625 8 1 1 1 0 0 0 0 0
1707 1 0 0 0 0 0 1 1 1
1710 1 0 0 0 0 0 1 0 0
1711 1 0 0 0 0 0 1 0 0
1713 1 1 1 0 0 0 1 0 0
1718 4 0 0 0 0 0 1 0 0
1723 468 0 0 156 0 0 0 0 0
1725 616 1 1 462 0 0 0 0 0
1732 11 0 0 9 0 0 0 0 0
fn=__itt_release_resources
0 8 1 1 7 0 0 0 0 0
1802 5 1 1 1 0 0 2 0 0
1803 14 1 1 2 0 0 1 0 0
1804 1 0 0 0 0 0 1 0 0
1805 2 0 0 0 0 0 1 0 0
1806 4 1 1 1 0 0 0 0 0
1807 6 1 1 4 0 0 0 0 0
fl=build_lin_32e_RelWithDebInfo/src/tbbmalloc/src/tbbmalloc/../../include/../src/tbb/environment.h
fn=rml::internal::LargeObjectCache::init(rml::internal::ExtMemoryPool*)
57 4 0 0 0 0 0 1 0 0
fl=build_lin_32e_RelWithDebInfo/src/tbbmalloc/src/tbbmalloc/../../include/oneapi/tbb/detail/_aggregator.h
fn=rml::internal::LargeObjectCacheImpl<rml::internal::LargeObjectCacheProps<rml::internal::LargeBinStructureProps<8192ul, 8388608ul>, 2, 2, 16> >::CacheBin::ExecuteOperation(rml::internal::CacheBinOperation*, rml::internal::ExtMemoryPool*, rml::internal::BitMaskMax<1023u>*, int, bool)
82 12 3 2 0 0 0 0 0 0
129 6 0 0 0 0 0 6 0 0
fl=build_lin_32e_RelWithDebInfo/src/tbbmalloc/src/tbbmalloc/../../include/oneapi/tbb/detail/_utils.h
fn=rml::internal::Backend::IndexedBins::getFromBin(int, rml::internal::BackendSync*, unsigned long, bool, bool, bool, int*)
0 9 6 1 0 0 0 0 0 0
fn=rml::internal::Backend::startUseBlock(rml::internal::MemRegion*, rml::internal::FreeBlock*, bool)
0 1 1 1 1 0 0 0 0 0
fn=rml::internal::LargeObjectCacheImpl<rml::internal::LargeObjectCacheProps<rml::internal::LargeBinStructureProps<8192ul, 8388608ul>, 2, 2, 16> >::CacheBin::ExecuteOperation(rml::internal::CacheBinOperation*, rml::internal::ExtMemoryPool*, rml::internal::BitMaskMax<1023u>*, int, bool)
99 6 0 0 0 0 0 0 0 0
117 6 0 0 0 0 0 0 0 0
fn=rml::internal::MemoryPool::destroy()
0 1 1 1 1 0 0 0 0 0
fn=rml::internal::TLSData::release()
0 1 1 1 1 0 0 0 0 0
fn=rml::internal::reallocAligned(rml::internal::MemoryPool*, void*, unsigned long, unsigned long)
187 4 0 0 0 0 0 0 0 0
fn=scalable_aligned_free
187 109 0 0 0 0 0 0 0 0
fn=scalable_aligned_malloc
0 218 0 0 0 0 0 0 0 0
163 2398 2 1 0 0 0 0 0 0
fn=scalable_free
187 45 0 0 0 0 0 0 0 0
fl=build_lin_32e_RelWithDebInfo/src/tbbmalloc/src/tbbmalloc/../tbb/environment.h
fn=rml::internal::doInitialization()
39 4 0 0 0 0 0 1 0 0
fl=build_lin_32e_RelWithDebInfo/src/tbbmalloc/src/tbbmalloc/Customize.h
fn=rml::internal::Backend::IndexedBins::findBlock(int, rml::internal::BackendSync*, unsigned long, bool, bool, int*)
51 66 1 1 0 0 0 0 0 0
fn=rml::internal::LargeObjectCache::doCleanup(unsigned long, bool)
51 47 0 0 0 0 0 0 0 0
fl=build_lin_32e_RelWithDebInfo/src/tbbmalloc/src/tbbmalloc/MapMemory.h
fn=rml::internal::Backend::allocRawMem(unsigned long&)
52 48 2 1 0 0 0 6 0 0
117 18 2 1 6 1 0 6 1 0
143 12 0 0 0 0 0 0 0 0
fn=rml::internal::Backend::freeRawMem(void*, unsigned long)
153 18 0 0 6 2 0 6 0 0
154 18 0 0 0 0 0 6 0 0
155 12 0 0 0 0 0 0 0 0
fn=rml::internal::Backend::getBackRefSpace(unsigned long, bool*)
52 7 1 1 0 0 0 1 0 0
117 3 0 0 1 0 0 1 0 0
143 4 0 0 0 0 0 0 0 0
fn=rml::internal::Backend::putBackRefSpace(void*, unsigned long, bool)
0 5 0 0 4 0 0 0 0 0
153 3 0 0 1 0 0 1 0 0
154 3 1 1 0 0 0 1 0 0
155 2 0 0 0 0 0 0 0 0
fl=build_lin_32e_RelWithDebInfo/src/tbbmalloc/src/tbbmalloc/Synchronize.h
fn=rml::internal::BackRefIdx::newBackRef(bool)
38 18 0 0 0 0 0 0 0 0
fn=rml::internal::Backend::IndexedBins::getFromBin(int, rml::internal::BackendSync*, unsigned long, bool, bool, bool, int*)
0 18 0 0 18 1 0 0 0 0
57 18 7 1 0 0 0 0 0 0
fn=rml::internal::Backend::IndexedBins::lockRemoveBlock(int, rml::internal::FreeBlock*)
38 16 0 0 0 0 0 0 0 0
fn=rml::internal::Backend::addNewRegion(unsigned long, rml::internal::MemRegionType, bool)
38 6 0 0 0 0 0 0 0 0
fn=rml::internal::Backend::allocRawMem(unsigned long&)
38 6 0 0 0 0 0 0 0 0
fn=rml::internal::Backend::coalescAndPutList(rml::internal::FreeBlock*, bool, bool)
38 2 1 1 0 0 0 0 0 0
fn=rml::internal::Backend::freeRawMem(void*, unsigned long)
38 6 0 0 0 0 0 0 0 0
fn=rml::internal::Backend::genericGetBlock(int, unsigned long, bool)
38 1 0 0 0 0 0 0 0 0
fn=rml::internal::Backend::startUseBlock(rml::internal::MemRegion*, rml::internal::FreeBlock*, bool)
38 4 0 0 0 0 0 0 0 0
fn=rml::internal::BootStrapBlocks::allocate(rml::internal::MemoryPool*, unsigned long)
38 1 0 0 0 0 0 0 0 0
fn=rml::internal::HugePagesStatus::init()
38 1 0 0 0 0 0 0 0 0
fn=rml::internal::MemoryPool::destroy()
38 1 0 0 0 0 0 0 0 0
fn=rml::internal::MemoryPool::getTLS(bool)
38 2 0 0 0 0 0 0 0 0
53 4 1 1 0 0 0 2 0 0
70 2 0 0 1 0 0 0 0 0
71 1 0 0 1 0 0 0 0 0
fn=rml::internal::MemoryPool::onThreadShutdown(rml::internal::TLSData*)
38 2 0 0 0 0 0 0 0 0
53 3 0 0 0 0 0 2 0 0
70 2 0 0 1 0 0 0 0 0
71 1 0 0 1 0 0 0 0 0
fn=rml::internal::TLSData::release()
38 1 0 0 0 0 0 0 0 0
fn=rml::internal::doInitialization()
38 2 0 0 0 0 0 0 0 0
53 4 0 0 0 0 0 2 0 0
70 2 1 1 1 1 0 0 0 0
71 1 0 0 1 0 0 0 0 0
fn=rml::internal::removeBackRef(rml::internal::BackRefIdx)
38 17 1 1 0 0 0 0 0 0
fl=build_lin_32e_RelWithDebInfo/src/tbbmalloc/src/tbbmalloc/backend.cpp
fn=rml::internal::Backend::IndexedBins::findBlock(int, rml::internal::BackendSync*, unsigned long, bool, bool, int*)
759 36 0 0 0 0 0 0 0 0
764 121 5 1 0 0 0 77 0 0
766 144 5 1 9 0 0 36 2 0
770 88 0 0 77 0 0 0 0 0
fn=rml::internal::Backend::IndexedBins::getFromBin(int, rml::internal::BackendSync*, unsigned long, bool, bool, bool, int*)
0 108 17 3 63 0 0 36 1 0
178 45 0 0 0 0 0 0 0 0
228 18 0 0 0 0 0 0 0 0
388 81 6 1 0 0 0 54 1 0
389 9 0 0 0 0 0 0 0 0
392 9 0 0 0 0 0 0 0 0
396 9 0 0 0 0 0 0 0 0
401 18 0 0 0 0 0 0 0 0
410 54 0 0 0 0 0 0 0 0
413 45 0 0 0 0 0 0 0 0
436 9 0 0 0 0 0 0 0 0
438 9 0 0 0 0 0 9 0 0
447 81 0 0 63 0 0 0 0 0
481 18 0 0 0 0 0 0 0 0
482 9 0 0 9 5 0 0 0 0
483 36 0 0 9 0 0 0 0 0
484 9 0 0 0 0 0 9 0 0
485 18 0 0 0 0 0 0 0 0
487 18 0 0 0 0 0 0 0 0
fn=rml::internal::Backend::IndexedBins::lockRemoveBlock(int, rml::internal::FreeBlock*)
0 32 0 0 32 0 0 0 0 0
481 32 0 0 0 0 0 0 0 0
482 12 0 0 12 0 0 0 0 0
483 60 0 0 16 0 0 0 0 0
484 14 0 0 0 0 0 14 0 0
485 32 1 1 0 0 0 0 0 0
486 4 0 0 0 0 0 4 2 0
487 32 0 0 0 0 0 0 0 0
488 2 0 0 0 0 0 2 0 0
561 160 1 1 0 0 0 112 1 0
562 16 0 0 0 0 0 0 0 0
564 16 0 0 0 0 0 0 0 0
566 128 1 1 112 0 0 0 0 0
fn=rml::internal::Backend::addNewRegion(unsigned long, rml::internal::MemRegionType, bool)
0 6 0 0 0 0 0 0 0 0
1232 2 0 0 0 0 0 0 0 0
1238 6 0 0 0 0 0 0 0 0
1243 5 0 0 0 0 0 0 0 0
1246 17 0 0 0 0 0 0 0 0
1252 12 2 1 0 0 0 0 0 0
1255 6 0 0 0 0 0 6 0 0
1299 12 0 0 0 0 0 6 0 0
1301 12 2 1 6 1 0 6 0 0
1302 6 0 0 0 0 0 6 0 0
1303 12 0 0 0 0 0 0 0 0
1304 5 0 0 0 0 0 5 2 0
1332 84 3 2 6 0 0 36 0 0
1338 18 2 1 0 0 0 0 0 0
1342 6 0 0 0 0 0 6 0 0
1343 12 0 0 0 0 0 6 0 0
1344 12 0 0 0 0 0 0 0 0
1348 18 0 0 6 0 0 0 0 0
1354 6 0 0 0 0 0 6 6 6
1355 6 0 0 0 0 0 6 0 0
1357 12 0 0 0 0 0 0 0 0
1363 36 2 1 0 0 0 6 0 0
1365 24 0 0 0 0 0 0 0 0
1366 60 2 1 48 0 0 0 0 0
fn=rml::internal::Backend::allocRawMem(unsigned long&)
0 6 0 0 0 0 0 0 0 0
55 12 0 0 0 0 0 0 0 0
57 12 0 0 0 0 0 0 0 0
84 72 4 2 6 0 0 42 0 0
86 6 0 0 0 0 0 6 0 0
88 12 0 0 6 0 0 0 0 0
99 36 4 2 12 0 0 0 0 0
101 12 0 0 6 0 0 6 0 0
105 6 0 0 0 0 0 0 0 0
119 12 0 0 0 0 0 0 0 0
121 12 0 0 6 0 0 6 0 0
122 12 0 0 6 0 0 0 0 0
123 6 3 1 0 0 0 0 0 0
128 6 0 0 6 0 0 0 0 0
132 72 2 1 54 0 0 0 0 0
fn=rml::internal::Backend::askMemFromOS(unsigned long, long, int*, int, bool*, bool)
0 16 3 3 2 0 0 6 0 0
301 1 0 0 1 0 0 0 0 0
306 1 0 0 1 0 0 0 0 0
311 1 0 0 0 0 0 0 0 0
313 3 0 0 0 0 0 0 0 0
319 2 0 0 0 0 0 0 0 0
322 3 0 0 0 0 0 0 0 0
324 2 1 1 2 0 0 0 0 0
325 3 0 0 0 0 0 0 0 0
326 1 0 0 0 0 0 0 0 0
331 1 0 0 0 0 0 0 0 0
627 6 0 0 2 0 0 0 0 0
658 24 1 1 0 0 0 16 0 0
674 1 0 0 0 0 0 0 0 0
677 4 0 0 0 0 0 0 0 0
680 5 0 0 0 0 0 1 0 0
681 2 0 0 0 0 0 0 0 0
691 1 0 0 0 0 0 0 0 0
694 2 0 0 0 0 0 0 0 0
699 2 0 0 1 0 0 0 0 0
706 2 0 0 0 0 0 0 0 0
707 5 0 0 1 0 0 1 0 0
708 2 0 0 0 0 0 0 0 0
710 19 2 2 3 0 0 3 0 0
718 3 0 0 1 0 0 0 0 0
724 4 0 0 0 0 0 2 0 0
727 18 0 0 14 0 0 0 0 0
fn=rml::internal::Backend::coalescAndPutList(rml::internal::FreeBlock*, bool, bool)
0 217 4 2 11 0 0 9 0 0
520 100 0 0 0 0 0 0 0 0
521 25 0 0 0 0 0 25 0 0
522 50 0 0 0 0 0 0 0 0
536 25 0 0 0 0 0 25 0 0
539 25 0 0 0 0 0 0 0 0
541 25 0 0 0 0 0 25 0 0
543 75 0 0 25 0 0 0 0 0
544 5 0 0 0 0 0 5 2 0
545 90 0 0 25 0 0 0 0 0
546 20 0 0 0 0 0 20 0 0
570 4 1 1 2 0 0 0 0 0
907 14 0 0 0 0 0 0 0 0
908 21 0 0 21 0 0 0 0 0
909 54 6 2 0 0 0 27 0 0
911 108 0 0 0 0 0 81 0 0
1038 8 0 0 2 0 0 2 0 0
1129 324 6 2 27 0 0 243 0 0
1132 108 0 0 0 0 0 0 0 0
1135 54 0 0 27 0 0 0 0 0
1139 27 0 0 27 0 0 0 0 0
1140 108 0 0 0 0 0 27 0 0
1141 54 6 2 0 0 0 0 0 0
1144 100 0 0 39 3 2 0 0 0
1145 5 0 0 0 0 0 0 0 0
1146 4 0 0 2 0 0 0 0 0
1148 4 0 0 2 0 0 0 0 0
1156 22 0 0 22 0 0 0 0 0
1158 102 2 1 77 0 0 0 0 0
1161 50 0 0 25 0 0 0 0 0
1163 21 1 1 7 0 0 0 0 0
1166 7 0 0 0 0 0 7 0 0
1173 125 11 4 0 0 0 50 0 0
1174 25 0 0 0 0 0 25 0 0
1175 25 0 0 0 0 0 25 0 0
1179 50 0 0 0 0 0 0 0 0
1180 25 0 0 0 0 0 25 0 0
1181 75 0 0 50 0 0 0 0 0
1182 50 7 2 25 0 0 0 0 0
1189 25 0 0 0 0 0 25 0 0
1199 351 0 0 243 0 0 0 0 0
1310 4 0 0 2 0 0 0 0 0
1311 1 0 0 0 0 0 1 0 0
1312 4 0 0 0 0 0 0 0 0
1313 2 0 0 0 0 0 2 2 2
1314 4 0 0 0 0 0 0 0 0
1315 1 0 0 0 0 0 1 1 1
fn=rml::internal::Backend::destroy()
0 2 0 0 0 0 0 0 0 0
555 1536 0 0 0 0 0 0 0 0
1394 5 1 1 0 0 0 3 0 0
1398 1 0 0 0 0 0 0 0 0
1402 12 0 0 1 1 0 0 0 0
1403 4 0 0 4 4 1 0 0 0
1404 16 0 0 4 0 0 4 1 0
1405 8 0 0 0 0 0 4 0 0
1407 5 0 0 4 0 0 0 0 0
fn=rml::internal::Backend::doCoalesc(rml::internal::FreeBlock*, rml::internal::MemRegion**)
0 129 4 2 0 0 0 9 0 0
178 158 1 1 0 0 0 0 0 0
181 19 0 0 0 0 0 0 0 0
228 27 0 0 0 0 0 0 0 0
232 14 0 0 0 0 0 0 0 0
259 27 0 0 0 0 0 27 0 0
260 27 0 0 0 0 0 27 0 0
907 27 0 0 9 0 0 0 0 0
908 36 0 0 9 0 0 0 0 0
1045 189 7 2 27 0 0 135 1 0
1049 27 0 0 0 0 0 27 0 0
1053 68 7 2 0 0 0 0 0 0
1066 7 0 0 0 0 0 7 1 1
1068 7 0 0 0 0 0 0 0 0
1069 7 0 0 0 0 0 7 0 0
1074 27 7 2 27 0 0 0 0 0
1076 102 2 1 0 0 0 0 0 0
1080 3 0 0 3 0 0 0 0 0
1102 9 0 0 0 0 0 0 0 0
1109 4 0 0 0 0 0 0 0 0
1110 2 1 1 2 0 0 0 0 0
1124 54 0 0 0 0 0 27 0 0
1126 189 8 2 162 0 0 0 0 0
fn=rml::internal::Backend::freeRawMem(void*, unsigned long)
0 30 0 0 0 0 0 0 0 0
67 12 0 0 0 0 0 0 0 0
68 1 0 0 0 0 0 0 0 0
73 5 0 0 0 0 0 0 0 0
135 42 1 1 0 0 0 30 0 0
142 12 0 0 6 0 0 0 0 0
146 6 1 1 0 0 0 0 0 0
150 36 1 1 30 0 0 0 0 0
fn=rml::internal::Backend::genericGetBlock(int, unsigned long, bool)
0 37 6 2 2 0 0 11 0 0
361 26 0 0 0 0 0 0 0 0
627 18 0 0 3 0 0 0 0 0
633 25 1 1 0 0 0 0 0 0
774 22 0 0 0 0 0 0 0 0
777 2 0 0 0 0 0 0 0 0
783 5 1 1 0 0 0 1 0 0
790 154 10 2 11 0 0 99 1 0
792 22 0 0 0 0 0 0 0 0
800 99 11 1 22 5 0 11 0 0
806 11 0 0 0 0 0 11 0 0
808 11 0 0 0 0 0 0 0 0
813 11 0 0 0 0 0 11 0 0
814 22 0 0 11 0 0 0 0 0
815 72 0 0 0 0 0 16 1 0
817 16 4 1 0 0 0 0 0 0
821 49 2 1 3 0 0 17 0 0
823 12 0 0 4 0 0 0 0 0
824 11 0 0 0 0 0 0 0 0
827 12 1 1 4 0 0 0 0 0
828 2 0 0 0 0 0 0 0 0
834 4 1 1 2 0 0 2 0 0
835 4 0 0 0 0 0 0 0 0
838 36 1 0 13 0 0 15 0 0
839 2 0 0 2 0 0 0 0 0
840 8 0 0 0 0 0 0 0 0
852 22 6 1 11 0 0 0 0 0
854 70 4 1 40 0 0 10 0 0
860 121 0 0 99 0 0 0 0 0
fn=rml::internal::Backend::getBackRefSpace(unsigned long, bool*)
0 2 1 1 0 0 0 1 0 0
885 9 1 1 0 0 0 5 0 0
896 6 0 0 6 0 0 0 0 0
fn=rml::internal::Backend::getLargeBlock(unsigned long)
863 24 4 1 0 0 0 15 0 0
865 15 0 0 0 0 0 3 0 0
866 6 0 0 0 0 0 0 0 0
867 3 0 0 0 0 0 3 3 3
868 6 0 0 3 0 0 0 0 0
871 21 2 1 15 0 0 0 0 0
fn=rml::internal::Backend::getSlabBlock(int)
875 32 2 1 0 0 0 0 0 0
fn=rml::internal::Backend::init(rml::internal::ExtMemoryPool*)
1370 2 1 1 0 0 0 1 1 1
1372 1 1 1 0 0 0 0 0 0
1374 1 0 0 1 0 0 0 0 0
fn=rml::internal::Backend::putBackRefSpace(void*, unsigned long, bool)
900 10 1 1 0 0 0 5 0 0
903 1 0 0 1 0 0 0 0 0
fn=rml::internal::Backend::putLargeBlock(rml::internal::LargeMemoryBlock*)
944 24 1 1 0 0 0 15 0 0
945 6 0 0 3 1 1 0 0 0
947 3 1 1 3 0 0 0 0 0
948 18 0 0 15 0 0 0 0 0
1206 3 0 0 0 0 0 3 0 0
1207 3 0 0 0 0 0 3 0 0
1208 3 0 0 0 0 0 3 0 0
1210 15 0 0 0 0 0 3 0 0
fn=rml::internal::Backend::putSlabBlock(rml::internal::BlockI*)
880 42 1 1 0 0 0 14 0 0
882 28 0 0 28 0 0 0 0 0
1206 14 0 0 0 0 0 14 1 1
1207 14 0 0 0 0 0 14 0 0
1208 14 1 1 0 0 0 14 0 0
1210 42 0 0 0 0 0 14 0 0
fn=rml::internal::Backend::releaseCachesToLimit()
731 2 0 0 0 0 0 0 0 0
732 2 1 1 0 0 0 0 0 0
754 8 1 1 6 0 0 0 0 0
fn=rml::internal::Backend::returnLargeObject(rml::internal::LargeMemoryBlock*)
951 18 1 1 0 0 0 9 0 0
952 6 1 1 3 0 0 3 0 0
953 18 0 0 6 0 0 0 0 0
fn=rml::internal::Backend::splitBlock(rml::internal::FreeBlock*, int, unsigned long, bool, bool)
0 12 0 0 0 0 0 0 0 0
268 118 10 2 0 0 0 0 0 0
574 80 6 1 0 0 0 50 0 0
575 20 0 0 0 0 0 0 0 0
579 36 0 0 0 0 0 0 0 0
601 30 6 1 10 0 0 0 0 0
608 8 0 0 0 0 0 0 0 0
612 2 0 0 0 0 0 0 0 0
617 14 2 0 0 0 0 0 0 0
622 70 3 1 60 0 0 0 0 0
1206 20 2 1 0 0 0 10 0 0
1207 10 5 1 0 0 0 10 0 0
1208 10 0 0 0 0 0 10 0 0
1210 30 0 0 0 0 0 10 0 0
fn=rml::internal::Backend::startUseBlock(rml::internal::MemRegion*, rml::internal::FreeBlock*, bool)
0 16 0 0 0 0 0 4 0 0
178 8 0 0 0 0 0 0 0 0
494 4 0 0 0 0 0 4 0 0
495 16 0 0 0 0 0 4 0 0
506 4 0 0 0 0 0 4 0 0
508 12 0 0 4 0 0 0 0 0
509 2 0 0 0 0 0 2 0 0
510 15 0 0 7 0 0 0 0 0
511 2 0 0 0 0 0 2 0 0
1262 60 2 1 0 0 0 42 0 0
1263 6 0 0 6 0 0 0 0 0
1273 6 0 0 0 0 0 6 0 0
1274 6 0 0 0 0 0 6 0 0
1276 12 0 0 0 0 0 0 0 0
1280 8 2 1 4 0 0 0 0 0
1281 1 1 1 0 0 0 1 1 1
1284 3 0 0 0 0 0 3 0 0
1291 4 0 0 2 0 0 2 0 0
1292 2 0 0 0 0 0 2 0 0
1295 48 2 1 42 0 0 0 0 0
fl=build_lin_32e_RelWithDebInfo/src/tbbmalloc/src/tbbmalloc/backend.h
fn=rml::internal::Backend::IndexedBins::getFromBin(int, rml::internal::BackendSync*, unsigned long, bool, bool, bool, int*)
156 18 0 0 0 0 0 0 0 0
fn=rml::internal::Backend::IndexedBins::lockRemoveBlock(int, rml::internal::FreeBlock*)
156 16 0 0 0 0 0 0 0 0
fn=rml::internal::Backend::askMemFromOS(unsigned long, long, int*, int, bool*, bool)
75 3 1 1 0 0 0 0 0 0
76 1 0 0 0 0 0 0 0 0
fn=rml::internal::Backend::coalescAndPutList(rml::internal::FreeBlock*, bool, bool)
324 225 7 2 0 0 0 0 0 0
fn=rml::internal::Backend::destroy()
154 1024 2 2 0 0 0 1024 128 125
fn=rml::internal::Backend::genericGetBlock(int, unsigned long, bool)
324 88 5 1 0 0 0 0 0 0
fn=rml::internal::Backend::init(rml::internal::ExtMemoryPool*)
34 1 0 0 0 0 0 1 0 0
59 1 0 0 0 0 0 1 1 1
fn=rml::internal::Backend::startUseBlock(rml::internal::MemRegion*, rml::internal::FreeBlock*, bool)
188 4 0 0 0 0 0 0 0 0
324 32 2 1 0 0 0 0 0 0
fl=build_lin_32e_RelWithDebInfo/src/tbbmalloc/src/tbbmalloc/backref.cpp
fn=rml::internal::BackRefIdx::newBackRef(bool)
215 36 0 0 0 0 0 0 0 0
262 144 3 1 0 0 0 90 0 0
277 54 6 1 18 0 0 0 0 0
284 36 0 0 0 0 0 0 0 0
285 18 0 0 18 0 0 0 0 0
286 18 0 0 0 0 0 18 0 0
287 18 0 0 0 0 0 0 0 0
288 36 4 1 0 0 0 0 0 0
295 36 0 0 0 0 0 0 0 0
296 36 0 0 0 0 0 0 0 0
297 1 0 0 0 0 0 0 0 0
306 1 0 0 0 0 0 0 0 0
309 18 4 0 18 0 0 0 0 0
311 36 0 0 0 0 0 0 0 0
314 36 0 0 0 0 0 0 0 0
315 36 0 0 0 0 0 0 0 0
318 144 6 1 90 0 0 0 0 0
fn=rml::internal::destroyBackRefMain(rml::internal::Backend*)
127 6 0 0 0 0 0 3 0 0
128 3 1 1 1 1 0 0 0 0
135 6 1 1 2 0 0 0 0 0
136 1 0 0 1 0 0 0 0 0
fn=rml::internal::getBackRef(rml::internal::BackRefIdx)
0 15 0 0 0 0 0 0 0 0
240 5 0 0 0 0 0 0 0 0
241 15 4 2 0 0 0 0 0 0
242 15 0 0 0 0 0 0 0 0
247 5 0 0 5 0 0 0 0 0
248 10 0 0 0 0 0 0 0 0
251 5 0 0 5 0 0 0 0 0
fn=rml::internal::initBackRefMain(rml::internal::Backend*)
42 12 3 3 0 0 0 8 4 4
43 16 1 1 0 0 0 12 0 0
51 4 0 0 0 0 0 0 0 0
97 8 1 1 1 0 0 3 0 0
100 3 0 0 0 0 0 1 0 0
102 4 1 1 0 0 0 0 0 0
104 1 0 0 0 0 0 1 1 1
106 1 0 0 0 0 0 1 0 0
107 3 0 0 1 0 0 1 0 0
111 4 0 0 0 0 0 0 0 0
122 7 0 0 5 2 0 0 0 0
143 3 0 0 0 0 0 3 0 0
150 4 0 0 0 0 0 0 0 0
153 4 0 0 0 0 0 4 1 1
fn=rml::internal::removeBackRef(rml::internal::BackRefIdx)
0 17 0 0 0 0 0 0 0 0
325 34 0 0 17 0 0 0 0 0
327 68 0 0 0 0 0 0 0 0
333 17 1 1 17 0 0 0 0 0
340 17 0 0 0 0 0 17 0 0
344 51 0 0 0 0 0 0 0 0
345 17 0 0 0 0 0 0 0 0
352 68 1 1 68 0 0 0 0 0
fn=rml::internal::setBackRef(rml::internal::BackRefIdx, void*)
257 40 0 0 20 0 0 0 0 0
258 40 0 0 0 0 0 0 0 0
259 20 0 0 20 0 0 0 0 0
fl=build_lin_32e_RelWithDebInfo/src/tbbmalloc/src/tbbmalloc/frontend.cpp
fn=MallocInitializeITT
2014 3 2 2 1 0 0 0 0 0
fn=__TBB_mallocProcessShutdownNotification
0 1 0 0 0 0 0 0 0 0
238 3 1 1 1 0 0 1 0 0
1985 2 0 0 0 0 0 0 0 0
2008 1 0 0 0 0 0 0 0 0
2873 3 0 0 0 0 0 1 0 0
2878 1 0 0 0 0 0 0 0 0
2879 3 0 0 1 0 0 0 0 0
2905 1 0 0 0 0 0 0 0 0
2908 2 0 0 0 0 0 0 0 0
2922 2 1 1 0 0 0 1 0 0
2923 2 0 0 0 0 0 1 0 0
2935 2 0 0 1 0 0 0 0 0
2936 1 0 0 0 0 0 1 0 0
2937 4 0 0 2 1 0 0 0 0
fn=rml::internal::AllLocalCaches::markUnused()
698 4 1 1 0 0 0 0 0 0
701 2 0 0 0 0 0 0 0 0
704 14 0 0 4 1 0 0 0 0
706 2 0 0 2 0 0 0 0 0
fn=rml::internal::Bin::getPrivatizedFreeListBlock()
0 13 3 1 0 0 0 0 0 0
1275 26 3 1 0 0 0 0 0 0
1293 13 0 0 13 0 0 0 0 0
fn=rml::internal::Block::adjustPositionInBin(rml::internal::Bin*)
1358 399 5 2 133 0 0 0 0 0
1363 133 6 2 133 0 0 0 0 0
fn=rml::internal::Block::allocate()
0 13 0 0 0 0 0 13 0 0
2111 52 5 1 13 0 0 0 0 0
2126 13 0 0 13 0 0 0 0 0
2127 26 0 0 0 0 0 0 0 0
2128 39 0 0 13 0 0 0 0 0
2129 52 2 0 0 0 0 0 0 0
2133 13 0 0 13 0 0 0 0 0
2158 13 0 0 13 0 0 0 0 0
fn=rml::internal::Block::initEmptyBlock(rml::internal::TLSData*, unsigned long)
0 37 0 0 0 0 0 0 0 0
188 14 0 0 0 0 0 14 0 0
780 8 0 0 0 0 0 0 0 0
808 3 0 0 0 0 0 0 0 0
812 15 0 0 0 0 0 0 0 0
825 28 0 0 0 0 0 0 0 0
828 18 0 0 0 0 0 0 0 0
830 22 0 0 0 0 0 0 0 0
831 8 0 0 0 0 0 0 0 0
834 32 3 1 0 0 0 0 0 0
842 6 1 0 0 0 0 0 0 0
843 24 1 1 0 0 0 0 0 0
851 11 2 0 0 0 0 0 0 0
1568 28 0 0 0 0 0 14 0 0
1569 14 7 1 0 0 0 14 0 0
1570 14 0 0 0 0 0 14 0 0
1571 14 0 0 0 0 0 14 0 0
1578 112 7 2 0 0 0 70 2 0
1586 14 0 0 0 0 0 14 0 0
1589 70 0 0 0 0 0 14 0 0
1593 70 0 0 0 0 0 0 0 0
1596 84 0 0 70 0 0 0 0 0
fn=rml::internal::BootStrapBlocks::allocate(rml::internal::MemoryPool*, unsigned long)
876 10 1 1 0 0 0 5 0 0
884 3 1 1 1 0 0 0 0 0
888 3 0 0 1 0 0 0 0 0
889 4 1 1 0 0 0 2 0 0
890 2 0 0 0 0 0 0 0 0
892 1 0 0 1 0 0 0 0 0
893 4 0 0 1 0 0 1 0 0
894 3 0 0 0 0 0 0 0 0
fn=rml::internal::MemoryPool::destroy()
230 3 1 1 1 1 0 1 0 0
233 4 0 0 0 0 0 0 0 0
918 3 1 1 0 0 0 2 0 0
1131 6 1 1 0 0 0 3 0 0
1141 3 0 0 1 0 0 0 0 0
1143 2 0 0 0 0 0 0 0 0
1148 1 0 0 0 0 0 0 0 0
1159 4 0 0 4 0 0 0 0 0
fn=rml::internal::MemoryPool::getEmptyBlock(unsigned long)
0 106 3 1 24 0 0 16 0 0
238 42 0 0 14 0 0 14 1 0
1009 168 6 2 14 0 0 98 0 0
1012 28 0 0 0 0 0 0 0 0
1020 40 4 1 0 0 0 8 0 0
1021 16 0 0 0 0 0 0 0 0
1023 8 0 0 0 0 0 0 0 0
1024 45 4 1 15 0 0 0 0 0
1025 90 0 0 0 0 0 45 0 0
1026 15 0 0 0 0 0 0 0 0
1038 60 0 0 0 0 0 0 0 0
1040 15 0 0 0 0 0 0 0 0
1043 45 4 1 15 0 0 15 0 0
1044 60 0 0 30 0 0 30 15 15
1047 15 0 0 0 0 0 15 0 0
1049 30 0 0 0 0 0 0 0 0
1056 56 1 0 0 0 0 14 0 0
1059 168 9 2 126 0 0 0 0 0
1655 26 0 0 0 0 0 0 0 0
1656 6 0 0 6 0 0 0 0 0
1657 6 0 0 6 3 0 0 0 0
1671 14 5 1 0 0 0 0 0 0
1691 14 0 0 0 0 0 7 0 0
1692 7 0 0 0 0 0 7 0 0
fn=rml::internal::MemoryPool::getFromLLOCache(rml::internal::TLSData*, unsigned long, unsigned long)
0 25 1 0 5 2 0 2 1 0
2242 10 3 1 0 0 0 0 0 0
2246 16 0 0 0 0 0 0 0 0
2252 1 0 0 0 0 0 0 0 0
2253 6 0 0 3 1 0 0 0 0
2255 6 1 0 0 0 0 0 0 0
2259 4 0 0 0 0 0 0 0 0
2263 2 0 0 2 0 0 0 0 0
2264 2 0 0 2 0 0 0 0 0
2284 50 3 1 0 0 0 25 0 0
2288 15 0 0 0 0 0 5 0 0
2289 10 0 0 0 0 0 0 0 0
2293 10 0 0 0 0 0 0 0 0
2298 15 1 1 0 0 0 3 0 0
2300 6 0 0 0 0 0 0 0 0
2307 15 0 0 5 0 0 0 0 0
2310 5 0 0 0 0 0 0 0 0
2311 20 0 0 0 0 0 0 0 0
2315 10 0 0 0 0 0 0 0 0
2316 4 0 0 0 0 0 0 0 0
2317 6 0 0 0 0 0 0 0 0
2318 15 3 1 5 0 0 5 0 0
2319 10 0 0 0 0 0 0 0 0
2324 10 0 0 0 0 0 0 0 0
2328 5 0 0 0 0 0 0 0 0
2329 5 0 0 0 0 0 5 5 3
2330 20 0 0 10 0 0 10 0 0
2331 10 0 0 5 0 0 5 0 0
2333 5 0 0 0 0 0 5 0 0
2341 35 2 1 30 0 0 0 0 0
fn=rml::internal::MemoryPool::getTLS(bool)
0 156 0 0 0 0 0 0 0 0
238 468 0 0 156 3 0 156 7 0
243 3 0 0 1 0 0 1 0 0
556 1 0 0 0 0 0 1 0 0
596 2 0 0 0 0 0 2 0 0
618 5 0 0 0 0 0 1 0 0
619 2 0 0 0 0 0 0 0 0
663 2 0 0 0 0 0 1 0 0
666 2 1 1 1 0 0 1 0 0
667 2 0 0 0 0 0 0 0 0
669 1 0 0 0 0 0 1 0 0
992 1560 3 2 156 0 0 780 2 0
994 468 3 2 0 0 0 0 0 0
995 1 0 0 0 0 0 0 0 0
996 1560 4 1 1092 0 0 0 0 0
fn=rml::internal::MemoryPool::onThreadShutdown(rml::internal::TLSData*)
0 3 0 0 0 0 0 0 0 0
243 3 0 0 1 0 0 1 0 0
911 2 1 1 1 0 0 1 0 0
912 1 0 0 0 0 0 1 0 0
1163 8 1 1 1 0 0 5 0 0
1164 2 1 1 0 0 0 0 0 0
1165 2 0 0 0 0 0 1 0 0
1169 9 0 0 7 0 0 0 0 0
fn=rml::internal::MemoryPool::putToLLOCache(rml::internal::TLSData*, void*)
2200 5 0 0 5 4 2 0 0 0
2202 10 4 2 0 0 0 0 0 0
2206 5 0 0 0 0 0 5 4 2
2207 5 0 0 0 0 0 5 0 0
2208 10 0 0 0 0 0 0 0 0
2209 4 0 0 0 0 0 4 4 1
2214 2 1 1 0 0 0 1 0 0
2217 14 3 1 4 0 0 5 0 0
2218 18 0 0 4 0 0 5 0 0
2220 20 0 0 0 0 0 0 0 0
2345 10 4 2 0 0 0 0 0 0
2347 10 0 0 0 0 0 10 0 0
2349 10 0 0 0 0 0 0 0 0
2351 10 0 0 5 0 0 0 0 0
2355 5 0 0 5 0 0 0 0 0
fn=rml::internal::OrphanedBlocks::get(rml::internal::TLSData*, unsigned int)
0 32 4 1 0 0 0 0 0 0
780 7 0 0 0 0 0 0 0 0
808 3 0 0 0 0 0 0 0 0
812 18 0 0 0 0 0 0 0 0
825 26 0 0 0 0 0 0 0 0
830 20 3 1 0 0 0 0 0 0
831 7 0 0 0 0 0 0 0 0
834 35 0 0 0 0 0 0 0 0
842 6 0 0 0 0 0 0 0 0
843 12 0 0 0 0 0 0 0 0
851 5 0 0 0 0 0 0 0 0
949 26 0 0 0 0 0 0 0 0
1599 117 3 1 0 0 0 91 0 0
1602 39 2 1 0 0 0 0 0 0
1607 117 4 1 91 0 0 0 0 0
fn=rml::internal::TLSData::release()
0 101 2 2 15 0 0 14 0 0
357 13 0 0 13 0 0 0 0 0
464 29 0 0 29 6 2 0 0 0
465 13 1 1 0 0 0 13 0 0
606 2 0 0 1 0 0 0 0 0
677 2 0 0 1 0 0 0 0 0
678 1 0 0 0 0 0 1 0 0
679 2 0 0 0 0 0 0 0 0
681 2 1 1 0 0 0 0 0 0
1068 13 0 0 0 0 0 0 0 0
1069 52 0 0 13 0 0 13 0 0
1070 39 0 0 0 0 0 13 0 0
1568 26 0 0 0 0 0 13 0 0
1569 13 0 0 0 0 0 13 0 0
1571 13 0 0 0 0 0 13 0 0
1701 4 0 0 0 0 0 0 0 0
1702 1 1 1 1 1 1 0 0 0
1704 2 0 0 1 0 0 0 0 0
1705 3 1 1 1 0 0 1 0 0
1706 3 0 0 1 0 0 1 0 0
1725 13 1 1 0 0 0 13 0 0
1727 26 0 0 0 0 0 13 0 0
1779 9 1 1 0 0 0 6 0 0
1780 1 0 0 1 0 0 0 0 0
1783 87 0 0 0 0 0 0 0 0
1784 55 0 0 0 0 0 0 0 0
1785 58 0 0 0 0 0 0 0 0
1787 13 0 0 13 13 1 0 0 0
1789 39 0 0 0 0 0 13 0 0
1801 26 0 0 0 0 0 0 0 0
1802 26 1 1 13 0 0 0 0 0
1803 13 0 0 0 0 0 0 0 0
1814 52 0 0 26 0 0 0 0 0
1821 8 1 1 7 0 0 0 0 0
2276 2 0 0 0 0 0 0 0 0
2277 1 0 0 0 0 0 1 0 0
fn=rml::internal::allocateAligned(rml::internal::MemoryPool*, unsigned long, unsigned long)
0 526 1 1 321 0 0 0 0 0
2008 109 0 0 0 0 0 0 0 0
2370 545 3 1 0 0 0 327 1 0
2373 109 0 0 0 0 0 0 0 0
2378 436 1 1 0 0 0 0 0 0
2379 192 0 0 0 0 0 0 0 0
2380 26 0 0 0 0 0 0 0 0
2381 24 0 0 0 0 0 0 0 0
2382 22 0 0 0 0 0 0 0 0
2383 3 1 0 0 0 0 0 0 0
2391 4 0 0 0 0 0 2 0 0
2394 20 2 1 6 0 0 0 0 0
fn=rml::internal::doInitialization()
218 3 0 0 0 0 0 1 0 0
219 1 0 0 0 0 0 0 0 0
1078 1 1 1 0 0 0 1 1 1
1079 2 0 0 0 0 0 1 0 0
1081 1 0 0 0 0 0 1 0 0
1082 1 0 0 0 0 0 1 0 0
1083 1 0 0 0 0 0 1 0 0
1085 1 1 1 0 0 0 0 0 0
1087 4 0 0 0 0 0 1 0 0
1088 3 0 0 0 0 0 1 0 0
2020 2 1 1 0 0 0 1 0 0
2040 2 0 0 0 0 0 1 0 0
2051 4 0 0 0 0 0 1 0 0
2071 7 1 1 1 0 0 4 0 0
2073 2 0 0 0 0 0 0 0 0
2082 1 0 0 0 0 0 1 0 0
2100 9 0 0 6 0 0 0 0 0
fn=rml::internal::freeSmallObject(void*)
0 293 0 0 0 0 0 0 0 0
193 151 0 0 0 0 0 151 0 0
384 302 0 0 151 19 11 0 0 0
780 9 0 0 0 0 0 0 0 0
808 6 0 0 0 0 0 0 0 0
812 18 0 0 0 0 0 0 0 0
825 18 0 0 0 0 0 0 0 0
830 30 7 2 0 0 0 0 0 0
831 18 0 0 0 0 0 0 0 0
834 45 0 0 0 0 0 0 0 0
842 12 0 0 0 0 0 0 0 0
843 24 2 1 0 0 0 0 0 0
851 10 1 0 0 0 0 0 0 0
1004 18 3 1 0 0 0 0 0 0
1371 72 6 2 0 0 0 18 0 0
1372 18 4 1 0 0 0 18 0 0
1373 18 0 0 0 0 0 18 0 0
1379 151 0 0 151 0 0 0 0 0
1388 151 0 0 0 0 0 0 0 0
1391 36 0 0 18 0 0 0 0 0
1394 266 5 2 133 0 0 133 44 43
1395 133 0 0 0 0 0 133 0 0
1396 1064 0 0 532 0 0 0 0 0
1750 302 0 0 0 0 0 0 0 0
1759 532 0 0 133 0 0 0 0 0
2187 54 0 0 18 9 8 0 0 0
2468 36 0 0 0 0 0 0 0 0
2473 54 1 0 0 0 0 0 0 0
2533 906 6 2 0 0 0 755 0 0
2539 151 0 0 0 0 0 0 0 0
2544 151 0 0 0 0 0 0 0 0
2550 108 0 0 90 0 0 0 0 0
fn=rml::internal::internalMalloc(unsigned long)
2008 45 0 0 0 0 0 0 0 0
2652 135 3 2 0 0 0 135 0 0
2653 135 0 0 0 0 0 0 0 0
2662 45 0 0 0 0 0 0 0 0
2663 3 0 0 0 0 0 1 0 0
2665 270 4 2 135 1 0 0 0 0
fn=rml::internal::internalPoolMalloc(rml::internal::MemoryPool*, unsigned long)
0 594 6 3 234 12 2 138 0 0
464 151 0 0 151 16 1 0 0 0
780 46 0 0 0 0 0 0 0 0
812 906 0 0 0 0 0 0 0 0
825 302 0 0 0 0 0 0 0 0
830 122 0 0 0 0 0 0 0 0
831 151 4 2 0 0 0 0 0 0
834 276 3 2 0 0 0 0 0 0
842 30 0 0 15 0 0 0 0 0
843 1057 0 0 0 0 0 151 0 0
851 604 0 0 0 0 0 151 0 0
1004 604 1 0 0 0 0 0 0 0
1223 26 0 0 13 0 0 13 0 0
1224 26 0 0 0 0 0 0 0 0
1735 13 1 1 0 0 0 13 0 0
2111 414 2 1 138 17 1 0 0 0
2126 70 0 0 70 0 0 0 0 0
2127 140 0 0 0 0 0 0 0 0
2128 210 0 0 70 0 0 0 0 0
2129 280 0 0 0 0 0 0 0 0
2553 1078 2 2 0 0 0 924 1 0
2557 308 0 0 0 0 0 0 0 0
2559 462 4 2 0 0 0 0 0 0
2561 462 0 0 0 0 0 154 4 0
2564 308 0 0 0 0 0 0 0 0
2565 36 0 0 18 0 0 0 0 0
2567 302 0 0 0 0 0 0 0 0
2578 440 0 0 0 0 0 0 0 0
2588 26 3 1 0 0 0 13 0 0
2589 26 0 0 0 0 0 0 0 0
2601 341 3 2 0 0 0 164 0 0
2602 26 0 0 0 0 0 0 0 0
2613 39 3 1 0 0 0 13 0 0
2614 26 0 0 0 0 0 0 0 0
2617 52 0 0 0 0 0 13 0 0
2628 1208 2 1 1057 0 0 0 0 0
fn=rml::internal::reallocAligned(rml::internal::MemoryPool*, void*, unsigned long, unsigned long)
0 21 1 1 0 0 0 2 0 0
384 2 0 0 2 0 0 0 0 0
1759 5 1 1 0 0 0 0 0 0
2167 6 0 0 0 0 0 0 0 0
2172 4 1 1 0 0 0 0 0 0
2404 20 1 1 0 0 0 14 0 0
2442 4 0 0 0 0 0 0 0 0
2445 2 0 0 0 0 0 0 0 0
2449 4 1 1 0 0 0 0 0 0
2450 4 0 0 0 0 0 0 0 0
2454 16 0 0 14 0 0 0 0 0
2468 3 0 0 0 0 0 0 0 0
2473 6 0 0 0 0 0 0 0 0
2499 4 0 0 0 0 0 0 0 0
2507 4 0 0 0 0 0 0 0 0
2636 8 0 0 0 0 0 0 0 0
2647 4 1 1 0 0 0 2 0 0
fn=scalable_aligned_free
0 4 0 0 0 0 0 0 0 0
238 10 1 1 2 1 1 2 0 0
2499 109 0 0 0 0 0 0 0 0
2501 2 0 0 0 0 0 0 0 0
2507 113 0 0 2 0 0 0 0 0
2510 6 0 0 0 0 0 0 0 0
2511 6 0 0 0 0 0 2 0 0
2636 109 0 0 0 0 0 0 0 0
2644 2 0 0 0 0 0 0 0 0
2645 14 0 0 4 0 0 0 0 0
2647 428 6 2 214 0 0 0 0 0
3193 545 4 2 0 0 0 327 0 0
fn=scalable_aligned_malloc
3110 436 2 1 0 0 0 109 0 0
3111 327 0 0 0 0 0 0 0 0
3115 218 2 1 0 0 0 109 0 0
3116 218 0 0 0 0 0 0 0 0
3118 218 0 0 218 0 0 0 0 0
fn=scalable_free
0 6 0 0 0 0 0 0 0 0
238 15 3 1 3 0 0 3 0 0
2499 45 0 0 0 0 0 0 0 0
2501 3 1 0 0 0 0 0 0 0
2507 47 0 0 3 0 0 0 0 0
2510 9 0 0 0 0 0 0 0 0
2511 9 0 0 0 0 0 3 0 0
2636 73 0 0 0 0 0 0 0 0
2644 3 0 0 0 0 0 0 0 0
2645 21 0 0 6 0 0 0 0 0
2647 168 4 2 84 0 0 0 0 0
2949 365 0 0 0 0 0 219 0 0
2951 112 0 0 84 0 0 0 0 0
fn=scalable_malloc
2943 132 3 2 0 0 0 88 1 0
2944 88 1 0 0 0 0 0 0 0
2945 88 3 2 88 0 0 0 0 0
fn=scalable_realloc
3000 15 2 1 0 0 0 9 0 0
3003 6 0 0 0 0 0 0 0 0
3004 2 1 1 0 0 0 1 0 0
3005 4 0 0 0 0 0 0 0 0
3009 10 1 0 0 0 0 2 0 0
3011 6 0 0 0 0 0 0 0 0
3013 12 2 1 9 0 0 0 0 0
fl=build_lin_32e_RelWithDebInfo/src/tbbmalloc/src/tbbmalloc/large_objects.cpp
fn=rml::internal::CacheBinFunctor<rml::internal::LargeObjectCacheProps<rml::internal::LargeBinStructureProps<8192ul, 8388608ul>, 2, 2, 16> >::operator()(rml::internal::CacheBinOperation*)
0 189 13 9 18 0 0 42 1 0
129 12 0 0 0 0 0 0 0 0
252 6 0 0 0 0 0 0 0 0
271 21 2 2 0 0 0 0 0 0
287 72 3 2 0 0 0 42 3 0
289 42 0 0 12 4 1 0 0 0
292 3 0 0 0 0 0 0 0 0
293 18 0 0 0 0 0 0 0 0
299 3 2 1 0 0 0 3 0 0
307 3 0 0 3 0 0 0 0 0
313 3 0 0 0 0 0 3 0 0
320 9 0 0 0 0 0 3 0 0
326 9 1 1 3 0 0 0 0 0
331 6 0 0 0 0 0 0 0 0
371 6 0 0 6 0 0 0 0 0
374 12 3 2 0 0 0 0 0 0
375 6 0 0 6 0 0 0 0 0
377 18 0 0 0 0 0 0 0 0
379 33 2 1 15 0 0 0 0 0
381 12 0 0 0 0 0 0 0 0
388 6 0 0 0 0 0 0 0 0
389 3 2 1 3 0 0 0 0 0
397 6 0 0 0 0 0 0 0 0
404 12 0 0 12 0 0 0 0 0
407 6 0 0 0 0 0 0 0 0
408 3 0 0 0 0 0 0 0 0
409 3 0 0 3 0 0 0 0 0
410 9 1 1 3 0 0 0 0 0
411 6 0 0 0 0 0 3 0 0
412 6 0 0 0 0 0 0 0 0
414 15 0 0 3 0 0 3 0 0
415 3 0 0 3 0 0 0 0 0
420 18 1 1 15 0 0 3 0 0
422 6 0 0 0 0 0 6 0 0
423 6 0 0 0 0 0 6 0 0
426 24 0 0 12 0 0 0 0 0
441 12 3 2 0 0 0 0 0 0
443 6 0 0 6 0 0 0 0 0
541 3 1 1 3 0 0 0 0 0
542 6 0 0 0 0 0 0 0 0
548 15 0 0 6 2 2 0 0 0
552 6 0 0 3 0 0 3 0 0
554 3 0 0 3 0 0 0 0 0
555 6 0 0 0 0 0 0 0 0
559 3 0 0 0 0 0 0 0 0
561 9 0 0 0 0 0 0 0 0
577 12 0 0 3 1 1 0 0 0
586 3 0 0 3 3 2 0 0 0
587 6 0 0 0 0 0 0 0 0
609 9 0 0 3 1 1 0 0 0
613 6 0 0 0 0 0 0 0 0
615 9 0 0 3 0 0 0 0 0
797 6 0 0 0 0 0 0 0 0
798 18 0 0 0 0 0 0 0 0
800 30 3 2 0 0 0 0 0 0
fn=rml::internal::ExtMemoryPool::freeLargeObjectList(rml::internal::LargeMemoryBlock*)
1018 3 1 1 0 0 0 0 0 0
fn=rml::internal::ExtMemoryPool::mallocLargeObject(rml::internal::MemoryPool*, unsigned long)
981 27 2 1 0 0 0 15 0 0
986 12 0 0 0 0 0 3 0 0
987 6 0 0 0 0 0 0 0 0
988 15 2 1 0 0 0 3 0 0
989 3 0 0 0 0 0 0 0 0
993 9 0 0 0 0 0 3 0 0
994 6 0 0 0 0 0 0 0 0
999 6 0 0 0 0 0 6 0 0
1000 6 0 0 0 0 0 3 0 0
1009 18 0 0 18 0 0 0 0 0
fn=rml::internal::ExtMemoryPool::softCachesCleanup()
820 6 0 0 0 0 0 2 0 0
1022 4 1 1 0 0 0 0 0 0
1024 4 1 1 0 0 0 0 0 0
1025 2 0 0 0 0 0 0 0 0
1028 6 0 0 4 0 0 2 0 0
fn=rml::internal::LargeObjectCache::alignToBin(unsigned long)
905 10 3 1 0 0 0 0 0 0
906 15 0 0 5 0 0 0 0 0
fn=rml::internal::LargeObjectCache::doCleanup(unsigned long, bool)
0 14 1 1 0 0 0 5 0 0
484 3 1 1 0 0 0 3 0 0
488 9 0 0 0 0 0 3 0 0
494 3 1 1 3 0 0 0 0 0
497 6 0 0 0 0 0 0 0 0
710 12 1 1 4 2 0 0 0 0
715 4 1 1 0 0 0 0 0 0
716 3 0 0 0 0 0 0 0 0
717 18 0 0 0 0 0 0 0 0
739 2 0 0 0 0 0 0 0 0
744 2 0 0 0 0 0 0 0 0
804 26 2 2 2 0 0 16 1 0
805 4 0 0 0 0 0 0 0 0
806 4 0 0 2 0 0 2 1 0
808 2 0 0 2 0 0 0 0 0
809 4 0 0 4 0 0 0 0 0
810 26 0 0 18 0 0 0 0 0
fn=rml::internal::LargeObjectCache::get(unsigned long)
0 6 2 1 0 0 0 0 0 0
66 12 3 1 0 0 0 0 0 0
194 9 3 1 0 0 0 9 0 0
195 6 0 0 0 0 0 3 0 0
464 3 0 0 0 0 0 3 0 0
467 9 0 0 0 0 0 3 1 0
841 15 0 0 0 0 0 0 0 0
971 15 2 1 3 0 0 6 0 0
973 3 0 0 0 0 0 0 0 0
974 6 0 0 0 0 0 0 0 0
975 12 4 2 6 3 0 0 0 0
978 18 0 0 12 0 0 0 0 0
fn=rml::internal::LargeObjectCache::init(rml::internal::ExtMemoryPool*)
0 2 0 0 0 0 0 0 0 0
35 8 1 1 1 0 0 5 0 0
36 1 1 1 0 0 0 1 1 1
38 2 0 0 1 1 1 0 0 0
48 9 0 0 7 0 0 0 0 0
56 1 1 1 0 0 0 1 0 0
59 2 1 1 0 0 0 1 1 1
60 1 0 0 0 0 0 1 0 0
fn=rml::internal::LargeObjectCache::putList(rml::internal::LargeMemoryBlock*)
0 42 4 4 9 1 1 0 0 0
66 12 0 0 0 0 0 0 0 0
194 3 0 0 0 0 0 3 0 0
195 3 0 0 0 0 0 3 0 0
477 3 0 0 0 0 0 0 0 0
478 18 0 0 3 0 0 3 0 0
881 12 0 0 3 1 1 0 0 0
882 14 2 2 0 0 0 2 0 0
913 15 0 0 0 0 0 0 0 0
922 18 1 1 0 0 0 6 1 0
924 3 0 0 3 0 0 0 0 0
925 6 1 1 3 0 0 0 0 0
934 12 0 0 0 0 0 0 0 0
935 3 1 1 3 1 0 0 0 0
936 9 0 0 3 2 1 0 0 0
948 3 1 1 0 0 0 3 0 0
949 3 0 0 0 0 0 0 0 0
954 1 0 0 1 0 0 0 0 0
fn=rml::internal::LargeObjectCache::reset()
760 415 1 1 0 0 0 0 0 0
834 1 0 0 1 1 0 0 0 0
fn=rml::internal::LargeObjectCacheImpl<rml::internal::LargeObjectCacheProps<rml::internal::LargeBinStructureProps<8192ul, 8388608ul>, 2, 2, 16> >::CacheBin::ExecuteOperation(rml::internal::CacheBinOperation*, rml::internal::ExtMemoryPool*, rml::internal::BitMaskMax<1023u>*, int, bool)
137 42 3 2 0 0 0 42 1 0
140 6 0 0 6 0 0 0 0 0
141 6 3 2 6 0 0 0 0 0
448 66 3 2 6 0 0 30 0 0
452 12 0 0 0 0 0 0 0 0
453 6 0 0 0 0 0 3 0 0
456 6 0 0 0 0 0 0 0 0
459 54 0 0 42 0 0 0 0 0
fl=build_lin_32e_RelWithDebInfo/src/tbbmalloc/src/tbbmalloc/large_objects.h
fn=rml::internal::CacheBinFunctor<rml::internal::LargeObjectCacheProps<rml::internal::LargeBinStructureProps<8192ul, 8388608ul>, 2, 2, 16> >::operator()(rml::internal::CacheBinOperation*)
220 6 0 0 0 0 0 0 0 0
222 6 0 0 0 0 0 0 0 0
231 12 2 1 3 0 0 0 0 0
238 6 0 0 0 0 0 3 0 0
fn=rml::internal::LargeObjectCache::doCleanup(unsigned long, bool)
136 4 1 1 0 0 0 0 0 0
138 3 0 0 0 0 0 0 0 0
139 3 0 0 0 0 0 0 0 0
fn=rml::internal::LargeObjectCache::get(unsigned long)
60 6 0 0 0 0 0 0 0 0
fn=rml::internal::LargeObjectCache::putList(rml::internal::LargeMemoryBlock*)
60 21 0 0 0 0 0 0 0 0
fl=build_lin_32e_RelWithDebInfo/src/tbbmalloc/src/tbbmalloc/shared_utils.h
fn=rml::internal::Backend::addNewRegion(unsigned long, rml::internal::MemRegionType, bool)
39 1 0 0 0 0 0 0 0 0
43 18 0 0 0 0 0 0 0 0
fn=rml::internal::Backend::allocRawMem(unsigned long&)
48 66 0 0 0 0 0 0 0 0
fn=rml::internal::Backend::askMemFromOS(unsigned long, long, int*, int, bool*, bool)
0 3 1 1 0 0 0 1 0 0
43 2 0 0 0 0 0 0 0 0
fn=rml::internal::Block::initEmptyBlock(rml::internal::TLSData*, unsigned long)
43 40 0 0 0 0 0 0 0 0
fn=rml::internal::HugePagesStatus::init()
0 45 0 0 0 0 0 0 0 0
113 25 3 3 0 0 0 3 0 0
114 412 1 1 0 0 0 52 0 0
116 1060 3 3 0 0 0 96 0 0
122 6 0 0 0 0 0 3 0 0
fn=rml::internal::LargeObjectCache::alignToBin(unsigned long)
43 10 0 0 0 0 0 0 0 0
fn=rml::internal::MemoryPool::getFromLLOCache(rml::internal::TLSData*, unsigned long, unsigned long)
39 5 0 0 0 0 0 0 0 0
43 25 4 1 0 0 0 0 0 0
fn=rml::internal::allocateAligned(rml::internal::MemoryPool*, unsigned long, unsigned long)
43 384 0 0 0 0 0 0 0 0
fn=rml::internal::freeSmallObject(void*)
39 302 0 0 0 0 0 0 0 0
fn=rml::internal::reallocAligned(rml::internal::MemoryPool*, void*, unsigned long, unsigned long)
39 4 1 1 0 0 0 0 0 0
fl=build_lin_32e_RelWithDebInfo/src/tbbmalloc/src/tbbmalloc/tbbmalloc.cpp
fn=rml::internal::init_tbbmalloc()
56 2 1 1 0 0 0 0 0 0
fl=build_lin_32e_RelWithDebInfo/src/tbbmalloc/src/tbbmalloc/tbbmalloc_internal.h
fn=__TBB_mallocProcessShutdownNotification
538 1 0 0 0 0 0 1 0 0
539 2 1 1 0 0 0 2 0 0
fn=rml::internal::Backend::IndexedBins::findBlock(int, rml::internal::BackendSync*, unsigned long, bool, bool, int*)
0 69 6 1 11 0 0 20 0 0
201 22 0 0 0 0 0 0 0 0
204 22 0 0 0 0 0 0 0 0
207 50 3 1 0 0 0 0 0 0
208 10 0 0 0 0 0 0 0 0
209 10 0 0 0 0 0 0 0 0
213 91 4 2 0 0 0 0 0 0
214 76 4 1 0 0 0 0 0 0
fn=rml::internal::Backend::IndexedBins::getFromBin(int, rml::internal::BackendSync*, unsigned long, bool, bool, bool, int*)
197 36 6 1 0 0 0 0 0 0
fn=rml::internal::Backend::IndexedBins::lockRemoveBlock(int, rml::internal::FreeBlock*)
197 44 0 0 0 0 0 0 0 0
fn=rml::internal::Backend::allocRawMem(unsigned long&)
599 18 0 0 12 0 0 0 0 0
fn=rml::internal::Backend::coalescAndPutList(rml::internal::FreeBlock*, bool, bool)
195 100 0 0 0 0 0 0 0 0
fn=rml::internal::Backend::destroy()
599 1 1 1 1 0 0 0 0 0
642 1 0 0 1 1 0 0 0 0
fn=rml::internal::Backend::freeRawMem(void*, unsigned long)
599 6 1 1 6 0 0 0 0 0
fn=rml::internal::Backend::genericGetBlock(int, unsigned long, bool)
170 3 0 0 0 0 0 0 0 0
fn=rml::internal::Backend::getLargeBlock(unsigned long)
599 3 0 0 3 0 0 0 0 0
fn=rml::internal::Backend::putLargeBlock(rml::internal::LargeMemoryBlock*)
599 3 0 0 3 0 0 0 0 0
fn=rml::internal::Backend::startUseBlock(rml::internal::MemRegion*, rml::internal::FreeBlock*, bool)
192 8 0 0 0 0 0 0 0 0
195 16 0 0 0 0 0 0 0 0
fn=rml::internal::CacheBinFunctor<rml::internal::LargeObjectCacheProps<rml::internal::LargeBinStructureProps<8192ul, 8388608ul>, 2, 2, 16> >::operator()(rml::internal::CacheBinOperation*)
195 15 2 1 0 0 0 0 0 0
197 12 1 1 0 0 0 0 0 0
237 9 0 0 0 0 0 0 0 0
fn=rml::internal::ExtMemoryPool::mallocLargeObject(rml::internal::MemoryPool*, unsigned long)
321 3 0 0 0 0 0 0 0 0
fn=rml::internal::HugePagesStatus::init()
0 6 1 1 1 0 0 2 2 1
404 2 1 1 1 0 0 0 0 0
409 2 0 0 0 0 0 1 0 0
410 2 0 0 0 0 0 0 0 0
415 1 0 0 0 0 0 1 0 0
458 1 0 0 0 0 0 1 1 0
462 1 0 0 0 0 0 1 0 0
475 1 0 0 0 0 0 1 0 0
482 6 0 0 2 0 0 0 0 0
491 1 0 0 0 0 0 1 0 0
495 3 1 1 1 0 0 0 0 0
503 8 0 0 1 0 0 0 0 0
508 1 0 0 0 0 0 1 0 0
509 2 0 0 0 0 0 1 0 0
521 11 2 2 1 0 0 7 0 0
525 7 0 0 2 0 0 1 0 0
526 11 1 1 9 0 0 0 0 0
fn=rml::internal::LargeObjectCache::doCleanup(unsigned long, bool)
0 23 1 1 0 0 0 0 0 0
201 14 0 0 0 0 0 0 0 0
204 14 0 0 0 0 0 0 0 0
207 32 0 0 0 0 0 8 0 0
208 7 1 1 0 0 0 2 0 0
209 3 1 1 0 0 0 0 0 0
210 16 0 0 2 0 0 2 0 0
213 86 3 3 0 0 0 0 0 0
214 71 1 1 0 0 0 0 0 0
215 3 0 0 0 0 0 0 0 0
242 10 1 1 0 0 0 0 0 0
243 18 0 0 0 0 0 0 0 0
fn=rml::internal::MemoryPool::destroy()
264 2 1 1 0 0 0 1 1 0
599 2 0 0 2 0 0 0 0 0
617 1 0 0 0 0 0 0 0 0
618 2 0 0 0 0 0 1 0 0
624 4 0 0 2 0 0 0 0 0
625 3 0 0 0 0 0 1 0 0
627 1 0 0 0 0 0 1 0 0
fn=rml::internal::MemoryPool::getEmptyBlock(unsigned long)
0 8 0 0 0 0 0 8 0 0
320 32 0 0 0 0 0 32 0 0
321 15 0 0 0 0 0 0 0 0
599 31 4 1 23 0 0 0 0 0
fn=rml::internal::MemoryPool::getTLS(bool)
687 1 0 0 0 0 0 1 0 0
688 2 1 1 0 0 0 1 0 0
690 1 0 0 0 0 0 1 0 0
698 3 0 0 1 0 0 0 0 0
fn=rml::internal::MemoryPool::onThreadShutdown(rml::internal::TLSData*)
687 1 0 0 0 0 0 1 0 0
688 2 2 2 0 0 0 1 0 0
690 1 0 0 0 0 0 1 0 0
698 3 1 1 1 0 0 0 0 0
fn=rml::internal::TLSData::release()
599 14 0 0 14 0 0 0 0 0
642 1 0 0 1 0 0 0 0 0
fn=rml::internal::doInitialization()
687 1 1 1 0 0 0 1 0 0
688 2 1 1 0 0 0 1 0 0
690 1 0 0 0 0 0 1 0 0
698 3 1 1 1 0 0 0 0 0
fn=rml::internal::internalMalloc(unsigned long)
704 90 0 0 0 0 0 0 0 0
fn=rml::internal::reallocAligned(rml::internal::MemoryPool*, void*, unsigned long, unsigned long)
322 4 0 0 0 0 0 0 0 0
339 4 0 0 4 2 2 0 0 0
fn=scalable_aligned_free
322 109 0 0 0 0 0 0 0 0
339 109 0 0 109 33 32 0 0 0
fn=scalable_free
322 41 0 0 0 0 0 0 0 0
339 41 0 0 41 39 36 0 0 0
summary: 2725863000 332578 34316 676444455 53703148 5247911 193281836 3508747 1806187
